timestamp,hour,minute,day_of_week,sin_hour,cos_hour,sin_day,cos_day,is_weekend,is_morning_rush,is_evening_rush,weather,weather_multiplier,lag_pcu_N,lag_pcu_S,lag_pcu_E,lag_pcu_W,flow_north_vpm,flow_south_vpm,flow_east_vpm,flow_west_vpm,pcu_north,pcu_south,pcu_east,pcu_west,total_intersection_pcu,congestion_north,congestion_south,congestion_east,congestion_west,critical_approach,target_green_NS,target_green_EW
2026-06-01 00:00,0,0,0,0.0,1.0,0.0,1.0,0,0,0,Clear,1.0,6.0,6.0,6.0,6.0,5.9,6.0,4.9,5.2,1.3,1.3,1.1,1.1,4.8,LOW,LOW,LOW,LOW,N,28.0,24.0
2026-06-01 00:15,0,15,0,0.0654,0.9979,0.0,1.0,0,0,0,Rain,1.25,1.3,1.3,1.1,1.1,7.3,7.8,6.3,6.5,1.6,1.7,1.4,1.4,6.1,LOW,LOW,LOW,LOW,S,28.3,23.7
2026-06-01 00:30,0,30,0,0.1305,0.9914,0.0,1.0,0,0,0,Clear,1.0,1.6,1.7,1.4,1.4,6.1,5.8,5.0,4.8,1.3,1.3,1.1,1.1,4.8,LOW,LOW,LOW,LOW,N,28.5,23.5
2026-06-01 00:45,0,45,0,0.1951,0.9808,0.0,1.0,0,0,0,Clear,1.0,1.3,1.3,1.1,1.1,5.9,5.8,5.0,4.8,1.3,1.3,1.1,1.1,4.8,LOW,LOW,LOW,LOW,N,28.2,23.8
2026-06-01 01:00,1,0,0,0.2588,0.9659,0.0,1.0,0,0,0,Rain,1.25,1.3,1.3,1.1,1.1,7.6,7.5,6.3,6.5,1.7,1.6,1.4,1.4,6.1,LOW,LOW,LOW,LOW,N,28.1,23.9
2026-06-01 01:15,1,15,0,0.3214,0.9469,0.0,1.0,0,0,0,Clear,1.0,1.7,1.6,1.4,1.4,6.1,6.0,4.8,5.1,1.3,1.3,1.1,1.1,4.8,LOW,LOW,LOW,LOW,N,28.5,23.5
2026-06-01 01:30,1,30,0,0.3827,0.9239,0.0,1.0,0,0,0,Clear,1.0,1.3,1.3,1.1,1.1,6.2,5.9,5.1,5.2,1.4,1.3,1.1,1.1,4.9,LOW,LOW,LOW,LOW,N,28.2,23.8
2026-06-01 01:45,1,45,0,0.4423,0.8969,0.0,1.0,0,0,0,Rain,1.25,1.4,1.3,1.1,1.1,7.5,7.3,6.1,6.1,1.6,1.6,1.3,1.3,5.8,LOW,LOW,LOW,LOW,N,28.6,23.4
2026-06-01 02:00,2,0,0,0.5,0.866,0.0,1.0,0,0,0,Clear,1.0,1.6,1.6,1.3,1.3,6.0,6.3,4.9,5.0,1.3,1.4,1.1,1.1,4.9,LOW,LOW,LOW,LOW,S,28.9,23.1
2026-06-01 02:15,2,15,0,0.5556,0.8315,0.0,1.0,0,0,0,Clear,1.0,1.3,1.4,1.1,1.1,5.9,5.7,5.1,4.9,1.3,1.3,1.1,1.1,4.8,LOW,LOW,LOW,LOW,N,27.9,24.1
2026-06-01 02:30,2,30,0,0.6088,0.7934,0.0,1.0,0,0,0,Clear,1.0,1.3,1.3,1.1,1.1,5.7,6.3,5.1,4.9,1.3,1.4,1.1,1.1,4.9,LOW,LOW,LOW,LOW,S,28.5,23.5
2026-06-01 02:45,2,45,0,0.6593,0.7518,0.0,1.0,0,0,0,Heavy Rain,1.5,1.3,1.4,1.1,1.1,8.6,8.9,7.3,7.1,1.9,2.0,1.6,1.6,7.1,LOW,LOW,LOW,LOW,S,28.5,23.5
2026-06-01 03:00,3,0,0,0.7071,0.7071,0.0,1.0,0,0,0,Rain,1.25,1.9,2.0,1.6,1.6,7.8,7.2,6.1,6.2,1.7,1.6,1.3,1.4,6.0,LOW,LOW,LOW,LOW,N,28.8,23.2
2026-06-01 03:15,3,15,0,0.7518,0.6593,0.0,1.0,0,0,0,Clear,1.0,1.7,1.6,1.3,1.4,5.8,6.0,5.1,4.9,1.3,1.3,1.1,1.1,4.8,LOW,LOW,LOW,LOW,N,28.1,23.9
2026-06-01 03:30,3,30,0,0.7934,0.6088,0.0,1.0,0,0,0,Clear,1.0,1.3,1.3,1.1,1.1,6.0,6.0,5.2,5.0,1.3,1.3,1.1,1.1,4.8,LOW,LOW,LOW,LOW,N,28.0,24.0
2026-06-01 03:45,3,45,0,0.8315,0.5556,0.0,1.0,0,0,0,Clear,1.0,1.3,1.3,1.1,1.1,5.7,6.3,4.8,5.1,1.3,1.4,1.1,1.1,4.9,LOW,LOW,LOW,LOW,S,28.6,23.4
2026-06-01 04:00,4,0,0,0.866,0.5,0.0,1.0,0,0,0,Clear,1.0,1.3,1.4,1.1,1.1,6.0,5.7,4.9,5.0,1.3,1.3,1.1,1.1,4.8,LOW,LOW,LOW,LOW,N,28.3,23.7
2026-06-01 04:15,4,15,0,0.8969,0.4423,0.0,1.0,0,0,0,Rain,1.25,1.3,1.3,1.1,1.1,7.5,7.3,6.2,6.0,1.6,1.6,1.4,1.3,5.9,LOW,LOW,LOW,LOW,N,28.5,23.5
2026-06-01 04:30,4,30,0,0.9239,0.3827,0.0,1.0,0,0,0,Clear,1.0,1.6,1.6,1.4,1.3,5.9,6.2,5.1,4.8,1.3,1.4,1.1,1.1,4.9,LOW,LOW,LOW,LOW,S,28.6,23.4
2026-06-01 04:45,4,45,0,0.9469,0.3214,0.0,1.0,0,0,0,Clear,1.0,1.3,1.4,1.1,1.1,5.9,5.8,4.9,5.0,1.3,1.3,1.1,1.1,4.8,LOW,LOW,LOW,LOW,N,28.2,23.8
2026-06-01 05:00,5,0,0,0.9659,0.2588,0.0,1.0,0,0,0,Clear,1.0,1.3,1.3,1.1,1.1,5.9,6.0,5.1,4.8,1.3,1.3,1.1,1.1,4.8,LOW,LOW,LOW,LOW,N,28.3,23.7
2026-06-01 05:15,5,15,0,0.9808,0.1951,0.0,1.0,0,0,0,Clear,1.0,1.3,1.3,1.1,1.1,5.9,5.9,4.8,5.0,1.3,1.3,1.1,1.1,4.8,LOW,LOW,LOW,LOW,N,28.3,23.7
2026-06-01 05:30,5,30,0,0.9914,0.1305,0.0,1.0,0,0,0,Rain,1.25,1.3,1.3,1.1,1.1,7.8,7.4,6.5,6.0,1.7,1.6,1.4,1.3,6.0,LOW,LOW,LOW,LOW,N,28.5,23.5
2026-06-01 05:45,5,45,0,0.9979,0.0654,0.0,1.0,0,0,0,Clear,1.0,1.7,1.6,1.4,1.3,5.8,6.1,4.8,4.9,1.3,1.3,1.1,1.1,4.8,LOW,LOW,LOW,LOW,N,28.7,23.3
2026-06-01 06:00,6,0,0,1.0,0.0,0.0,1.0,0,0,0,Clear,1.0,1.3,1.3,1.1,1.1,24.5,25.4,21.8,21.2,5.4,5.6,4.8,4.7,20.5,LOW,LOW,LOW,LOW,S,28.0,24.0
2026-06-01 06:15,6,15,0,0.9979,-0.0654,0.0,1.0,0,0,0,Rain,1.25,5.4,5.6,4.8,4.7,31.0,31.5,26.6,27.2,6.8,6.9,5.9,6.0,25.6,MEDIUM,MEDIUM,LOW,MEDIUM,S,27.9,24.1
2026-06-01 06:30,6,30,0,0.9914,-0.1305,0.0,1.0,0,0,0,Clear,1.0,6.8,6.9,5.9,6.0,25.1,24.7,21.1,21.2,5.5,5.4,4.6,4.7,20.2,LOW,LOW,LOW,LOW,N,28.2,23.8
2026-06-01 06:45,6,45,0,0.9808,-0.1951,0.0,1.0,0,0,0,Rain,1.25,5.5,5.4,4.6,4.7,29.8,32.2,27.0,26.7,6.6,7.1,5.9,5.9,25.5,MEDIUM,MEDIUM,LOW,LOW,S,28.1,23.9
2026-06-01 07:00,7,0,0,0.9659,-0.2588,0.0,1.0,0,1,0,Clear,1.0,6.6,7.1,5.9,5.9,109.4,17.2,83.3,18.4,24.1,3.8,18.3,4.0,50.2,VERY_HIGH,LOW,HIGH,LOW,N,29.3,22.7
2026-06-01 07:15,7,15,0,0.9469,-0.3214,0.0,1.0,0,1,0,Clear,1.0,24.1,3.8,18.3,4.0,107.6,17.8,88.2,17.3,23.7,3.9,19.4,3.8,50.8,HIGH,LOW,HIGH,LOW,N,28.4,23.6
2026-06-01 07:30,7,30,0,0.9239,-0.3827,0.0,1.0,0,1,0,Clear,1.0,23.7,3.9,19.4,3.8,115.4,17.4,86.1,18.6,25.4,3.8,18.9,4.1,52.2,VERY_HIGH,LOW,HIGH,LOW,N,29.5,22.5
2026-06-01 07:45,7,45,0,0.8969,-0.4423,0.0,1.0,0,1,0,Clear,1.0,25.4,3.8,18.9,4.1,109.9,18.8,85.1,18.0,24.2,4.1,18.7,4.0,51.0,VERY_HIGH,LOW,HIGH,LOW,N,29.1,22.9
2026-06-01 08:00,8,0,0,0.866,-0.5,0.0,1.0,0,1,0,Clear,1.0,24.2,4.1,18.7,4.0,141.9,17.2,111.0,17.8,31.2,3.8,24.4,3.9,63.3,VERY_HIGH,LOW,VERY_HIGH,LOW,N,29.0,23.0
2026-06-01 08:15,8,15,0,0.8315,-0.5556,0.0,1.0,0,1,0,Clear,1.0,31.2,3.8,24.4,3.9,140.4,18.8,107.9,17.3,30.9,4.1,23.7,3.8,62.5,VERY_HIGH,LOW,HIGH,LOW,N,29.3,22.7
2026-06-01 08:30,8,30,0,0.7934,-0.6088,0.0,1.0,0,1,0,Clear,1.0,30.9,4.1,23.7,3.8,149.4,18.1,108.3,18.4,32.9,4.0,23.8,4.0,64.7,VERY_HIGH,LOW,HIGH,LOW,N,29.9,22.1
2026-06-01 08:45,8,45,0,0.7518,-0.6593,0.0,1.0,0,1,0,Clear,1.0,32.9,4.0,23.8,4.0,137.4,18.1,109.4,17.7,30.2,4.0,24.1,3.9,62.2,VERY_HIGH,LOW,VERY_HIGH,LOW,N,28.8,23.2
2026-06-01 09:00,9,0,0,0.7071,-0.7071,0.0,1.0,0,1,0,Clear,1.0,30.2,4.0,24.1,3.9,109.6,17.7,87.5,17.6,24.1,3.9,19.2,3.9,51.1,VERY_HIGH,LOW,HIGH,LOW,N,28.7,23.3
2026-06-01 09:15,9,15,0,0.6593,-0.7518,0.0,1.0,0,1,0,Clear,1.0,24.1,3.9,19.2,3.9,110.2,17.3,82.0,18.2,24.2,3.8,18.0,4.0,50.0,VERY_HIGH,LOW,HIGH,LOW,N,29.5,22.5
2026-06-01 09:30,9,30,0,0.6088,-0.7934,0.0,1.0,0,1,0,Clear,1.0,24.2,3.8,18.0,4.0,104.9,18.8,87.8,17.5,23.1,4.1,19.3,3.9,50.4,HIGH,LOW,HIGH,LOW,N,28.2,23.8
2026-06-01 09:45,9,45,0,0.5556,-0.8315,0.0,1.0,0,1,0,Clear,1.0,23.1,4.1,19.3,3.9,113.5,18.4,82.4,18.1,25.0,4.0,18.1,4.0,51.1,VERY_HIGH,LOW,HIGH,LOW,N,29.9,22.1
2026-06-01 10:00,10,0,0,0.5,-0.866,0.0,1.0,0,0,0,Clear,1.0,25.0,4.0,18.1,4.0,25.7,24.5,23.1,20.9,5.7,5.4,5.1,4.6,20.8,LOW,LOW,LOW,LOW,N,27.6,24.4
2026-06-01 10:15,10,15,0,0.4423,-0.8969,0.0,1.0,0,0,0,Clear,1.0,5.7,5.4,5.1,4.6,23.9,24.3,22.7,22.3,5.3,5.3,5.0,4.9,20.5,LOW,LOW,LOW,LOW,N,26.9,25.1
2026-06-01 10:30,10,30,0,0.3827,-0.9239,0.0,1.0,0,0,0,Clear,1.0,5.3,5.3,5.0,4.9,24.0,25.9,20.9,21.1,5.3,5.7,4.6,4.6,20.2,LOW,LOW,LOW,LOW,S,28.4,23.6
2026-06-01 10:45,10,45,0,0.3214,-0.9469,0.0,1.0,0,0,0,Heavy Rain,1.5,5.3,5.7,4.6,4.6,38.6,37.5,32.3,33.9,8.5,8.2,7.1,7.5,31.3,MEDIUM,MEDIUM,MEDIUM,MEDIUM,N,27.7,24.3
2026-06-01 11:00,11,0,0,0.2588,-0.9659,0.0,1.0,0,0,0,Clear,1.0,8.5,8.2,7.1,7.5,41.9,38.3,36.4,36.7,9.2,8.4,8.0,8.1,33.7,MEDIUM,MEDIUM,MEDIUM,MEDIUM,N,27.5,24.5
2026-06-01 11:15,11,15,0,0.1951,-0.9808,0.0,1.0,0,0,0,Clear,1.0,9.2,8.4,8.0,8.1,39.4,40.3,33.8,35.8,8.7,8.9,7.4,7.9,32.9,MEDIUM,MEDIUM,MEDIUM,MEDIUM,S,27.7,24.3
2026-06-01 11:30,11,30,0,0.1305,-0.9914,0.0,1.0,0,0,0,Clear,1.0,8.7,8.9,7.4,7.9,40.5,41.0,35.3,35.3,8.9,9.0,7.8,7.8,33.5,MEDIUM,MEDIUM,MEDIUM,MEDIUM,S,27.9,24.1
2026-06-01 11:45,11,45,0,0.0654,-0.9979,0.0,1.0,0,0,0,Clear,1.0,8.9,9.0,7.8,7.8,41.6,41.9,33.4,33.8,9.2,9.2,7.3,7.4,33.1,MEDIUM,MEDIUM,MEDIUM,MEDIUM,N,28.8,23.2
2026-06-01 12:00,12,0,0,0.0,-1.0,0.0,1.0,0,0,0,Rain,1.25,9.2,9.2,7.3,7.4,52.3,50.5,41.8,42.2,11.5,11.1,9.2,9.3,41.1,MEDIUM,MEDIUM,MEDIUM,MEDIUM,N,28.7,23.3
2026-06-01 12:15,12,15,0,-0.0654,-0.9979,0.0,1.0,0,0,0,Rain,1.25,11.5,11.1,9.2,9.3,49.7,49.5,41.8,42.5,10.9,10.9,9.2,9.3,40.3,MEDIUM,MEDIUM,MEDIUM,MEDIUM,N,28.1,23.9
2026-06-01 12:30,12,30,0,-0.1305,-0.9914,0.0,1.0,0,0,0,Heavy Rain,1.5,10.9,10.9,9.2,9.3,58.4,60.1,52.9,52.8,12.8,13.2,11.6,11.6,49.2,MEDIUM,MEDIUM,MEDIUM,MEDIUM,S,27.6,24.4
2026-06-01 12:45,12,45,0,-0.1951,-0.9808,0.0,1.0,0,0,0,Clear,1.0,12.8,13.2,11.6,11.6,39.1,40.4,35.0,35.5,8.6,8.9,7.7,7.8,33.0,MEDIUM,MEDIUM,MEDIUM,MEDIUM,S,27.6,24.4
2026-06-01 13:00,13,0,0,-0.2588,-0.9659,0.0,1.0,0,0,0,Clear,1.0,8.6,8.9,7.7,7.8,41.5,40.8,33.3,35.8,9.1,9.0,7.3,7.9,33.3,MEDIUM,MEDIUM,MEDIUM,MEDIUM,N,28.1,23.9
2026-06-01 13:15,13,15,0,-0.3214,-0.9469,0.0,1.0,0,0,0,Clear,1.0,9.1,9.0,7.3,7.9,41.7,40.0,34.9,33.6,9.2,8.8,7.7,7.4,33.1,MEDIUM,MEDIUM,MEDIUM,MEDIUM,N,28.3,23.7
2026-06-01 13:30,13,30,0,-0.3827,-0.9239,0.0,1.0,0,0,0,Heavy Rain,1.5,9.2,8.8,7.7,7.4,58.6,58.5,51.4,52.4,12.9,12.9,11.3,11.5,48.6,MEDIUM,MEDIUM,MEDIUM,MEDIUM,N,27.5,24.5
2026-06-01 13:45,13,45,0,-0.4423,-0.8969,0.0,1.0,0,0,0,Clear,1.0,12.9,12.9,11.3,11.5,39.2,40.1,34.9,34.9,8.6,8.8,7.7,7.7,32.8,MEDIUM,MEDIUM,MEDIUM,MEDIUM,S,27.7,24.3
2026-06-01 14:00,14,0,0,-0.5,-0.866,0.0,1.0,0,0,0,Clear,1.0,8.6,8.8,7.7,7.7,39.3,38.6,33.5,34.4,8.6,8.5,7.4,7.6,32.1,MEDIUM,MEDIUM,MEDIUM,MEDIUM,N,27.8,24.2
2026-06-01 14:15,14,15,0,-0.5556,-0.8315,0.0,1.0,0,0,0,Clear,1.0,8.6,8.5,7.4,7.6,41.4,40.5,34.4,33.9,9.1,8.9,7.6,7.5,33.1,MEDIUM,MEDIUM,MEDIUM,MEDIUM,N,28.4,23.6
2026-06-01 14:30,14,30,0,-0.6088,-0.7934,0.0,1.0,0,0,0,Clear,1.0,9.1,8.9,7.6,7.5,38.6,40.2,36.0,35.8,8.5,8.8,7.9,7.9,33.1,MEDIUM,MEDIUM,MEDIUM,MEDIUM,S,27.3,24.7
2026-06-01 14:45,14,45,0,-0.6593,-0.7518,0.0,1.0,0,0,0,Clear,1.0,8.5,8.8,7.9,7.9,40.9,40.2,33.9,35.8,9.0,8.8,7.5,7.9,33.2,MEDIUM,MEDIUM,MEDIUM,MEDIUM,N,27.9,24.1
2026-06-01 15:00,15,0,0,-0.7071,-0.7071,0.0,1.0,0,0,0,Heavy Rain,1.5,9.0,8.8,7.5,7.9,58.2,58.8,51.9,50.5,12.8,12.9,11.4,11.1,48.2,MEDIUM,MEDIUM,MEDIUM,MEDIUM,S,27.7,24.3
2026-06-01 15:15,15,15,0,-0.7518,-0.6593,0.0,1.0,0,0,0,Clear,1.0,12.8,12.9,11.4,11.1,40.9,41.2,34.8,33.9,9.0,9.1,7.7,7.5,33.3,MEDIUM,MEDIUM,MEDIUM,MEDIUM,S,28.3,23.7
2026-06-01 15:30,15,30,0,-0.7934,-0.6088,0.0,1.0,0,0,0,Clear,1.0,9.0,9.1,7.7,7.5,38.1,41.0,34.9,36.1,8.4,9.0,7.7,7.9,33.0,MEDIUM,MEDIUM,MEDIUM,MEDIUM,S,27.5,24.5
2026-06-01 15:45,15,45,0,-0.8315,-0.5556,0.0,1.0,0,0,0,Clear,1.0,8.4,9.0,7.7,7.9,39.1,40.5,36.7,35.4,8.6,8.9,8.1,7.8,33.4,MEDIUM,MEDIUM,MEDIUM,MEDIUM,S,27.3,24.7
2026-06-01 16:00,16,0,0,-0.866,-0.5,0.0,1.0,0,0,1,Clear,1.0,8.6,8.9,8.1,7.8,17.1,109.2,18.6,88.1,3.8,24.0,4.1,19.4,51.3,LOW,VERY_HIGH,LOW,HIGH,S,28.5,23.5
2026-06-01 16:15,16,15,0,-0.8969,-0.4423,0.0,1.0,0,0,1,Heavy Rain,1.5,3.8,24.0,4.1,19.4,27.8,171.2,26.9,122.8,6.1,37.7,5.9,27.0,76.7,MEDIUM,VERY_HIGH,LOW,VERY_HIGH,S,30.0,22.0
2026-06-01 16:30,16,30,0,-0.9239,-0.3827,0.0,1.0,0,0,1,Clear,1.0,6.1,37.7,5.9,27.0,18.4,112.9,17.7,81.0,4.0,24.8,3.9,17.8,50.5,LOW,VERY_HIGH,LOW,HIGH,S,30.0,22.0
2026-06-01 16:45,16,45,0,-0.9469,-0.3214,0.0,1.0,0,0,1,Clear,1.0,4.0,24.8,3.9,17.8,18.7,109.0,18.9,87.0,4.1,24.0,4.2,19.1,51.4,LOW,VERY_HIGH,LOW,HIGH,S,28.7,23.3
2026-06-01 17:00,17,0,0,-0.9659,-0.2588,0.0,1.0,0,0,1,Clear,1.0,4.1,24.0,4.2,19.1,18.7,136.5,17.2,98.3,4.1,30.0,3.8,21.6,59.5,LOW,VERY_HIGH,LOW,HIGH,S,30.1,21.9
2026-06-01 17:15,17,15,0,-0.9808,-0.1951,0.0,1.0,0,0,1,Rain,1.25,4.1,30.0,3.8,21.6,21.7,156.9,22.9,131.8,4.8,34.5,5.0,29.0,73.3,LOW,VERY_HIGH,LOW,VERY_HIGH,S,28.1,23.9
2026-06-01 17:30,17,30,0,-0.9914,-0.1305,0.0,1.0,0,0,1,Rain,1.25,4.8,34.5,5.0,29.0,22.7,160.9,21.7,129.7,5.0,35.4,4.8,28.5,73.7,LOW,VERY_HIGH,LOW,VERY_HIGH,S,28.7,23.3
2026-06-01 17:45,17,45,0,-0.9979,-0.0654,0.0,1.0,0,0,1,Clear,1.0,5.0,35.4,4.8,28.5,18.9,134.1,18.5,101.5,4.2,29.5,4.1,22.3,60.1,LOW,VERY_HIGH,LOW,HIGH,S,29.4,22.6
2026-06-01 18:00,18,0,0,-1.0,-0.0,0.0,1.0,0,0,1,Clear,1.0,4.2,29.5,4.1,22.3,17.8,126.5,18.0,103.6,3.9,27.8,4.0,22.8,58.5,LOW,VERY_HIGH,LOW,HIGH,S,28.4,23.6
2026-06-01 18:15,18,15,0,-0.9979,0.0654,0.0,1.0,0,0,1,Clear,1.0,3.9,27.8,4.0,22.8,17.5,138.6,17.5,104.6,3.9,30.5,3.9,23.0,61.3,LOW,VERY_HIGH,LOW,HIGH,S,29.5,22.5
2026-06-01 18:30,18,30,0,-0.9914,0.1305,0.0,1.0,0,0,1,Clear,1.0,3.9,30.5,3.9,23.0,17.3,129.2,17.9,99.2,3.8,28.4,3.9,21.8,57.9,LOW,VERY_HIGH,LOW,HIGH,S,29.2,22.8
2026-06-01 18:45,18,45,0,-0.9808,0.1951,0.0,1.0,0,0,1,Clear,1.0,3.8,28.4,3.9,21.8,18.4,134.4,18.7,99.2,4.0,29.6,4.1,21.8,59.5,LOW,VERY_HIGH,LOW,HIGH,S,29.7,22.3
2026-06-01 19:00,19,0,0,-0.9659,0.2588,0.0,1.0,0,0,1,Clear,1.0,4.0,29.6,4.1,21.8,17.5,111.1,17.2,80.8,3.9,24.4,3.8,17.8,49.9,LOW,VERY_HIGH,LOW,HIGH,S,29.9,22.1
2026-06-01 19:15,19,15,0,-0.9469,0.3214,0.0,1.0,0,0,1,Clear,1.0,3.9,24.4,3.8,17.8,18.6,105.6,18.4,84.8,4.1,23.2,4.0,18.7,50.0,LOW,HIGH,LOW,HIGH,S,28.7,23.3
2026-06-01 19:30,19,30,0,-0.9239,0.3827,0.0,1.0,0,0,1,Clear,1.0,4.1,23.2,4.0,18.7,17.3,114.9,18.2,89.2,3.8,25.3,4.0,19.6,52.7,LOW,VERY_HIGH,LOW,HIGH,S,29.0,23.0
2026-06-01 19:45,19,45,0,-0.8969,0.4423,0.0,1.0,0,0,1,Clear,1.0,3.8,25.3,4.0,19.6,17.6,112.8,17.2,86.0,3.9,24.8,3.8,18.9,51.4,LOW,VERY_HIGH,LOW,HIGH,S,29.3,22.7
2026-06-01 20:00,20,0,0,-0.866,0.5,0.0,1.0,0,0,0,Clear,1.0,3.9,24.8,3.8,18.9,26.1,26.0,21.6,20.9,5.7,5.7,4.8,4.6,20.8,LOW,LOW,LOW,LOW,N,28.5,23.5
2026-06-01 20:15,20,15,0,-0.8315,0.5556,0.0,1.0,0,0,0,Clear,1.0,5.7,5.7,4.8,4.6,25.2,25.9,21.6,22.7,5.5,5.7,4.8,5.0,21.0,LOW,LOW,LOW,LOW,S,27.8,24.2
2026-06-01 20:30,20,30,0,-0.7934,0.6088,0.0,1.0,0,0,0,Clear,1.0,5.5,5.7,4.8,5.0,24.4,24.2,21.5,21.5,5.4,5.3,4.7,4.7,20.1,LOW,LOW,LOW,LOW,N,27.6,24.4
2026-06-01 20:45,20,45,0,-0.7518,0.6593,0.0,1.0,0,0,0,Clear,1.0,5.4,5.3,4.7,4.7,25.0,25.1,21.8,22.7,5.5,5.5,4.8,5.0,20.8,LOW,LOW,LOW,LOW,N,27.4,24.6
2026-06-01 21:00,21,0,0,-0.7071,0.7071,0.0,1.0,0,0,0,Clear,1.0,5.5,5.5,4.8,5.0,25.1,26.0,23.1,21.7,5.5,5.7,5.1,4.8,21.1,LOW,LOW,LOW,LOW,S,27.6,24.4
2026-06-01 21:15,21,15,0,-0.6593,0.7518,0.0,1.0,0,0,0,Rain,1.25,5.5,5.7,5.1,4.8,32.6,32.0,28.4,26.8,7.2,7.0,6.2,5.9,26.3,MEDIUM,MEDIUM,MEDIUM,LOW,N,27.9,24.1
2026-06-01 21:30,21,30,0,-0.6088,0.7934,0.0,1.0,0,0,0,Clear,1.0,7.2,7.0,6.2,5.9,24.2,25.4,22.7,21.4,5.3,5.6,5.0,4.7,20.6,LOW,LOW,LOW,LOW,S,27.5,24.5
2026-06-01 21:45,21,45,0,-0.5556,0.8315,0.0,1.0,0,0,0,Clear,1.0,5.3,5.6,5.0,4.7,23.8,25.5,21.3,21.2,5.2,5.6,4.7,4.7,20.2,LOW,LOW,LOW,LOW,S,28.1,23.9
2026-06-01 22:00,22,0,0,-0.5,0.866,0.0,1.0,0,0,0,Rain,1.25,5.2,5.6,4.7,4.7,30.4,32.5,28.7,28.7,6.7,7.2,6.3,6.3,26.5,MEDIUM,MEDIUM,MEDIUM,MEDIUM,S,27.4,24.6
2026-06-01 22:15,22,15,0,-0.4423,0.8969,0.0,1.0,0,0,0,Clear,1.0,6.7,7.2,6.3,6.3,24.6,26.0,22.7,22.6,5.4,5.7,5.0,5.0,21.1,LOW,LOW,LOW,LOW,S,27.6,24.4
2026-06-01 22:30,22,30,0,-0.3827,0.9239,0.0,1.0,0,0,0,Clear,1.0,5.4,5.7,5.0,5.0,25.9,24.3,21.6,22.5,5.7,5.3,4.8,5.0,20.8,LOW,LOW,LOW,LOW,N,27.8,24.2
2026-06-01 22:45,22,45,0,-0.3214,0.9469,0.0,1.0,0,0,0,Rain,1.25,5.7,5.3,4.8,5.0,31.4,32.2,28.3,27.8,6.9,7.1,6.2,6.1,26.3,MEDIUM,MEDIUM,MEDIUM,MEDIUM,S,27.7,24.3
2026-06-01 23:00,23,0,0,-0.2588,0.9659,0.0,1.0,0,0,0,Clear,1.0,6.9,7.1,6.2,6.1,6.2,6.2,5.0,4.8,1.4,1.4,1.1,1.1,5.0,LOW,LOW,LOW,LOW,N,28.9,23.1
2026-06-01 23:15,23,15,0,-0.1951,0.9808,0.0,1.0,0,0,0,Clear,1.0,1.4,1.4,1.1,1.1,5.8,6.2,5.0,4.8,1.3,1.4,1.1,1.1,4.9,LOW,LOW,LOW,LOW,S,28.7,23.3
2026-06-01 23:30,23,30,0,-0.1305,0.9914,0.0,1.0,0,0,0,Clear,1.0,1.3,1.4,1.1,1.1,6.1,6.3,5.1,5.2,1.3,1.4,1.1,1.1,4.9,LOW,LOW,LOW,LOW,S,28.4,23.6
2026-06-01 23:45,23,45,0,-0.0654,0.9979,0.0,1.0,0,0,0,Rain,1.25,1.3,1.4,1.1,1.1,7.6,7.8,6.2,6.4,1.7,1.7,1.4,1.4,6.2,LOW,LOW,LOW,LOW,N,28.6,23.4
2026-06-02 00:00,0,0,1,0.0,1.0,0.7818,0.6235,0,0,0,Clear,1.0,1.7,1.7,1.4,1.4,6.0,6.2,5.1,4.9,1.3,1.4,1.1,1.1,4.9,LOW,LOW,LOW,LOW,S,28.6,23.4
2026-06-02 00:15,0,15,1,0.0654,0.9979,0.7818,0.6235,0,0,0,Clear,1.0,1.3,1.4,1.1,1.1,6.0,5.9,5.1,5.1,1.3,1.3,1.1,1.1,4.8,LOW,LOW,LOW,LOW,N,28.1,23.9
2026-06-02 00:30,0,30,1,0.1305,0.9914,0.7818,0.6235,0,0,0,Clear,1.0,1.3,1.3,1.1,1.1,6.2,5.8,5.2,4.9,1.4,1.3,1.1,1.1,4.9,LOW,LOW,LOW,LOW,N,28.3,23.7
2026-06-02 00:45,0,45,1,0.1951,0.9808,0.7818,0.6235,0,0,0,Rain,1.25,1.4,1.3,1.1,1.1,7.5,7.3,6.5,6.1,1.6,1.6,1.4,1.3,5.9,LOW,LOW,LOW,LOW,N,28.0,24.0
2026-06-02 01:00,1,0,1,0.2588,0.9659,0.7818,0.6235,0,0,0,Clear,1.0,1.6,1.6,1.4,1.3,6.2,6.2,5.0,4.8,1.4,1.4,1.1,1.1,5.0,LOW,LOW,LOW,LOW,N,28.9,23.1
2026-06-02 01:15,1,15,1,0.3214,0.9469,0.7818,0.6235,0,0,0,Clear,1.0,1.4,1.4,1.1,1.1,6.0,5.9,4.9,4.9,1.3,1.3,1.1,1.1,4.8,LOW,LOW,LOW,LOW,N,28.6,23.4
2026-06-02 01:30,1,30,1,0.3827,0.9239,0.7818,0.6235,0,0,0,Clear,1.0,1.3,1.3,1.1,1.1,5.8,5.8,5.2,5.1,1.3,1.3,1.1,1.1,4.8,LOW,LOW,LOW,LOW,N,27.5,24.5
2026-06-02 01:45,1,45,1,0.4423,0.8969,0.7818,0.6235,0,0,0,Clear,1.0,1.3,1.3,1.1,1.1,5.9,5.7,4.8,5.0,1.3,1.3,1.1,1.1,4.8,LOW,LOW,LOW,LOW,N,28.2,23.8
2026-06-02 02:00,2,0,1,0.5,0.866,0.7818,0.6235,0,0,0,Rain,1.25,1.3,1.3,1.1,1.1,7.4,7.7,6.0,6.3,1.6,1.7,1.3,1.4,6.0,LOW,LOW,LOW,LOW,S,28.6,23.4
2026-06-02 02:15,2,15,1,0.5556,0.8315,0.7818,0.6235,0,0,0,Rain,1.25,1.6,1.7,1.3,1.4,7.6,7.4,6.1,6.2,1.7,1.6,1.3,1.4,6.0,LOW,LOW,LOW,LOW,N,28.6,23.4
2026-06-02 02:30,2,30,1,0.6088,0.7934,0.7818,0.6235,0,0,0,Clear,1.0,1.7,1.6,1.3,1.4,5.8,6.0,5.2,5.2,1.3,1.3,1.1,1.1,4.8,LOW,LOW,LOW,LOW,N,27.7,24.3
2026-06-02 02:45,2,45,1,0.6593,0.7518,0.7818,0.6235,0,0,0,Clear,1.0,1.3,1.3,1.1,1.1,5.9,5.8,5.0,5.0,1.3,1.3,1.1,1.1,4.8,LOW,LOW,LOW,LOW,N,28.1,23.9
2026-06-02 03:00,3,0,1,0.7071,0.7071,0.7818,0.6235,0,0,0,Clear,1.0,1.3,1.3,1.1,1.1,6.3,5.8,5.1,5.0,1.4,1.3,1.1,1.1,4.9,LOW,LOW,LOW,LOW,N,28.5,23.5
2026-06-02 03:15,3,15,1,0.7518,0.6593,0.7818,0.6235,0,0,0,Clear,1.0,1.4,1.3,1.1,1.1,5.8,6.1,5.1,5.2,1.3,1.3,1.1,1.1,4.8,LOW,LOW,LOW,LOW,N,28.0,24.0
2026-06-02 03:30,3,30,1,0.7934,0.6088,0.7818,0.6235,0,0,0,Rain,1.25,1.3,1.3,1.1,1.1,7.8,7.2,6.1,6.2,1.7,1.6,1.3,1.4,6.0,LOW,LOW,LOW,LOW,N,28.8,23.2
2026-06-02 03:45,3,45,1,0.8315,0.5556,0.7818,0.6235,0,0,0,Clear,1.0,1.7,1.6,1.3,1.4,5.8,6.1,5.0,5.1,1.3,1.3,1.1,1.1,4.8,LOW,LOW,LOW,LOW,N,28.2,23.8
2026-06-02 04:00,4,0,1,0.866,0.5,0.7818,0.6235,0,0,0,Clear,1.0,1.3,1.3,1.1,1.1,5.9,6.2,5.2,4.9,1.3,1.4,1.1,1.1,4.9,LOW,LOW,LOW,LOW,S,28.3,23.7
2026-06-02 04:15,4,15,1,0.8969,0.4423,0.7818,0.6235,0,0,0,Clear,1.0,1.3,1.4,1.1,1.1,5.8,6.3,5.0,5.1,1.3,1.4,1.1,1.1,4.9,LOW,LOW,LOW,LOW,S,28.5,23.5
2026-06-02 04:30,4,30,1,0.9239,0.3827,0.7818,0.6235,0,0,0,Clear,1.0,1.3,1.4,1.1,1.1,6.1,6.3,5.1,5.2,1.3,1.4,1.1,1.1,4.9,LOW,LOW,LOW,LOW,S,28.4,23.6
2026-06-02 04:45,4,45,1,0.9469,0.3214,0.7818,0.6235,0,0,0,Clear,1.0,1.3,1.4,1.1,1.1,6.0,6.1,5.1,4.9,1.3,1.3,1.1,1.1,4.8,LOW,LOW,LOW,LOW,N,28.4,23.6
2026-06-02 05:00,5,0,1,0.9659,0.2588,0.7818,0.6235,0,0,0,Clear,1.0,1.3,1.3,1.1,1.1,6.2,5.9,5.1,4.8,1.4,1.3,1.1,1.1,4.9,LOW,LOW,LOW,LOW,N,28.6,23.4
2026-06-02 05:15,5,15,1,0.9808,0.1951,0.7818,0.6235,0,0,0,Clear,1.0,1.4,1.3,1.1,1.1,5.7,6.2,5.2,4.8,1.3,1.4,1.1,1.1,4.9,LOW,LOW,LOW,LOW,S,28.3,23.7
2026-06-02 05:30,5,30,1,0.9914,0.1305,0.7818,0.6235,0,0,0,Rain,1.25,1.3,1.4,1.1,1.1,7.2,7.5,6.3,6.1,1.6,1.6,1.4,1.3,5.9,LOW,LOW,LOW,LOW,N,28.2,23.8
2026-06-02 05:45,5,45,1,0.9979,0.0654,0.7818,0.6235,0,0,0,Clear,1.0,1.6,1.6,1.4,1.3,5.8,5.9,5.0,5.1,1.3,1.3,1.1,1.1,4.8,LOW,LOW,LOW,LOW,N,27.9,24.1
2026-06-02 06:00,6,0,1,1.0,0.0,0.7818,0.6235,0,0,0,Clear,1.0,1.3,1.3,1.1,1.1,24.8,25.5,23.1,22.1,5.5,5.6,5.1,4.9,21.1,LOW,LOW,LOW,LOW,S,27.3,24.7
2026-06-02 06:15,6,15,1,0.9979,-0.0654,0.7818,0.6235,0,0,0,Clear,1.0,5.5,5.6,5.1,4.9,25.5,24.3,21.8,21.6,5.6,5.3,4.8,4.8,20.5,LOW,LOW,LOW,LOW,N,27.9,24.1
2026-06-02 06:30,6,30,1,0.9914,-0.1305,0.7818,0.6235,0,0,0,Clear,1.0,5.6,5.3,4.8,4.8,26.0,25.7,22.1,22.8,5.7,5.7,4.9,5.0,21.3,LOW,LOW,LOW,LOW,N,27.8,24.2
2026-06-02 06:45,6,45,1,0.9808,-0.1951,0.7818,0.6235,0,0,0,Clear,1.0,5.7,5.7,4.9,5.0,25.2,24.0,22.1,23.0,5.5,5.3,4.9,5.1,20.8,LOW,LOW,LOW,LOW,N,27.2,24.8
2026-06-02 07:00,7,0,1,0.9659,-0.2588,0.7818,0.6235,0,1,0,Clear,1.0,5.5,5.3,4.9,5.1,112.8,18.3,83.6,17.9,24.8,4.0,18.4,3.9,51.1,VERY_HIGH,LOW,HIGH,LOW,N,29.6,22.4
2026-06-02 07:15,7,15,1,0.9469,-0.3214,0.7818,0.6235,0,1,0,Rain,1.25,24.8,4.0,18.4,3.9,139.5,22.0,111.2,21.8,30.7,4.8,24.5,4.8,64.8,VERY_HIGH,LOW,VERY_HIGH,LOW,N,28.8,23.2
2026-06-02 07:30,7,30,1,0.9239,-0.3827,0.7818,0.6235,0,1,0,Clear,1.0,30.7,4.8,24.5,4.8,105.8,18.2,83.5,17.9,23.3,4.0,18.4,3.9,49.6,HIGH,LOW,HIGH,LOW,N,28.9,23.1
2026-06-02 07:45,7,45,1,0.8969,-0.4423,0.7818,0.6235,0,1,0,Clear,1.0,23.3,4.0,18.4,3.9,108.9,18.7,81.4,18.7,24.0,4.1,17.9,4.1,50.1,VERY_HIGH,LOW,HIGH,LOW,N,29.5,22.5
2026-06-02 08:00,8,0,1,0.866,-0.5,0.7818,0.6235,0,1,0,Rain,1.25,24.0,4.1,17.9,4.1,174.5,23.4,136.1,22.5,38.4,5.1,29.9,5.0,78.4,VERY_HIGH,LOW,VERY_HIGH,LOW,N,29.1,22.9
2026-06-02 08:15,8,15,1,0.8315,-0.5556,0.7818,0.6235,0,1,0,Clear,1.0,38.4,5.1,29.9,5.0,138.4,17.2,114.2,17.8,30.4,3.8,25.1,3.9,63.2,VERY_HIGH,LOW,VERY_HIGH,LOW,N,28.4,23.6
2026-06-02 08:30,8,30,1,0.7934,-0.6088,0.7818,0.6235,0,1,0,Clear,1.0,30.4,3.8,25.1,3.9,136.1,17.3,108.9,18.0,29.9,3.8,24.0,4.0,61.7,VERY_HIGH,LOW,VERY_HIGH,LOW,N,28.7,23.3
2026-06-02 08:45,8,45,1,0.7518,-0.6593,0.7818,0.6235,0,1,0,Heavy Rain,1.5,29.9,3.8,24.0,4.0,221.7,25.7,169.7,27.6,48.8,5.7,37.3,6.1,97.9,VERY_HIGH,LOW,VERY_HIGH,MEDIUM,N,29.3,22.7
2026-06-02 09:00,9,0,1,0.7071,-0.7071,0.7818,0.6235,0,1,0,Clear,1.0,48.8,5.7,37.3,6.1,114.9,18.9,87.3,17.6,25.3,4.2,19.2,3.9,52.6,VERY_HIGH,LOW,HIGH,LOW,N,29.4,22.6
2026-06-02 09:15,9,15,1,0.6593,-0.7518,0.7818,0.6235,0,1,0,Heavy Rain,1.5,25.3,4.2,19.2,3.9,165.6,26.9,124.9,28.1,36.4,5.9,27.5,6.2,76.0,VERY_HIGH,LOW,VERY_HIGH,MEDIUM,N,29.4,22.6
2026-06-02 09:30,9,30,1,0.6088,-0.7934,0.7818,0.6235,0,1,0,Clear,1.0,36.4,5.9,27.5,6.2,107.4,17.1,84.8,18.7,23.6,3.8,18.7,4.1,50.2,HIGH,LOW,HIGH,LOW,N,28.8,23.2
2026-06-02 09:45,9,45,1,0.5556,-0.8315,0.7818,0.6235,0,1,0,Clear,1.0,23.6,3.8,18.7,4.1,111.5,17.6,82.9,17.9,24.5,3.9,18.2,3.9,50.5,VERY_HIGH,LOW,HIGH,LOW,N,29.6,22.4
2026-06-02 10:00,10,0,1,0.5,-0.866,0.7818,0.6235,0,0,0,Rain,1.25,24.5,3.9,18.2,3.9,29.8,29.7,28.3,27.9,6.6,6.5,6.2,6.1,25.4,MEDIUM,MEDIUM,MEDIUM,MEDIUM,N,26.7,25.3
2026-06-02 10:15,10,15,1,0.4423,-0.8969,0.7818,0.6235,0,0,0,Clear,1.0,6.6,6.5,6.2,6.1,24.5,25.8,21.7,22.0,5.4,5.7,4.8,4.8,20.7,LOW,LOW,LOW,LOW,S,27.9,24.1
2026-06-02 10:30,10,30,1,0.3827,-0.9239,0.7818,0.6235,0,0,0,Clear,1.0,5.4,5.7,4.8,4.8,24.8,25.4,20.9,22.1,5.5,5.6,4.6,4.9,20.6,LOW,LOW,LOW,LOW,S,27.9,24.1
2026-06-02 10:45,10,45,1,0.3214,-0.9469,0.7818,0.6235,0,0,0,Clear,1.0,5.5,5.6,4.6,4.9,25.3,25.9,22.5,22.8,5.6,5.7,5.0,5.0,21.3,LOW,LOW,LOW,LOW,S,27.6,24.4
2026-06-02 11:00,11,0,1,0.2588,-0.9659,0.7818,0.6235,0,0,0,Clear,1.0,5.6,5.7,5.0,5.0,38.2,38.0,35.6,35.1,8.4,8.4,7.8,7.7,32.3,MEDIUM,MEDIUM,MEDIUM,MEDIUM,N,26.9,25.1
2026-06-02 11:15,11,15,1,0.1951,-0.9808,0.7818,0.6235,0,0,0,Clear,1.0,8.4,8.4,7.8,7.7,40.8,38.6,33.3,36.4,9.0,8.5,7.3,8.0,32.8,MEDIUM,MEDIUM,MEDIUM,MEDIUM,N,27.6,24.4
2026-06-02 11:30,11,30,1,0.1305,-0.9914,0.7818,0.6235,0,0,0,Clear,1.0,9.0,8.5,7.3,8.0,39.3,42.0,36.6,35.4,8.6,9.2,8.1,7.8,33.7,MEDIUM,MEDIUM,MEDIUM,MEDIUM,S,27.7,24.3
2026-06-02 11:45,11,45,1,0.0654,-0.9979,0.7818,0.6235,0,0,0,Clear,1.0,8.6,9.2,8.1,7.8,39.2,39.6,34.4,34.0,8.6,8.7,7.6,7.5,32.4,MEDIUM,MEDIUM,MEDIUM,MEDIUM,S,27.8,24.2
2026-06-02 12:00,12,0,1,0.0,-1.0,0.7818,0.6235,0,0,0,Clear,1.0,8.6,8.7,7.6,7.5,39.1,38.4,36.3,35.4,8.6,8.4,8.0,7.8,32.8,MEDIUM,MEDIUM,MEDIUM,MEDIUM,N,27.0,25.0
2026-06-02 12:15,12,15,1,-0.0654,-0.9979,0.7818,0.6235,0,0,0,Clear,1.0,8.6,8.4,8.0,7.8,38.7,41.3,35.2,34.5,8.5,9.1,7.7,7.6,32.9,MEDIUM,MEDIUM,MEDIUM,MEDIUM,S,27.9,24.1
2026-06-02 12:30,12,30,1,-0.1305,-0.9914,0.7818,0.6235,0,0,0,Clear,1.0,8.5,9.1,7.7,7.6,39.7,40.1,33.9,34.2,8.7,8.8,7.5,7.5,32.5,MEDIUM,MEDIUM,MEDIUM,MEDIUM,S,28.1,23.9
2026-06-02 12:45,12,45,1,-0.1951,-0.9808,0.7818,0.6235,0,0,0,Heavy Rain,1.5,8.7,8.8,7.5,7.5,60.0,59.2,51.6,52.8,13.2,13.0,11.4,11.6,49.2,MEDIUM,MEDIUM,MEDIUM,MEDIUM,N,27.7,24.3
2026-06-02 13:00,13,0,1,-0.2588,-0.9659,0.7818,0.6235,0,0,0,Clear,1.0,13.2,13.0,11.4,11.6,41.6,41.2,35.0,33.5,9.2,9.1,7.7,7.4,33.4,MEDIUM,MEDIUM,MEDIUM,MEDIUM,N,28.4,23.6
2026-06-02 13:15,13,15,1,-0.3214,-0.9469,0.7818,0.6235,0,0,0,Clear,1.0,9.2,9.1,7.7,7.4,38.3,41.9,36.4,34.7,8.4,9.2,8.0,7.6,33.2,MEDIUM,MEDIUM,MEDIUM,MEDIUM,S,27.7,24.3
2026-06-02 13:30,13,30,1,-0.3827,-0.9239,0.7818,0.6235,0,0,0,Rain,1.25,8.4,9.2,8.0,7.6,52.0,49.8,43.1,45.7,11.4,11.0,9.5,10.1,42.0,MEDIUM,MEDIUM,MEDIUM,MEDIUM,N,27.7,24.3
2026-06-02 13:45,13,45,1,-0.4423,-0.8969,0.7818,0.6235,0,0,0,Heavy Rain,1.5,11.4,11.0,9.5,10.1,58.5,59.6,51.5,52.6,12.9,13.1,11.3,11.6,48.9,MEDIUM,MEDIUM,MEDIUM,MEDIUM,S,27.6,24.4
2026-06-02 14:00,14,0,1,-0.5,-0.866,0.7818,0.6235,0,0,0,Heavy Rain,1.5,12.9,13.1,11.3,11.6,60.2,58.6,51.3,49.9,13.2,12.9,11.3,11.0,48.4,MEDIUM,MEDIUM,MEDIUM,MEDIUM,N,28.1,23.9
2026-06-02 14:15,14,15,1,-0.5556,-0.8315,0.7818,0.6235,0,0,0,Clear,1.0,13.2,12.9,11.3,11.0,38.8,40.8,34.0,33.3,8.5,9.0,7.5,7.3,32.3,MEDIUM,MEDIUM,MEDIUM,MEDIUM,S,28.3,23.7
2026-06-02 14:30,14,30,1,-0.6088,-0.7934,0.7818,0.6235,0,0,0,Clear,1.0,8.5,9.0,7.5,7.3,40.6,40.9,35.8,36.1,8.9,9.0,7.9,7.9,33.7,MEDIUM,MEDIUM,MEDIUM,MEDIUM,S,27.6,24.4
2026-06-02 14:45,14,45,1,-0.6593,-0.7518,0.7818,0.6235,0,0,0,Clear,1.0,8.9,9.0,7.9,7.9,38.5,41.4,36.4,33.8,8.5,9.1,8.0,7.4,33.0,MEDIUM,MEDIUM,MEDIUM,MEDIUM,S,27.7,24.3
2026-06-02 15:00,15,0,1,-0.7071,-0.7071,0.7818,0.6235,0,0,0,Heavy Rain,1.5,8.5,9.1,8.0,7.4,62.5,58.5,52.2,50.2,13.8,12.9,11.5,11.0,49.2,MEDIUM,MEDIUM,MEDIUM,MEDIUM,N,28.2,23.8
2026-06-02 15:15,15,15,1,-0.7518,-0.6593,0.7818,0.6235,0,0,0,Heavy Rain,1.5,13.8,12.9,11.5,11.0,57.4,59.6,51.7,54.1,12.6,13.1,11.4,11.9,49.0,MEDIUM,MEDIUM,MEDIUM,MEDIUM,S,27.3,24.7
2026-06-02 15:30,15,30,1,-0.7934,-0.6088,0.7818,0.6235,0,0,0,Clear,1.0,12.6,13.1,11.4,11.9,39.8,38.4,33.7,34.5,8.8,8.4,7.4,7.6,32.2,MEDIUM,MEDIUM,MEDIUM,MEDIUM,N,27.8,24.2
2026-06-02 15:45,15,45,1,-0.8315,-0.5556,0.7818,0.6235,0,0,0,Rain,1.25,8.8,8.4,7.4,7.6,48.7,48.1,42.3,45.9,10.7,10.6,9.3,10.1,40.7,MEDIUM,MEDIUM,MEDIUM,MEDIUM,N,27.0,25.0
2026-06-02 16:00,16,0,1,-0.866,-0.5,0.7818,0.6235,0,0,1,Clear,1.0,10.7,10.6,9.3,10.1,18.7,109.2,18.0,88.3,4.1,24.0,4.0,19.4,51.5,LOW,VERY_HIGH,LOW,HIGH,S,28.6,23.4
2026-06-02 16:15,16,15,1,-0.8969,-0.4423,0.7818,0.6235,0,0,1,Clear,1.0,4.1,24.0,4.0,19.4,18.1,112.0,18.0,85.4,4.0,24.6,4.0,18.8,51.4,LOW,VERY_HIGH,LOW,HIGH,S,29.3,22.7
2026-06-02 16:30,16,30,1,-0.9239,-0.3827,0.7818,0.6235,0,0,1,Clear,1.0,4.0,24.6,4.0,18.8,18.3,109.2,17.8,86.3,4.0,24.0,3.9,19.0,50.9,LOW,VERY_HIGH,LOW,HIGH,S,28.9,23.1
2026-06-02 16:45,16,45,1,-0.9469,-0.3214,0.7818,0.6235,0,0,1,Rain,1.25,4.0,24.0,3.9,19.0,22.0,134.8,23.0,108.5,4.8,29.7,5.1,23.9,63.5,LOW,VERY_HIGH,LOW,HIGH,S,28.6,23.4
2026-06-02 17:00,17,0,1,-0.9659,-0.2588,0.7818,0.6235,0,0,1,Clear,1.0,4.8,29.7,5.1,23.9,18.8,133.9,17.6,101.3,4.1,29.5,3.9,22.3,59.8,LOW,VERY_HIGH,LOW,HIGH,S,29.5,22.5
2026-06-02 17:15,17,15,1,-0.9808,-0.1951,0.7818,0.6235,0,0,1,Clear,1.0,4.1,29.5,3.9,22.3,17.5,129.6,18.4,97.4,3.9,28.5,4.0,21.4,57.8,LOW,VERY_HIGH,LOW,HIGH,S,29.5,22.5
2026-06-02 17:30,17,30,1,-0.9914,-0.1305,0.7818,0.6235,0,0,1,Clear,1.0,3.9,28.5,4.0,21.4,18.7,130.5,17.2,106.7,4.1,28.7,3.8,23.5,60.1,LOW,VERY_HIGH,LOW,HIGH,S,28.5,23.5
2026-06-02 17:45,17,45,1,-0.9979,-0.0654,0.7818,0.6235,0,0,1,Clear,1.0,4.1,28.7,3.8,23.5,18.4,127.7,17.5,103.5,4.0,28.1,3.9,22.8,58.8,LOW,VERY_HIGH,LOW,HIGH,S,28.6,23.4
2026-06-02 18:00,18,0,1,-1.0,-0.0,0.7818,0.6235,0,0,1,Clear,1.0,4.0,28.1,3.9,22.8,17.4,131.5,17.2,105.3,3.8,28.9,3.8,23.2,59.7,LOW,VERY_HIGH,LOW,HIGH,S,28.7,23.3
2026-06-02 18:15,18,15,1,-0.9979,0.0654,0.7818,0.6235,0,0,1,Clear,1.0,3.8,28.9,3.8,23.2,17.9,127.8,17.2,102.4,3.9,28.1,3.8,22.5,58.3,LOW,VERY_HIGH,LOW,HIGH,S,28.7,23.3
2026-06-02 18:30,18,30,1,-0.9914,0.1305,0.7818,0.6235,0,0,1,Rain,1.25,3.9,28.1,3.8,22.5,23.4,158.1,21.5,133.7,5.1,34.8,4.7,29.4,74.0,LOW,VERY_HIGH,LOW,VERY_HIGH,S,28.1,23.9
2026-06-02 18:45,18,45,1,-0.9808,0.1951,0.7818,0.6235,0,0,1,Clear,1.0,5.1,34.8,4.7,29.4,17.1,132.5,17.8,105.8,3.8,29.1,3.9,23.3,60.1,LOW,VERY_HIGH,LOW,HIGH,S,28.7,23.3
2026-06-02 19:00,19,0,1,-0.9659,0.2588,0.7818,0.6235,0,0,1,Clear,1.0,3.8,29.1,3.9,23.3,18.2,111.5,18.5,85.3,4.0,24.5,4.1,18.8,51.4,LOW,VERY_HIGH,LOW,HIGH,S,29.2,22.8
2026-06-02 19:15,19,15,1,-0.9469,0.3214,0.7818,0.6235,0,0,1,Clear,1.0,4.0,24.5,4.1,18.8,17.8,112.2,18.2,83.2,3.9,24.7,4.0,18.3,50.9,LOW,VERY_HIGH,LOW,HIGH,S,29.6,22.4
2026-06-02 19:30,19,30,1,-0.9239,0.3827,0.7818,0.6235,0,0,1,Clear,1.0,3.9,24.7,4.0,18.3,18.7,104.6,18.5,81.9,4.1,23.0,4.1,18.0,49.2,LOW,HIGH,LOW,HIGH,S,29.0,23.0
2026-06-02 19:45,19,45,1,-0.8969,0.4423,0.7818,0.6235,0,0,1,Clear,1.0,4.1,23.0,4.1,18.0,18.8,105.2,18.1,81.4,4.1,23.1,4.0,17.9,49.1,LOW,HIGH,LOW,HIGH,S,29.1,22.9
2026-06-02 20:00,20,0,1,-0.866,0.5,0.7818,0.6235,0,0,0,Rain,1.25,4.1,23.1,4.0,17.9,29.7,30.5,26.7,28.8,6.5,6.7,5.9,6.3,25.4,MEDIUM,MEDIUM,LOW,MEDIUM,S,26.9,25.1
2026-06-02 20:15,20,15,1,-0.8315,0.5556,0.7818,0.6235,0,0,0,Clear,1.0,6.5,6.7,5.9,6.3,26.2,25.5,21.5,23.0,5.8,5.6,4.7,5.1,21.2,LOW,LOW,LOW,LOW,N,27.8,24.2
2026-06-02 20:30,20,30,1,-0.7934,0.6088,0.7818,0.6235,0,0,0,Clear,1.0,5.8,5.6,4.7,5.1,25.1,24.3,22.5,23.1,5.5,5.3,5.0,5.1,20.9,LOW,LOW,LOW,LOW,N,27.1,24.9
2026-06-02 20:45,20,45,1,-0.7518,0.6593,0.7818,0.6235,0,0,0,Clear,1.0,5.5,5.3,5.0,5.1,25.3,24.6,21.9,22.6,5.6,5.4,4.8,5.0,20.8,LOW,LOW,LOW,LOW,N,27.5,24.5
2026-06-02 21:00,21,0,1,-0.7071,0.7071,0.7818,0.6235,0,0,0,Rain,1.25,5.6,5.4,4.8,5.0,32.7,32.4,27.4,26.5,7.2,7.1,6.0,5.8,26.1,MEDIUM,MEDIUM,MEDIUM,LOW,N,28.4,23.6
2026-06-02 21:15,21,15,1,-0.6593,0.7518,0.7818,0.6235,0,0,0,Clear,1.0,7.2,7.1,6.0,5.8,24.5,24.1,22.5,21.3,5.4,5.3,5.0,4.7,20.4,LOW,LOW,LOW,LOW,N,27.2,24.8
2026-06-02 21:30,21,30,1,-0.6088,0.7934,0.7818,0.6235,0,0,0,Clear,1.0,5.4,5.3,5.0,4.7,23.9,24.1,21.4,22.8,5.3,5.3,4.7,5.0,20.3,LOW,LOW,LOW,LOW,N,26.9,25.1
2026-06-02 21:45,21,45,1,-0.5556,0.8315,0.7818,0.6235,0,0,0,Clear,1.0,5.3,5.3,4.7,5.0,25.8,25.8,22.8,21.5,5.7,5.7,5.0,4.7,21.1,LOW,LOW,LOW,LOW,N,27.8,24.2
2026-06-02 22:00,22,0,1,-0.5,0.866,0.7818,0.6235,0,0,0,Heavy Rain,1.5,5.7,5.7,5.0,4.7,37.1,36.3,32.7,34.0,8.2,8.0,7.2,7.5,30.9,MEDIUM,MEDIUM,MEDIUM,MEDIUM,N,27.2,24.8
2026-06-02 22:15,22,15,1,-0.4423,0.8969,0.7818,0.6235,0,0,0,Clear,1.0,8.2,8.0,7.2,7.5,25.0,25.8,21.6,22.1,5.5,5.7,4.8,4.9,20.9,LOW,LOW,LOW,LOW,S,28.0,24.0
2026-06-02 22:30,22,30,1,-0.3827,0.9239,0.7818,0.6235,0,0,0,Clear,1.0,5.5,5.7,4.8,4.9,23.8,24.9,21.0,22.8,5.2,5.5,4.6,5.0,20.3,LOW,LOW,LOW,LOW,S,27.3,24.7
2026-06-02 22:45,22,45,1,-0.3214,0.9469,0.7818,0.6235,0,0,0,Clear,1.0,5.2,5.5,4.6,5.0,26.1,23.8,21.1,21.3,5.7,5.2,4.6,4.7,20.2,LOW,LOW,LOW,LOW,N,28.4,23.6
2026-06-02 23:00,23,0,1,-0.2588,0.9659,0.7818,0.6235,0,0,0,Clear,1.0,5.7,5.2,4.6,4.7,6.2,6.2,5.1,5.0,1.4,1.4,1.1,1.1,5.0,LOW,LOW,LOW,LOW,N,28.6,23.4
2026-06-02 23:15,23,15,1,-0.1951,0.9808,0.7818,0.6235,0,0,0,Clear,1.0,1.4,1.4,1.1,1.1,6.1,5.9,5.2,4.9,1.3,1.3,1.1,1.1,4.8,LOW,LOW,LOW,LOW,N,28.2,23.8
2026-06-02 23:30,23,30,1,-0.1305,0.9914,0.7818,0.6235,0,0,0,Clear,1.0,1.3,1.3,1.1,1.1,5.9,6.1,4.9,4.8,1.3,1.3,1.1,1.1,4.8,LOW,LOW,LOW,LOW,N,28.8,23.2
2026-06-02 23:45,23,45,1,-0.0654,0.9979,0.7818,0.6235,0,0,0,Rain,1.25,1.3,1.3,1.1,1.1,7.6,7.4,6.5,6.6,1.7,1.6,1.4,1.5,6.2,LOW,LOW,LOW,LOW,N,27.8,24.2
2026-06-03 00:00,0,0,2,0.0,1.0,0.9749,-0.2225,0,0,0,Clear,1.0,1.7,1.6,1.4,1.5,6.2,6.1,4.8,5.0,1.4,1.3,1.1,1.1,4.9,LOW,LOW,LOW,LOW,N,28.9,23.1
2026-06-03 00:15,0,15,2,0.0654,0.9979,0.9749,-0.2225,0,0,0,Clear,1.0,1.4,1.3,1.1,1.1,6.1,6.3,5.2,5.1,1.3,1.4,1.1,1.1,4.9,LOW,LOW,LOW,LOW,S,28.4,23.6
2026-06-03 00:30,0,30,2,0.1305,0.9914,0.9749,-0.2225,0,0,0,Clear,1.0,1.3,1.4,1.1,1.1,5.9,6.2,4.9,4.8,1.3,1.4,1.1,1.1,4.9,LOW,LOW,LOW,LOW,S,29.0,23.0
2026-06-03 00:45,0,45,2,0.1951,0.9808,0.9749,-0.2225,0,0,0,Clear,1.0,1.3,1.4,1.1,1.1,5.7,5.8,4.8,5.1,1.3,1.3,1.1,1.1,4.8,LOW,LOW,LOW,LOW,N,27.8,24.2
2026-06-03 01:00,1,0,2,0.2588,0.9659,0.9749,-0.2225,0,0,0,Clear,1.0,1.3,1.3,1.1,1.1,6.2,5.9,5.1,5.1,1.4,1.3,1.1,1.1,4.9,LOW,LOW,LOW,LOW,N,28.4,23.6
2026-06-03 01:15,1,15,2,0.3214,0.9469,0.9749,-0.2225,0,0,0,Clear,1.0,1.4,1.3,1.1,1.1,6.3,6.0,4.9,5.1,1.4,1.3,1.1,1.1,4.9,LOW,LOW,LOW,LOW,N,28.7,23.3
2026-06-03 01:30,1,30,2,0.3827,0.9239,0.9749,-0.2225,0,0,0,Clear,1.0,1.4,1.3,1.1,1.1,6.2,5.9,4.9,4.9,1.4,1.3,1.1,1.1,4.9,LOW,LOW,LOW,LOW,N,28.9,23.1
2026-06-03 01:45,1,45,2,0.4423,0.8969,0.9749,-0.2225,0,0,0,Heavy Rain,1.5,1.4,1.3,1.1,1.1,8.6,8.6,7.4,7.4,1.9,1.9,1.6,1.6,7.0,LOW,LOW,LOW,LOW,N,27.9,24.0
2026-06-03 02:00,2,0,2,0.5,0.866,0.9749,-0.2225,0,0,0,Clear,1.0,1.9,1.9,1.6,1.6,6.2,6.2,5.2,5.2,1.4,1.4,1.1,1.1,5.0,LOW,LOW,LOW,LOW,N,28.3,23.7
2026-06-03 02:15,2,15,2,0.5556,0.8315,0.9749,-0.2225,0,0,0,Clear,1.0,1.4,1.4,1.1,1.1,6.3,5.8,5.1,5.1,1.4,1.3,1.1,1.1,4.9,LOW,LOW,LOW,LOW,N,28.5,23.5
2026-06-03 02:30,2,30,2,0.6088,0.7934,0.9749,-0.2225,0,0,0,Clear,1.0,1.4,1.3,1.1,1.1,5.9,6.2,4.9,4.8,1.3,1.4,1.1,1.1,4.9,LOW,LOW,LOW,LOW,S,29.0,23.0
2026-06-03 02:45,2,45,2,0.6593,0.7518,0.9749,-0.2225,0,0,0,Clear,1.0,1.3,1.4,1.1,1.1,6.0,5.9,5.2,5.0,1.3,1.3,1.1,1.1,4.8,LOW,LOW,LOW,LOW,N,27.9,24.1
2026-06-03 03:00,3,0,2,0.7071,0.7071,0.9749,-0.2225,0,0,0,Clear,1.0,1.3,1.3,1.1,1.1,5.7,6.2,5.2,5.0,1.3,1.4,1.1,1.1,4.9,LOW,LOW,LOW,LOW,S,28.1,23.9
2026-06-03 03:15,3,15,2,0.7518,0.6593,0.9749,-0.2225,0,0,0,Clear,1.0,1.3,1.4,1.1,1.1,6.2,6.3,5.2,5.1,1.4,1.4,1.1,1.1,5.0,LOW,LOW,LOW,LOW,N,28.5,23.5
2026-06-03 03:30,3,30,2,0.7934,0.6088,0.9749,-0.2225,0,0,0,Clear,1.0,1.4,1.4,1.1,1.1,6.1,6.3,5.1,4.9,1.3,1.4,1.1,1.1,4.9,LOW,LOW,LOW,LOW,S,28.8,23.2
2026-06-03 03:45,3,45,2,0.8315,0.5556,0.9749,-0.2225,0,0,0,Clear,1.0,1.3,1.4,1.1,1.1,6.3,6.0,5.0,4.8,1.4,1.3,1.1,1.1,4.9,LOW,LOW,LOW,LOW,N,29.0,23.0
2026-06-03 04:00,4,0,2,0.866,0.5,0.9749,-0.2225,0,0,0,Clear,1.0,1.4,1.3,1.1,1.1,6.3,6.2,5.1,5.1,1.4,1.4,1.1,1.1,5.0,LOW,LOW,LOW,LOW,N,28.7,23.3
2026-06-03 04:15,4,15,2,0.8969,0.4423,0.9749,-0.2225,0,0,0,Clear,1.0,1.4,1.4,1.1,1.1,6.2,5.8,5.0,4.9,1.4,1.3,1.1,1.1,4.9,LOW,LOW,LOW,LOW,N,28.6,23.4
2026-06-03 04:30,4,30,2,0.9239,0.3827,0.9749,-0.2225,0,0,0,Clear,1.0,1.4,1.3,1.1,1.1,5.9,6.2,4.9,5.1,1.3,1.4,1.1,1.1,4.9,LOW,LOW,LOW,LOW,S,28.5,23.5
2026-06-03 04:45,4,45,2,0.9469,0.3214,0.9749,-0.2225,0,0,0,Clear,1.0,1.3,1.4,1.1,1.1,6.3,6.1,5.0,5.1,1.4,1.3,1.1,1.1,4.9,LOW,LOW,LOW,LOW,N,28.7,23.3
2026-06-03 05:00,5,0,2,0.9659,0.2588,0.9749,-0.2225,0,0,0,Rain,1.25,1.4,1.3,1.1,1.1,7.6,7.2,6.1,6.0,1.7,1.6,1.3,1.3,5.9,LOW,LOW,LOW,LOW,N,28.7,23.3
2026-06-03 05:15,5,15,2,0.9808,0.1951,0.9749,-0.2225,0,0,0,Clear,1.0,1.7,1.6,1.3,1.3,6.0,6.1,5.1,5.1,1.3,1.3,1.1,1.1,4.8,LOW,LOW,LOW,LOW,N,28.3,23.7
2026-06-03 05:30,5,30,2,0.9914,0.1305,0.9749,-0.2225,0,0,0,Clear,1.0,1.3,1.3,1.1,1.1,6.0,6.1,5.1,4.8,1.3,1.3,1.1,1.1,4.8,LOW,LOW,LOW,LOW,N,28.5,23.5
2026-06-03 05:45,5,45,2,0.9979,0.0654,0.9749,-0.2225,0,0,0,Clear,1.0,1.3,1.3,1.1,1.1,5.9,6.2,5.2,5.2,1.3,1.4,1.1,1.1,4.9,LOW,LOW,LOW,LOW,S,28.1,23.9
2026-06-03 06:00,6,0,2,1.0,0.0,0.9749,-0.2225,0,0,0,Clear,1.0,1.3,1.4,1.1,1.1,25.0,25.2,21.1,22.9,5.5,5.5,4.6,5.0,20.6,LOW,LOW,LOW,LOW,N,27.5,24.5
2026-06-03 06:15,6,15,2,0.9979,-0.0654,0.9749,-0.2225,0,0,0,Clear,1.0,5.5,5.5,4.6,5.0,23.8,24.6,22.6,21.0,5.2,5.4,5.0,4.6,20.2,LOW,LOW,LOW,LOW,S,27.2,24.8
2026-06-03 06:30,6,30,2,0.9914,-0.1305,0.9749,-0.2225,0,0,0,Clear,1.0,5.2,5.4,5.0,4.6,25.9,24.3,22.0,23.0,5.7,5.3,4.8,5.1,20.9,LOW,LOW,LOW,LOW,N,27.5,24.5
2026-06-03 06:45,6,45,2,0.9808,-0.1951,0.9749,-0.2225,0,0,0,Rain,1.25,5.7,5.3,4.8,5.1,31.9,30.7,26.7,26.6,7.0,6.8,5.9,5.9,25.6,MEDIUM,MEDIUM,LOW,LOW,N,28.2,23.8
2026-06-03 07:00,7,0,2,0.9659,-0.2588,0.9749,-0.2225,0,1,0,Clear,1.0,7.0,6.8,5.9,5.9,111.6,17.3,83.0,18.5,24.6,3.8,18.3,4.1,50.8,VERY_HIGH,LOW,HIGH,LOW,N,29.5,22.5
2026-06-03 07:15,7,15,2,0.9469,-0.3214,0.9749,-0.2225,0,1,0,Rain,1.25,24.6,3.8,18.3,4.1,137.9,21.7,108.8,22.5,30.3,4.8,23.9,5.0,64.0,VERY_HIGH,LOW,HIGH,LOW,N,28.9,23.1
2026-06-03 07:30,7,30,2,0.9239,-0.3827,0.9749,-0.2225,0,1,0,Clear,1.0,30.3,4.8,23.9,5.0,105.0,17.5,81.5,17.9,23.1,3.9,17.9,3.9,48.8,HIGH,LOW,HIGH,LOW,N,29.1,22.9
2026-06-03 07:45,7,45,2,0.8969,-0.4423,0.9749,-0.2225,0,1,0,Clear,1.0,23.1,3.9,17.9,3.9,109.3,18.6,87.3,17.7,24.0,4.1,19.2,3.9,51.2,VERY_HIGH,LOW,HIGH,LOW,N,28.8,23.2
2026-06-03 08:00,8,0,2,0.866,-0.5,0.9749,-0.2225,0,1,0,Clear,1.0,24.0,4.1,19.2,3.9,147.2,17.9,114.9,18.6,32.4,3.9,25.3,4.1,65.7,VERY_HIGH,LOW,VERY_HIGH,LOW,N,29.0,23.0
2026-06-03 08:15,8,15,2,0.8315,-0.5556,0.9749,-0.2225,0,1,0,Clear,1.0,32.4,3.9,25.3,4.1,149.1,18.4,115.2,18.1,32.8,4.0,25.3,4.0,66.1,VERY_HIGH,LOW,VERY_HIGH,LOW,N,29.2,22.8
2026-06-03 08:30,8,30,2,0.7934,-0.6088,0.9749,-0.2225,0,1,0,Rain,1.25,32.8,4.0,25.3,4.0,180.6,23.3,140.7,21.5,39.7,5.1,31.0,4.7,80.5,VERY_HIGH,LOW,VERY_HIGH,LOW,N,29.1,22.9
2026-06-03 08:45,8,45,2,0.7518,-0.6593,0.9749,-0.2225,0,1,0,Rain,1.25,39.7,5.1,31.0,4.7,186.9,21.6,136.7,23.2,41.1,4.8,30.1,5.1,81.1,VERY_HIGH,LOW,VERY_HIGH,LOW,N,29.8,22.2
2026-06-03 09:00,9,0,2,0.7071,-0.7071,0.9749,-0.2225,0,1,0,Clear,1.0,41.1,4.8,30.1,5.1,114.1,18.5,86.9,18.7,25.1,4.1,19.1,4.1,52.4,VERY_HIGH,LOW,HIGH,LOW,N,29.3,22.7
2026-06-03 09:15,9,15,2,0.6593,-0.7518,0.9749,-0.2225,0,1,0,Clear,1.0,25.1,4.1,19.1,4.1,112.1,17.3,82.3,18.3,24.7,3.8,18.1,4.0,50.6,VERY_HIGH,LOW,HIGH,LOW,N,29.7,22.3
2026-06-03 09:30,9,30,2,0.6088,-0.7934,0.9749,-0.2225,0,1,0,Rain,1.25,24.7,3.8,18.1,4.0,133.0,22.5,106.3,23.3,29.3,5.0,23.4,5.1,62.8,VERY_HIGH,LOW,HIGH,LOW,N,28.7,23.3
2026-06-03 09:45,9,45,2,0.5556,-0.8315,0.9749,-0.2225,0,1,0,Clear,1.0,29.3,5.0,23.4,5.1,105.3,18.2,83.9,18.7,23.2,4.0,18.5,4.1,49.8,HIGH,LOW,HIGH,LOW,N,28.7,23.3
2026-06-03 10:00,10,0,2,0.5,-0.866,0.9749,-0.2225,0,0,0,Clear,1.0,23.2,4.0,18.5,4.1,26.0,25.9,22.3,21.0,5.7,5.7,4.9,4.6,20.9,LOW,LOW,LOW,LOW,N,28.2,23.8
2026-06-03 10:15,10,15,2,0.4423,-0.8969,0.9749,-0.2225,0,0,0,Clear,1.0,5.7,5.7,4.9,4.6,24.5,23.9,23.0,22.0,5.4,5.3,5.1,4.8,20.6,LOW,LOW,LOW,LOW,N,26.9,25.1
2026-06-03 10:30,10,30,2,0.3827,-0.9239,0.9749,-0.2225,0,0,0,Clear,1.0,5.4,5.3,5.1,4.8,24.3,25.8,21.2,21.4,5.3,5.7,4.7,4.7,20.4,LOW,LOW,LOW,LOW,S,28.3,23.7
2026-06-03 10:45,10,45,2,0.3214,-0.9469,0.9749,-0.2225,0,0,0,Clear,1.0,5.3,5.7,4.7,4.7,24.9,26.1,21.4,23.1,5.5,5.7,4.7,5.1,21.0,LOW,LOW,LOW,LOW,S,27.7,24.3
2026-06-03 11:00,11,0,2,0.2588,-0.9659,0.9749,-0.2225,0,0,0,Clear,1.0,5.5,5.7,4.7,5.1,38.6,38.1,36.1,34.8,8.5,8.4,7.9,7.7,32.5,MEDIUM,MEDIUM,MEDIUM,MEDIUM,N,26.9,25.1
2026-06-03 11:15,11,15,2,0.1951,-0.9808,0.9749,-0.2225,0,0,0,Clear,1.0,8.5,8.4,7.9,7.7,38.1,38.9,34.9,33.8,8.4,8.6,7.7,7.4,32.1,MEDIUM,MEDIUM,MEDIUM,MEDIUM,S,27.4,24.6
2026-06-03 11:30,11,30,2,0.1305,-0.9914,0.9749,-0.2225,0,0,0,Clear,1.0,8.4,8.6,7.7,7.4,40.2,41.9,35.3,33.8,8.8,9.2,7.8,7.4,33.2,MEDIUM,MEDIUM,MEDIUM,MEDIUM,S,28.2,23.8
2026-06-03 11:45,11,45,2,0.0654,-0.9979,0.9749,-0.2225,0,0,0,Clear,1.0,8.8,9.2,7.8,7.4,39.5,39.8,35.3,35.5,8.7,8.8,7.8,7.8,33.1,MEDIUM,MEDIUM,MEDIUM,MEDIUM,S,27.5,24.5
2026-06-03 12:00,12,0,2,0.0,-1.0,0.9749,-0.2225,0,0,0,Clear,1.0,8.7,8.8,7.8,7.8,39.0,39.0,34.8,34.5,8.6,8.6,7.7,7.6,32.5,MEDIUM,MEDIUM,MEDIUM,MEDIUM,N,27.5,24.5
2026-06-03 12:15,12,15,2,-0.0654,-0.9979,0.9749,-0.2225,0,0,0,Clear,1.0,8.6,8.6,7.7,7.6,40.4,41.6,34.7,35.8,8.9,9.2,7.6,7.9,33.6,MEDIUM,MEDIUM,MEDIUM,MEDIUM,S,28.0,24.0
2026-06-03 12:30,12,30,2,-0.1305,-0.9914,0.9749,-0.2225,0,0,0,Clear,1.0,8.9,9.2,7.6,7.9,39.1,38.7,34.2,36.5,8.6,8.5,7.5,8.0,32.6,MEDIUM,MEDIUM,MEDIUM,MEDIUM,N,27.1,24.9
2026-06-03 12:45,12,45,2,-0.1951,-0.9808,0.9749,-0.2225,0,0,0,Clear,1.0,8.6,8.5,7.5,8.0,41.4,41.5,35.3,34.6,9.1,9.1,7.8,7.6,33.6,MEDIUM,MEDIUM,MEDIUM,MEDIUM,N,28.2,23.8
2026-06-03 13:00,13,0,2,-0.2588,-0.9659,0.9749,-0.2225,0,0,0,Clear,1.0,9.1,9.1,7.8,7.6,41.0,41.4,36.7,36.4,9.0,9.1,8.1,8.0,34.2,MEDIUM,MEDIUM,MEDIUM,MEDIUM,S,27.6,24.4
2026-06-03 13:15,13,15,2,-0.3214,-0.9469,0.9749,-0.2225,0,0,0,Clear,1.0,9.0,9.1,8.1,8.0,38.9,40.9,35.6,34.7,8.6,9.0,7.8,7.6,33.0,MEDIUM,MEDIUM,MEDIUM,MEDIUM,S,27.7,24.3
2026-06-03 13:30,13,30,2,-0.3827,-0.9239,0.9749,-0.2225,0,0,0,Clear,1.0,8.6,9.0,7.8,7.6,39.4,39.1,35.2,36.7,8.7,8.6,7.7,8.1,33.1,MEDIUM,MEDIUM,MEDIUM,MEDIUM,N,27.0,25.0
2026-06-03 13:45,13,45,2,-0.4423,-0.8969,0.9749,-0.2225,0,0,0,Rain,1.25,8.7,8.6,7.7,8.1,48.7,49.2,43.0,45.3,10.7,10.8,9.5,10.0,41.0,MEDIUM,MEDIUM,MEDIUM,MEDIUM,S,27.2,24.8
2026-06-03 14:00,14,0,2,-0.5,-0.866,0.9749,-0.2225,0,0,0,Clear,1.0,10.7,10.8,9.5,10.0,39.3,41.0,34.2,33.4,8.6,9.0,7.5,7.3,32.4,MEDIUM,MEDIUM,MEDIUM,MEDIUM,S,28.3,23.7
2026-06-03 14:15,14,15,2,-0.5556,-0.8315,0.9749,-0.2225,0,0,0,Clear,1.0,8.6,9.0,7.5,7.3,40.9,39.5,36.2,34.7,9.0,8.7,8.0,7.6,33.3,MEDIUM,MEDIUM,MEDIUM,MEDIUM,N,27.6,24.4
2026-06-03 14:30,14,30,2,-0.6088,-0.7934,0.9749,-0.2225,0,0,0,Clear,1.0,9.0,8.7,8.0,7.6,42.0,39.4,36.4,33.5,9.2,8.7,8.0,7.4,33.3,MEDIUM,MEDIUM,MEDIUM,MEDIUM,N,27.9,24.1
2026-06-03 14:45,14,45,2,-0.6593,-0.7518,0.9749,-0.2225,0,0,0,Clear,1.0,9.2,8.7,8.0,7.4,38.9,39.1,36.2,34.6,8.6,8.6,8.0,7.6,32.8,MEDIUM,MEDIUM,MEDIUM,MEDIUM,N,27.1,24.9
2026-06-03 15:00,15,0,2,-0.7071,-0.7071,0.9749,-0.2225,0,0,0,Clear,1.0,8.6,8.6,8.0,7.6,40.7,39.7,34.0,34.4,9.0,8.7,7.5,7.6,32.8,MEDIUM,MEDIUM,MEDIUM,MEDIUM,N,28.1,23.9
2026-06-03 15:15,15,15,2,-0.7518,-0.6593,0.9749,-0.2225,0,0,0,Heavy Rain,1.5,9.0,8.7,7.5,7.6,60.3,57.8,50.0,53.0,13.3,12.7,11.0,11.7,48.7,MEDIUM,MEDIUM,MEDIUM,MEDIUM,N,27.7,24.3
2026-06-03 15:30,15,30,2,-0.7934,-0.6088,0.9749,-0.2225,0,0,0,Clear,1.0,13.3,12.7,11.0,11.7,38.2,39.0,34.5,33.6,8.4,8.6,7.6,7.4,32.0,MEDIUM,MEDIUM,MEDIUM,MEDIUM,S,27.6,24.4
2026-06-03 15:45,15,45,2,-0.8315,-0.5556,0.9749,-0.2225,0,0,0,Clear,1.0,8.4,8.6,7.6,7.4,38.3,39.9,35.5,34.0,8.4,8.8,7.8,7.5,32.5,MEDIUM,MEDIUM,MEDIUM,MEDIUM,S,27.5,24.5
2026-06-03 16:00,16,0,2,-0.866,-0.5,0.9749,-0.2225,0,0,1,Clear,1.0,8.4,8.8,7.8,7.5,18.7,104.6,17.9,86.1,4.1,23.0,3.9,18.9,49.9,LOW,HIGH,LOW,HIGH,S,28.4,23.6
2026-06-03 16:15,16,15,2,-0.8969,-0.4423,0.9749,-0.2225,0,0,1,Clear,1.0,4.1,23.0,3.9,18.9,18.6,114.8,18.0,83.5,4.1,25.3,4.0,18.4,51.8,LOW,VERY_HIGH,LOW,HIGH,S,29.9,22.1
2026-06-03 16:30,16,30,2,-0.9239,-0.3827,0.9749,-0.2225,0,0,1,Clear,1.0,4.1,25.3,4.0,18.4,17.2,111.9,18.7,81.7,3.8,24.6,4.1,18.0,50.5,LOW,VERY_HIGH,LOW,HIGH,S,29.7,22.3
2026-06-03 16:45,16,45,2,-0.9469,-0.3214,0.9749,-0.2225,0,0,1,Clear,1.0,3.8,24.6,4.1,18.0,17.3,114.8,17.8,81.5,3.8,25.3,3.9,17.9,50.9,LOW,VERY_HIGH,LOW,HIGH,S,30.1,21.9
2026-06-03 17:00,17,0,2,-0.9659,-0.2588,0.9749,-0.2225,0,0,1,Clear,1.0,3.8,25.3,3.9,17.9,18.1,126.6,18.5,103.4,4.0,27.9,4.1,22.7,58.7,LOW,VERY_HIGH,LOW,HIGH,S,28.5,23.5
2026-06-03 17:15,17,15,2,-0.9808,-0.1951,0.9749,-0.2225,0,0,1,Clear,1.0,4.0,27.9,4.1,22.7,18.6,138.0,18.5,100.3,4.1,30.4,4.1,22.1,60.7,LOW,VERY_HIGH,LOW,HIGH,S,29.9,22.1
2026-06-03 17:30,17,30,2,-0.9914,-0.1305,0.9749,-0.2225,0,0,1,Clear,1.0,4.1,30.4,4.1,22.1,18.4,135.1,17.3,104.6,4.0,29.7,3.8,23.0,60.5,LOW,VERY_HIGH,LOW,HIGH,S,29.2,22.8
2026-06-03 17:45,17,45,2,-0.9979,-0.0654,0.9749,-0.2225,0,0,1,Clear,1.0,4.0,29.7,3.8,23.0,18.7,134.4,17.6,103.9,4.1,29.6,3.9,22.9,60.5,LOW,VERY_HIGH,LOW,HIGH,S,29.2,22.8
2026-06-03 18:00,18,0,2,-1.0,-0.0,0.9749,-0.2225,0,0,1,Clear,1.0,4.1,29.6,3.9,22.9,18.0,133.5,17.4,98.7,4.0,29.4,3.8,21.7,58.9,LOW,VERY_HIGH,LOW,HIGH,S,29.7,22.3
2026-06-03 18:15,18,15,2,-0.9979,0.0654,0.9749,-0.2225,0,0,1,Clear,1.0,4.0,29.4,3.8,21.7,17.8,135.1,17.5,102.7,3.9,29.7,3.9,22.6,60.1,LOW,VERY_HIGH,LOW,HIGH,S,29.4,22.6
2026-06-03 18:30,18,30,2,-0.9914,0.1305,0.9749,-0.2225,0,0,1,Clear,1.0,3.9,29.7,3.9,22.6,18.8,138.2,17.6,103.1,4.1,30.4,3.9,22.7,61.1,LOW,VERY_HIGH,LOW,HIGH,S,29.6,22.4
2026-06-03 18:45,18,45,2,-0.9808,0.1951,0.9749,-0.2225,0,0,1,Clear,1.0,4.1,30.4,3.9,22.7,18.0,128.2,17.6,100.7,4.0,28.2,3.9,22.2,58.3,LOW,VERY_HIGH,LOW,HIGH,S,29.0,23.0
2026-06-03 19:00,19,0,2,-0.9659,0.2588,0.9749,-0.2225,0,0,1,Clear,1.0,4.0,28.2,3.9,22.2,18.1,105.5,17.5,84.0,4.0,23.2,3.9,18.5,49.6,LOW,HIGH,LOW,HIGH,S,28.8,23.2
2026-06-03 19:15,19,15,2,-0.9469,0.3214,0.9749,-0.2225,0,0,1,Rain,1.25,4.0,23.2,3.9,18.5,22.1,134.0,22.2,104.1,4.9,29.5,4.9,22.9,62.2,LOW,VERY_HIGH,LOW,HIGH,S,29.1,22.9
2026-06-03 19:30,19,30,2,-0.9239,0.3827,0.9749,-0.2225,0,0,1,Clear,1.0,4.9,29.5,4.9,22.9,17.2,111.9,17.4,84.7,3.8,24.6,3.8,18.6,50.8,LOW,VERY_HIGH,LOW,HIGH,S,29.4,22.6
2026-06-03 19:45,19,45,2,-0.8969,0.4423,0.9749,-0.2225,0,0,1,Clear,1.0,3.8,24.6,3.8,18.6,17.9,111.4,18.8,89.0,3.9,24.5,4.1,19.6,52.1,LOW,VERY_HIGH,LOW,HIGH,S,28.7,23.3
2026-06-03 20:00,20,0,2,-0.866,0.5,0.9749,-0.2225,0,0,0,Rain,1.25,3.9,24.5,4.1,19.6,32.8,32.3,28.3,28.0,7.2,7.1,6.2,6.2,26.7,MEDIUM,MEDIUM,MEDIUM,MEDIUM,N,27.9,24.1
2026-06-03 20:15,20,15,2,-0.8315,0.5556,0.9749,-0.2225,0,0,0,Rain,1.25,7.2,7.1,6.2,6.2,31.4,30.6,27.8,28.3,6.9,6.7,6.1,6.2,25.9,MEDIUM,MEDIUM,MEDIUM,MEDIUM,N,27.3,24.7
2026-06-03 20:30,20,30,2,-0.7934,0.6088,0.9749,-0.2225,0,0,0,Clear,1.0,6.9,6.7,6.1,6.2,24.3,25.6,21.1,22.4,5.3,5.6,4.6,4.9,20.4,LOW,LOW,LOW,LOW,S,27.8,24.2
2026-06-03 20:45,20,45,2,-0.7518,0.6593,0.9749,-0.2225,0,0,0,Clear,1.0,5.3,5.6,4.6,4.9,25.0,24.1,22.9,21.1,5.5,5.3,5.0,4.6,20.4,LOW,LOW,LOW,LOW,N,27.3,24.7
2026-06-03 21:00,21,0,2,-0.7071,0.7071,0.9749,-0.2225,0,0,0,Rain,1.25,5.5,5.3,5.0,4.6,31.5,30.7,28.7,27.4,6.9,6.8,6.3,6.0,26.0,MEDIUM,MEDIUM,MEDIUM,MEDIUM,N,27.3,24.7
2026-06-03 21:15,21,15,2,-0.6593,0.7518,0.9749,-0.2225,0,0,0,Rain,1.25,6.9,6.8,6.3,6.0,31.9,30.2,26.2,28.3,7.0,6.6,5.8,6.2,25.6,MEDIUM,MEDIUM,LOW,MEDIUM,N,27.6,24.4
2026-06-03 21:30,21,30,2,-0.6088,0.7934,0.9749,-0.2225,0,0,0,Clear,1.0,7.0,6.6,5.8,6.2,26.1,25.8,21.3,21.5,5.7,5.7,4.7,4.7,20.8,LOW,LOW,LOW,LOW,N,28.5,23.5
2026-06-03 21:45,21,45,2,-0.5556,0.8315,0.9749,-0.2225,0,0,0,Rain,1.25,5.7,5.7,4.7,4.7,30.1,30.4,28.8,27.4,6.6,6.7,6.3,6.0,25.6,MEDIUM,MEDIUM,MEDIUM,MEDIUM,S,26.8,25.2
2026-06-03 22:00,22,0,2,-0.5,0.866,0.9749,-0.2225,0,0,0,Clear,1.0,6.6,6.7,6.3,6.0,24.0,24.9,22.1,23.0,5.3,5.5,4.9,5.1,20.8,LOW,LOW,LOW,LOW,S,27.0,25.0
2026-06-03 22:15,22,15,2,-0.4423,0.8969,0.9749,-0.2225,0,0,0,Clear,1.0,5.3,5.5,4.9,5.1,25.9,24.3,22.2,22.2,5.7,5.3,4.9,4.9,20.8,LOW,LOW,LOW,LOW,N,27.8,24.2
2026-06-03 22:30,22,30,2,-0.3827,0.9239,0.9749,-0.2225,0,0,0,Clear,1.0,5.7,5.3,4.9,4.9,24.5,25.7,22.9,22.0,5.4,5.7,5.0,4.8,20.9,LOW,LOW,LOW,LOW,S,27.5,24.5
2026-06-03 22:45,22,45,2,-0.3214,0.9469,0.9749,-0.2225,0,0,0,Clear,1.0,5.4,5.7,5.0,4.8,24.1,25.4,22.0,21.1,5.3,5.6,4.8,4.6,20.3,LOW,LOW,LOW,LOW,S,27.8,24.2
2026-06-03 23:00,23,0,2,-0.2588,0.9659,0.9749,-0.2225,0,0,0,Rain,1.25,5.3,5.6,4.8,4.6,7.4,7.5,6.4,6.3,1.6,1.6,1.4,1.4,6.0,LOW,LOW,LOW,LOW,N,28.1,23.9
2026-06-03 23:15,23,15,2,-0.1951,0.9808,0.9749,-0.2225,0,0,0,Clear,1.0,1.6,1.6,1.4,1.4,5.9,5.7,4.8,4.9,1.3,1.3,1.1,1.1,4.8,LOW,LOW,LOW,LOW,N,28.4,23.6
2026-06-03 23:30,23,30,2,-0.1305,0.9914,0.9749,-0.2225,0,0,0,Clear,1.0,1.3,1.3,1.1,1.1,6.2,6.1,4.8,4.9,1.4,1.3,1.1,1.1,4.9,LOW,LOW,LOW,LOW,N,29.1,22.9
2026-06-03 23:45,23,45,2,-0.0654,0.9979,0.9749,-0.2225,0,0,0,Clear,1.0,1.4,1.3,1.1,1.1,5.9,6.1,4.9,5.1,1.3,1.3,1.1,1.1,4.8,LOW,LOW,LOW,LOW,N,28.3,23.7
2026-06-04 00:00,0,0,3,0.0,1.0,0.4339,-0.901,0,0,0,Clear,1.0,1.3,1.3,1.1,1.1,5.9,6.0,5.1,4.8,1.3,1.3,1.1,1.1,4.8,LOW,LOW,LOW,LOW,N,28.3,23.7
2026-06-04 00:15,0,15,3,0.0654,0.9979,0.4339,-0.901,0,0,0,Clear,1.0,1.3,1.3,1.1,1.1,5.8,6.1,4.9,4.8,1.3,1.3,1.1,1.1,4.8,LOW,LOW,LOW,LOW,N,28.7,23.3
2026-06-04 00:30,0,30,3,0.1305,0.9914,0.4339,-0.901,0,0,0,Clear,1.0,1.3,1.3,1.1,1.1,5.7,6.3,5.0,4.9,1.3,1.4,1.1,1.1,4.9,LOW,LOW,LOW,LOW,S,28.7,23.3
2026-06-04 00:45,0,45,3,0.1951,0.9808,0.4339,-0.901,0,0,0,Clear,1.0,1.3,1.4,1.1,1.1,5.8,6.2,4.8,5.2,1.3,1.4,1.1,1.1,4.9,LOW,LOW,LOW,LOW,S,28.3,23.7
2026-06-04 01:00,1,0,3,0.2588,0.9659,0.4339,-0.901,0,0,0,Clear,1.0,1.3,1.4,1.1,1.1,6.0,5.9,5.0,5.2,1.3,1.3,1.1,1.1,4.8,LOW,LOW,LOW,LOW,N,27.9,24.1
2026-06-04 01:15,1,15,3,0.3214,0.9469,0.4339,-0.901,0,0,0,Heavy Rain,1.5,1.3,1.3,1.1,1.1,8.7,8.7,7.2,7.8,1.9,1.9,1.6,1.7,7.1,LOW,LOW,LOW,LOW,N,27.7,24.3
2026-06-04 01:30,1,30,3,0.3827,0.9239,0.4339,-0.901,0,0,0,Rain,1.25,1.9,1.9,1.6,1.7,7.4,7.4,6.3,6.5,1.6,1.6,1.4,1.4,6.0,LOW,LOW,LOW,LOW,N,27.8,24.2
2026-06-04 01:45,1,45,3,0.4423,0.8969,0.4339,-0.901,0,0,0,Clear,1.0,1.6,1.6,1.4,1.4,5.8,6.1,5.2,4.9,1.3,1.3,1.1,1.1,4.8,LOW,LOW,LOW,LOW,N,28.1,23.9
2026-06-04 02:00,2,0,3,0.5,0.866,0.4339,-0.901,0,0,0,Clear,1.0,1.3,1.3,1.1,1.1,5.7,5.8,4.9,5.1,1.3,1.3,1.1,1.1,4.8,LOW,LOW,LOW,LOW,N,27.7,24.3
2026-06-04 02:15,2,15,3,0.5556,0.8315,0.4339,-0.901,0,0,0,Heavy Rain,1.5,1.3,1.3,1.1,1.1,9.4,9.3,7.7,7.5,2.1,2.0,1.7,1.6,7.4,LOW,LOW,LOW,LOW,N,28.6,23.4
2026-06-04 02:30,2,30,3,0.6088,0.7934,0.4339,-0.901,0,0,0,Clear,1.0,2.1,2.0,1.7,1.6,6.2,6.0,5.2,5.0,1.4,1.3,1.1,1.1,4.9,LOW,LOW,LOW,LOW,N,28.3,23.7
2026-06-04 02:45,2,45,3,0.6593,0.7518,0.4339,-0.901,0,0,0,Clear,1.0,1.4,1.3,1.1,1.1,5.7,6.3,5.1,5.2,1.3,1.4,1.1,1.1,4.9,LOW,LOW,LOW,LOW,S,28.2,23.8
2026-06-04 03:00,3,0,3,0.7071,0.7071,0.4339,-0.901,0,0,0,Clear,1.0,1.3,1.4,1.1,1.1,6.2,6.1,4.9,5.0,1.4,1.3,1.1,1.1,4.9,LOW,LOW,LOW,LOW,N,28.8,23.2
2026-06-04 03:15,3,15,3,0.7518,0.6593,0.4339,-0.901,0,0,0,Clear,1.0,1.4,1.3,1.1,1.1,6.0,5.9,4.9,5.2,1.3,1.3,1.1,1.1,4.8,LOW,LOW,LOW,LOW,N,28.0,24.0
2026-06-04 03:30,3,30,3,0.7934,0.6088,0.4339,-0.901,0,0,0,Heavy Rain,1.5,1.3,1.3,1.1,1.1,8.8,9.3,7.9,7.7,1.9,2.0,1.7,1.7,7.3,LOW,LOW,LOW,LOW,S,28.0,24.0
2026-06-04 03:45,3,45,3,0.8315,0.5556,0.4339,-0.901,0,0,0,Clear,1.0,1.9,2.0,1.7,1.7,6.1,6.3,4.8,5.0,1.3,1.4,1.1,1.1,4.9,LOW,LOW,LOW,LOW,S,29.0,23.0
2026-06-04 04:00,4,0,3,0.866,0.5,0.4339,-0.901,0,0,0,Clear,1.0,1.3,1.4,1.1,1.1,6.3,5.8,4.8,4.8,1.4,1.3,1.1,1.1,4.9,LOW,LOW,LOW,LOW,N,29.2,22.8
2026-06-04 04:15,4,15,3,0.8969,0.4423,0.4339,-0.901,0,0,0,Clear,1.0,1.4,1.3,1.1,1.1,6.3,6.2,4.9,5.0,1.4,1.4,1.1,1.1,5.0,LOW,LOW,LOW,LOW,N,29.0,23.0
2026-06-04 04:30,4,30,3,0.9239,0.3827,0.4339,-0.901,0,0,0,Heavy Rain,1.5,1.4,1.4,1.1,1.1,9.1,9.4,7.5,7.3,2.0,2.1,1.6,1.6,7.3,LOW,LOW,LOW,LOW,S,28.9,23.1
2026-06-04 04:45,4,45,3,0.9469,0.3214,0.4339,-0.901,0,0,0,Clear,1.0,2.0,2.1,1.6,1.6,5.8,5.8,5.1,5.2,1.3,1.3,1.1,1.1,4.8,LOW,LOW,LOW,LOW,N,27.5,24.5
2026-06-04 05:00,5,0,3,0.9659,0.2588,0.4339,-0.901,0,0,0,Rain,1.25,1.3,1.3,1.1,1.1,7.8,7.8,6.3,6.4,1.7,1.7,1.4,1.4,6.2,LOW,LOW,LOW,LOW,N,28.6,23.4
2026-06-04 05:15,5,15,3,0.9808,0.1951,0.4339,-0.901,0,0,0,Clear,1.0,1.7,1.7,1.4,1.4,6.1,5.7,5.1,5.2,1.3,1.3,1.1,1.1,4.8,LOW,LOW,LOW,LOW,N,27.9,24.1
2026-06-04 05:30,5,30,3,0.9914,0.1305,0.4339,-0.901,0,0,0,Rain,1.25,1.3,1.3,1.1,1.1,7.3,7.9,6.1,6.5,1.6,1.7,1.3,1.4,6.0,LOW,LOW,LOW,LOW,S,28.5,23.5
2026-06-04 05:45,5,45,3,0.9979,0.0654,0.4339,-0.901,0,0,0,Clear,1.0,1.6,1.7,1.3,1.4,5.8,6.2,4.9,5.0,1.3,1.4,1.1,1.1,4.9,LOW,LOW,LOW,LOW,S,28.6,23.4
2026-06-04 06:00,6,0,3,1.0,0.0,0.4339,-0.901,0,0,0,Rain,1.25,1.3,1.4,1.1,1.1,30.1,32.1,26.4,27.6,6.6,7.1,5.8,6.1,25.6,MEDIUM,MEDIUM,LOW,MEDIUM,S,27.9,24.1
2026-06-04 06:15,6,15,3,0.9979,-0.0654,0.4339,-0.901,0,0,0,Clear,1.0,6.6,7.1,5.8,6.1,24.3,25.1,22.2,21.8,5.3,5.5,4.9,4.8,20.5,LOW,LOW,LOW,LOW,S,27.5,24.5
2026-06-04 06:30,6,30,3,0.9914,-0.1305,0.4339,-0.901,0,0,0,Rain,1.25,5.3,5.5,4.9,4.8,30.9,32.0,28.2,27.9,6.8,7.0,6.2,6.1,26.1,MEDIUM,MEDIUM,MEDIUM,MEDIUM,S,27.6,24.4
2026-06-04 06:45,6,45,3,0.9808,-0.1951,0.4339,-0.901,0,0,0,Clear,1.0,6.8,7.0,6.2,6.1,23.9,24.6,21.5,21.5,5.3,5.4,4.7,4.7,20.1,LOW,LOW,LOW,LOW,S,27.7,24.3
2026-06-04 07:00,7,0,3,0.9659,-0.2588,0.4339,-0.901,0,1,0,Clear,1.0,5.3,5.4,4.7,4.7,109.5,17.5,87.6,18.8,24.1,3.9,19.3,4.1,51.4,VERY_HIGH,LOW,HIGH,LOW,N,28.7,23.3
2026-06-04 07:15,7,15,3,0.9469,-0.3214,0.4339,-0.901,0,1,0,Clear,1.0,24.1,3.9,19.3,4.1,104.8,17.7,88.3,17.1,23.1,3.9,19.4,3.8,50.2,HIGH,LOW,HIGH,LOW,N,28.1,23.9
2026-06-04 07:30,7,30,3,0.9239,-0.3827,0.4339,-0.901,0,1,0,Clear,1.0,23.1,3.9,19.4,3.8,107.7,17.6,83.6,18.3,23.7,3.9,18.4,4.0,50.0,HIGH,LOW,HIGH,LOW,N,29.0,23.0
2026-06-04 07:45,7,45,3,0.8969,-0.4423,0.4339,-0.901,0,1,0,Rain,1.25,23.7,3.9,18.4,4.0,137.8,22.6,108.5,22.9,30.3,5.0,23.9,5.0,64.2,VERY_HIGH,LOW,HIGH,LOW,N,28.9,23.1
2026-06-04 08:00,8,0,3,0.866,-0.5,0.4339,-0.901,0,1,0,Clear,1.0,30.3,5.0,23.9,5.0,142.6,17.3,108.1,17.9,31.4,3.8,23.8,3.9,62.9,VERY_HIGH,LOW,HIGH,LOW,N,29.4,22.6
2026-06-04 08:15,8,15,3,0.8315,-0.5556,0.4339,-0.901,0,1,0,Clear,1.0,31.4,3.8,23.8,3.9,136.4,17.7,105.8,17.3,30.0,3.9,23.3,3.8,61.0,VERY_HIGH,LOW,HIGH,LOW,N,29.1,22.9
2026-06-04 08:30,8,30,3,0.7934,-0.6088,0.4339,-0.901,0,1,0,Rain,1.25,30.0,3.9,23.3,3.8,187.7,22.7,141.7,23.2,41.3,5.0,31.2,5.1,82.6,VERY_HIGH,LOW,VERY_HIGH,LOW,N,29.4,22.6
2026-06-04 08:45,8,45,3,0.7518,-0.6593,0.4339,-0.901,0,1,0,Clear,1.0,41.3,5.0,31.2,5.1,140.8,17.6,106.4,17.6,31.0,3.9,23.4,3.9,62.2,VERY_HIGH,LOW,HIGH,LOW,N,29.4,22.6
2026-06-04 09:00,9,0,3,0.7071,-0.7071,0.4339,-0.901,0,1,0,Clear,1.0,31.0,3.9,23.4,3.9,114.1,18.5,87.1,18.1,25.1,4.1,19.2,4.0,52.4,VERY_HIGH,LOW,HIGH,LOW,N,29.3,22.7
2026-06-04 09:15,9,15,3,0.6593,-0.7518,0.4339,-0.901,0,1,0,Heavy Rain,1.5,25.1,4.1,19.2,4.0,168.2,25.8,122.1,26.0,37.0,5.7,26.9,5.7,75.3,VERY_HIGH,LOW,VERY_HIGH,LOW,N,29.9,22.1
2026-06-04 09:30,9,30,3,0.6088,-0.7934,0.4339,-0.901,0,1,0,Clear,1.0,37.0,5.7,26.9,5.7,114.0,17.6,81.7,18.2,25.1,3.9,18.0,4.0,51.0,VERY_HIGH,LOW,HIGH,LOW,N,30.0,22.0
2026-06-04 09:45,9,45,3,0.5556,-0.8315,0.4339,-0.901,0,1,0,Clear,1.0,25.1,3.9,18.0,4.0,109.1,18.2,82.6,18.7,24.0,4.0,18.2,4.1,50.3,VERY_HIGH,LOW,HIGH,LOW,N,29.3,22.7
2026-06-04 10:00,10,0,3,0.5,-0.866,0.4339,-0.901,0,0,0,Clear,1.0,24.0,4.0,18.2,4.1,24.8,25.0,21.8,22.9,5.5,5.5,4.8,5.0,20.8,LOW,LOW,LOW,LOW,N,27.3,24.7
2026-06-04 10:15,10,15,3,0.4423,-0.8969,0.4339,-0.901,0,0,0,Clear,1.0,5.5,5.5,4.8,5.0,26.0,25.3,21.3,23.1,5.7,5.6,4.7,5.1,21.1,LOW,LOW,LOW,LOW,N,27.7,24.3
2026-06-04 10:30,10,30,3,0.3827,-0.9239,0.4339,-0.901,0,0,0,Rain,1.25,5.7,5.6,4.7,5.1,30.7,31.8,28.5,28.7,6.8,7.0,6.3,6.3,26.4,MEDIUM,MEDIUM,MEDIUM,MEDIUM,S,27.2,24.8
2026-06-04 10:45,10,45,3,0.3214,-0.9469,0.4339,-0.901,0,0,0,Clear,1.0,6.8,7.0,6.3,6.3,26.0,24.0,21.6,21.7,5.7,5.3,4.8,4.8,20.6,LOW,LOW,LOW,LOW,N,28.1,23.9
2026-06-04 11:00,11,0,3,0.2588,-0.9659,0.4339,-0.901,0,0,0,Clear,1.0,5.7,5.3,4.8,4.8,40.4,41.7,36.7,35.0,8.9,9.2,8.1,7.7,33.9,MEDIUM,MEDIUM,MEDIUM,MEDIUM,S,27.7,24.3
2026-06-04 11:15,11,15,3,0.1951,-0.9808,0.4339,-0.901,0,0,0,Clear,1.0,8.9,9.2,8.1,7.7,41.9,41.4,34.5,36.5,9.2,9.1,7.6,8.0,33.9,MEDIUM,MEDIUM,MEDIUM,MEDIUM,N,27.9,24.1
2026-06-04 11:30,11,30,3,0.1305,-0.9914,0.4339,-0.901,0,0,0,Heavy Rain,1.5,9.2,9.1,7.6,8.0,59.8,62.5,54.9,52.6,13.2,13.8,12.1,11.6,50.7,MEDIUM,MEDIUM,MEDIUM,MEDIUM,S,27.7,24.3
2026-06-04 11:45,11,45,3,0.0654,-0.9979,0.4339,-0.901,0,0,0,Clear,1.0,13.2,13.8,12.1,11.6,40.0,40.7,36.2,33.4,8.8,9.0,8.0,7.3,33.1,MEDIUM,MEDIUM,MEDIUM,MEDIUM,S,27.7,24.3
2026-06-04 12:00,12,0,3,0.0,-1.0,0.4339,-0.901,0,0,0,Clear,1.0,8.8,9.0,8.0,7.3,38.4,38.2,35.5,34.5,8.4,8.4,7.8,7.6,32.2,MEDIUM,MEDIUM,MEDIUM,MEDIUM,N,27.1,24.9
2026-06-04 12:15,12,15,3,-0.0654,-0.9979,0.4339,-0.901,0,0,0,Rain,1.25,8.4,8.4,7.8,7.6,47.8,48.5,42.5,42.3,10.5,10.7,9.3,9.3,39.8,MEDIUM,MEDIUM,MEDIUM,MEDIUM,S,27.7,24.3
2026-06-04 12:30,12,30,3,-0.1305,-0.9914,0.4339,-0.901,0,0,0,Clear,1.0,10.5,10.7,9.3,9.3,40.0,40.9,34.2,35.4,8.8,9.0,7.5,7.8,33.1,MEDIUM,MEDIUM,MEDIUM,MEDIUM,S,27.9,24.1
2026-06-04 12:45,12,45,3,-0.1951,-0.9808,0.4339,-0.901,0,0,0,Clear,1.0,8.8,9.0,7.5,7.8,41.8,41.1,34.7,33.9,9.2,9.0,7.6,7.5,33.3,MEDIUM,MEDIUM,MEDIUM,MEDIUM,N,28.4,23.6
2026-06-04 13:00,13,0,3,-0.2588,-0.9659,0.4339,-0.901,0,0,0,Clear,1.0,9.2,9.0,7.6,7.5,41.9,40.5,35.3,36.6,9.2,8.9,7.8,8.1,34.0,MEDIUM,MEDIUM,MEDIUM,MEDIUM,N,27.8,24.2
2026-06-04 13:15,13,15,3,-0.3214,-0.9469,0.4339,-0.901,0,0,0,Rain,1.25,9.2,8.9,7.8,8.1,52.2,50.5,45.0,43.4,11.5,11.1,9.9,9.5,42.0,MEDIUM,MEDIUM,MEDIUM,MEDIUM,N,27.9,24.1
2026-06-04 13:30,13,30,3,-0.3827,-0.9239,0.4339,-0.901,0,0,0,Clear,1.0,11.5,11.1,9.9,9.5,39.1,40.2,33.8,36.2,8.6,8.8,7.4,8.0,32.8,MEDIUM,MEDIUM,MEDIUM,MEDIUM,S,27.5,24.5
2026-06-04 13:45,13,45,3,-0.4423,-0.8969,0.4339,-0.901,0,0,0,Clear,1.0,8.6,8.8,7.4,8.0,39.6,41.5,36.4,36.4,8.7,9.1,8.0,8.0,33.8,MEDIUM,MEDIUM,MEDIUM,MEDIUM,S,27.5,24.5
2026-06-04 14:00,14,0,3,-0.5,-0.866,0.4339,-0.901,0,0,0,Rain,1.25,8.7,9.1,8.0,8.0,48.5,52.0,45.9,42.0,10.7,11.4,10.1,9.2,41.4,MEDIUM,MEDIUM,MEDIUM,MEDIUM,S,27.7,24.3
2026-06-04 14:15,14,15,3,-0.5556,-0.8315,0.4339,-0.901,0,0,0,Clear,1.0,10.7,11.4,10.1,9.2,38.9,38.7,35.4,36.5,8.6,8.5,7.8,8.0,32.9,MEDIUM,MEDIUM,MEDIUM,MEDIUM,N,26.9,25.1
2026-06-04 14:30,14,30,3,-0.6088,-0.7934,0.4339,-0.901,0,0,0,Clear,1.0,8.6,8.5,7.8,8.0,38.3,40.6,34.6,34.3,8.4,8.9,7.6,7.5,32.4,MEDIUM,MEDIUM,MEDIUM,MEDIUM,S,27.9,24.1
2026-06-04 14:45,14,45,3,-0.6593,-0.7518,0.4339,-0.901,0,0,0,Clear,1.0,8.4,8.9,7.6,7.5,38.7,41.6,34.2,35.8,8.5,9.2,7.5,7.9,33.1,MEDIUM,MEDIUM,MEDIUM,MEDIUM,S,27.9,24.1
2026-06-04 15:00,15,0,3,-0.7071,-0.7071,0.4339,-0.901,0,0,0,Heavy Rain,1.5,8.5,9.2,7.5,7.9,60.3,57.6,54.3,52.3,13.3,12.7,11.9,11.5,49.4,MEDIUM,MEDIUM,MEDIUM,MEDIUM,N,27.3,24.7
2026-06-04 15:15,15,15,3,-0.7518,-0.6593,0.4339,-0.901,0,0,0,Clear,1.0,13.3,12.7,11.9,11.5,41.2,40.4,35.6,36.0,9.1,8.9,7.8,7.9,33.7,MEDIUM,MEDIUM,MEDIUM,MEDIUM,N,27.7,24.3
2026-06-04 15:30,15,30,3,-0.7934,-0.6088,0.4339,-0.901,0,0,0,Rain,1.25,9.1,8.9,7.8,7.9,49.5,49.4,45.2,41.9,10.9,10.9,9.9,9.2,40.9,MEDIUM,MEDIUM,MEDIUM,MEDIUM,N,27.4,24.6
2026-06-04 15:45,15,45,3,-0.8315,-0.5556,0.4339,-0.901,0,0,0,Clear,1.0,10.9,10.9,9.9,9.2,40.8,40.0,36.3,36.2,9.0,8.8,8.0,8.0,33.8,MEDIUM,MEDIUM,MEDIUM,MEDIUM,N,27.5,24.5
2026-06-04 16:00,16,0,3,-0.866,-0.5,0.4339,-0.901,0,0,1,Clear,1.0,9.0,8.8,8.0,8.0,17.1,107.4,17.1,87.0,3.8,23.6,3.8,19.1,50.3,LOW,HIGH,LOW,HIGH,S,28.6,23.4
2026-06-04 16:15,16,15,3,-0.8969,-0.4423,0.4339,-0.901,0,0,1,Clear,1.0,3.8,23.6,3.8,19.1,17.7,108.0,17.4,87.3,3.9,23.8,3.8,19.2,50.7,LOW,HIGH,LOW,HIGH,S,28.6,23.4
2026-06-04 16:30,16,30,3,-0.9239,-0.3827,0.4339,-0.901,0,0,1,Clear,1.0,3.9,23.8,3.8,19.2,17.6,109.8,17.5,86.6,3.9,24.2,3.9,19.1,51.1,LOW,VERY_HIGH,LOW,HIGH,S,28.9,23.1
2026-06-04 16:45,16,45,3,-0.9469,-0.3214,0.4339,-0.901,0,0,1,Clear,1.0,3.9,24.2,3.9,19.1,17.5,108.1,18.1,83.4,3.9,23.8,4.0,18.3,50.0,LOW,HIGH,LOW,HIGH,S,29.1,22.9
2026-06-04 17:00,17,0,3,-0.9659,-0.2588,0.4339,-0.901,0,0,1,Clear,1.0,3.9,23.8,4.0,18.3,18.3,137.2,18.2,100.7,4.0,30.2,4.0,22.2,60.4,LOW,VERY_HIGH,LOW,HIGH,S,29.8,22.2
2026-06-04 17:15,17,15,3,-0.9808,-0.1951,0.4339,-0.901,0,0,1,Clear,1.0,4.0,30.2,4.0,22.2,17.4,126.6,17.3,97.3,3.8,27.9,3.8,21.4,56.9,LOW,VERY_HIGH,LOW,HIGH,S,29.2,22.8
2026-06-04 17:30,17,30,3,-0.9914,-0.1305,0.4339,-0.901,0,0,1,Clear,1.0,3.8,27.9,3.8,21.4,18.5,128.5,17.1,103.6,4.1,28.3,3.8,22.8,59.0,LOW,VERY_HIGH,LOW,HIGH,S,28.7,23.3
2026-06-04 17:45,17,45,3,-0.9979,-0.0654,0.4339,-0.901,0,0,1,Clear,1.0,4.1,28.3,3.8,22.8,18.0,130.7,18.9,106.1,4.0,28.8,4.2,23.3,60.3,LOW,VERY_HIGH,LOW,HIGH,S,28.5,23.5
2026-06-04 18:00,18,0,3,-1.0,-0.0,0.4339,-0.901,0,0,1,Clear,1.0,4.0,28.8,4.2,23.3,18.1,132.2,18.5,104.7,4.0,29.1,4.1,23.0,60.2,LOW,VERY_HIGH,LOW,HIGH,S,28.8,23.2
2026-06-04 18:15,18,15,3,-0.9979,0.0654,0.4339,-0.901,0,0,1,Clear,1.0,4.0,29.1,4.1,23.0,18.7,136.3,17.5,99.0,4.1,30.0,3.9,21.8,59.8,LOW,VERY_HIGH,LOW,HIGH,S,30.0,22.0
2026-06-04 18:30,18,30,3,-0.9914,0.1305,0.4339,-0.901,0,0,1,Clear,1.0,4.1,30.0,3.9,21.8,17.4,131.6,18.3,107.0,3.8,29.0,4.0,23.5,60.3,LOW,VERY_HIGH,LOW,HIGH,S,28.5,23.5
2026-06-04 18:45,18,45,3,-0.9808,0.1951,0.4339,-0.901,0,0,1,Rain,1.25,3.8,29.0,4.0,23.5,21.6,167.7,23.5,127.5,4.8,36.9,5.2,28.1,75.0,LOW,VERY_HIGH,LOW,VERY_HIGH,S,29.3,22.7
2026-06-04 19:00,19,0,3,-0.9659,0.2588,0.4339,-0.901,0,0,1,Clear,1.0,4.8,36.9,5.2,28.1,18.6,111.3,17.4,87.5,4.1,24.5,3.8,19.2,51.6,LOW,VERY_HIGH,LOW,HIGH,S,29.0,23.0
2026-06-04 19:15,19,15,3,-0.9469,0.3214,0.4339,-0.901,0,0,1,Clear,1.0,4.1,24.5,3.8,19.2,17.9,106.1,18.4,82.0,3.9,23.3,4.0,18.0,49.2,LOW,HIGH,LOW,HIGH,S,29.1,22.9
2026-06-04 19:30,19,30,3,-0.9239,0.3827,0.4339,-0.901,0,0,1,Rain,1.25,3.9,23.3,4.0,18.0,22.9,140.9,21.9,101.1,5.0,31.0,4.8,22.2,63.0,LOW,VERY_HIGH,LOW,HIGH,S,30.1,21.9
2026-06-04 19:45,19,45,3,-0.8969,0.4423,0.4339,-0.901,0,0,1,Clear,1.0,5.0,31.0,4.8,22.2,18.0,112.6,17.9,86.0,4.0,24.8,3.9,18.9,51.6,LOW,VERY_HIGH,LOW,HIGH,S,29.3,22.7
2026-06-04 20:00,20,0,3,-0.866,0.5,0.4339,-0.901,0,0,0,Clear,1.0,4.0,24.8,3.9,18.9,26.0,23.9,21.8,22.3,5.7,5.3,4.8,4.9,20.7,LOW,LOW,LOW,LOW,N,27.8,24.2
2026-06-04 20:15,20,15,3,-0.8315,0.5556,0.4339,-0.901,0,0,0,Rain,1.25,5.7,5.3,4.8,4.9,30.4,32.3,27.8,28.6,6.7,7.1,6.1,6.3,26.2,MEDIUM,MEDIUM,MEDIUM,MEDIUM,S,27.5,24.5
2026-06-04 20:30,20,30,3,-0.7934,0.6088,0.4339,-0.901,0,0,0,Clear,1.0,6.7,7.1,6.1,6.3,23.9,24.7,21.2,21.2,5.3,5.4,4.7,4.7,20.1,LOW,LOW,LOW,LOW,S,27.9,24.1
2026-06-04 20:45,20,45,3,-0.7518,0.6593,0.4339,-0.901,0,0,0,Clear,1.0,5.3,5.4,4.7,4.7,24.0,23.8,22.7,22.2,5.3,5.2,5.0,4.9,20.4,LOW,LOW,LOW,LOW,N,26.8,25.2
2026-06-04 21:00,21,0,3,-0.7071,0.7071,0.4339,-0.901,0,0,0,Clear,1.0,5.3,5.2,5.0,4.9,24.2,25.6,22.1,21.9,5.3,5.6,4.9,4.8,20.6,LOW,LOW,LOW,LOW,S,27.8,24.2
2026-06-04 21:15,21,15,3,-0.6593,0.7518,0.4339,-0.901,0,0,0,Rain,1.25,5.3,5.6,4.9,4.8,30.5,31.6,28.6,28.1,6.7,7.0,6.3,6.2,26.2,MEDIUM,MEDIUM,MEDIUM,MEDIUM,S,27.2,24.8
2026-06-04 21:30,21,30,3,-0.6088,0.7934,0.4339,-0.901,0,0,0,Clear,1.0,6.7,7.0,6.3,6.2,23.8,24.4,22.7,22.8,5.2,5.4,5.0,5.0,20.6,LOW,LOW,LOW,LOW,S,26.8,25.2
2026-06-04 21:45,21,45,3,-0.5556,0.8315,0.4339,-0.901,0,0,0,Clear,1.0,5.2,5.4,5.0,5.0,24.5,24.5,21.1,22.8,5.4,5.4,4.6,5.0,20.4,LOW,LOW,LOW,LOW,N,27.2,24.8
2026-06-04 22:00,22,0,3,-0.5,0.866,0.4339,-0.901,0,0,0,Clear,1.0,5.4,5.4,4.6,5.0,25.1,25.7,22.6,22.5,5.5,5.7,5.0,5.0,21.2,LOW,LOW,LOW,LOW,S,27.6,24.4
2026-06-04 22:15,22,15,3,-0.4423,0.8969,0.4339,-0.901,0,0,0,Clear,1.0,5.5,5.7,5.0,5.0,24.5,24.0,21.2,21.0,5.4,5.3,4.7,4.6,20.0,LOW,LOW,LOW,LOW,N,27.8,24.2
2026-06-04 22:30,22,30,3,-0.3827,0.9239,0.4339,-0.901,0,0,0,Clear,1.0,5.4,5.3,4.7,4.6,26.1,24.7,22.8,21.1,5.7,5.4,5.0,4.6,20.7,LOW,LOW,LOW,LOW,N,27.8,24.2
2026-06-04 22:45,22,45,3,-0.3214,0.9469,0.4339,-0.901,0,0,0,Rain,1.25,5.7,5.4,5.0,4.6,29.7,32.0,28.8,27.8,6.5,7.0,6.3,6.1,25.9,MEDIUM,MEDIUM,MEDIUM,MEDIUM,S,27.2,24.8
2026-06-04 23:00,23,0,3,-0.2588,0.9659,0.4339,-0.901,0,0,0,Rain,1.25,6.5,7.0,6.3,6.1,7.6,7.3,6.1,6.5,1.7,1.6,1.3,1.4,6.0,LOW,LOW,LOW,LOW,N,28.1,23.9
2026-06-04 23:15,23,15,3,-0.1951,0.9808,0.4339,-0.901,0,0,0,Clear,1.0,1.7,1.6,1.3,1.4,5.8,6.0,4.8,5.2,1.3,1.3,1.1,1.1,4.8,LOW,LOW,LOW,LOW,N,28.0,24.0
2026-06-04 23:30,23,30,3,-0.1305,0.9914,0.4339,-0.901,0,0,0,Clear,1.0,1.3,1.3,1.1,1.1,6.1,6.3,5.1,5.2,1.3,1.4,1.1,1.1,4.9,LOW,LOW,LOW,LOW,S,28.4,23.6
2026-06-04 23:45,23,45,3,-0.0654,0.9979,0.4339,-0.901,0,0,0,Clear,1.0,1.3,1.4,1.1,1.1,6.3,6.1,4.8,5.0,1.4,1.3,1.1,1.1,4.9,LOW,LOW,LOW,LOW,N,29.0,23.0
2026-06-05 00:00,0,0,4,0.0,1.0,-0.4339,-0.901,0,0,0,Clear,1.0,1.4,1.3,1.1,1.1,6.0,5.9,5.0,5.1,1.3,1.3,1.1,1.1,4.8,LOW,LOW,LOW,LOW,N,28.1,23.9
2026-06-05 00:15,0,15,4,0.0654,0.9979,-0.4339,-0.901,0,0,0,Clear,1.0,1.3,1.3,1.1,1.1,6.1,6.2,4.9,4.9,1.3,1.4,1.1,1.1,4.9,LOW,LOW,LOW,LOW,S,29.0,23.0
2026-06-05 00:30,0,30,4,0.1305,0.9914,-0.4339,-0.901,0,0,0,Heavy Rain,1.5,1.3,1.4,1.1,1.1,9.4,9.2,7.2,7.5,2.1,2.0,1.6,1.6,7.3,LOW,LOW,LOW,LOW,N,29.0,23.0
2026-06-05 00:45,0,45,4,0.1951,0.9808,-0.4339,-0.901,0,0,0,Rain,1.25,2.1,2.0,1.6,1.6,7.5,7.3,6.3,6.3,1.6,1.6,1.4,1.4,6.0,LOW,LOW,LOW,LOW,N,28.2,23.8
2026-06-05 01:00,1,0,4,0.2588,0.9659,-0.4339,-0.901,0,0,0,Clear,1.0,1.6,1.6,1.4,1.4,6.3,5.9,4.8,4.8,1.4,1.3,1.1,1.1,4.9,LOW,LOW,LOW,LOW,N,29.3,22.7
2026-06-05 01:15,1,15,4,0.3214,0.9469,-0.4339,-0.901,0,0,0,Clear,1.0,1.4,1.3,1.1,1.1,6.0,6.0,4.9,5.1,1.3,1.3,1.1,1.1,4.8,LOW,LOW,LOW,LOW,N,28.2,23.8
2026-06-05 01:30,1,30,4,0.3827,0.9239,-0.4339,-0.901,0,0,0,Rain,1.25,1.3,1.3,1.1,1.1,7.7,7.6,6.3,6.4,1.7,1.7,1.4,1.4,6.2,LOW,LOW,LOW,LOW,N,28.4,23.6
2026-06-05 01:45,1,45,4,0.4423,0.8969,-0.4339,-0.901,0,0,0,Clear,1.0,1.7,1.7,1.4,1.4,6.3,5.7,4.9,5.0,1.4,1.3,1.1,1.1,4.9,LOW,LOW,LOW,LOW,N,28.7,23.3
2026-06-05 02:00,2,0,4,0.5,0.866,-0.4339,-0.901,0,0,0,Clear,1.0,1.4,1.3,1.1,1.1,5.8,5.8,5.1,4.9,1.3,1.3,1.1,1.1,4.8,LOW,LOW,LOW,LOW,N,27.8,24.2
2026-06-05 02:15,2,15,4,0.5556,0.8315,-0.4339,-0.901,0,0,0,Clear,1.0,1.3,1.3,1.1,1.1,6.1,5.8,5.1,4.9,1.3,1.3,1.1,1.1,4.8,LOW,LOW,LOW,LOW,N,28.3,23.7
2026-06-05 02:30,2,30,4,0.6088,0.7934,-0.4339,-0.901,0,0,0,Clear,1.0,1.3,1.3,1.1,1.1,6.2,6.2,4.9,5.0,1.4,1.4,1.1,1.1,5.0,LOW,LOW,LOW,LOW,N,28.9,23.1
2026-06-05 02:45,2,45,4,0.6593,0.7518,-0.4339,-0.901,0,0,0,Clear,1.0,1.4,1.4,1.1,1.1,6.0,6.0,4.9,5.0,1.3,1.3,1.1,1.1,4.8,LOW,LOW,LOW,LOW,N,28.4,23.6
2026-06-05 03:00,3,0,4,0.7071,0.7071,-0.4339,-0.901,0,0,0,Clear,1.0,1.3,1.3,1.1,1.1,6.1,6.0,5.1,5.2,1.3,1.3,1.1,1.1,4.8,LOW,LOW,LOW,LOW,N,28.1,23.9
2026-06-05 03:15,3,15,4,0.7518,0.6593,-0.4339,-0.901,0,0,0,Rain,1.25,1.3,1.3,1.1,1.1,7.3,7.2,6.0,6.3,1.6,1.6,1.3,1.4,5.9,LOW,LOW,LOW,LOW,N,28.0,24.0
2026-06-05 03:30,3,30,4,0.7934,0.6088,-0.4339,-0.901,0,0,0,Clear,1.0,1.6,1.6,1.3,1.4,6.0,5.8,5.0,4.8,1.3,1.3,1.1,1.1,4.8,LOW,LOW,LOW,LOW,N,28.4,23.6
2026-06-05 03:45,3,45,4,0.8315,0.5556,-0.4339,-0.901,0,0,0,Clear,1.0,1.3,1.3,1.1,1.1,5.8,5.8,5.2,5.1,1.3,1.3,1.1,1.1,4.8,LOW,LOW,LOW,LOW,N,27.5,24.5
2026-06-05 04:00,4,0,4,0.866,0.5,-0.4339,-0.901,0,0,0,Clear,1.0,1.3,1.3,1.1,1.1,5.8,6.2,5.2,4.9,1.3,1.4,1.1,1.1,4.9,LOW,LOW,LOW,LOW,S,28.3,23.7
2026-06-05 04:15,4,15,4,0.8969,0.4423,-0.4339,-0.901,0,0,0,Clear,1.0,1.3,1.4,1.1,1.1,6.2,5.8,5.2,5.0,1.4,1.3,1.1,1.1,4.9,LOW,LOW,LOW,LOW,N,28.2,23.8
2026-06-05 04:30,4,30,4,0.9239,0.3827,-0.4339,-0.901,0,0,0,Rain,1.25,1.4,1.3,1.1,1.1,7.2,7.2,6.3,6.2,1.6,1.6,1.4,1.4,6.0,LOW,LOW,LOW,LOW,N,27.8,24.2
2026-06-05 04:45,4,45,4,0.9469,0.3214,-0.4339,-0.901,0,0,0,Clear,1.0,1.6,1.6,1.4,1.4,6.2,5.8,5.2,4.8,1.4,1.3,1.1,1.1,4.9,LOW,LOW,LOW,LOW,N,28.3,23.7
2026-06-05 05:00,5,0,4,0.9659,0.2588,-0.4339,-0.901,0,0,0,Clear,1.0,1.4,1.3,1.1,1.1,6.2,6.0,4.8,5.2,1.4,1.3,1.1,1.1,4.9,LOW,LOW,LOW,LOW,N,28.4,23.6
2026-06-05 05:15,5,15,4,0.9808,0.1951,-0.4339,-0.901,0,0,0,Clear,1.0,1.4,1.3,1.1,1.1,5.9,6.0,5.2,5.2,1.3,1.3,1.1,1.1,4.8,LOW,LOW,LOW,LOW,N,27.8,24.2
2026-06-05 05:30,5,30,4,0.9914,0.1305,-0.4339,-0.901,0,0,0,Clear,1.0,1.3,1.3,1.1,1.1,5.7,6.1,4.8,4.9,1.3,1.3,1.1,1.1,4.8,LOW,LOW,LOW,LOW,N,28.7,23.3
2026-06-05 05:45,5,45,4,0.9979,0.0654,-0.4339,-0.901,0,0,0,Clear,1.0,1.3,1.3,1.1,1.1,5.8,6.0,5.2,4.9,1.3,1.3,1.1,1.1,4.8,LOW,LOW,LOW,LOW,N,27.9,24.1
2026-06-05 06:00,6,0,4,1.0,0.0,-0.4339,-0.901,0,0,0,Clear,1.0,1.3,1.3,1.1,1.1,25.7,25.8,22.5,22.3,5.7,5.7,5.0,4.9,21.3,LOW,LOW,LOW,LOW,N,27.8,24.2
2026-06-05 06:15,6,15,4,0.9979,-0.0654,-0.4339,-0.901,0,0,0,Clear,1.0,5.7,5.7,5.0,4.9,24.2,26.1,22.0,22.9,5.3,5.7,4.8,5.0,20.8,LOW,LOW,LOW,LOW,S,27.6,24.4
2026-06-05 06:30,6,30,4,0.9914,-0.1305,-0.4339,-0.901,0,0,0,Clear,1.0,5.3,5.7,4.8,5.0,26.0,26.1,22.1,22.2,5.7,5.7,4.9,4.9,21.2,LOW,LOW,LOW,LOW,N,28.1,23.9
2026-06-05 06:45,6,45,4,0.9808,-0.1951,-0.4339,-0.901,0,0,0,Clear,1.0,5.7,5.7,4.9,4.9,24.0,24.3,22.1,22.2,5.3,5.3,4.9,4.9,20.4,LOW,LOW,LOW,LOW,N,27.1,24.9
2026-06-05 07:00,7,0,4,0.9659,-0.2588,-0.4339,-0.901,0,1,0,Rain,1.25,5.3,5.3,4.9,4.9,134.5,21.8,107.2,23.4,29.6,4.8,23.6,5.1,63.1,VERY_HIGH,LOW,HIGH,LOW,N,28.7,23.3
2026-06-05 07:15,7,15,4,0.9469,-0.3214,-0.4339,-0.901,0,1,0,Rain,1.25,29.6,4.8,23.6,5.1,138.7,21.8,103.5,22.8,30.5,4.8,22.8,5.0,63.1,VERY_HIGH,LOW,HIGH,LOW,N,29.5,22.5
2026-06-05 07:30,7,30,4,0.9239,-0.3827,-0.4339,-0.901,0,1,0,Clear,1.0,30.5,4.8,22.8,5.0,105.8,18.2,83.8,18.3,23.3,4.0,18.4,4.0,49.7,HIGH,LOW,HIGH,LOW,N,28.8,23.2
2026-06-05 07:45,7,45,4,0.8969,-0.4423,-0.4339,-0.901,0,1,0,Clear,1.0,23.3,4.0,18.4,4.0,105.5,17.4,85.6,17.2,23.2,3.8,18.8,3.8,49.6,HIGH,LOW,HIGH,LOW,N,28.6,23.4
2026-06-05 08:00,8,0,4,0.866,-0.5,-0.4339,-0.901,0,1,0,Clear,1.0,23.2,3.8,18.8,3.8,138.9,18.8,108.1,17.9,30.6,4.1,23.8,3.9,62.4,VERY_HIGH,LOW,HIGH,LOW,N,29.1,22.9
2026-06-05 08:15,8,15,4,0.8315,-0.5556,-0.4339,-0.901,0,1,0,Clear,1.0,30.6,4.1,23.8,3.9,148.4,17.3,105.4,17.2,32.6,3.8,23.2,3.8,63.4,VERY_HIGH,LOW,HIGH,LOW,N,30.2,21.8
2026-06-05 08:30,8,30,4,0.7934,-0.6088,-0.4339,-0.901,0,1,0,Clear,1.0,32.6,3.8,23.2,3.8,148.6,17.6,115.1,17.8,32.7,3.9,25.3,3.9,65.8,VERY_HIGH,LOW,VERY_HIGH,LOW,N,29.1,22.9
2026-06-05 08:45,8,45,4,0.7518,-0.6593,-0.4339,-0.901,0,1,0,Heavy Rain,1.5,32.7,3.9,25.3,3.9,210.9,26.3,167.3,26.4,46.4,5.8,36.8,5.8,94.8,VERY_HIGH,LOW,VERY_HIGH,LOW,N,28.9,23.1
2026-06-05 09:00,9,0,4,0.7071,-0.7071,-0.4339,-0.901,0,1,0,Clear,1.0,46.4,5.8,36.8,5.8,111.8,18.8,88.9,18.7,24.6,4.1,19.6,4.1,52.4,VERY_HIGH,LOW,HIGH,LOW,N,28.8,23.2
2026-06-05 09:15,9,15,4,0.6593,-0.7518,-0.4339,-0.901,0,1,0,Clear,1.0,24.6,4.1,19.6,4.1,105.0,18.3,83.4,18.7,23.1,4.0,18.3,4.1,49.5,HIGH,LOW,HIGH,LOW,N,28.8,23.2
2026-06-05 09:30,9,30,4,0.6088,-0.7934,-0.4339,-0.901,0,1,0,Clear,1.0,23.1,4.0,18.3,4.1,113.0,18.3,83.4,18.3,24.9,4.0,18.3,4.0,51.2,VERY_HIGH,LOW,HIGH,LOW,N,29.7,22.3
2026-06-05 09:45,9,45,4,0.5556,-0.8315,-0.4339,-0.901,0,1,0,Clear,1.0,24.9,4.0,18.3,4.0,109.7,18.6,87.3,18.8,24.1,4.1,19.2,4.1,51.5,VERY_HIGH,LOW,HIGH,LOW,N,28.8,23.2
2026-06-05 10:00,10,0,4,0.5,-0.866,-0.4339,-0.901,0,0,0,Clear,1.0,24.1,4.1,19.2,4.1,24.6,25.1,21.9,22.3,5.4,5.5,4.8,4.9,20.6,LOW,LOW,LOW,LOW,S,27.5,24.5
2026-06-05 10:15,10,15,4,0.4423,-0.8969,-0.4339,-0.901,0,0,0,Clear,1.0,5.4,5.5,4.8,4.9,24.7,25.2,20.9,22.6,5.4,5.5,4.6,5.0,20.5,LOW,LOW,LOW,LOW,S,27.6,24.4
2026-06-05 10:30,10,30,4,0.3827,-0.9239,-0.4339,-0.901,0,0,0,Clear,1.0,5.4,5.5,4.6,5.0,25.4,24.6,22.8,22.5,5.6,5.4,5.0,5.0,21.0,LOW,LOW,LOW,LOW,N,27.3,24.7
2026-06-05 10:45,10,45,4,0.3214,-0.9469,-0.4339,-0.901,0,0,0,Clear,1.0,5.6,5.4,5.0,5.0,24.7,23.9,21.2,22.2,5.4,5.3,4.7,4.9,20.3,LOW,LOW,LOW,LOW,N,27.4,24.6
2026-06-05 11:00,11,0,4,0.2588,-0.9659,-0.4339,-0.901,0,0,0,Clear,1.0,5.4,5.3,4.7,4.9,38.4,41.7,36.4,35.7,8.4,9.2,8.0,7.9,33.5,MEDIUM,MEDIUM,MEDIUM,MEDIUM,S,27.6,24.4
2026-06-05 11:15,11,15,4,0.1951,-0.9808,-0.4339,-0.901,0,0,0,Clear,1.0,8.4,9.2,8.0,7.9,39.2,38.7,33.4,33.8,8.6,8.5,7.3,7.4,31.8,MEDIUM,MEDIUM,MEDIUM,MEDIUM,N,27.9,24.1
2026-06-05 11:30,11,30,4,0.1305,-0.9914,-0.4339,-0.901,0,0,0,Clear,1.0,8.6,8.5,7.3,7.4,38.2,40.1,34.9,36.5,8.4,8.8,7.7,8.0,32.9,MEDIUM,MEDIUM,MEDIUM,MEDIUM,S,27.2,24.8
2026-06-05 11:45,11,45,4,0.0654,-0.9979,-0.4339,-0.901,0,0,0,Clear,1.0,8.4,8.8,7.7,8.0,40.3,38.9,35.5,35.2,8.9,8.6,7.8,7.7,33.0,MEDIUM,MEDIUM,MEDIUM,MEDIUM,N,27.6,24.4
2026-06-05 12:00,12,0,4,0.0,-1.0,-0.4339,-0.901,0,0,0,Clear,1.0,8.9,8.6,7.8,7.7,39.8,41.1,34.8,35.4,8.8,9.0,7.7,7.8,33.3,MEDIUM,MEDIUM,MEDIUM,MEDIUM,S,27.9,24.1
2026-06-05 12:15,12,15,4,-0.0654,-0.9979,-0.4339,-0.901,0,0,0,Clear,1.0,8.8,9.0,7.7,7.8,40.9,39.2,34.0,36.5,9.0,8.6,7.5,8.0,33.1,MEDIUM,MEDIUM,MEDIUM,MEDIUM,N,27.6,24.4
2026-06-05 12:30,12,30,4,-0.1305,-0.9914,-0.4339,-0.901,0,0,0,Clear,1.0,9.0,8.6,7.5,8.0,39.6,40.9,36.0,33.4,8.7,9.0,7.9,7.3,32.9,MEDIUM,MEDIUM,MEDIUM,MEDIUM,S,27.8,24.2
2026-06-05 12:45,12,45,4,-0.1951,-0.9808,-0.4339,-0.901,0,0,0,Clear,1.0,8.7,9.0,7.9,7.3,39.6,39.8,33.3,34.4,8.7,8.8,7.3,7.6,32.4,MEDIUM,MEDIUM,MEDIUM,MEDIUM,S,28.0,24.0
2026-06-05 13:00,13,0,4,-0.2588,-0.9659,-0.4339,-0.901,0,0,0,Clear,1.0,8.7,8.8,7.3,7.6,41.3,40.5,34.2,33.5,9.1,8.9,7.5,7.4,32.9,MEDIUM,MEDIUM,MEDIUM,MEDIUM,N,28.4,23.6
2026-06-05 13:15,13,15,4,-0.3214,-0.9469,-0.4339,-0.901,0,0,0,Clear,1.0,9.1,8.9,7.5,7.4,39.8,39.0,35.6,36.2,8.8,8.6,7.8,8.0,33.2,MEDIUM,MEDIUM,MEDIUM,MEDIUM,N,27.2,24.8
2026-06-05 13:30,13,30,4,-0.3827,-0.9239,-0.4339,-0.901,0,0,0,Rain,1.25,8.8,8.6,7.8,8.0,50.7,51.5,42.1,45.3,11.2,11.3,9.3,10.0,41.8,MEDIUM,MEDIUM,MEDIUM,MEDIUM,S,27.9,24.1
2026-06-05 13:45,13,45,4,-0.4423,-0.8969,-0.4339,-0.901,0,0,0,Clear,1.0,11.2,11.3,9.3,10.0,41.9,39.9,36.2,36.5,9.2,8.8,8.0,8.0,34.0,MEDIUM,MEDIUM,MEDIUM,MEDIUM,N,27.7,24.3
2026-06-05 14:00,14,0,4,-0.5,-0.866,-0.4339,-0.901,0,0,0,Clear,1.0,9.2,8.8,8.0,8.0,41.3,40.7,36.7,36.7,9.1,9.0,8.1,8.1,34.3,MEDIUM,MEDIUM,MEDIUM,MEDIUM,N,27.5,24.5
2026-06-05 14:15,14,15,4,-0.5556,-0.8315,-0.4339,-0.901,0,0,0,Clear,1.0,9.1,9.0,8.1,8.1,40.9,38.4,35.6,36.1,9.0,8.4,7.8,7.9,33.1,MEDIUM,MEDIUM,MEDIUM,MEDIUM,N,27.5,24.5
2026-06-05 14:30,14,30,4,-0.6088,-0.7934,-0.4339,-0.901,0,0,0,Clear,1.0,9.0,8.4,7.8,7.9,39.9,41.5,34.3,35.0,8.8,9.1,7.5,7.7,33.1,MEDIUM,MEDIUM,MEDIUM,MEDIUM,S,28.1,23.9
2026-06-05 14:45,14,45,4,-0.6593,-0.7518,-0.4339,-0.901,0,0,0,Clear,1.0,8.8,9.1,7.5,7.7,41.9,40.0,36.7,36.2,9.2,8.8,8.1,8.0,34.1,MEDIUM,MEDIUM,MEDIUM,MEDIUM,N,27.6,24.4
2026-06-05 15:00,15,0,4,-0.7071,-0.7071,-0.4339,-0.901,0,0,0,Clear,1.0,9.2,8.8,8.1,8.0,40.1,41.1,36.5,35.0,8.8,9.0,8.0,7.7,33.5,MEDIUM,MEDIUM,MEDIUM,MEDIUM,S,27.6,24.4
2026-06-05 15:15,15,15,4,-0.7518,-0.6593,-0.4339,-0.901,0,0,0,Clear,1.0,8.8,9.0,8.0,7.7,38.7,40.6,36.4,35.3,8.5,8.9,8.0,7.8,33.2,MEDIUM,MEDIUM,MEDIUM,MEDIUM,S,27.4,24.6
2026-06-05 15:30,15,30,4,-0.7934,-0.6088,-0.4339,-0.901,0,0,0,Clear,1.0,8.5,8.9,8.0,7.8,40.0,40.6,36.4,34.1,8.8,8.9,8.0,7.5,33.2,MEDIUM,MEDIUM,MEDIUM,MEDIUM,S,27.6,24.4
2026-06-05 15:45,15,45,4,-0.8315,-0.5556,-0.4339,-0.901,0,0,0,Clear,1.0,8.8,8.9,8.0,7.5,39.8,41.4,34.4,34.5,8.8,9.1,7.6,7.6,33.1,MEDIUM,MEDIUM,MEDIUM,MEDIUM,S,28.2,23.8
2026-06-05 16:00,16,0,4,-0.866,-0.5,-0.4339,-0.901,0,0,1,Clear,1.0,8.8,9.1,7.6,7.6,18.1,111.7,18.3,82.2,4.0,24.6,4.0,18.1,50.7,LOW,VERY_HIGH,LOW,HIGH,S,29.7,22.3
2026-06-05 16:15,16,15,4,-0.8969,-0.4423,-0.4339,-0.901,0,0,1,Clear,1.0,4.0,24.6,4.0,18.1,17.9,107.8,17.6,86.7,3.9,23.7,3.9,19.1,50.6,LOW,HIGH,LOW,HIGH,S,28.7,23.3
2026-06-05 16:30,16,30,4,-0.9239,-0.3827,-0.4339,-0.901,0,0,1,Clear,1.0,3.9,23.7,3.9,19.1,17.7,113.0,18.9,81.3,3.9,24.9,4.2,17.9,50.9,LOW,VERY_HIGH,LOW,HIGH,S,29.9,22.1
2026-06-05 16:45,16,45,4,-0.9469,-0.3214,-0.4339,-0.901,0,0,1,Clear,1.0,3.9,24.9,4.2,17.9,17.9,107.6,17.8,86.7,3.9,23.7,3.9,19.1,50.6,LOW,HIGH,LOW,HIGH,S,28.6,23.4
2026-06-05 17:00,17,0,4,-0.9659,-0.2588,-0.4339,-0.901,0,0,1,Clear,1.0,3.9,23.7,3.9,19.1,18.4,137.7,18.1,99.9,4.0,30.3,4.0,22.0,60.3,LOW,VERY_HIGH,LOW,HIGH,S,29.9,22.1
2026-06-05 17:15,17,15,4,-0.9808,-0.1951,-0.4339,-0.901,0,0,1,Clear,1.0,4.0,30.3,4.0,22.0,18.0,134.5,17.6,101.9,4.0,29.6,3.9,22.4,59.9,LOW,VERY_HIGH,LOW,HIGH,S,29.4,22.6
2026-06-05 17:30,17,30,4,-0.9914,-0.1305,-0.4339,-0.901,0,0,1,Clear,1.0,4.0,29.6,3.9,22.4,18.6,131.3,18.6,105.3,4.1,28.9,4.1,23.2,60.3,LOW,VERY_HIGH,LOW,HIGH,S,28.7,23.3
2026-06-05 17:45,17,45,4,-0.9979,-0.0654,-0.4339,-0.901,0,0,1,Clear,1.0,4.1,28.9,4.1,23.2,17.9,136.9,17.8,104.4,3.9,30.1,3.9,23.0,60.9,LOW,VERY_HIGH,LOW,HIGH,S,29.3,22.7
2026-06-05 18:00,18,0,4,-1.0,-0.0,-0.4339,-0.901,0,0,1,Clear,1.0,3.9,30.1,3.9,23.0,18.9,135.4,17.6,97.8,4.2,29.8,3.9,21.5,59.4,LOW,VERY_HIGH,LOW,HIGH,S,30.0,22.0
2026-06-05 18:15,18,15,4,-0.9979,0.0654,-0.4339,-0.901,0,0,1,Clear,1.0,4.2,29.8,3.9,21.5,18.2,127.0,18.5,97.4,4.0,27.9,4.1,21.4,57.4,LOW,VERY_HIGH,LOW,HIGH,S,29.2,22.8
2026-06-05 18:30,18,30,4,-0.9914,0.1305,-0.4339,-0.901,0,0,1,Clear,1.0,4.0,27.9,4.1,21.4,18.6,128.6,17.5,100.1,4.1,28.3,3.9,22.0,58.3,LOW,VERY_HIGH,LOW,HIGH,S,29.1,22.9
2026-06-05 18:45,18,45,4,-0.9808,0.1951,-0.4339,-0.901,0,0,1,Clear,1.0,4.1,28.3,3.9,22.0,17.8,136.2,18.4,101.4,3.9,30.0,4.0,22.3,60.2,LOW,VERY_HIGH,LOW,HIGH,S,29.6,22.4
2026-06-05 19:00,19,0,4,-0.9659,0.2588,-0.4339,-0.901,0,0,1,Clear,1.0,3.9,30.0,4.0,22.3,17.4,111.8,17.5,83.5,3.8,24.6,3.9,18.4,50.7,LOW,VERY_HIGH,LOW,HIGH,S,29.5,22.5
2026-06-05 19:15,19,15,4,-0.9469,0.3214,-0.4339,-0.901,0,0,1,Clear,1.0,3.8,24.6,3.9,18.4,18.3,106.1,18.1,86.9,4.0,23.3,4.0,19.1,50.4,LOW,HIGH,LOW,HIGH,S,28.4,23.6
2026-06-05 19:30,19,30,4,-0.9239,0.3827,-0.4339,-0.901,0,0,1,Clear,1.0,4.0,23.3,4.0,19.1,18.9,115.5,17.7,83.5,4.2,25.4,3.9,18.4,51.9,LOW,VERY_HIGH,LOW,HIGH,S,30.0,22.0
2026-06-05 19:45,19,45,4,-0.8969,0.4423,-0.4339,-0.901,0,0,1,Clear,1.0,4.2,25.4,3.9,18.4,18.2,107.8,17.5,82.8,4.0,23.7,3.9,18.2,49.8,LOW,HIGH,LOW,HIGH,S,29.2,22.8
2026-06-05 20:00,20,0,4,-0.866,0.5,-0.4339,-0.901,0,0,0,Clear,1.0,4.0,23.7,3.9,18.2,24.9,24.3,20.9,23.1,5.5,5.3,4.6,5.1,20.5,LOW,LOW,LOW,LOW,N,27.2,24.8
2026-06-05 20:15,20,15,4,-0.8315,0.5556,-0.4339,-0.901,0,0,0,Clear,1.0,5.5,5.3,4.6,5.1,25.9,25.8,22.1,21.7,5.7,5.7,4.9,4.8,21.1,LOW,LOW,LOW,LOW,N,28.1,23.9
2026-06-05 20:30,20,30,4,-0.7934,0.6088,-0.4339,-0.901,0,0,0,Clear,1.0,5.7,5.7,4.9,4.8,23.8,25.6,23.0,21.1,5.2,5.6,5.1,4.6,20.5,LOW,LOW,LOW,LOW,S,27.4,24.6
2026-06-05 20:45,20,45,4,-0.7518,0.6593,-0.4339,-0.901,0,0,0,Clear,1.0,5.2,5.6,5.1,4.6,26.1,24.0,22.1,22.1,5.7,5.3,4.9,4.9,20.8,LOW,LOW,LOW,LOW,N,27.9,24.1
2026-06-05 21:00,21,0,4,-0.7071,0.7071,-0.4339,-0.901,0,0,0,Rain,1.25,5.7,5.3,4.9,4.9,30.2,31.7,28.3,27.6,6.6,7.0,6.2,6.1,25.9,MEDIUM,MEDIUM,MEDIUM,MEDIUM,S,27.4,24.6
2026-06-05 21:15,21,15,4,-0.6593,0.7518,-0.4339,-0.901,0,0,0,Clear,1.0,6.6,7.0,6.2,6.1,25.5,25.9,21.9,21.5,5.6,5.7,4.8,4.7,20.8,LOW,LOW,LOW,LOW,S,28.2,23.8
2026-06-05 21:30,21,30,4,-0.6088,0.7934,-0.4339,-0.901,0,0,0,Clear,1.0,5.6,5.7,4.8,4.7,24.0,26.1,22.7,21.2,5.3,5.7,5.0,4.7,20.7,LOW,LOW,LOW,LOW,S,27.8,24.2
2026-06-05 21:45,21,45,4,-0.5556,0.8315,-0.4339,-0.901,0,0,0,Clear,1.0,5.3,5.7,5.0,4.7,25.9,25.7,22.0,21.7,5.7,5.7,4.8,4.8,21.0,LOW,LOW,LOW,LOW,N,28.1,23.9
2026-06-05 22:00,22,0,4,-0.5,0.866,-0.4339,-0.901,0,0,0,Rain,1.25,5.7,5.7,4.8,4.8,29.8,30.7,27.5,28.0,6.6,6.8,6.0,6.2,25.6,MEDIUM,MEDIUM,MEDIUM,MEDIUM,S,27.2,24.8
2026-06-05 22:15,22,15,4,-0.4423,0.8969,-0.4339,-0.901,0,0,0,Clear,1.0,6.6,6.8,6.0,6.2,24.2,24.4,22.4,22.1,5.3,5.4,4.9,4.9,20.5,LOW,LOW,LOW,LOW,S,27.1,24.9
2026-06-05 22:30,22,30,4,-0.3827,0.9239,-0.4339,-0.901,0,0,0,Clear,1.0,5.3,5.4,4.9,4.9,25.5,25.8,21.0,23.0,5.6,5.7,4.6,5.1,21.0,LOW,LOW,LOW,LOW,S,27.7,24.3
2026-06-05 22:45,22,45,4,-0.3214,0.9469,-0.4339,-0.901,0,0,0,Clear,1.0,5.6,5.7,4.6,5.1,25.1,24.2,22.7,23.0,5.5,5.3,5.0,5.1,20.9,LOW,LOW,LOW,LOW,N,27.1,24.9
2026-06-05 23:00,23,0,4,-0.2588,0.9659,-0.4339,-0.901,0,0,0,Clear,1.0,5.5,5.3,5.0,5.1,5.9,5.9,5.2,4.9,1.3,1.3,1.1,1.1,4.8,LOW,LOW,LOW,LOW,N,27.8,24.2
2026-06-05 23:15,23,15,4,-0.1951,0.9808,-0.4339,-0.901,0,0,0,Clear,1.0,1.3,1.3,1.1,1.1,5.9,6.1,5.1,5.1,1.3,1.3,1.1,1.1,4.8,LOW,LOW,LOW,LOW,N,28.2,23.8
2026-06-05 23:30,23,30,4,-0.1305,0.9914,-0.4339,-0.901,0,0,0,Clear,1.0,1.3,1.3,1.1,1.1,6.0,6.2,4.9,5.1,1.3,1.4,1.1,1.1,4.9,LOW,LOW,LOW,LOW,S,28.6,23.4
2026-06-05 23:45,23,45,4,-0.0654,0.9979,-0.4339,-0.901,0,0,0,Clear,1.0,1.3,1.4,1.1,1.1,6.1,6.3,4.8,5.1,1.3,1.4,1.1,1.1,4.9,LOW,LOW,LOW,LOW,S,28.8,23.2
2026-06-06 00:00,0,0,5,0.0,1.0,-0.9749,-0.2225,1,0,0,Clear,1.0,1.3,1.4,1.1,1.1,6.2,6.2,5.1,5.2,1.4,1.4,1.1,1.1,5.0,LOW,LOW,LOW,LOW,N,28.3,23.7
2026-06-06 00:15,0,15,5,0.0654,0.9979,-0.9749,-0.2225,1,0,0,Rain,1.25,1.4,1.4,1.1,1.1,7.7,7.3,5.9,6.3,1.7,1.6,1.3,1.4,6.0,LOW,LOW,LOW,LOW,N,28.6,23.4
2026-06-06 00:30,0,30,5,0.1305,0.9914,-0.9749,-0.2225,1,0,0,Clear,1.0,1.7,1.6,1.3,1.4,6.1,5.9,5.0,5.0,1.3,1.3,1.1,1.1,4.8,LOW,LOW,LOW,LOW,N,28.5,23.5
2026-06-06 00:45,0,45,5,0.1951,0.9808,-0.9749,-0.2225,1,0,0,Clear,1.0,1.3,1.3,1.1,1.1,5.7,6.2,4.9,4.9,1.3,1.4,1.1,1.1,4.9,LOW,LOW,LOW,LOW,S,28.8,23.2
2026-06-06 01:00,1,0,5,0.2588,0.9659,-0.9749,-0.2225,1,0,0,Clear,1.0,1.3,1.4,1.1,1.1,6.3,6.1,4.8,5.2,1.4,1.3,1.1,1.1,4.9,LOW,LOW,LOW,LOW,N,28.6,23.4
2026-06-06 01:15,1,15,5,0.3214,0.9469,-0.9749,-0.2225,1,0,0,Rain,1.25,1.4,1.3,1.1,1.1,7.2,7.4,6.1,6.5,1.6,1.6,1.3,1.4,5.9,LOW,LOW,LOW,LOW,N,27.8,24.2
2026-06-06 01:30,1,30,5,0.3827,0.9239,-0.9749,-0.2225,1,0,0,Clear,1.0,1.6,1.6,1.3,1.4,5.8,6.2,4.9,5.0,1.3,1.4,1.1,1.1,4.9,LOW,LOW,LOW,LOW,S,28.6,23.4
2026-06-06 01:45,1,45,5,0.4423,0.8969,-0.9749,-0.2225,1,0,0,Rain,1.25,1.3,1.4,1.1,1.1,7.6,7.3,6.6,6.1,1.7,1.6,1.5,1.3,6.1,LOW,LOW,LOW,LOW,N,28.0,24.0
2026-06-06 02:00,2,0,5,0.5,0.866,-0.9749,-0.2225,1,0,0,Clear,1.0,1.7,1.6,1.5,1.3,5.9,5.9,5.0,4.8,1.3,1.3,1.1,1.1,4.8,LOW,LOW,LOW,LOW,N,28.3,23.7
2026-06-06 02:15,2,15,5,0.5556,0.8315,-0.9749,-0.2225,1,0,0,Clear,1.0,1.3,1.3,1.1,1.1,5.9,6.2,5.1,5.1,1.3,1.4,1.1,1.1,4.9,LOW,LOW,LOW,LOW,S,28.4,23.6
2026-06-06 02:30,2,30,5,0.6088,0.7934,-0.9749,-0.2225,1,0,0,Clear,1.0,1.3,1.4,1.1,1.1,5.8,6.2,4.9,5.1,1.3,1.4,1.1,1.1,4.9,LOW,LOW,LOW,LOW,S,28.4,23.6
2026-06-06 02:45,2,45,5,0.6593,0.7518,-0.9749,-0.2225,1,0,0,Clear,1.0,1.3,1.4,1.1,1.1,6.2,5.8,5.0,4.8,1.4,1.3,1.1,1.1,4.9,LOW,LOW,LOW,LOW,N,28.7,23.3
2026-06-06 03:00,3,0,5,0.7071,0.7071,-0.9749,-0.2225,1,0,0,Clear,1.0,1.4,1.3,1.1,1.1,5.8,5.7,5.1,5.2,1.3,1.3,1.1,1.1,4.8,LOW,LOW,LOW,LOW,N,27.4,24.6
2026-06-06 03:15,3,15,5,0.7518,0.6593,-0.9749,-0.2225,1,0,0,Clear,1.0,1.3,1.3,1.1,1.1,5.8,6.1,5.1,5.0,1.3,1.3,1.1,1.1,4.8,LOW,LOW,LOW,LOW,N,28.2,23.8
2026-06-06 03:30,3,30,5,0.7934,0.6088,-0.9749,-0.2225,1,0,0,Clear,1.0,1.3,1.3,1.1,1.1,5.8,6.0,5.1,4.8,1.3,1.3,1.1,1.1,4.8,LOW,LOW,LOW,LOW,N,28.2,23.8
2026-06-06 03:45,3,45,5,0.8315,0.5556,-0.9749,-0.2225,1,0,0,Clear,1.0,1.3,1.3,1.1,1.1,5.7,6.1,5.1,4.8,1.3,1.3,1.1,1.1,4.8,LOW,LOW,LOW,LOW,N,28.3,23.7
2026-06-06 04:00,4,0,5,0.866,0.5,-0.9749,-0.2225,1,0,0,Clear,1.0,1.3,1.3,1.1,1.1,6.2,6.2,5.0,4.9,1.4,1.4,1.1,1.1,5.0,LOW,LOW,LOW,LOW,N,28.9,23.1
2026-06-06 04:15,4,15,5,0.8969,0.4423,-0.9749,-0.2225,1,0,0,Clear,1.0,1.4,1.4,1.1,1.1,5.9,6.0,4.8,4.9,1.3,1.3,1.1,1.1,4.8,LOW,LOW,LOW,LOW,N,28.6,23.4
2026-06-06 04:30,4,30,5,0.9239,0.3827,-0.9749,-0.2225,1,0,0,Rain,1.25,1.3,1.3,1.1,1.1,7.4,7.7,6.4,6.1,1.6,1.7,1.4,1.3,6.0,LOW,LOW,LOW,LOW,S,28.4,23.6
2026-06-06 04:45,4,45,5,0.9469,0.3214,-0.9749,-0.2225,1,0,0,Clear,1.0,1.6,1.7,1.4,1.3,6.0,5.8,4.9,4.8,1.3,1.3,1.1,1.1,4.8,LOW,LOW,LOW,LOW,N,28.6,23.4
2026-06-06 05:00,5,0,5,0.9659,0.2588,-0.9749,-0.2225,1,0,0,Clear,1.0,1.3,1.3,1.1,1.1,5.8,6.2,4.9,5.0,1.3,1.4,1.1,1.1,4.9,LOW,LOW,LOW,LOW,S,28.6,23.4
2026-06-06 05:15,5,15,5,0.9808,0.1951,-0.9749,-0.2225,1,0,0,Heavy Rain,1.5,1.3,1.4,1.1,1.1,9.2,8.6,7.1,7.6,2.0,1.9,1.6,1.7,7.2,LOW,LOW,LOW,LOW,N,28.5,23.5
2026-06-06 05:30,5,30,5,0.9914,0.1305,-0.9749,-0.2225,1,0,0,Clear,1.0,2.0,1.9,1.6,1.7,6.3,5.8,5.0,4.9,1.4,1.3,1.1,1.1,4.9,LOW,LOW,LOW,LOW,N,28.8,23.2
2026-06-06 05:45,5,45,5,0.9979,0.0654,-0.9749,-0.2225,1,0,0,Clear,1.0,1.4,1.3,1.1,1.1,6.2,5.8,5.2,5.1,1.4,1.3,1.1,1.1,4.9,LOW,LOW,LOW,LOW,N,28.1,23.9
2026-06-06 06:00,6,0,5,1.0,0.0,-0.9749,-0.2225,1,0,0,Rain,1.25,1.4,1.3,1.1,1.1,27.3,26.8,24.0,24.7,6.0,5.9,5.3,5.4,22.6,MEDIUM,LOW,LOW,LOW,N,27.3,24.7
2026-06-06 06:15,6,15,5,0.9979,-0.0654,-0.9749,-0.2225,1,0,0,Rain,1.25,6.0,5.9,5.3,5.4,27.7,26.6,24.3,26.2,6.1,5.9,5.3,5.8,23.1,MEDIUM,LOW,LOW,LOW,N,26.8,25.2
2026-06-06 06:30,6,30,5,0.9914,-0.1305,-0.9749,-0.2225,1,0,0,Clear,1.0,6.1,5.9,5.3,5.8,21.4,20.9,19.6,20.6,4.7,4.6,4.3,4.5,18.1,LOW,LOW,LOW,LOW,N,26.6,25.4
2026-06-06 06:45,6,45,5,0.9808,-0.1951,-0.9749,-0.2225,1,0,0,Heavy Rain,1.5,4.7,4.6,4.3,4.5,34.3,33.2,28.9,31.1,7.5,7.3,6.4,6.8,28.0,MEDIUM,MEDIUM,MEDIUM,MEDIUM,N,27.4,24.6
2026-06-06 07:00,7,0,5,0.9659,-0.2588,-0.9749,-0.2225,1,0,0,Clear,1.0,7.5,7.3,6.4,6.8,22.9,21.4,19.7,20.2,5.0,4.7,4.3,4.4,18.4,LOW,LOW,LOW,LOW,N,27.5,24.5
2026-06-06 07:15,7,15,5,0.9469,-0.3214,-0.9749,-0.2225,1,0,0,Clear,1.0,5.0,4.7,4.3,4.4,21.6,22.4,19.6,20.1,4.8,4.9,4.3,4.4,18.4,LOW,LOW,LOW,LOW,S,27.4,24.6
2026-06-06 07:30,7,30,5,0.9239,-0.3827,-0.9749,-0.2225,1,0,0,Clear,1.0,4.8,4.9,4.3,4.4,21.4,21.3,19.5,20.4,4.7,4.7,4.3,4.5,18.2,LOW,LOW,LOW,LOW,N,26.8,25.2
2026-06-06 07:45,7,45,5,0.8969,-0.4423,-0.9749,-0.2225,1,0,0,Rain,1.25,4.7,4.7,4.3,4.5,28.2,27.3,25.9,24.5,6.2,6.0,5.7,5.4,23.3,MEDIUM,MEDIUM,LOW,LOW,N,27.2,24.8
2026-06-06 08:00,8,0,5,0.866,-0.5,-0.9749,-0.2225,1,0,0,Clear,1.0,6.2,6.0,5.7,5.4,22.9,22.6,20.7,19.5,5.0,5.0,4.6,4.3,18.9,LOW,LOW,LOW,LOW,N,27.5,24.5
2026-06-06 08:15,8,15,5,0.8315,-0.5556,-0.9749,-0.2225,1,0,0,Clear,1.0,5.0,5.0,4.6,4.3,21.9,21.3,20.9,19.8,4.8,4.7,4.6,4.4,18.5,LOW,LOW,LOW,LOW,N,26.7,25.3
2026-06-06 08:30,8,30,5,0.7934,-0.6088,-0.9749,-0.2225,1,0,0,Clear,1.0,4.8,4.7,4.6,4.4,23.0,21.1,20.8,19.4,5.1,4.6,4.6,4.3,18.6,LOW,LOW,LOW,LOW,N,27.3,24.7
2026-06-06 08:45,8,45,5,0.7518,-0.6593,-0.9749,-0.2225,1,0,0,Clear,1.0,5.1,4.6,4.6,4.3,22.4,22.7,20.7,20.4,4.9,5.0,4.6,4.5,19.0,LOW,LOW,LOW,LOW,S,27.2,24.8
2026-06-06 09:00,9,0,5,0.7071,-0.7071,-0.9749,-0.2225,1,0,0,Clear,1.0,4.9,5.0,4.6,4.5,21.7,22.3,19.3,19.4,4.8,4.9,4.2,4.3,18.2,LOW,LOW,LOW,LOW,S,27.7,24.3
2026-06-06 09:15,9,15,5,0.6593,-0.7518,-0.9749,-0.2225,1,0,0,Clear,1.0,4.8,4.9,4.2,4.3,21.6,21.7,20.7,19.1,4.8,4.8,4.6,4.2,18.4,LOW,LOW,LOW,LOW,N,26.9,25.1
2026-06-06 09:30,9,30,5,0.6088,-0.7934,-0.9749,-0.2225,1,0,0,Clear,1.0,4.8,4.8,4.6,4.2,21.5,23.1,19.4,19.2,4.7,5.1,4.3,4.2,18.3,LOW,LOW,LOW,LOW,S,28.1,23.9
2026-06-06 09:45,9,45,5,0.5556,-0.8315,-0.9749,-0.2225,1,0,0,Clear,1.0,4.7,5.1,4.3,4.2,21.3,22.4,19.1,20.7,4.7,4.9,4.2,4.6,18.4,LOW,LOW,LOW,LOW,S,27.1,24.9
2026-06-06 10:00,10,0,5,0.5,-0.866,-0.9749,-0.2225,1,0,0,Clear,1.0,4.7,4.9,4.2,4.6,40.9,39.5,36.4,33.7,9.0,8.7,8.0,7.4,33.1,MEDIUM,MEDIUM,MEDIUM,MEDIUM,N,27.6,24.4
2026-06-06 10:15,10,15,5,0.4423,-0.8969,-0.9749,-0.2225,1,0,0,Clear,1.0,9.0,8.7,8.0,7.4,41.4,36.6,37.2,35.6,9.1,8.1,8.2,7.8,33.2,MEDIUM,MEDIUM,MEDIUM,MEDIUM,N,27.1,24.9
2026-06-06 10:30,10,30,5,0.3827,-0.9239,-0.9749,-0.2225,1,0,0,Clear,1.0,9.1,8.1,8.2,7.8,42.4,38.9,38.2,34.2,9.3,8.6,8.4,7.5,33.8,MEDIUM,MEDIUM,MEDIUM,MEDIUM,N,27.4,24.6
2026-06-06 10:45,10,45,5,0.3214,-0.9469,-0.9749,-0.2225,1,0,0,Rain,1.25,9.3,8.6,8.4,7.5,52.7,50.2,46.9,44.7,11.6,11.0,10.3,9.8,42.7,MEDIUM,MEDIUM,MEDIUM,MEDIUM,N,27.5,24.5
2026-06-06 11:00,11,0,5,0.2588,-0.9659,-0.9749,-0.2225,1,0,0,Heavy Rain,1.5,11.6,11.0,10.3,9.8,57.5,66.2,51.0,62.6,12.6,14.6,11.2,13.8,52.2,MEDIUM,HIGH,MEDIUM,MEDIUM,S,26.9,25.1
2026-06-06 11:15,11,15,5,0.1951,-0.9808,-0.9749,-0.2225,1,0,0,Rain,1.25,12.6,14.6,11.2,13.8,46.2,58.5,41.9,50.5,10.2,12.9,9.2,11.1,43.4,MEDIUM,MEDIUM,MEDIUM,MEDIUM,S,27.8,24.2
2026-06-06 11:30,11,30,5,0.1305,-0.9914,-0.9749,-0.2225,1,0,0,Clear,1.0,10.2,12.9,9.2,11.1,35.6,45.3,33.6,40.5,7.8,10.0,7.4,8.9,34.1,MEDIUM,MEDIUM,MEDIUM,MEDIUM,S,27.3,24.7
2026-06-06 11:45,11,45,5,0.0654,-0.9979,-0.9749,-0.2225,1,0,0,Clear,1.0,7.8,10.0,7.4,8.9,36.2,43.9,34.9,40.8,8.0,9.7,7.7,9.0,34.4,MEDIUM,MEDIUM,MEDIUM,MEDIUM,S,26.8,25.2
2026-06-06 12:00,12,0,5,0.0,-1.0,-0.9749,-0.2225,1,0,0,Rain,1.25,8.0,9.7,7.7,9.0,52.8,65.5,45.0,55.8,11.6,14.4,9.9,12.3,48.2,MEDIUM,HIGH,MEDIUM,MEDIUM,S,28.1,23.9
2026-06-06 12:15,12,15,5,-0.0654,-0.9979,-0.9749,-0.2225,1,0,0,Clear,1.0,11.6,14.4,9.9,12.3,38.7,50.1,37.2,43.4,8.5,11.0,8.2,9.5,37.2,MEDIUM,MEDIUM,MEDIUM,MEDIUM,S,27.6,24.4
2026-06-06 12:30,12,30,5,-0.1305,-0.9914,-0.9749,-0.2225,1,0,0,Clear,1.0,8.5,11.0,8.2,9.5,39.3,51.1,35.7,45.6,8.6,11.2,7.9,10.0,37.7,MEDIUM,MEDIUM,MEDIUM,MEDIUM,S,27.4,24.6
2026-06-06 12:45,12,45,5,-0.1951,-0.9808,-0.9749,-0.2225,1,0,0,Clear,1.0,8.6,11.2,7.9,10.0,41.3,53.0,36.8,43.7,9.1,11.7,8.1,9.6,38.5,MEDIUM,MEDIUM,MEDIUM,MEDIUM,S,28.3,23.7
2026-06-06 13:00,13,0,5,-0.2588,-0.9659,-0.9749,-0.2225,1,0,0,Clear,1.0,9.1,11.7,8.1,9.6,50.4,52.1,43.2,44.8,11.1,11.5,9.5,9.9,42.0,MEDIUM,MEDIUM,MEDIUM,MEDIUM,S,28.0,24.0
2026-06-06 13:15,13,15,5,-0.3214,-0.9469,-0.9749,-0.2225,1,0,0,Clear,1.0,11.1,11.5,9.5,9.9,49.6,54.7,41.7,47.2,10.9,12.0,9.2,10.4,42.5,MEDIUM,MEDIUM,MEDIUM,MEDIUM,S,28.0,24.0
2026-06-06 13:30,13,30,5,-0.3827,-0.9239,-0.9749,-0.2225,1,0,0,Clear,1.0,10.9,12.0,9.2,10.4,46.6,52.7,43.2,45.0,10.3,11.6,9.5,9.9,41.3,MEDIUM,MEDIUM,MEDIUM,MEDIUM,S,27.8,24.2
2026-06-06 13:45,13,45,5,-0.4423,-0.8969,-0.9749,-0.2225,1,0,0,Clear,1.0,10.3,11.6,9.5,9.9,47.0,51.3,41.1,44.8,10.3,11.3,9.0,9.9,40.5,MEDIUM,MEDIUM,MEDIUM,MEDIUM,S,27.8,24.2
2026-06-06 14:00,14,0,5,-0.5,-0.866,-0.9749,-0.2225,1,0,0,Clear,1.0,10.3,11.3,9.0,9.9,54.9,47.5,47.5,40.4,12.1,10.4,10.4,8.9,41.8,MEDIUM,MEDIUM,MEDIUM,MEDIUM,N,27.9,24.1
2026-06-06 14:15,14,15,5,-0.5556,-0.8315,-0.9749,-0.2225,1,0,0,Clear,1.0,12.1,10.4,10.4,8.9,50.8,48.1,44.5,42.0,11.2,10.6,9.8,9.2,40.8,MEDIUM,MEDIUM,MEDIUM,MEDIUM,N,27.7,24.3
2026-06-06 14:30,14,30,5,-0.6088,-0.7934,-0.9749,-0.2225,1,0,0,Clear,1.0,11.2,10.6,9.8,9.2,53.2,44.8,44.1,40.9,11.7,9.9,9.7,9.0,40.3,MEDIUM,MEDIUM,MEDIUM,MEDIUM,N,28.1,23.9
2026-06-06 14:45,14,45,5,-0.6593,-0.7518,-0.9749,-0.2225,1,0,0,Clear,1.0,11.7,9.9,9.7,9.0,54.5,46.2,48.0,42.0,12.0,10.2,10.6,9.2,42.0,MEDIUM,MEDIUM,MEDIUM,MEDIUM,N,27.6,24.4
2026-06-06 15:00,15,0,5,-0.7071,-0.7071,-0.9749,-0.2225,1,0,0,Clear,1.0,12.0,10.2,10.6,9.2,50.3,39.5,42.7,33.7,11.1,8.7,9.4,7.4,36.6,MEDIUM,MEDIUM,MEDIUM,MEDIUM,N,28.1,23.9
2026-06-06 15:15,15,15,5,-0.7518,-0.6593,-0.9749,-0.2225,1,0,0,Rain,1.25,11.1,8.7,9.4,7.4,59.7,49.9,55.0,45.3,13.1,11.0,12.1,10.0,46.2,MEDIUM,MEDIUM,MEDIUM,MEDIUM,N,27.1,24.9
2026-06-06 15:30,15,30,5,-0.7934,-0.6088,-0.9749,-0.2225,1,0,0,Clear,1.0,13.1,11.0,12.1,10.0,50.2,37.9,44.3,34.9,11.0,8.3,9.7,7.7,36.7,MEDIUM,MEDIUM,MEDIUM,MEDIUM,N,27.5,24.5
2026-06-06 15:45,15,45,5,-0.8315,-0.5556,-0.9749,-0.2225,1,0,0,Clear,1.0,11.0,8.3,9.7,7.7,48.8,39.4,45.3,37.0,10.7,8.7,10.0,8.1,37.5,MEDIUM,MEDIUM,MEDIUM,MEDIUM,N,26.9,25.1
2026-06-06 16:00,16,0,5,-0.866,-0.5,-0.9749,-0.2225,1,0,0,Clear,1.0,10.7,8.7,10.0,8.1,42.9,39.0,39.1,33.6,9.4,8.6,8.6,7.4,34.0,MEDIUM,MEDIUM,MEDIUM,MEDIUM,N,27.4,24.6
2026-06-06 16:15,16,15,5,-0.8969,-0.4423,-0.9749,-0.2225,1,0,0,Clear,1.0,9.4,8.6,8.6,7.4,42.1,39.2,37.1,34.8,9.3,8.6,8.2,7.7,33.8,MEDIUM,MEDIUM,MEDIUM,MEDIUM,N,27.6,24.4
2026-06-06 16:30,16,30,5,-0.9239,-0.3827,-0.9749,-0.2225,1,0,0,Clear,1.0,9.3,8.6,8.2,7.7,44.4,36.0,36.4,33.2,9.8,7.9,8.0,7.3,33.0,MEDIUM,MEDIUM,MEDIUM,MEDIUM,N,28.2,23.8
2026-06-06 16:45,16,45,5,-0.9469,-0.3214,-0.9749,-0.2225,1,0,0,Clear,1.0,9.8,7.9,8.0,7.3,42.9,35.8,40.1,33.6,9.4,7.9,8.8,7.4,33.5,MEDIUM,MEDIUM,MEDIUM,MEDIUM,N,26.9,25.1
2026-06-06 17:00,17,0,5,-0.9659,-0.2588,-0.9749,-0.2225,1,0,0,Clear,1.0,9.4,7.9,8.8,7.4,35.9,41.7,35.2,39.8,7.9,9.2,7.7,8.8,33.6,MEDIUM,MEDIUM,MEDIUM,MEDIUM,S,26.5,25.5
2026-06-06 17:15,17,15,5,-0.9808,-0.1951,-0.9749,-0.2225,1,0,0,Clear,1.0,7.9,9.2,7.7,8.8,36.5,42.1,33.4,38.0,8.0,9.3,7.3,8.4,33.0,MEDIUM,MEDIUM,MEDIUM,MEDIUM,S,27.3,24.7
2026-06-06 17:30,17,30,5,-0.9914,-0.1305,-0.9749,-0.2225,1,0,0,Clear,1.0,8.0,9.3,7.3,8.4,36.3,40.9,33.8,38.9,8.0,9.0,7.4,8.6,33.0,MEDIUM,MEDIUM,MEDIUM,MEDIUM,S,26.7,25.3
2026-06-06 17:45,17,45,5,-0.9979,-0.0654,-0.9749,-0.2225,1,0,0,Rain,1.25,8.0,9.0,7.4,8.6,48.3,55.3,44.9,49.8,10.6,12.2,9.9,11.0,43.7,MEDIUM,MEDIUM,MEDIUM,MEDIUM,S,27.3,24.7
2026-06-06 18:00,18,0,5,-1.0,-0.0,-0.9749,-0.2225,1,0,0,Heavy Rain,1.5,10.6,12.2,9.9,11.0,32.0,31.5,29.4,29.1,7.0,6.9,6.5,6.4,26.8,MEDIUM,MEDIUM,MEDIUM,MEDIUM,N,27.1,24.9
2026-06-06 18:15,18,15,5,-0.9979,0.0654,-0.9749,-0.2225,1,0,0,Clear,1.0,7.0,6.9,6.5,6.4,22.1,23.0,20.2,20.8,4.9,5.1,4.4,4.6,19.0,LOW,LOW,LOW,LOW,S,27.3,24.7
2026-06-06 18:30,18,30,5,-0.9914,0.1305,-0.9749,-0.2225,1,0,0,Clear,1.0,4.9,5.1,4.4,4.6,21.0,23.1,20.2,20.9,4.6,5.1,4.4,4.6,18.7,LOW,LOW,LOW,LOW,S,27.1,24.9
2026-06-06 18:45,18,45,5,-0.9808,0.1951,-0.9749,-0.2225,1,0,0,Rain,1.25,4.6,5.1,4.4,4.6,27.6,27.9,25.2,25.6,6.1,6.1,5.5,5.6,23.3,MEDIUM,MEDIUM,LOW,LOW,N,27.1,24.9
2026-06-06 19:00,19,0,5,-0.9659,0.2588,-0.9749,-0.2225,1,0,0,Clear,1.0,6.1,6.1,5.5,5.6,21.3,21.0,20.0,20.2,4.7,4.6,4.4,4.4,18.1,LOW,LOW,LOW,LOW,N,26.7,25.3
2026-06-06 19:15,19,15,5,-0.9469,0.3214,-0.9749,-0.2225,1,0,0,Clear,1.0,4.7,4.6,4.4,4.4,22.1,21.0,19.4,20.9,4.9,4.6,4.3,4.6,18.4,LOW,LOW,LOW,LOW,N,26.8,25.2
2026-06-06 19:30,19,30,5,-0.9239,0.3827,-0.9749,-0.2225,1,0,0,Clear,1.0,4.9,4.6,4.3,4.6,21.1,22.3,19.6,21.0,4.6,4.9,4.3,4.6,18.4,LOW,LOW,LOW,LOW,S,26.8,25.2
2026-06-06 19:45,19,45,5,-0.8969,0.4423,-0.9749,-0.2225,1,0,0,Clear,1.0,4.6,4.9,4.3,4.6,21.7,22.1,20.7,19.5,4.8,4.9,4.6,4.3,18.6,LOW,LOW,LOW,LOW,S,27.0,25.0
2026-06-06 20:00,20,0,5,-0.866,0.5,-0.9749,-0.2225,1,0,0,Clear,1.0,4.8,4.9,4.6,4.3,21.7,21.3,19.4,19.3,4.8,4.7,4.3,4.2,18.0,LOW,LOW,LOW,LOW,N,27.4,24.6
2026-06-06 20:15,20,15,5,-0.8315,0.5556,-0.9749,-0.2225,1,0,0,Rain,1.25,4.8,4.7,4.3,4.2,27.0,27.5,24.0,24.4,5.9,6.0,5.3,5.4,22.6,LOW,MEDIUM,LOW,LOW,S,27.5,24.5
2026-06-06 20:30,20,30,5,-0.7934,0.6088,-0.9749,-0.2225,1,0,0,Rain,1.25,5.9,6.0,5.3,5.4,27.5,27.8,24.4,24.2,6.0,6.1,5.4,5.3,22.8,MEDIUM,MEDIUM,LOW,LOW,S,27.7,24.3
2026-06-06 20:45,20,45,5,-0.7518,0.6593,-0.9749,-0.2225,1,0,0,Clear,1.0,6.0,6.1,5.4,5.3,21.9,21.8,19.9,20.7,4.8,4.8,4.4,4.6,18.6,LOW,LOW,LOW,LOW,N,26.8,25.2
2026-06-06 21:00,21,0,5,-0.7071,0.7071,-0.9749,-0.2225,1,0,0,Heavy Rain,1.5,4.8,4.8,4.4,4.6,31.4,31.9,30.8,31.5,6.9,7.0,6.8,6.9,27.6,MEDIUM,MEDIUM,MEDIUM,MEDIUM,S,26.2,25.8
2026-06-06 21:15,21,15,5,-0.6593,0.7518,-0.9749,-0.2225,1,0,0,Heavy Rain,1.5,6.9,7.0,6.8,6.9,34.5,32.5,30.9,31.3,7.6,7.2,6.8,6.9,28.5,MEDIUM,MEDIUM,MEDIUM,MEDIUM,N,27.1,24.9
2026-06-06 21:30,21,30,5,-0.6088,0.7934,-0.9749,-0.2225,1,0,0,Rain,1.25,7.6,7.2,6.8,6.9,26.8,27.5,25.8,23.9,5.9,6.0,5.7,5.3,22.9,LOW,MEDIUM,LOW,LOW,S,27.0,25.0
2026-06-06 21:45,21,45,5,-0.5556,0.8315,-0.9749,-0.2225,1,0,0,Rain,1.25,5.9,6.0,5.7,5.3,26.3,26.3,25.0,23.8,5.8,5.8,5.5,5.2,22.3,LOW,LOW,LOW,LOW,N,26.8,25.2
2026-06-06 22:00,22,0,5,-0.5,0.866,-0.9749,-0.2225,1,0,0,Clear,1.0,5.8,5.8,5.5,5.2,23.1,22.8,19.9,20.4,5.1,5.0,4.4,4.5,19.0,LOW,LOW,LOW,LOW,N,27.7,24.3
2026-06-06 22:15,22,15,5,-0.4423,0.8969,-0.9749,-0.2225,1,0,0,Clear,1.0,5.1,5.0,4.4,4.5,22.5,21.2,20.5,20.8,5.0,4.7,4.5,4.6,18.8,LOW,LOW,LOW,LOW,N,26.9,25.1
2026-06-06 22:30,22,30,5,-0.3827,0.9239,-0.9749,-0.2225,1,0,0,Clear,1.0,5.0,4.7,4.5,4.6,23.1,22.6,20.4,19.2,5.1,5.0,4.5,4.2,18.8,LOW,LOW,LOW,LOW,N,27.7,24.3
2026-06-06 22:45,22,45,5,-0.3214,0.9469,-0.9749,-0.2225,1,0,0,Clear,1.0,5.1,5.0,4.5,4.2,22.8,21.8,20.5,20.4,5.0,4.8,4.5,4.5,18.8,LOW,LOW,LOW,LOW,N,27.2,24.8
2026-06-06 23:00,23,0,5,-0.2588,0.9659,-0.9749,-0.2225,1,0,0,Clear,1.0,5.0,4.8,4.5,4.5,5.8,6.0,4.8,5.0,1.3,1.3,1.1,1.1,4.8,LOW,LOW,LOW,LOW,N,28.4,23.6
2026-06-06 23:15,23,15,5,-0.1951,0.9808,-0.9749,-0.2225,1,0,0,Clear,1.0,1.3,1.3,1.1,1.1,5.8,6.0,4.9,4.9,1.3,1.3,1.1,1.1,4.8,LOW,LOW,LOW,LOW,N,28.5,23.5
2026-06-06 23:30,23,30,5,-0.1305,0.9914,-0.9749,-0.2225,1,0,0,Clear,1.0,1.3,1.3,1.1,1.1,6.3,5.9,5.0,5.1,1.4,1.3,1.1,1.1,4.9,LOW,LOW,LOW,LOW,N,28.6,23.4
2026-06-06 23:45,23,45,5,-0.0654,0.9979,-0.9749,-0.2225,1,0,0,Rain,1.25,1.4,1.3,1.1,1.1,7.9,7.7,6.4,6.3,1.7,1.7,1.4,1.4,6.2,LOW,LOW,LOW,LOW,N,28.7,23.3
2026-06-07 00:00,0,0,6,0.0,1.0,-0.7818,0.6235,1,0,0,Clear,1.0,1.7,1.7,1.4,1.4,5.8,5.9,4.8,4.8,1.3,1.3,1.1,1.1,4.8,LOW,LOW,LOW,LOW,N,28.6,23.4
2026-06-07 00:15,0,15,6,0.0654,0.9979,-0.7818,0.6235,1,0,0,Clear,1.0,1.3,1.3,1.1,1.1,6.2,6.2,4.9,5.2,1.4,1.4,1.1,1.1,5.0,LOW,LOW,LOW,LOW,N,28.5,23.5
2026-06-07 00:30,0,30,6,0.1305,0.9914,-0.7818,0.6235,1,0,0,Clear,1.0,1.4,1.4,1.1,1.1,5.9,6.2,5.1,4.8,1.3,1.4,1.1,1.1,4.9,LOW,LOW,LOW,LOW,S,28.6,23.4
2026-06-07 00:45,0,45,6,0.1951,0.9808,-0.7818,0.6235,1,0,0,Rain,1.25,1.3,1.4,1.1,1.1,7.3,7.2,6.5,6.2,1.6,1.6,1.4,1.4,6.0,LOW,LOW,LOW,LOW,N,27.6,24.4
2026-06-07 01:00,1,0,6,0.2588,0.9659,-0.7818,0.6235,1,0,0,Clear,1.0,1.6,1.6,1.4,1.4,5.8,6.0,5.2,5.1,1.3,1.3,1.1,1.1,4.8,LOW,LOW,LOW,LOW,N,27.8,24.2
2026-06-07 01:15,1,15,6,0.3214,0.9469,-0.7818,0.6235,1,0,0,Clear,1.0,1.3,1.3,1.1,1.1,5.8,6.2,5.2,5.2,1.3,1.4,1.1,1.1,4.9,LOW,LOW,LOW,LOW,S,28.1,23.9
2026-06-07 01:30,1,30,6,0.3827,0.9239,-0.7818,0.6235,1,0,0,Clear,1.0,1.3,1.4,1.1,1.1,6.2,5.8,5.1,5.2,1.4,1.3,1.1,1.1,4.9,LOW,LOW,LOW,LOW,N,28.1,23.9
2026-06-07 01:45,1,45,6,0.4423,0.8969,-0.7818,0.6235,1,0,0,Clear,1.0,1.4,1.3,1.1,1.1,5.8,6.0,5.0,5.1,1.3,1.3,1.1,1.1,4.8,LOW,LOW,LOW,LOW,N,28.1,23.9
2026-06-07 02:00,2,0,6,0.5,0.866,-0.7818,0.6235,1,0,0,Clear,1.0,1.3,1.3,1.1,1.1,6.2,6.2,5.0,4.9,1.4,1.4,1.1,1.1,5.0,LOW,LOW,LOW,LOW,N,28.9,23.1
2026-06-07 02:15,2,15,6,0.5556,0.8315,-0.7818,0.6235,1,0,0,Clear,1.0,1.4,1.4,1.1,1.1,6.2,6.1,5.0,5.0,1.4,1.3,1.1,1.1,4.9,LOW,LOW,LOW,LOW,N,28.7,23.3
2026-06-07 02:30,2,30,6,0.6088,0.7934,-0.7818,0.6235,1,0,0,Clear,1.0,1.4,1.3,1.1,1.1,6.1,6.1,5.0,5.0,1.3,1.3,1.1,1.1,4.8,LOW,LOW,LOW,LOW,N,28.6,23.4
2026-06-07 02:45,2,45,6,0.6593,0.7518,-0.7818,0.6235,1,0,0,Clear,1.0,1.3,1.3,1.1,1.1,6.0,5.9,5.2,4.8,1.3,1.3,1.1,1.1,4.8,LOW,LOW,LOW,LOW,N,28.1,23.9
2026-06-07 03:00,3,0,6,0.7071,0.7071,-0.7818,0.6235,1,0,0,Clear,1.0,1.3,1.3,1.1,1.1,6.1,6.0,4.8,4.8,1.3,1.3,1.1,1.1,4.8,LOW,LOW,LOW,LOW,N,29.0,23.0
2026-06-07 03:15,3,15,6,0.7518,0.6593,-0.7818,0.6235,1,0,0,Rain,1.25,1.3,1.3,1.1,1.1,7.6,7.3,6.0,6.1,1.7,1.6,1.3,1.3,5.9,LOW,LOW,LOW,LOW,N,28.8,23.2
2026-06-07 03:30,3,30,6,0.7934,0.6088,-0.7818,0.6235,1,0,0,Clear,1.0,1.7,1.6,1.3,1.3,5.9,5.8,5.2,4.9,1.3,1.3,1.1,1.1,4.8,LOW,LOW,LOW,LOW,N,27.8,24.2
2026-06-07 03:45,3,45,6,0.8315,0.5556,-0.7818,0.6235,1,0,0,Clear,1.0,1.3,1.3,1.1,1.1,5.8,5.7,4.8,5.1,1.3,1.3,1.1,1.1,4.8,LOW,LOW,LOW,LOW,N,27.8,24.2
2026-06-07 04:00,4,0,6,0.866,0.5,-0.7818,0.6235,1,0,0,Clear,1.0,1.3,1.3,1.1,1.1,5.9,6.0,4.8,5.0,1.3,1.3,1.1,1.1,4.8,LOW,LOW,LOW,LOW,N,28.4,23.6
2026-06-07 04:15,4,15,6,0.8969,0.4423,-0.7818,0.6235,1,0,0,Clear,1.0,1.3,1.3,1.1,1.1,6.2,6.2,5.1,4.9,1.4,1.4,1.1,1.1,5.0,LOW,LOW,LOW,LOW,N,28.7,23.3
2026-06-07 04:30,4,30,6,0.9239,0.3827,-0.7818,0.6235,1,0,0,Rain,1.25,1.4,1.4,1.1,1.1,7.3,7.3,6.1,6.0,1.6,1.6,1.3,1.3,5.8,LOW,LOW,LOW,LOW,N,28.4,23.6
2026-06-07 04:45,4,45,6,0.9469,0.3214,-0.7818,0.6235,1,0,0,Clear,1.0,1.6,1.6,1.3,1.3,6.0,6.0,4.8,5.1,1.3,1.3,1.1,1.1,4.8,LOW,LOW,LOW,LOW,N,28.3,23.7
2026-06-07 05:00,5,0,6,0.9659,0.2588,-0.7818,0.6235,1,0,0,Clear,1.0,1.3,1.3,1.1,1.1,5.9,5.9,5.1,4.8,1.3,1.3,1.1,1.1,4.8,LOW,LOW,LOW,LOW,N,28.1,23.9
2026-06-07 05:15,5,15,6,0.9808,0.1951,-0.7818,0.6235,1,0,0,Clear,1.0,1.3,1.3,1.1,1.1,6.3,6.2,5.1,5.2,1.4,1.4,1.1,1.1,5.0,LOW,LOW,LOW,LOW,N,28.5,23.5
2026-06-07 05:30,5,30,6,0.9914,0.1305,-0.7818,0.6235,1,0,0,Clear,1.0,1.4,1.4,1.1,1.1,5.9,5.8,4.8,5.2,1.3,1.3,1.1,1.1,4.8,LOW,LOW,LOW,LOW,N,27.8,24.2
2026-06-07 05:45,5,45,6,0.9979,0.0654,-0.7818,0.6235,1,0,0,Rain,1.25,1.3,1.3,1.1,1.1,7.3,7.6,6.5,5.9,1.6,1.7,1.4,1.3,6.0,LOW,LOW,LOW,LOW,S,28.2,23.8
2026-06-07 06:00,6,0,6,1.0,0.0,-0.7818,0.6235,1,0,0,Rain,1.25,1.6,1.7,1.4,1.3,27.4,28.0,26.1,25.4,6.0,6.2,5.7,5.6,23.5,MEDIUM,MEDIUM,LOW,LOW,S,26.9,25.1
2026-06-07 06:15,6,15,6,0.9979,-0.0654,-0.7818,0.6235,1,0,0,Clear,1.0,6.0,6.2,5.7,5.6,23.1,21.5,19.9,19.7,5.1,4.7,4.4,4.3,18.5,LOW,LOW,LOW,LOW,N,27.7,24.3
2026-06-07 06:30,6,30,6,0.9914,-0.1305,-0.7818,0.6235,1,0,0,Clear,1.0,5.1,4.7,4.4,4.3,22.9,21.7,20.2,20.5,5.0,4.8,4.4,4.5,18.7,LOW,LOW,LOW,LOW,N,27.3,24.7
2026-06-07 06:45,6,45,6,0.9808,-0.1951,-0.7818,0.6235,1,0,0,Clear,1.0,5.0,4.8,4.4,4.5,21.6,21.6,20.2,20.4,4.8,4.8,4.4,4.5,18.5,LOW,LOW,LOW,LOW,N,26.8,25.2
2026-06-07 07:00,7,0,6,0.9659,-0.2588,-0.7818,0.6235,1,0,0,Clear,1.0,4.8,4.8,4.4,4.5,23.0,21.0,20.2,20.6,5.1,4.6,4.4,4.5,18.6,LOW,LOW,LOW,LOW,N,27.2,24.8
2026-06-07 07:15,7,15,6,0.9469,-0.3214,-0.7818,0.6235,1,0,0,Rain,1.25,5.1,4.6,4.4,4.5,28.8,28.4,23.9,26.0,6.3,6.2,5.3,5.7,23.5,MEDIUM,MEDIUM,LOW,LOW,N,27.6,24.4
2026-06-07 07:30,7,30,6,0.9239,-0.3827,-0.7818,0.6235,1,0,0,Heavy Rain,1.5,6.3,6.2,5.3,5.7,34.6,34.4,29.4,30.9,7.6,7.6,6.5,6.8,28.5,MEDIUM,MEDIUM,MEDIUM,MEDIUM,N,27.6,24.4
2026-06-07 07:45,7,45,6,0.8969,-0.4423,-0.7818,0.6235,1,0,0,Clear,1.0,7.6,7.6,6.5,6.8,22.5,22.9,20.5,19.8,5.0,5.0,4.5,4.4,18.9,LOW,LOW,LOW,LOW,N,27.5,24.5
2026-06-07 08:00,8,0,6,0.866,-0.5,-0.7818,0.6235,1,0,0,Clear,1.0,5.0,5.0,4.5,4.4,23.0,22.4,20.3,20.5,5.1,4.9,4.5,4.5,19.0,LOW,LOW,LOW,LOW,N,27.4,24.6
2026-06-07 08:15,8,15,6,0.8315,-0.5556,-0.7818,0.6235,1,0,0,Clear,1.0,5.1,4.9,4.5,4.5,21.5,22.6,20.1,20.4,4.7,5.0,4.4,4.5,18.6,LOW,LOW,LOW,LOW,S,27.2,24.8
2026-06-07 08:30,8,30,6,0.7934,-0.6088,-0.7818,0.6235,1,0,0,Rain,1.25,4.7,5.0,4.4,4.5,26.9,28.8,25.0,25.6,5.9,6.3,5.5,5.6,23.3,LOW,MEDIUM,LOW,LOW,S,27.4,24.6
2026-06-07 08:45,8,45,6,0.7518,-0.6593,-0.7818,0.6235,1,0,0,Clear,1.0,5.9,6.3,5.5,5.6,22.6,21.6,20.5,20.6,5.0,4.8,4.5,4.5,18.8,LOW,LOW,LOW,LOW,N,27.1,24.9
2026-06-07 09:00,9,0,6,0.7071,-0.7071,-0.7818,0.6235,1,0,0,Clear,1.0,5.0,4.8,4.5,4.5,21.5,21.2,20.5,20.9,4.7,4.7,4.5,4.6,18.5,LOW,LOW,LOW,LOW,N,26.4,25.6
2026-06-07 09:15,9,15,6,0.6593,-0.7518,-0.7818,0.6235,1,0,0,Clear,1.0,4.7,4.7,4.5,4.6,22.1,21.0,20.6,19.1,4.9,4.6,4.5,4.2,18.2,LOW,LOW,LOW,LOW,N,27.0,25.0
2026-06-07 09:30,9,30,6,0.6088,-0.7934,-0.7818,0.6235,1,0,0,Clear,1.0,4.9,4.6,4.5,4.2,22.7,22.1,19.3,20.3,5.0,4.9,4.2,4.5,18.6,LOW,LOW,LOW,LOW,N,27.5,24.5
2026-06-07 09:45,9,45,6,0.5556,-0.8315,-0.7818,0.6235,1,0,0,Clear,1.0,5.0,4.9,4.2,4.5,22.7,21.4,20.5,20.8,5.0,4.7,4.5,4.6,18.8,LOW,LOW,LOW,LOW,N,27.0,25.0
2026-06-07 10:00,10,0,6,0.5,-0.866,-0.7818,0.6235,1,0,0,Heavy Rain,1.5,5.0,4.7,4.5,4.6,59.2,57.1,56.8,51.8,13.0,12.6,12.5,11.4,49.5,MEDIUM,MEDIUM,MEDIUM,MEDIUM,N,26.7,25.3
2026-06-07 10:15,10,15,6,0.4423,-0.8969,-0.7818,0.6235,1,0,0,Clear,1.0,13.0,12.6,12.5,11.4,39.5,38.1,35.6,35.8,8.7,8.4,7.8,7.9,32.8,MEDIUM,MEDIUM,MEDIUM,MEDIUM,N,27.2,24.8
2026-06-07 10:30,10,30,6,0.3827,-0.9239,-0.7818,0.6235,1,0,0,Rain,1.25,8.7,8.4,7.8,7.9,50.5,46.0,45.0,44.3,11.1,10.1,9.9,9.7,40.8,MEDIUM,MEDIUM,MEDIUM,MEDIUM,N,27.2,24.8
2026-06-07 10:45,10,45,6,0.3214,-0.9469,-0.7818,0.6235,1,0,0,Clear,1.0,11.1,10.1,9.9,9.7,39.5,40.0,35.2,35.9,8.7,8.8,7.7,7.9,33.1,MEDIUM,MEDIUM,MEDIUM,MEDIUM,S,27.4,24.6
2026-06-07 11:00,11,0,6,0.2588,-0.9659,-0.7818,0.6235,1,0,0,Clear,1.0,8.7,8.8,7.7,7.9,36.9,45.0,34.2,38.8,8.1,9.9,7.5,8.5,34.0,MEDIUM,MEDIUM,MEDIUM,MEDIUM,S,27.7,24.3
2026-06-07 11:15,11,15,6,0.1951,-0.9808,-0.7818,0.6235,1,0,0,Clear,1.0,8.1,9.9,7.5,8.5,36.1,47.1,34.2,39.3,7.9,10.4,7.5,8.6,34.4,MEDIUM,MEDIUM,MEDIUM,MEDIUM,S,28.0,24.0
2026-06-07 11:30,11,30,6,0.1305,-0.9914,-0.7818,0.6235,1,0,0,Clear,1.0,7.9,10.4,7.5,8.6,38.0,43.3,34.3,38.5,8.4,9.5,7.5,8.5,33.9,MEDIUM,MEDIUM,MEDIUM,MEDIUM,S,27.5,24.5
2026-06-07 11:45,11,45,6,0.0654,-0.9979,-0.7818,0.6235,1,0,0,Clear,1.0,8.4,9.5,7.5,8.5,37.9,46.9,35.4,41.9,8.3,10.3,7.8,9.2,35.6,MEDIUM,MEDIUM,MEDIUM,MEDIUM,S,27.3,24.7
2026-06-07 12:00,12,0,6,0.0,-1.0,-0.7818,0.6235,1,0,0,Clear,1.0,8.3,10.3,7.8,9.2,40.4,50.3,38.2,45.9,8.9,11.1,8.4,10.1,38.5,MEDIUM,MEDIUM,MEDIUM,MEDIUM,S,27.1,24.9
2026-06-07 12:15,12,15,6,-0.0654,-0.9979,-0.7818,0.6235,1,0,0,Clear,1.0,8.9,11.1,8.4,10.1,39.6,52.5,37.8,47.1,8.7,11.6,8.3,10.4,39.0,MEDIUM,MEDIUM,MEDIUM,MEDIUM,S,27.2,24.8
2026-06-07 12:30,12,30,6,-0.1305,-0.9914,-0.7818,0.6235,1,0,0,Rain,1.25,8.7,11.6,8.3,10.4,50.5,67.6,46.4,57.7,11.1,14.9,10.2,12.7,48.9,MEDIUM,HIGH,MEDIUM,MEDIUM,S,27.9,24.1
2026-06-07 12:45,12,45,6,-0.1951,-0.9808,-0.7818,0.6235,1,0,0,Clear,1.0,11.1,14.9,10.2,12.7,40.4,50.2,37.8,44.2,8.9,11.0,8.3,9.7,37.9,MEDIUM,MEDIUM,MEDIUM,MEDIUM,S,27.5,24.5
2026-06-07 13:00,13,0,6,-0.2588,-0.9659,-0.7818,0.6235,1,0,0,Rain,1.25,8.9,11.0,8.3,9.7,62.5,65.8,50.7,55.7,13.8,14.5,11.2,12.3,51.8,MEDIUM,HIGH,MEDIUM,MEDIUM,S,28.3,23.7
2026-06-07 13:15,13,15,6,-0.3214,-0.9469,-0.7818,0.6235,1,0,0,Clear,1.0,13.8,14.5,11.2,12.3,48.4,52.9,43.1,45.8,10.6,11.6,9.5,10.1,41.8,MEDIUM,MEDIUM,MEDIUM,MEDIUM,S,27.8,24.2
2026-06-07 13:30,13,30,6,-0.3827,-0.9239,-0.7818,0.6235,1,0,0,Clear,1.0,10.6,11.6,9.5,10.1,49.9,52.0,44.3,47.4,11.0,11.4,9.7,10.4,42.5,MEDIUM,MEDIUM,MEDIUM,MEDIUM,S,27.3,24.7
2026-06-07 13:45,13,45,6,-0.4423,-0.8969,-0.7818,0.6235,1,0,0,Clear,1.0,11.0,11.4,9.7,10.4,47.6,52.7,40.8,43.5,10.5,11.6,9.0,9.6,40.7,MEDIUM,MEDIUM,MEDIUM,MEDIUM,S,28.4,23.6
2026-06-07 14:00,14,0,6,-0.5,-0.866,-0.7818,0.6235,1,0,0,Rain,1.25,10.5,11.6,9.0,9.6,65.9,59.1,56.5,53.0,14.5,13.0,12.4,11.7,51.6,HIGH,MEDIUM,MEDIUM,MEDIUM,N,27.9,24.1
2026-06-07 14:15,14,15,6,-0.5556,-0.8315,-0.7818,0.6235,1,0,0,Heavy Rain,1.5,14.5,13.0,12.4,11.7,75.4,72.2,71.7,59.0,16.6,15.9,15.8,13.0,61.3,HIGH,HIGH,HIGH,MEDIUM,N,27.1,24.9
2026-06-07 14:30,14,30,6,-0.6088,-0.7934,-0.7818,0.6235,1,0,0,Heavy Rain,1.5,16.6,15.9,15.8,13.0,80.8,70.2,69.6,62.2,17.8,15.4,15.3,13.7,62.2,HIGH,HIGH,HIGH,MEDIUM,N,27.9,24.1
2026-06-07 14:45,14,45,6,-0.6593,-0.7518,-0.7818,0.6235,1,0,0,Clear,1.0,17.8,15.4,15.3,13.7,52.5,47.9,46.8,38.9,11.6,10.5,10.3,8.6,41.0,MEDIUM,MEDIUM,MEDIUM,MEDIUM,N,27.8,24.2
2026-06-07 15:00,15,0,6,-0.7071,-0.7071,-0.7818,0.6235,1,0,0,Clear,1.0,11.6,10.5,10.3,8.6,49.5,37.7,45.6,33.9,10.9,8.3,10.0,7.5,36.7,MEDIUM,MEDIUM,MEDIUM,MEDIUM,N,27.1,24.9
2026-06-07 15:15,15,15,6,-0.7518,-0.6593,-0.7818,0.6235,1,0,0,Clear,1.0,10.9,8.3,10.0,7.5,50.2,39.3,45.1,35.8,11.0,8.6,9.9,7.9,37.4,MEDIUM,MEDIUM,MEDIUM,MEDIUM,N,27.4,24.6
2026-06-07 15:30,15,30,6,-0.7934,-0.6088,-0.7818,0.6235,1,0,0,Heavy Rain,1.5,11.0,8.6,9.9,7.9,74.7,60.7,66.7,54.8,16.4,13.4,14.7,12.1,56.6,HIGH,MEDIUM,HIGH,MEDIUM,N,27.4,24.6
2026-06-07 15:45,15,45,6,-0.8315,-0.5556,-0.7818,0.6235,1,0,0,Clear,1.0,16.4,13.4,14.7,12.1,48.5,39.6,42.9,35.0,10.7,8.7,9.4,7.7,36.5,MEDIUM,MEDIUM,MEDIUM,MEDIUM,N,27.6,24.4
2026-06-07 16:00,16,0,6,-0.866,-0.5,-0.7818,0.6235,1,0,0,Clear,1.0,10.7,8.7,9.4,7.7,44.2,38.2,39.7,35.2,9.7,8.4,8.7,7.7,34.5,MEDIUM,MEDIUM,MEDIUM,MEDIUM,N,27.3,24.7
2026-06-07 16:15,16,15,6,-0.8969,-0.4423,-0.7818,0.6235,1,0,0,Clear,1.0,9.7,8.4,8.7,7.7,42.9,36.3,38.9,32.7,9.4,8.0,8.6,7.2,33.2,MEDIUM,MEDIUM,MEDIUM,MEDIUM,N,27.3,24.7
2026-06-07 16:30,16,30,6,-0.9239,-0.3827,-0.7818,0.6235,1,0,0,Clear,1.0,9.4,8.0,8.6,7.2,43.4,38.0,37.0,33.6,9.5,8.4,8.1,7.4,33.4,MEDIUM,MEDIUM,MEDIUM,MEDIUM,N,28.0,24.0
2026-06-07 16:45,16,45,6,-0.9469,-0.3214,-0.7818,0.6235,1,0,0,Heavy Rain,1.5,9.5,8.4,8.1,7.4,67.2,56.5,56.4,51.6,14.8,12.4,12.4,11.4,51.0,HIGH,MEDIUM,MEDIUM,MEDIUM,N,28.0,24.0
2026-06-07 17:00,17,0,6,-0.9659,-0.2588,-0.7818,0.6235,1,0,0,Heavy Rain,1.5,14.8,12.4,12.4,11.4,55.3,67.3,48.8,56.5,12.2,14.8,10.7,12.4,50.1,MEDIUM,HIGH,MEDIUM,MEDIUM,S,28.1,23.9
2026-06-07 17:15,17,15,6,-0.9808,-0.1951,-0.7818,0.6235,1,0,0,Clear,1.0,12.2,14.8,10.7,12.4,37.8,40.9,33.2,40.0,8.3,9.0,7.3,8.8,33.4,MEDIUM,MEDIUM,MEDIUM,MEDIUM,S,26.6,25.4
2026-06-07 17:30,17,30,6,-0.9914,-0.1305,-0.7818,0.6235,1,0,0,Clear,1.0,8.3,9.0,7.3,8.8,39.1,41.7,32.8,39.9,8.6,9.2,7.2,8.8,33.8,MEDIUM,MEDIUM,MEDIUM,MEDIUM,S,27.0,25.0
2026-06-07 17:45,17,45,6,-0.9979,-0.0654,-0.7818,0.6235,1,0,0,Clear,1.0,8.6,9.2,7.2,8.8,36.5,41.2,33.3,37.2,8.0,9.1,7.3,8.2,32.6,MEDIUM,MEDIUM,MEDIUM,MEDIUM,S,27.3,24.7
2026-06-07 18:00,18,0,6,-1.0,-0.0,-0.7818,0.6235,1,0,0,Clear,1.0,8.0,9.1,7.3,8.2,21.2,21.0,20.1,20.8,4.7,4.6,4.4,4.6,18.3,LOW,LOW,LOW,LOW,N,26.3,25.7
2026-06-07 18:15,18,15,6,-0.9979,0.0654,-0.7818,0.6235,1,0,0,Clear,1.0,4.7,4.6,4.4,4.6,23.1,21.4,19.7,19.8,5.1,4.7,4.3,4.4,18.5,LOW,LOW,LOW,LOW,N,27.8,24.2
2026-06-07 18:30,18,30,6,-0.9914,0.1305,-0.7818,0.6235,1,0,0,Clear,1.0,5.1,4.7,4.3,4.4,22.2,21.5,19.5,20.5,4.9,4.7,4.3,4.5,18.4,LOW,LOW,LOW,LOW,N,27.1,24.9
2026-06-07 18:45,18,45,6,-0.9808,0.1951,-0.7818,0.6235,1,0,0,Clear,1.0,4.9,4.7,4.3,4.5,22.2,22.3,20.2,19.4,4.9,4.9,4.4,4.3,18.5,LOW,LOW,LOW,LOW,N,27.4,24.6
2026-06-07 19:00,19,0,6,-0.9659,0.2588,-0.7818,0.6235,1,0,0,Rain,1.25,4.9,4.9,4.4,4.3,28.6,28.7,24.2,25.8,6.3,6.3,5.3,5.7,23.6,MEDIUM,MEDIUM,LOW,LOW,N,27.6,24.4
2026-06-07 19:15,19,15,6,-0.9469,0.3214,-0.7818,0.6235,1,0,0,Clear,1.0,6.3,6.3,5.3,5.7,20.9,21.6,20.5,20.3,4.6,4.8,4.5,4.5,18.4,LOW,LOW,LOW,LOW,S,26.6,25.4
2026-06-07 19:30,19,30,6,-0.9239,0.3827,-0.7818,0.6235,1,0,0,Clear,1.0,4.6,4.8,4.5,4.5,21.7,20.9,20.1,20.2,4.8,4.6,4.4,4.4,18.2,LOW,LOW,LOW,LOW,N,26.8,25.2
2026-06-07 19:45,19,45,6,-0.8969,0.4423,-0.7818,0.6235,1,0,0,Clear,1.0,4.8,4.6,4.4,4.4,21.0,22.1,20.4,19.8,4.6,4.9,4.5,4.4,18.4,LOW,LOW,LOW,LOW,S,27.0,25.0
2026-06-07 20:00,20,0,6,-0.866,0.5,-0.7818,0.6235,1,0,0,Rain,1.25,4.6,4.9,4.5,4.4,26.2,27.9,25.7,24.7,5.8,6.1,5.7,5.4,23.0,LOW,MEDIUM,LOW,LOW,S,27.0,25.0
2026-06-07 20:15,20,15,6,-0.8315,0.5556,-0.7818,0.6235,1,0,0,Clear,1.0,5.8,6.1,5.7,5.4,20.9,21.6,20.4,19.5,4.6,4.8,4.5,4.3,18.2,LOW,LOW,LOW,LOW,S,26.8,25.2
2026-06-07 20:30,20,30,6,-0.7934,0.6088,-0.7818,0.6235,1,0,0,Rain,1.25,4.6,4.8,4.5,4.3,27.3,27.9,25.5,25.4,6.0,6.1,5.6,5.6,23.3,MEDIUM,MEDIUM,LOW,LOW,S,27.1,24.9
2026-06-07 20:45,20,45,6,-0.7518,0.6593,-0.7818,0.6235,1,0,0,Clear,1.0,6.0,6.1,5.6,5.6,22.2,22.6,21.0,19.6,4.9,5.0,4.6,4.3,18.8,LOW,LOW,LOW,LOW,S,27.1,24.9
2026-06-07 21:00,21,0,6,-0.7071,0.7071,-0.7818,0.6235,1,0,0,Rain,1.25,4.9,5.0,4.6,4.3,28.0,27.0,24.9,24.7,6.2,5.9,5.5,5.4,23.0,MEDIUM,LOW,LOW,LOW,N,27.4,24.6
2026-06-07 21:15,21,15,6,-0.6593,0.7518,-0.7818,0.6235,1,0,0,Clear,1.0,6.2,5.9,5.5,5.4,22.6,21.9,19.9,19.9,5.0,4.8,4.4,4.4,18.6,LOW,LOW,LOW,LOW,N,27.5,24.5
2026-06-07 21:30,21,30,6,-0.6088,0.7934,-0.7818,0.6235,1,0,0,Clear,1.0,5.0,4.8,4.4,4.4,21.0,20.9,19.2,19.1,4.6,4.6,4.2,4.2,17.6,LOW,LOW,LOW,LOW,N,27.2,24.8
2026-06-07 21:45,21,45,6,-0.5556,0.8315,-0.7818,0.6235,1,0,0,Clear,1.0,4.6,4.6,4.2,4.2,22.5,21.0,20.9,20.6,5.0,4.6,4.6,4.5,18.7,LOW,LOW,LOW,LOW,N,26.8,25.2
2026-06-07 22:00,22,0,6,-0.5,0.866,-0.7818,0.6235,1,0,0,Clear,1.0,5.0,4.6,4.6,4.5,21.1,21.2,19.4,20.2,4.6,4.7,4.3,4.4,18.0,LOW,LOW,LOW,LOW,S,26.7,25.3
2026-06-07 22:15,22,15,6,-0.4423,0.8969,-0.7818,0.6235,1,0,0,Clear,1.0,4.6,4.7,4.3,4.4,21.2,22.2,20.5,19.2,4.7,4.9,4.5,4.2,18.3,LOW,LOW,LOW,LOW,S,27.1,24.9
2026-06-07 22:30,22,30,6,-0.3827,0.9239,-0.7818,0.6235,1,0,0,Clear,1.0,4.7,4.9,4.5,4.2,21.0,21.1,20.4,20.3,4.6,4.6,4.5,4.5,18.2,LOW,LOW,LOW,LOW,N,26.4,25.6
2026-06-07 22:45,22,45,6,-0.3214,0.9469,-0.7818,0.6235,1,0,0,Clear,1.0,4.6,4.6,4.5,4.5,22.6,21.9,20.0,20.4,5.0,4.8,4.4,4.5,18.7,LOW,LOW,LOW,LOW,N,27.3,24.7
2026-06-07 23:00,23,0,6,-0.2588,0.9659,-0.7818,0.6235,1,0,0,Clear,1.0,5.0,4.8,4.4,4.5,5.9,5.9,4.9,5.2,1.3,1.3,1.1,1.1,4.8,LOW,LOW,LOW,LOW,N,27.8,24.2
2026-06-07 23:15,23,15,6,-0.1951,0.9808,-0.7818,0.6235,1,0,0,Clear,1.0,1.3,1.3,1.1,1.1,6.1,5.9,5.0,5.0,1.3,1.3,1.1,1.1,4.8,LOW,LOW,LOW,LOW,N,28.5,23.5
2026-06-07 23:30,23,30,6,-0.1305,0.9914,-0.7818,0.6235,1,0,0,Clear,1.0,1.3,1.3,1.1,1.1,5.8,6.1,5.0,5.1,1.3,1.3,1.1,1.1,4.8,LOW,LOW,LOW,LOW,N,28.2,23.8
2026-06-07 23:45,23,45,6,-0.0654,0.9979,-0.7818,0.6235,1,0,0,Clear,1.0,1.3,1.3,1.1,1.1,6.3,6.3,4.8,4.9,1.4,1.4,1.1,1.1,5.0,LOW,LOW,LOW,LOW,N,29.3,22.7
2026-06-08 00:00,0,0,0,0.0,1.0,0.0,1.0,0,0,0,Clear,1.0,1.4,1.4,1.1,1.1,6.1,6.0,5.0,4.9,1.3,1.3,1.1,1.1,4.8,LOW,LOW,LOW,LOW,N,28.6,23.4
2026-06-08 00:15,0,15,0,0.0654,0.9979,0.0,1.0,0,0,0,Clear,1.0,1.3,1.3,1.1,1.1,6.3,5.8,5.2,4.8,1.4,1.3,1.1,1.1,4.9,LOW,LOW,LOW,LOW,N,28.5,23.5
2026-06-08 00:30,0,30,0,0.1305,0.9914,0.0,1.0,0,0,0,Clear,1.0,1.4,1.3,1.1,1.1,5.8,6.3,4.8,4.8,1.3,1.4,1.1,1.1,4.9,LOW,LOW,LOW,LOW,S,29.2,22.8
2026-06-08 00:45,0,45,0,0.1951,0.9808,0.0,1.0,0,0,0,Clear,1.0,1.3,1.4,1.1,1.1,6.1,6.0,5.1,4.9,1.3,1.3,1.1,1.1,4.8,LOW,LOW,LOW,LOW,N,28.4,23.6
2026-06-08 01:00,1,0,0,0.2588,0.9659,0.0,1.0,0,0,0,Rain,1.25,1.3,1.3,1.1,1.1,7.5,7.5,6.0,6.3,1.6,1.6,1.3,1.4,5.9,LOW,LOW,LOW,LOW,N,28.4,23.6
2026-06-08 01:15,1,15,0,0.3214,0.9469,0.0,1.0,0,0,0,Clear,1.0,1.6,1.6,1.3,1.4,5.9,6.2,4.8,5.1,1.3,1.4,1.1,1.1,4.9,LOW,LOW,LOW,LOW,S,28.6,23.4
2026-06-08 01:30,1,30,0,0.3827,0.9239,0.0,1.0,0,0,0,Clear,1.0,1.3,1.4,1.1,1.1,6.2,6.1,4.9,5.0,1.4,1.3,1.1,1.1,4.9,LOW,LOW,LOW,LOW,N,28.8,23.2
2026-06-08 01:45,1,45,0,0.4423,0.8969,0.0,1.0,0,0,0,Clear,1.0,1.4,1.3,1.1,1.1,5.7,5.8,5.2,5.1,1.3,1.3,1.1,1.1,4.8,LOW,LOW,LOW,LOW,N,27.4,24.6
2026-06-08 02:00,2,0,0,0.5,0.866,0.0,1.0,0,0,0,Clear,1.0,1.3,1.3,1.1,1.1,6.3,6.1,5.2,5.0,1.4,1.3,1.1,1.1,4.9,LOW,LOW,LOW,LOW,N,28.5,23.5
2026-06-08 02:15,2,15,0,0.5556,0.8315,0.0,1.0,0,0,0,Clear,1.0,1.4,1.3,1.1,1.1,6.3,6.3,5.1,5.2,1.4,1.4,1.1,1.1,5.0,LOW,LOW,LOW,LOW,N,28.6,23.4
2026-06-08 02:30,2,30,0,0.6088,0.7934,0.0,1.0,0,0,0,Clear,1.0,1.4,1.4,1.1,1.1,6.0,5.8,5.1,5.0,1.3,1.3,1.1,1.1,4.8,LOW,LOW,LOW,LOW,N,28.1,23.9
2026-06-08 02:45,2,45,0,0.6593,0.7518,0.0,1.0,0,0,0,Clear,1.0,1.3,1.3,1.1,1.1,6.3,5.7,5.2,5.0,1.4,1.3,1.1,1.1,4.9,LOW,LOW,LOW,LOW,N,28.3,23.7
2026-06-08 03:00,3,0,0,0.7071,0.7071,0.0,1.0,0,0,0,Rain,1.25,1.4,1.3,1.1,1.1,7.4,7.3,6.1,5.9,1.6,1.6,1.3,1.3,5.8,LOW,LOW,LOW,LOW,N,28.6,23.4
2026-06-08 03:15,3,15,0,0.7518,0.6593,0.0,1.0,0,0,0,Clear,1.0,1.6,1.6,1.3,1.3,6.0,6.1,5.2,4.9,1.3,1.3,1.1,1.1,4.8,LOW,LOW,LOW,LOW,N,28.2,23.8
2026-06-08 03:30,3,30,0,0.7934,0.6088,0.0,1.0,0,0,0,Clear,1.0,1.3,1.3,1.1,1.1,5.9,6.2,5.0,5.1,1.3,1.4,1.1,1.1,4.9,LOW,LOW,LOW,LOW,S,28.4,23.6
2026-06-08 03:45,3,45,0,0.8315,0.5556,0.0,1.0,0,0,0,Clear,1.0,1.3,1.4,1.1,1.1,6.3,6.2,5.0,5.2,1.4,1.4,1.1,1.1,5.0,LOW,LOW,LOW,LOW,N,28.6,23.4
2026-06-08 04:00,4,0,0,0.866,0.5,0.0,1.0,0,0,0,Clear,1.0,1.4,1.4,1.1,1.1,6.0,5.7,5.0,4.8,1.3,1.3,1.1,1.1,4.8,LOW,LOW,LOW,LOW,N,28.3,23.7
2026-06-08 04:15,4,15,0,0.8969,0.4423,0.0,1.0,0,0,0,Clear,1.0,1.3,1.3,1.1,1.1,5.8,6.2,5.1,5.0,1.3,1.4,1.1,1.1,4.9,LOW,LOW,LOW,LOW,S,28.4,23.6
2026-06-08 04:30,4,30,0,0.9239,0.3827,0.0,1.0,0,0,0,Clear,1.0,1.3,1.4,1.1,1.1,6.3,6.0,4.8,5.2,1.4,1.3,1.1,1.1,4.9,LOW,LOW,LOW,LOW,N,28.6,23.4
2026-06-08 04:45,4,45,0,0.9469,0.3214,0.0,1.0,0,0,0,Clear,1.0,1.4,1.3,1.1,1.1,6.3,6.1,4.9,5.1,1.4,1.3,1.1,1.1,4.9,LOW,LOW,LOW,LOW,N,28.8,23.2
2026-06-08 05:00,5,0,0,0.9659,0.2588,0.0,1.0,0,0,0,Clear,1.0,1.4,1.3,1.1,1.1,5.8,6.0,4.9,5.0,1.3,1.3,1.1,1.1,4.8,LOW,LOW,LOW,LOW,N,28.3,23.7
2026-06-08 05:15,5,15,0,0.9808,0.1951,0.0,1.0,0,0,0,Clear,1.0,1.3,1.3,1.1,1.1,5.9,6.2,5.1,5.1,1.3,1.4,1.1,1.1,4.9,LOW,LOW,LOW,LOW,S,28.4,23.6
2026-06-08 05:30,5,30,0,0.9914,0.1305,0.0,1.0,0,0,0,Clear,1.0,1.3,1.4,1.1,1.1,6.3,5.8,5.0,5.2,1.4,1.3,1.1,1.1,4.9,LOW,LOW,LOW,LOW,N,28.3,23.7
2026-06-08 05:45,5,45,0,0.9979,0.0654,0.0,1.0,0,0,0,Clear,1.0,1.4,1.3,1.1,1.1,6.0,5.9,4.8,5.2,1.3,1.3,1.1,1.1,4.8,LOW,LOW,LOW,LOW,N,28.1,23.9
2026-06-08 06:00,6,0,0,1.0,0.0,0.0,1.0,0,0,0,Clear,1.0,1.3,1.3,1.1,1.1,24.9,23.8,22.6,22.9,5.5,5.2,5.0,5.0,20.7,LOW,LOW,LOW,LOW,N,27.0,25.0
2026-06-08 06:15,6,15,0,0.9979,-0.0654,0.0,1.0,0,0,0,Clear,1.0,5.5,5.2,5.0,5.0,24.8,26.1,22.6,22.1,5.5,5.7,5.0,4.9,21.1,LOW,LOW,LOW,LOW,S,27.8,24.2
2026-06-08 06:30,6,30,0,0.9914,-0.1305,0.0,1.0,0,0,0,Clear,1.0,5.5,5.7,5.0,4.9,25.6,25.3,21.1,22.3,5.6,5.6,4.6,4.9,20.7,LOW,LOW,LOW,LOW,N,27.9,24.1
2026-06-08 06:45,6,45,0,0.9808,-0.1951,0.0,1.0,0,0,0,Clear,1.0,5.6,5.6,4.6,4.9,24.8,26.1,22.8,23.0,5.5,5.7,5.0,5.1,21.3,LOW,LOW,LOW,LOW,S,27.5,24.5
2026-06-08 07:00,7,0,0,0.9659,-0.2588,0.0,1.0,0,1,0,Clear,1.0,5.5,5.7,5.0,5.1,109.6,17.5,81.2,18.7,24.1,3.9,17.9,4.1,50.0,VERY_HIGH,LOW,HIGH,LOW,N,29.6,22.4
2026-06-08 07:15,7,15,0,0.9469,-0.3214,0.0,1.0,0,1,0,Clear,1.0,24.1,3.9,17.9,4.1,114.3,17.6,88.6,18.6,25.1,3.9,19.5,4.1,52.6,VERY_HIGH,LOW,HIGH,LOW,N,29.1,22.9
2026-06-08 07:30,7,30,0,0.9239,-0.3827,0.0,1.0,0,1,0,Clear,1.0,25.1,3.9,19.5,4.1,113.6,18.8,88.3,18.8,25.0,4.1,19.4,4.1,52.6,VERY_HIGH,LOW,HIGH,LOW,N,29.1,22.9
2026-06-08 07:45,7,45,0,0.8969,-0.4423,0.0,1.0,0,1,0,Clear,1.0,25.0,4.1,19.4,4.1,112.9,18.8,83.0,18.5,24.8,4.1,18.3,4.1,51.3,VERY_HIGH,LOW,HIGH,LOW,N,29.7,22.3
2026-06-08 08:00,8,0,0,0.866,-0.5,0.0,1.0,0,1,0,Rain,1.25,24.8,4.1,18.3,4.1,179.6,22.9,135.8,22.0,39.5,5.0,29.9,4.8,79.2,VERY_HIGH,LOW,VERY_HIGH,LOW,N,29.5,22.5
2026-06-08 08:15,8,15,0,0.8315,-0.5556,0.0,1.0,0,1,0,Rain,1.25,39.5,5.0,29.9,4.8,175.7,23.6,133.7,22.9,38.7,5.2,29.4,5.0,78.3,VERY_HIGH,LOW,VERY_HIGH,LOW,N,29.4,22.6
2026-06-08 08:30,8,30,0,0.7934,-0.6088,0.0,1.0,0,1,0,Clear,1.0,38.7,5.2,29.4,5.0,147.2,17.5,111.5,18.7,32.4,3.9,24.5,4.1,64.9,VERY_HIGH,LOW,VERY_HIGH,LOW,N,29.4,22.6
2026-06-08 08:45,8,45,0,0.7518,-0.6593,0.0,1.0,0,1,0,Clear,1.0,32.4,3.9,24.5,4.1,136.9,17.5,113.2,17.9,30.1,3.9,24.9,3.9,62.8,VERY_HIGH,LOW,VERY_HIGH,LOW,N,28.3,23.7
2026-06-08 09:00,9,0,0,0.7071,-0.7071,0.0,1.0,0,1,0,Heavy Rain,1.5,30.1,3.9,24.9,3.9,158.2,27.1,121.2,27.7,34.8,6.0,26.7,6.1,73.6,VERY_HIGH,MEDIUM,VERY_HIGH,MEDIUM,N,29.2,22.8
2026-06-08 09:15,9,15,0,0.6593,-0.7518,0.0,1.0,0,1,0,Clear,1.0,34.8,6.0,26.7,6.1,113.4,17.9,85.7,17.2,24.9,3.9,18.9,3.8,51.5,VERY_HIGH,LOW,HIGH,LOW,N,29.4,22.6
2026-06-08 09:30,9,30,0,0.6088,-0.7934,0.0,1.0,0,1,0,Rain,1.25,24.9,3.9,18.9,3.8,142.3,23.0,103.1,21.4,31.3,5.1,22.7,4.7,63.8,VERY_HIGH,LOW,HIGH,LOW,N,30.0,22.0
2026-06-08 09:45,9,45,0,0.5556,-0.8315,0.0,1.0,0,1,0,Clear,1.0,31.3,5.1,22.7,4.7,112.9,18.1,84.1,18.6,24.8,4.0,18.5,4.1,51.4,VERY_HIGH,LOW,HIGH,LOW,N,29.5,22.5
2026-06-08 10:00,10,0,0,0.5,-0.866,0.0,1.0,0,0,0,Clear,1.0,24.8,4.0,18.5,4.1,23.8,25.2,21.1,21.8,5.2,5.5,4.6,4.8,20.1,LOW,LOW,LOW,LOW,S,27.8,24.2
2026-06-08 10:15,10,15,0,0.4423,-0.8969,0.0,1.0,0,0,0,Clear,1.0,5.2,5.5,4.6,4.8,24.8,24.3,22.7,22.4,5.5,5.3,5.0,4.9,20.7,LOW,LOW,LOW,LOW,N,27.1,24.9
2026-06-08 10:30,10,30,0,0.3827,-0.9239,0.0,1.0,0,0,0,Clear,1.0,5.5,5.3,5.0,4.9,25.8,26.2,23.1,23.1,5.7,5.8,5.1,5.1,21.7,LOW,LOW,LOW,LOW,S,27.6,24.4
2026-06-08 10:45,10,45,0,0.3214,-0.9469,0.0,1.0,0,0,0,Clear,1.0,5.7,5.8,5.1,5.1,24.8,23.8,20.9,21.0,5.5,5.2,4.6,4.6,19.9,LOW,LOW,LOW,LOW,N,28.0,24.0
2026-06-08 11:00,11,0,0,0.2588,-0.9659,0.0,1.0,0,0,0,Clear,1.0,5.5,5.2,4.6,4.6,39.6,40.6,36.1,35.0,8.7,8.9,7.9,7.7,33.2,MEDIUM,MEDIUM,MEDIUM,MEDIUM,S,27.5,24.5
2026-06-08 11:15,11,15,0,0.1951,-0.9808,0.0,1.0,0,0,0,Clear,1.0,8.7,8.9,7.9,7.7,38.8,39.9,36.6,35.7,8.5,8.8,8.1,7.9,33.3,MEDIUM,MEDIUM,MEDIUM,MEDIUM,S,27.1,24.9
2026-06-08 11:30,11,30,0,0.1305,-0.9914,0.0,1.0,0,0,0,Clear,1.0,8.5,8.8,8.1,7.9,39.8,38.4,35.0,34.3,8.8,8.4,7.7,7.5,32.4,MEDIUM,MEDIUM,MEDIUM,MEDIUM,N,27.6,24.4
2026-06-08 11:45,11,45,0,0.0654,-0.9979,0.0,1.0,0,0,0,Clear,1.0,8.8,8.4,7.7,7.5,38.3,38.3,35.5,34.9,8.4,8.4,7.8,7.7,32.3,MEDIUM,MEDIUM,MEDIUM,MEDIUM,N,27.0,25.0
2026-06-08 12:00,12,0,0,0.0,-1.0,0.0,1.0,0,0,0,Clear,1.0,8.4,8.4,7.8,7.7,40.2,39.7,34.9,35.5,8.8,8.7,7.7,7.8,33.0,MEDIUM,MEDIUM,MEDIUM,MEDIUM,N,27.6,24.4
2026-06-08 12:15,12,15,0,-0.0654,-0.9979,0.0,1.0,0,0,0,Rain,1.25,8.8,8.7,7.7,7.8,52.1,51.6,41.8,45.8,11.5,11.4,9.2,10.1,42.2,MEDIUM,MEDIUM,MEDIUM,MEDIUM,N,27.9,24.1
2026-06-08 12:30,12,30,0,-0.1305,-0.9914,0.0,1.0,0,0,0,Clear,1.0,11.5,11.4,9.2,10.1,39.8,38.5,36.4,34.8,8.8,8.5,8.0,7.7,33.0,MEDIUM,MEDIUM,MEDIUM,MEDIUM,N,27.2,24.8
2026-06-08 12:45,12,45,0,-0.1951,-0.9808,0.0,1.0,0,0,0,Clear,1.0,8.8,8.5,8.0,7.7,41.0,39.7,36.4,36.1,9.0,8.7,8.0,7.9,33.6,MEDIUM,MEDIUM,MEDIUM,MEDIUM,N,27.5,24.5
2026-06-08 13:00,13,0,0,-0.2588,-0.9659,0.0,1.0,0,0,0,Clear,1.0,9.0,8.7,8.0,7.9,39.1,39.5,35.1,36.4,8.6,8.7,7.7,8.0,33.0,MEDIUM,MEDIUM,MEDIUM,MEDIUM,S,27.1,24.9
2026-06-08 13:15,13,15,0,-0.3214,-0.9469,0.0,1.0,0,0,0,Clear,1.0,8.6,8.7,7.7,8.0,40.1,38.7,33.3,34.2,8.8,8.5,7.3,7.5,32.1,MEDIUM,MEDIUM,MEDIUM,MEDIUM,N,28.0,24.0
2026-06-08 13:30,13,30,0,-0.3827,-0.9239,0.0,1.0,0,0,0,Heavy Rain,1.5,8.8,8.5,7.3,7.5,58.6,62.2,53.2,51.7,12.9,13.7,11.7,11.4,49.7,MEDIUM,MEDIUM,MEDIUM,MEDIUM,S,27.9,24.1
2026-06-08 13:45,13,45,0,-0.4423,-0.8969,0.0,1.0,0,0,0,Clear,1.0,12.9,13.7,11.7,11.4,41.3,41.9,35.2,35.5,9.1,9.2,7.7,7.8,33.8,MEDIUM,MEDIUM,MEDIUM,MEDIUM,S,28.1,23.9
2026-06-08 14:00,14,0,0,-0.5,-0.866,0.0,1.0,0,0,0,Rain,1.25,9.1,9.2,7.7,7.8,49.4,48.3,42.9,44.3,10.9,10.6,9.4,9.7,40.6,MEDIUM,MEDIUM,MEDIUM,MEDIUM,N,27.4,24.6
2026-06-08 14:15,14,15,0,-0.5556,-0.8315,0.0,1.0,0,0,0,Clear,1.0,10.9,10.6,9.4,9.7,38.2,40.8,34.1,36.5,8.4,9.0,7.5,8.0,32.9,MEDIUM,MEDIUM,MEDIUM,MEDIUM,S,27.5,24.5
2026-06-08 14:30,14,30,0,-0.6088,-0.7934,0.0,1.0,0,0,0,Clear,1.0,8.4,9.0,7.5,8.0,41.2,40.0,34.1,34.8,9.1,8.8,7.5,7.7,33.1,MEDIUM,MEDIUM,MEDIUM,MEDIUM,N,28.2,23.8
2026-06-08 14:45,14,45,0,-0.6593,-0.7518,0.0,1.0,0,0,0,Clear,1.0,9.1,8.8,7.5,7.7,38.3,39.4,36.6,35.9,8.4,8.7,8.1,7.9,33.1,MEDIUM,MEDIUM,MEDIUM,MEDIUM,S,26.9,25.1
2026-06-08 15:00,15,0,0,-0.7071,-0.7071,0.0,1.0,0,0,0,Rain,1.25,8.4,8.7,8.1,7.9,49.0,49.8,43.7,43.0,10.8,11.0,9.6,9.5,40.9,MEDIUM,MEDIUM,MEDIUM,MEDIUM,S,27.7,24.3
2026-06-08 15:15,15,15,0,-0.7518,-0.6593,0.0,1.0,0,0,0,Clear,1.0,10.8,11.0,9.6,9.5,41.9,41.2,34.5,34.8,9.2,9.1,7.6,7.7,33.6,MEDIUM,MEDIUM,MEDIUM,MEDIUM,N,28.4,23.6
2026-06-08 15:30,15,30,0,-0.7934,-0.6088,0.0,1.0,0,0,0,Clear,1.0,9.2,9.1,7.6,7.7,38.7,39.3,35.1,34.3,8.5,8.6,7.7,7.5,32.3,MEDIUM,MEDIUM,MEDIUM,MEDIUM,S,27.5,24.5
2026-06-08 15:45,15,45,0,-0.8315,-0.5556,0.0,1.0,0,0,0,Clear,1.0,8.5,8.6,7.7,7.5,40.8,38.4,35.4,35.4,9.0,8.4,7.8,7.8,33.0,MEDIUM,MEDIUM,MEDIUM,MEDIUM,N,27.6,24.4
2026-06-08 16:00,16,0,0,-0.866,-0.5,0.0,1.0,0,0,1,Clear,1.0,9.0,8.4,7.8,7.8,18.2,115.2,17.3,81.0,4.0,25.3,3.8,17.8,50.9,LOW,VERY_HIGH,LOW,HIGH,S,30.3,21.7
2026-06-08 16:15,16,15,0,-0.8969,-0.4423,0.0,1.0,0,0,1,Clear,1.0,4.0,25.3,3.8,17.8,18.0,112.7,18.1,84.0,4.0,24.8,4.0,18.5,51.3,LOW,VERY_HIGH,LOW,HIGH,S,29.6,22.4
2026-06-08 16:30,16,30,0,-0.9239,-0.3827,0.0,1.0,0,0,1,Clear,1.0,4.0,24.8,4.0,18.5,18.8,113.4,17.4,84.9,4.1,24.9,3.8,18.7,51.5,LOW,VERY_HIGH,LOW,HIGH,S,29.6,22.4
2026-06-08 16:45,16,45,0,-0.9469,-0.3214,0.0,1.0,0,0,1,Clear,1.0,4.1,24.9,3.8,18.7,18.1,113.8,17.5,85.8,4.0,25.0,3.9,18.9,51.8,LOW,VERY_HIGH,LOW,HIGH,S,29.5,22.5
2026-06-08 17:00,17,0,0,-0.9659,-0.2588,0.0,1.0,0,0,1,Clear,1.0,4.0,25.0,3.9,18.9,17.9,137.1,17.8,105.2,3.9,30.2,3.9,23.1,61.1,LOW,VERY_HIGH,LOW,HIGH,S,29.3,22.7
2026-06-08 17:15,17,15,0,-0.9808,-0.1951,0.0,1.0,0,0,1,Clear,1.0,3.9,30.2,3.9,23.1,18.0,138.5,18.7,99.1,4.0,30.5,4.1,21.8,60.4,LOW,VERY_HIGH,LOW,HIGH,S,30.1,21.9
2026-06-08 17:30,17,30,0,-0.9914,-0.1305,0.0,1.0,0,0,1,Clear,1.0,4.0,30.5,4.1,21.8,18.2,136.4,18.1,104.9,4.0,30.0,4.0,23.1,61.1,LOW,VERY_HIGH,LOW,HIGH,S,29.2,22.8
2026-06-08 17:45,17,45,0,-0.9979,-0.0654,0.0,1.0,0,0,1,Clear,1.0,4.0,30.0,4.0,23.1,17.6,127.1,18.2,102.7,3.9,28.0,4.0,22.6,58.5,LOW,VERY_HIGH,LOW,HIGH,S,28.6,23.4
2026-06-08 18:00,18,0,0,-1.0,-0.0,0.0,1.0,0,0,1,Clear,1.0,3.9,28.0,4.0,22.6,18.0,131.3,17.7,102.5,4.0,28.9,3.9,22.6,59.4,LOW,VERY_HIGH,LOW,HIGH,S,29.1,22.9
2026-06-08 18:15,18,15,0,-0.9979,0.0654,0.0,1.0,0,0,1,Clear,1.0,4.0,28.9,3.9,22.6,17.5,135.1,17.8,100.9,3.9,29.7,3.9,22.2,59.7,LOW,VERY_HIGH,LOW,HIGH,S,29.6,22.4
2026-06-08 18:30,18,30,0,-0.9914,0.1305,0.0,1.0,0,0,1,Clear,1.0,3.9,29.7,3.9,22.2,18.5,129.9,18.0,105.0,4.1,28.6,4.0,23.1,59.8,LOW,VERY_HIGH,LOW,HIGH,S,28.6,23.4
2026-06-08 18:45,18,45,0,-0.9808,0.1951,0.0,1.0,0,0,1,Clear,1.0,4.1,28.6,4.0,23.1,18.7,136.8,17.1,97.1,4.1,30.1,3.8,21.4,59.4,LOW,VERY_HIGH,LOW,HIGH,S,30.2,21.8
2026-06-08 19:00,19,0,0,-0.9659,0.2588,0.0,1.0,0,0,1,Clear,1.0,4.1,30.1,3.8,21.4,18.6,107.0,17.6,85.7,4.1,23.5,3.9,18.9,50.4,LOW,HIGH,LOW,HIGH,S,28.7,23.3
2026-06-08 19:15,19,15,0,-0.9469,0.3214,0.0,1.0,0,0,1,Clear,1.0,4.1,23.5,3.9,18.9,18.1,108.6,18.4,83.8,4.0,23.9,4.0,18.4,50.3,LOW,HIGH,LOW,HIGH,S,29.1,22.9
2026-06-08 19:30,19,30,0,-0.9239,0.3827,0.0,1.0,0,0,1,Rain,1.25,4.0,23.9,4.0,18.4,22.6,135.3,21.7,109.4,5.0,29.8,4.8,24.1,63.7,LOW,VERY_HIGH,LOW,VERY_HIGH,S,28.6,23.4
2026-06-08 19:45,19,45,0,-0.8969,0.4423,0.0,1.0,0,0,1,Clear,1.0,5.0,29.8,4.8,24.1,17.5,106.0,17.9,83.0,3.9,23.3,3.9,18.3,49.4,LOW,HIGH,LOW,HIGH,S,29.0,23.0
2026-06-08 20:00,20,0,0,-0.866,0.5,0.0,1.0,0,0,0,Rain,1.25,3.9,23.3,3.9,18.3,31.8,30.7,26.4,26.6,7.0,6.8,5.8,5.9,25.5,MEDIUM,MEDIUM,LOW,LOW,N,28.2,23.8
2026-06-08 20:15,20,15,0,-0.8315,0.5556,0.0,1.0,0,0,0,Clear,1.0,7.0,6.8,5.8,5.9,26.1,25.9,20.9,21.9,5.7,5.7,4.6,4.8,20.8,LOW,LOW,LOW,LOW,N,28.4,23.6
2026-06-08 20:30,20,30,0,-0.7934,0.6088,0.0,1.0,0,0,0,Clear,1.0,5.7,5.7,4.6,4.8,25.8,24.1,22.2,22.4,5.7,5.3,4.9,4.9,20.8,LOW,LOW,LOW,LOW,N,27.6,24.4
2026-06-08 20:45,20,45,0,-0.7518,0.6593,0.0,1.0,0,0,0,Clear,1.0,5.7,5.3,4.9,4.9,26.0,26.1,22.2,21.4,5.7,5.7,4.9,4.7,21.0,LOW,LOW,LOW,LOW,N,28.2,23.8
2026-06-08 21:00,21,0,0,-0.7071,0.7071,0.0,1.0,0,0,0,Clear,1.0,5.7,5.7,4.9,4.7,25.5,26.2,22.2,22.3,5.6,5.8,4.9,4.9,21.2,LOW,LOW,LOW,LOW,S,28.0,24.0
2026-06-08 21:15,21,15,0,-0.6593,0.7518,0.0,1.0,0,0,0,Clear,1.0,5.6,5.8,4.9,4.9,26.1,24.7,22.7,21.7,5.7,5.4,5.0,4.8,20.9,LOW,LOW,LOW,LOW,N,27.8,24.2
2026-06-08 21:30,21,30,0,-0.6088,0.7934,0.0,1.0,0,0,0,Clear,1.0,5.7,5.4,5.0,4.8,24.2,26.2,22.5,22.5,5.3,5.8,5.0,5.0,21.1,LOW,LOW,LOW,LOW,S,27.7,24.3
2026-06-08 21:45,21,45,0,-0.5556,0.8315,0.0,1.0,0,0,0,Clear,1.0,5.3,5.8,5.0,5.0,25.7,25.6,22.9,21.6,5.7,5.6,5.0,4.8,21.1,LOW,LOW,LOW,LOW,N,27.7,24.3
2026-06-08 22:00,22,0,0,-0.5,0.866,0.0,1.0,0,0,0,Clear,1.0,5.7,5.6,5.0,4.8,26.1,25.1,21.5,21.2,5.7,5.5,4.7,4.7,20.6,LOW,LOW,LOW,LOW,N,28.4,23.6
2026-06-08 22:15,22,15,0,-0.4423,0.8969,0.0,1.0,0,0,0,Clear,1.0,5.7,5.5,4.7,4.7,25.5,24.3,23.1,23.1,5.6,5.3,5.1,5.1,21.1,LOW,LOW,LOW,LOW,N,27.1,24.9
2026-06-08 22:30,22,30,0,-0.3827,0.9239,0.0,1.0,0,0,0,Clear,1.0,5.6,5.3,5.1,5.1,23.8,25.3,22.4,21.3,5.2,5.6,4.9,4.7,20.4,LOW,LOW,LOW,LOW,S,27.5,24.5
2026-06-08 22:45,22,45,0,-0.3214,0.9469,0.0,1.0,0,0,0,Clear,1.0,5.2,5.6,4.9,4.7,23.8,25.5,21.1,21.2,5.2,5.6,4.6,4.7,20.1,LOW,LOW,LOW,LOW,S,28.2,23.8
2026-06-08 23:00,23,0,0,-0.2588,0.9659,0.0,1.0,0,0,0,Rain,1.25,5.2,5.6,4.6,4.7,7.1,7.3,6.2,6.2,1.6,1.6,1.4,1.4,6.0,LOW,LOW,LOW,LOW,N,28.0,24.0
2026-06-08 23:15,23,15,0,-0.1951,0.9808,0.0,1.0,0,0,0,Clear,1.0,1.6,1.6,1.4,1.4,5.7,6.2,5.1,5.2,1.3,1.4,1.1,1.1,4.9,LOW,LOW,LOW,LOW,S,28.1,23.9
2026-06-08 23:30,23,30,0,-0.1305,0.9914,0.0,1.0,0,0,0,Clear,1.0,1.3,1.4,1.1,1.1,5.8,5.9,5.2,5.2,1.3,1.3,1.1,1.1,4.8,LOW,LOW,LOW,LOW,N,27.6,24.4
2026-06-08 23:45,23,45,0,-0.0654,0.9979,0.0,1.0,0,0,0,Clear,1.0,1.3,1.3,1.1,1.1,6.2,6.3,5.0,5.0,1.4,1.4,1.1,1.1,5.0,LOW,LOW,LOW,LOW,N,28.9,23.1
2026-06-09 00:00,0,0,1,0.0,1.0,0.7818,0.6235,0,0,0,Clear,1.0,1.4,1.4,1.1,1.1,6.2,5.8,5.2,4.9,1.4,1.3,1.1,1.1,4.9,LOW,LOW,LOW,LOW,N,28.3,23.7
2026-06-09 00:15,0,15,1,0.0654,0.9979,0.7818,0.6235,0,0,0,Rain,1.25,1.4,1.3,1.1,1.1,7.7,7.4,6.2,6.1,1.7,1.6,1.4,1.3,6.0,LOW,LOW,LOW,LOW,N,28.7,23.3
2026-06-09 00:30,0,30,1,0.1305,0.9914,0.7818,0.6235,0,0,0,Clear,1.0,1.7,1.6,1.4,1.3,5.9,6.0,5.0,4.8,1.3,1.3,1.1,1.1,4.8,LOW,LOW,LOW,LOW,N,28.4,23.6
2026-06-09 00:45,0,45,1,0.1951,0.9808,0.7818,0.6235,0,0,0,Clear,1.0,1.3,1.3,1.1,1.1,5.8,5.8,4.9,5.0,1.3,1.3,1.1,1.1,4.8,LOW,LOW,LOW,LOW,N,28.0,24.0
2026-06-09 01:00,1,0,1,0.2588,0.9659,0.7818,0.6235,0,0,0,Clear,1.0,1.3,1.3,1.1,1.1,6.1,6.0,5.1,4.8,1.3,1.3,1.1,1.1,4.8,LOW,LOW,LOW,LOW,N,28.5,23.5
2026-06-09 01:15,1,15,1,0.3214,0.9469,0.7818,0.6235,0,0,0,Clear,1.0,1.3,1.3,1.1,1.1,5.9,5.9,5.0,5.0,1.3,1.3,1.1,1.1,4.8,LOW,LOW,LOW,LOW,N,28.1,23.9
2026-06-09 01:30,1,30,1,0.3827,0.9239,0.7818,0.6235,0,0,0,Clear,1.0,1.3,1.3,1.1,1.1,6.0,5.9,5.0,4.8,1.3,1.3,1.1,1.1,4.8,LOW,LOW,LOW,LOW,N,28.4,23.6
2026-06-09 01:45,1,45,1,0.4423,0.8969,0.7818,0.6235,0,0,0,Clear,1.0,1.3,1.3,1.1,1.1,5.9,5.8,4.9,4.8,1.3,1.3,1.1,1.1,4.8,LOW,LOW,LOW,LOW,N,28.4,23.6
2026-06-09 02:00,2,0,1,0.5,0.866,0.7818,0.6235,0,0,0,Clear,1.0,1.3,1.3,1.1,1.1,6.0,5.7,5.1,5.0,1.3,1.3,1.1,1.1,4.8,LOW,LOW,LOW,LOW,N,28.0,24.0
2026-06-09 02:15,2,15,1,0.5556,0.8315,0.7818,0.6235,0,0,0,Clear,1.0,1.3,1.3,1.1,1.1,5.7,5.8,4.8,4.8,1.3,1.3,1.1,1.1,4.8,LOW,LOW,LOW,LOW,N,28.4,23.6
2026-06-09 02:30,2,30,1,0.6088,0.7934,0.7818,0.6235,0,0,0,Clear,1.0,1.3,1.3,1.1,1.1,6.0,6.1,5.0,5.0,1.3,1.3,1.1,1.1,4.8,LOW,LOW,LOW,LOW,N,28.5,23.5
2026-06-09 02:45,2,45,1,0.6593,0.7518,0.7818,0.6235,0,0,0,Clear,1.0,1.3,1.3,1.1,1.1,5.9,6.3,4.8,5.0,1.3,1.4,1.1,1.1,4.9,LOW,LOW,LOW,LOW,S,28.9,23.1
2026-06-09 03:00,3,0,1,0.7071,0.7071,0.7818,0.6235,0,0,0,Clear,1.0,1.3,1.4,1.1,1.1,5.8,6.0,5.2,5.1,1.3,1.3,1.1,1.1,4.8,LOW,LOW,LOW,LOW,N,27.8,24.2
2026-06-09 03:15,3,15,1,0.7518,0.6593,0.7818,0.6235,0,0,0,Clear,1.0,1.3,1.3,1.1,1.1,5.9,6.0,4.9,4.8,1.3,1.3,1.1,1.1,4.8,LOW,LOW,LOW,LOW,N,28.6,23.4
2026-06-09 03:30,3,30,1,0.7934,0.6088,0.7818,0.6235,0,0,0,Clear,1.0,1.3,1.3,1.1,1.1,5.8,6.1,5.2,4.9,1.3,1.3,1.1,1.1,4.8,LOW,LOW,LOW,LOW,N,28.1,23.9
2026-06-09 03:45,3,45,1,0.8315,0.5556,0.7818,0.6235,0,0,0,Clear,1.0,1.3,1.3,1.1,1.1,6.0,6.1,4.8,4.8,1.3,1.3,1.1,1.1,4.8,LOW,LOW,LOW,LOW,N,29.0,23.0
2026-06-09 04:00,4,0,1,0.866,0.5,0.7818,0.6235,0,0,0,Clear,1.0,1.3,1.3,1.1,1.1,5.9,6.0,4.8,4.8,1.3,1.3,1.1,1.1,4.8,LOW,LOW,LOW,LOW,N,28.8,23.2
2026-06-09 04:15,4,15,1,0.8969,0.4423,0.7818,0.6235,0,0,0,Clear,1.0,1.3,1.3,1.1,1.1,5.8,6.2,5.2,4.9,1.3,1.4,1.1,1.1,4.9,LOW,LOW,LOW,LOW,S,28.3,23.7
2026-06-09 04:30,4,30,1,0.9239,0.3827,0.7818,0.6235,0,0,0,Clear,1.0,1.3,1.4,1.1,1.1,5.9,5.7,4.8,5.2,1.3,1.3,1.1,1.1,4.8,LOW,LOW,LOW,LOW,N,27.8,24.2
2026-06-09 04:45,4,45,1,0.9469,0.3214,0.7818,0.6235,0,0,0,Clear,1.0,1.3,1.3,1.1,1.1,6.2,5.9,5.1,4.9,1.4,1.3,1.1,1.1,4.9,LOW,LOW,LOW,LOW,N,28.5,23.5
2026-06-09 05:00,5,0,1,0.9659,0.2588,0.7818,0.6235,0,0,0,Clear,1.0,1.4,1.3,1.1,1.1,6.0,6.0,5.2,4.9,1.3,1.3,1.1,1.1,4.8,LOW,LOW,LOW,LOW,N,28.1,23.9
2026-06-09 05:15,5,15,1,0.9808,0.1951,0.7818,0.6235,0,0,0,Rain,1.25,1.3,1.3,1.1,1.1,7.6,7.3,6.3,6.5,1.7,1.6,1.4,1.4,6.1,LOW,LOW,LOW,LOW,N,28.0,24.0
2026-06-09 05:30,5,30,1,0.9914,0.1305,0.7818,0.6235,0,0,0,Clear,1.0,1.7,1.6,1.4,1.4,6.0,6.1,5.2,4.9,1.3,1.3,1.1,1.1,4.8,LOW,LOW,LOW,LOW,N,28.2,23.8
2026-06-09 05:45,5,45,1,0.9979,0.0654,0.7818,0.6235,0,0,0,Clear,1.0,1.3,1.3,1.1,1.1,6.1,6.0,4.8,4.9,1.3,1.3,1.1,1.1,4.8,LOW,LOW,LOW,LOW,N,28.8,23.2
2026-06-09 06:00,6,0,1,1.0,0.0,0.7818,0.6235,0,0,0,Clear,1.0,1.3,1.3,1.1,1.1,25.0,25.6,23.1,22.1,5.5,5.6,5.1,4.9,21.1,LOW,LOW,LOW,LOW,S,27.4,24.6
2026-06-09 06:15,6,15,1,0.9979,-0.0654,0.7818,0.6235,0,0,0,Clear,1.0,5.5,5.6,5.1,4.9,26.1,25.0,21.5,22.5,5.7,5.5,4.7,5.0,20.9,LOW,LOW,LOW,LOW,N,27.9,24.1
2026-06-09 06:30,6,30,1,0.9914,-0.1305,0.7818,0.6235,0,0,0,Clear,1.0,5.7,5.5,4.7,5.0,24.6,24.8,22.9,22.6,5.4,5.5,5.0,5.0,20.9,LOW,LOW,LOW,LOW,S,27.1,24.9
2026-06-09 06:45,6,45,1,0.9808,-0.1951,0.7818,0.6235,0,0,0,Clear,1.0,5.4,5.5,5.0,5.0,26.0,25.5,22.1,22.0,5.7,5.6,4.9,4.8,21.0,LOW,LOW,LOW,LOW,N,28.1,23.9
2026-06-09 07:00,7,0,1,0.9659,-0.2588,0.7818,0.6235,0,1,0,Clear,1.0,5.7,5.6,4.9,4.8,112.6,18.9,82.2,17.3,24.8,4.2,18.1,3.8,50.9,VERY_HIGH,LOW,HIGH,LOW,N,29.9,22.1
2026-06-09 07:15,7,15,1,0.9469,-0.3214,0.7818,0.6235,0,1,0,Clear,1.0,24.8,4.2,18.1,3.8,111.0,18.6,81.6,17.5,24.4,4.1,18.0,3.9,50.4,VERY_HIGH,LOW,HIGH,LOW,N,29.8,22.2
2026-06-09 07:30,7,30,1,0.9239,-0.3827,0.7818,0.6235,0,1,0,Heavy Rain,1.5,24.4,4.1,18.0,3.9,162.8,27.6,131.2,26.3,35.8,6.1,28.9,5.8,76.6,VERY_HIGH,MEDIUM,VERY_HIGH,LOW,N,28.7,23.3
2026-06-09 07:45,7,45,1,0.8969,-0.4423,0.7818,0.6235,0,1,0,Clear,1.0,35.8,6.1,28.9,5.8,113.2,18.4,85.4,18.0,24.9,4.0,18.8,4.0,51.7,VERY_HIGH,LOW,HIGH,LOW,N,29.4,22.6
2026-06-09 08:00,8,0,1,0.866,-0.5,0.7818,0.6235,0,1,0,Rain,1.25,24.9,4.0,18.8,4.0,175.2,22.9,137.6,22.4,38.5,5.0,30.3,4.9,78.7,VERY_HIGH,LOW,VERY_HIGH,LOW,N,29.0,23.0
2026-06-09 08:15,8,15,1,0.8315,-0.5556,0.7818,0.6235,0,1,0,Clear,1.0,38.5,5.0,30.3,4.9,139.9,17.2,111.6,18.8,30.8,3.8,24.6,4.1,63.3,VERY_HIGH,LOW,VERY_HIGH,LOW,N,28.7,23.3
2026-06-09 08:30,8,30,1,0.7934,-0.6088,0.7818,0.6235,0,1,0,Clear,1.0,30.8,3.8,24.6,4.1,147.6,18.9,109.8,17.1,32.5,4.2,24.2,3.8,64.7,VERY_HIGH,LOW,VERY_HIGH,LOW,N,29.7,22.3
2026-06-09 08:45,8,45,1,0.7518,-0.6593,0.7818,0.6235,0,1,0,Clear,1.0,32.5,4.2,24.2,3.8,146.1,17.9,109.6,18.8,32.1,3.9,24.1,4.1,64.2,VERY_HIGH,LOW,VERY_HIGH,LOW,N,29.5,22.5
2026-06-09 09:00,9,0,1,0.7071,-0.7071,0.7818,0.6235,0,1,0,Clear,1.0,32.1,3.9,24.1,4.1,114.3,17.3,85.2,17.6,25.1,3.8,18.7,3.9,51.5,VERY_HIGH,LOW,HIGH,LOW,N,29.6,22.4
2026-06-09 09:15,9,15,1,0.6593,-0.7518,0.7818,0.6235,0,1,0,Clear,1.0,25.1,3.8,18.7,3.9,110.3,17.8,88.8,17.3,24.3,3.9,19.5,3.8,51.5,VERY_HIGH,LOW,HIGH,LOW,N,28.7,23.3
2026-06-09 09:30,9,30,1,0.6088,-0.7934,0.7818,0.6235,0,1,0,Clear,1.0,24.3,3.9,19.5,3.8,115.3,17.5,87.2,17.6,25.4,3.9,19.2,3.9,52.4,VERY_HIGH,LOW,HIGH,LOW,N,29.4,22.6
2026-06-09 09:45,9,45,1,0.5556,-0.8315,0.7818,0.6235,0,1,0,Clear,1.0,25.4,3.9,19.2,3.9,111.0,18.1,86.1,17.6,24.4,4.0,18.9,3.9,51.2,VERY_HIGH,LOW,HIGH,LOW,N,29.1,22.9
2026-06-09 10:00,10,0,1,0.5,-0.866,0.7818,0.6235,0,0,0,Clear,1.0,24.4,4.0,18.9,3.9,24.0,25.9,22.3,21.0,5.3,5.7,4.9,4.6,20.5,LOW,LOW,LOW,LOW,S,27.9,24.1
2026-06-09 10:15,10,15,1,0.4423,-0.8969,0.7818,0.6235,0,0,0,Clear,1.0,5.3,5.7,4.9,4.6,25.8,26.1,22.8,22.5,5.7,5.7,5.0,5.0,21.4,LOW,LOW,LOW,LOW,N,27.8,24.2
2026-06-09 10:30,10,30,1,0.3827,-0.9239,0.7818,0.6235,0,0,0,Clear,1.0,5.7,5.7,5.0,5.0,24.9,24.1,20.9,21.3,5.5,5.3,4.6,4.7,20.1,LOW,LOW,LOW,LOW,N,28.0,24.0
2026-06-09 10:45,10,45,1,0.3214,-0.9469,0.7818,0.6235,0,0,0,Clear,1.0,5.5,5.3,4.6,4.7,24.1,24.7,22.9,22.6,5.3,5.4,5.0,5.0,20.7,LOW,LOW,LOW,LOW,S,26.9,25.1
2026-06-09 11:00,11,0,1,0.2588,-0.9659,0.7818,0.6235,0,0,0,Clear,1.0,5.3,5.4,5.0,5.0,41.3,38.8,35.9,34.9,9.1,8.5,7.9,7.7,33.2,MEDIUM,MEDIUM,MEDIUM,MEDIUM,N,27.7,24.3
2026-06-09 11:15,11,15,1,0.1951,-0.9808,0.7818,0.6235,0,0,0,Clear,1.0,9.1,8.5,7.9,7.7,39.2,39.4,34.3,33.9,8.6,8.7,7.5,7.5,32.3,MEDIUM,MEDIUM,MEDIUM,MEDIUM,S,27.8,24.2
2026-06-09 11:30,11,30,1,0.1305,-0.9914,0.7818,0.6235,0,0,0,Clear,1.0,8.6,8.7,7.5,7.5,40.8,38.9,33.6,34.3,9.0,8.6,7.4,7.5,32.5,MEDIUM,MEDIUM,MEDIUM,MEDIUM,N,28.2,23.8
2026-06-09 11:45,11,45,1,0.0654,-0.9979,0.7818,0.6235,0,0,0,Clear,1.0,9.0,8.6,7.4,7.5,39.6,38.5,35.9,33.4,8.7,8.5,7.9,7.3,32.4,MEDIUM,MEDIUM,MEDIUM,MEDIUM,N,27.4,24.6
2026-06-09 12:00,12,0,1,0.0,-1.0,0.7818,0.6235,0,0,0,Clear,1.0,8.7,8.5,7.9,7.3,38.1,40.3,33.9,34.1,8.4,8.9,7.5,7.5,32.3,MEDIUM,MEDIUM,MEDIUM,MEDIUM,S,28.0,24.0
2026-06-09 12:15,12,15,1,-0.0654,-0.9979,0.7818,0.6235,0,0,0,Clear,1.0,8.4,8.9,7.5,7.5,41.5,40.8,35.2,33.5,9.1,9.0,7.7,7.4,33.2,MEDIUM,MEDIUM,MEDIUM,MEDIUM,N,28.2,23.8
2026-06-09 12:30,12,30,1,-0.1305,-0.9914,0.7818,0.6235,0,0,0,Clear,1.0,9.1,9.0,7.7,7.4,40.2,39.9,33.4,36.7,8.8,8.8,7.3,8.1,33.0,MEDIUM,MEDIUM,MEDIUM,MEDIUM,N,27.5,24.5
2026-06-09 12:45,12,45,1,-0.1951,-0.9808,0.7818,0.6235,0,0,0,Clear,1.0,8.8,8.8,7.3,8.1,40.0,38.6,35.6,34.0,8.8,8.5,7.8,7.5,32.6,MEDIUM,MEDIUM,MEDIUM,MEDIUM,N,27.5,24.5
2026-06-09 13:00,13,0,1,-0.2588,-0.9659,0.7818,0.6235,0,0,0,Clear,1.0,8.8,8.5,7.8,7.5,39.0,40.2,36.4,35.5,8.6,8.8,8.0,7.8,33.2,MEDIUM,MEDIUM,MEDIUM,MEDIUM,S,27.3,24.7
2026-06-09 13:15,13,15,1,-0.3214,-0.9469,0.7818,0.6235,0,0,0,Clear,1.0,8.6,8.8,8.0,7.8,38.5,41.5,36.1,33.3,8.5,9.1,7.9,7.3,32.8,MEDIUM,MEDIUM,MEDIUM,MEDIUM,S,27.8,24.2
2026-06-09 13:30,13,30,1,-0.3827,-0.9239,0.7818,0.6235,0,0,0,Clear,1.0,8.5,9.1,7.9,7.3,39.5,38.4,36.1,33.3,8.7,8.4,7.9,7.3,32.3,MEDIUM,MEDIUM,MEDIUM,MEDIUM,N,27.3,24.7
2026-06-09 13:45,13,45,1,-0.4423,-0.8969,0.7818,0.6235,0,0,0,Clear,1.0,8.7,8.4,7.9,7.3,40.1,39.8,36.7,33.3,8.8,8.8,8.1,7.3,33.0,MEDIUM,MEDIUM,MEDIUM,MEDIUM,N,27.4,24.6
2026-06-09 14:00,14,0,1,-0.5,-0.866,0.7818,0.6235,0,0,0,Rain,1.25,8.8,8.8,8.1,7.3,51.9,50.4,43.5,44.1,11.4,11.1,9.6,9.7,41.8,MEDIUM,MEDIUM,MEDIUM,MEDIUM,N,28.1,23.9
2026-06-09 14:15,14,15,1,-0.5556,-0.8315,0.7818,0.6235,0,0,0,Clear,1.0,11.4,11.1,9.6,9.7,39.5,40.9,34.7,33.4,8.7,9.0,7.6,7.3,32.6,MEDIUM,MEDIUM,MEDIUM,MEDIUM,S,28.1,23.9
2026-06-09 14:30,14,30,1,-0.6088,-0.7934,0.7818,0.6235,0,0,0,Clear,1.0,8.7,9.0,7.6,7.3,38.9,39.2,35.5,36.4,8.6,8.6,7.8,8.0,33.0,MEDIUM,MEDIUM,MEDIUM,MEDIUM,N,27.0,25.0
2026-06-09 14:45,14,45,1,-0.6593,-0.7518,0.7818,0.6235,0,0,0,Clear,1.0,8.6,8.6,7.8,8.0,38.7,41.0,34.3,35.3,8.5,9.0,7.5,7.8,32.8,MEDIUM,MEDIUM,MEDIUM,MEDIUM,S,27.8,24.2
2026-06-09 15:00,15,0,1,-0.7071,-0.7071,0.7818,0.6235,0,0,0,Clear,1.0,8.5,9.0,7.5,7.8,41.9,41.8,35.7,36.6,9.2,9.2,7.9,8.1,34.4,MEDIUM,MEDIUM,MEDIUM,MEDIUM,N,27.8,24.2
2026-06-09 15:15,15,15,1,-0.7518,-0.6593,0.7818,0.6235,0,0,0,Clear,1.0,9.2,9.2,7.9,8.1,39.4,39.9,35.8,34.3,8.7,8.8,7.9,7.5,32.9,MEDIUM,MEDIUM,MEDIUM,MEDIUM,S,27.5,24.5
2026-06-09 15:30,15,30,1,-0.7934,-0.6088,0.7818,0.6235,0,0,0,Clear,1.0,8.7,8.8,7.9,7.5,41.1,38.5,35.1,36.3,9.0,8.5,7.7,8.0,33.2,MEDIUM,MEDIUM,MEDIUM,MEDIUM,N,27.5,24.5
2026-06-09 15:45,15,45,1,-0.8315,-0.5556,0.7818,0.6235,0,0,0,Rain,1.25,9.0,8.5,7.7,8.0,50.9,51.7,41.7,44.2,11.2,11.4,9.2,9.7,41.5,MEDIUM,MEDIUM,MEDIUM,MEDIUM,S,28.2,23.8
2026-06-09 16:00,16,0,1,-0.866,-0.5,0.7818,0.6235,0,0,1,Clear,1.0,11.2,11.4,9.2,9.7,17.3,110.2,18.0,83.8,3.8,24.2,4.0,18.4,50.4,LOW,VERY_HIGH,LOW,HIGH,S,29.3,22.7
2026-06-09 16:15,16,15,1,-0.8969,-0.4423,0.7818,0.6235,0,0,1,Clear,1.0,3.8,24.2,4.0,18.4,17.4,107.9,18.0,87.7,3.8,23.7,4.0,19.3,50.8,LOW,HIGH,LOW,HIGH,S,28.5,23.5
2026-06-09 16:30,16,30,1,-0.9239,-0.3827,0.7818,0.6235,0,0,1,Clear,1.0,3.8,23.7,4.0,19.3,18.8,113.3,18.3,84.5,4.1,24.9,4.0,18.6,51.6,LOW,VERY_HIGH,LOW,HIGH,S,29.6,22.4
2026-06-09 16:45,16,45,1,-0.9469,-0.3214,0.7818,0.6235,0,0,1,Rain,1.25,4.1,24.9,4.0,18.6,22.4,141.5,22.2,110.9,4.9,31.1,4.9,24.4,65.3,LOW,VERY_HIGH,LOW,VERY_HIGH,S,29.0,23.0
2026-06-09 17:00,17,0,1,-0.9659,-0.2588,0.7818,0.6235,0,0,1,Rain,1.25,4.9,31.1,4.9,24.4,23.6,158.2,23.5,131.3,5.2,34.8,5.2,28.9,74.1,LOW,VERY_HIGH,LOW,VERY_HIGH,S,28.3,23.7
2026-06-09 17:15,17,15,1,-0.9808,-0.1951,0.7818,0.6235,0,0,1,Clear,1.0,5.2,34.8,5.2,28.9,17.6,127.1,18.8,98.4,3.9,28.0,4.1,21.6,57.6,LOW,VERY_HIGH,LOW,HIGH,S,29.1,22.9
2026-06-09 17:30,17,30,1,-0.9914,-0.1305,0.7818,0.6235,0,0,1,Clear,1.0,3.9,28.0,4.1,21.6,18.5,138.4,18.2,103.6,4.1,30.4,4.0,22.8,61.3,LOW,VERY_HIGH,LOW,HIGH,S,29.6,22.4
2026-06-09 17:45,17,45,1,-0.9979,-0.0654,0.7818,0.6235,0,0,1,Clear,1.0,4.1,30.4,4.0,22.8,17.2,138.5,17.5,99.6,3.8,30.5,3.9,21.9,60.1,LOW,VERY_HIGH,LOW,HIGH,S,30.0,22.0
2026-06-09 18:00,18,0,1,-1.0,-0.0,0.7818,0.6235,0,0,1,Rain,1.25,3.8,30.5,3.9,21.9,22.6,160.3,23.4,121.5,5.0,35.3,5.1,26.7,72.1,LOW,VERY_HIGH,LOW,VERY_HIGH,S,29.4,22.6
2026-06-09 18:15,18,15,1,-0.9979,0.0654,0.7818,0.6235,0,0,1,Clear,1.0,5.0,35.3,5.1,26.7,18.7,134.9,17.5,102.3,4.1,29.7,3.9,22.5,60.2,LOW,VERY_HIGH,LOW,HIGH,S,29.4,22.6
2026-06-09 18:30,18,30,1,-0.9914,0.1305,0.7818,0.6235,0,0,1,Clear,1.0,4.1,29.7,3.9,22.5,17.3,130.0,17.9,102.1,3.8,28.6,3.9,22.5,58.8,LOW,VERY_HIGH,LOW,HIGH,S,28.9,23.1
2026-06-09 18:45,18,45,1,-0.9808,0.1951,0.7818,0.6235,0,0,1,Clear,1.0,3.8,28.6,3.9,22.5,18.2,127.9,18.8,106.3,4.0,28.1,4.1,23.4,59.6,LOW,VERY_HIGH,LOW,HIGH,S,28.3,23.7
2026-06-09 19:00,19,0,1,-0.9659,0.2588,0.7818,0.6235,0,0,1,Clear,1.0,4.0,28.1,4.1,23.4,17.8,113.0,18.6,85.5,3.9,24.9,4.1,18.8,51.7,LOW,VERY_HIGH,LOW,HIGH,S,29.4,22.6
2026-06-09 19:15,19,15,1,-0.9469,0.3214,0.7818,0.6235,0,0,1,Clear,1.0,3.9,24.9,4.1,18.8,17.4,114.4,17.9,89.1,3.8,25.2,3.9,19.6,52.5,LOW,VERY_HIGH,LOW,HIGH,S,29.0,23.0
2026-06-09 19:30,19,30,1,-0.9239,0.3827,0.7818,0.6235,0,0,1,Clear,1.0,3.8,25.2,3.9,19.6,18.6,107.0,18.4,87.0,4.1,23.5,4.0,19.1,50.7,LOW,HIGH,LOW,HIGH,S,28.5,23.5
2026-06-09 19:45,19,45,1,-0.8969,0.4423,0.7818,0.6235,0,0,1,Clear,1.0,4.1,23.5,4.0,19.1,17.2,115.5,17.2,87.8,3.8,25.4,3.8,19.3,52.3,LOW,VERY_HIGH,LOW,HIGH,S,29.3,22.7
2026-06-09 20:00,20,0,1,-0.866,0.5,0.7818,0.6235,0,0,0,Clear,1.0,3.8,25.4,3.8,19.3,25.2,24.7,21.0,22.1,5.5,5.4,4.6,4.9,20.4,LOW,LOW,LOW,LOW,N,27.8,24.2
2026-06-09 20:15,20,15,1,-0.8315,0.5556,0.7818,0.6235,0,0,0,Clear,1.0,5.5,5.4,4.6,4.9,24.6,25.0,22.5,20.9,5.4,5.5,5.0,4.6,20.5,LOW,LOW,LOW,LOW,S,27.6,24.4
2026-06-09 20:30,20,30,1,-0.7934,0.6088,0.7818,0.6235,0,0,0,Clear,1.0,5.4,5.5,5.0,4.6,24.8,25.6,22.4,22.7,5.5,5.6,4.9,5.0,21.0,LOW,LOW,LOW,LOW,S,27.5,24.5
2026-06-09 20:45,20,45,1,-0.7518,0.6593,0.7818,0.6235,0,0,0,Heavy Rain,1.5,5.5,5.6,4.9,5.0,39.2,38.4,31.6,33.4,8.6,8.4,7.0,7.3,31.3,MEDIUM,MEDIUM,MEDIUM,MEDIUM,N,28.2,23.8
2026-06-09 21:00,21,0,1,-0.7071,0.7071,0.7818,0.6235,0,0,0,Clear,1.0,8.6,8.4,7.0,7.3,24.7,25.1,22.3,21.7,5.4,5.5,4.9,4.8,20.6,LOW,LOW,LOW,LOW,S,27.6,24.4
2026-06-09 21:15,21,15,1,-0.6593,0.7518,0.7818,0.6235,0,0,0,Rain,1.25,5.4,5.5,4.9,4.8,31.8,30.7,27.7,28.4,7.0,6.8,6.1,6.2,26.1,MEDIUM,MEDIUM,MEDIUM,MEDIUM,N,27.4,24.6
2026-06-09 21:30,21,30,1,-0.6088,0.7934,0.7818,0.6235,0,0,0,Clear,1.0,7.0,6.8,6.1,6.2,23.8,24.3,22.6,21.4,5.2,5.3,5.0,4.7,20.2,LOW,LOW,LOW,LOW,S,27.1,24.9
2026-06-09 21:45,21,45,1,-0.5556,0.8315,0.7818,0.6235,0,0,0,Clear,1.0,5.2,5.3,5.0,4.7,24.2,23.8,22.5,22.6,5.3,5.2,5.0,5.0,20.5,LOW,LOW,LOW,LOW,N,26.8,25.2
2026-06-09 22:00,22,0,1,-0.5,0.866,0.7818,0.6235,0,0,0,Clear,1.0,5.3,5.2,5.0,5.0,25.3,26.0,21.7,21.8,5.6,5.7,4.8,4.8,20.9,LOW,LOW,LOW,LOW,S,28.2,23.8
2026-06-09 22:15,22,15,1,-0.4423,0.8969,0.7818,0.6235,0,0,0,Clear,1.0,5.6,5.7,4.8,4.8,24.1,24.9,22.2,22.9,5.3,5.5,4.9,5.0,20.7,LOW,LOW,LOW,LOW,S,27.1,24.9
2026-06-09 22:30,22,30,1,-0.3827,0.9239,0.7818,0.6235,0,0,0,Clear,1.0,5.3,5.5,4.9,5.0,25.0,25.6,22.3,22.2,5.5,5.6,4.9,4.9,20.9,LOW,LOW,LOW,LOW,S,27.7,24.3
2026-06-09 22:45,22,45,1,-0.3214,0.9469,0.7818,0.6235,0,0,0,Clear,1.0,5.5,5.6,4.9,4.9,24.2,26.2,22.9,22.9,5.3,5.8,5.0,5.0,21.1,LOW,LOW,LOW,LOW,S,27.5,24.5
2026-06-09 23:00,23,0,1,-0.2588,0.9659,0.7818,0.6235,0,0,0,Clear,1.0,5.3,5.8,5.0,5.0,5.8,6.2,5.0,4.8,1.3,1.4,1.1,1.1,4.9,LOW,LOW,LOW,LOW,S,28.7,23.3
2026-06-09 23:15,23,15,1,-0.1951,0.9808,0.7818,0.6235,0,0,0,Clear,1.0,1.3,1.4,1.1,1.1,5.7,5.9,5.2,5.2,1.3,1.3,1.1,1.1,4.8,LOW,LOW,LOW,LOW,N,27.5,24.5
2026-06-09 23:30,23,30,1,-0.1305,0.9914,0.7818,0.6235,0,0,0,Heavy Rain,1.5,1.3,1.3,1.1,1.1,8.9,9.4,7.4,7.7,2.0,2.1,1.6,1.7,7.4,LOW,LOW,LOW,LOW,S,28.5,23.5
2026-06-09 23:45,23,45,1,-0.0654,0.9979,0.7818,0.6235,0,0,0,Rain,1.25,2.0,2.1,1.6,1.7,7.7,7.9,6.5,6.3,1.7,1.7,1.4,1.4,6.2,LOW,LOW,LOW,LOW,N,28.5,23.5
2026-06-10 00:00,0,0,2,0.0,1.0,0.9749,-0.2225,0,0,0,Clear,1.0,1.7,1.7,1.4,1.4,5.9,6.3,4.9,4.9,1.3,1.4,1.1,1.1,4.9,LOW,LOW,LOW,LOW,S,29.0,23.0
2026-06-10 00:15,0,15,2,0.0654,0.9979,0.9749,-0.2225,0,0,0,Heavy Rain,1.5,1.3,1.4,1.1,1.1,8.8,9.1,7.6,7.3,1.9,2.0,1.7,1.6,7.2,LOW,LOW,LOW,LOW,S,28.4,23.6
2026-06-10 00:30,0,30,2,0.1305,0.9914,0.9749,-0.2225,0,0,0,Clear,1.0,1.9,2.0,1.7,1.6,6.3,6.1,5.1,5.2,1.4,1.3,1.1,1.1,4.9,LOW,LOW,LOW,LOW,N,28.4,23.6
2026-06-10 00:45,0,45,2,0.1951,0.9808,0.9749,-0.2225,0,0,0,Heavy Rain,1.5,1.4,1.3,1.1,1.1,8.7,8.6,7.2,7.8,1.9,1.9,1.6,1.7,7.1,LOW,LOW,LOW,LOW,N,27.6,24.4
2026-06-10 01:00,1,0,2,0.2588,0.9659,0.9749,-0.2225,0,0,0,Rain,1.25,1.9,1.9,1.6,1.7,7.4,7.3,6.5,6.4,1.6,1.6,1.4,1.4,6.0,LOW,LOW,LOW,LOW,N,27.7,24.3
2026-06-10 01:15,1,15,2,0.3214,0.9469,0.9749,-0.2225,0,0,0,Clear,1.0,1.6,1.6,1.4,1.4,6.0,6.1,4.9,5.0,1.3,1.3,1.1,1.1,4.8,LOW,LOW,LOW,LOW,N,28.6,23.4
2026-06-10 01:30,1,30,2,0.3827,0.9239,0.9749,-0.2225,0,0,0,Clear,1.0,1.3,1.3,1.1,1.1,5.8,5.9,5.1,4.8,1.3,1.3,1.1,1.1,4.8,LOW,LOW,LOW,LOW,N,28.0,24.0
2026-06-10 01:45,1,45,2,0.4423,0.8969,0.9749,-0.2225,0,0,0,Clear,1.0,1.3,1.3,1.1,1.1,5.8,5.9,4.9,5.1,1.3,1.3,1.1,1.1,4.8,LOW,LOW,LOW,LOW,N,28.0,24.0
2026-06-10 02:00,2,0,2,0.5,0.866,0.9749,-0.2225,0,0,0,Clear,1.0,1.3,1.3,1.1,1.1,5.9,6.2,4.8,4.8,1.3,1.4,1.1,1.1,4.9,LOW,LOW,LOW,LOW,S,29.1,22.9
2026-06-10 02:15,2,15,2,0.5556,0.8315,0.9749,-0.2225,0,0,0,Heavy Rain,1.5,1.3,1.4,1.1,1.1,9.2,9.2,7.2,7.6,2.0,2.0,1.6,1.7,7.3,LOW,LOW,LOW,LOW,N,28.7,23.3
2026-06-10 02:30,2,30,2,0.6088,0.7934,0.9749,-0.2225,0,0,0,Clear,1.0,2.0,2.0,1.6,1.7,5.9,5.8,5.0,5.0,1.3,1.3,1.1,1.1,4.8,LOW,LOW,LOW,LOW,N,28.1,23.9
2026-06-10 02:45,2,45,2,0.6593,0.7518,0.9749,-0.2225,0,0,0,Clear,1.0,1.3,1.3,1.1,1.1,6.3,6.2,4.8,5.1,1.4,1.4,1.1,1.1,5.0,LOW,LOW,LOW,LOW,N,28.9,23.1
2026-06-10 03:00,3,0,2,0.7071,0.7071,0.9749,-0.2225,0,0,0,Clear,1.0,1.4,1.4,1.1,1.1,6.3,5.9,5.2,5.0,1.4,1.3,1.1,1.1,4.9,LOW,LOW,LOW,LOW,N,28.4,23.6
2026-06-10 03:15,3,15,2,0.7518,0.6593,0.9749,-0.2225,0,0,0,Clear,1.0,1.4,1.3,1.1,1.1,5.7,5.9,5.1,4.9,1.3,1.3,1.1,1.1,4.8,LOW,LOW,LOW,LOW,N,27.9,24.1
2026-06-10 03:30,3,30,2,0.7934,0.6088,0.9749,-0.2225,0,0,0,Clear,1.0,1.3,1.3,1.1,1.1,5.9,6.0,4.8,4.8,1.3,1.3,1.1,1.1,4.8,LOW,LOW,LOW,LOW,N,28.8,23.2
2026-06-10 03:45,3,45,2,0.8315,0.5556,0.9749,-0.2225,0,0,0,Clear,1.0,1.3,1.3,1.1,1.1,6.2,6.0,5.0,5.0,1.4,1.3,1.1,1.1,4.9,LOW,LOW,LOW,LOW,N,28.7,23.3
2026-06-10 04:00,4,0,2,0.866,0.5,0.9749,-0.2225,0,0,0,Clear,1.0,1.4,1.3,1.1,1.1,5.9,6.0,4.9,4.9,1.3,1.3,1.1,1.1,4.8,LOW,LOW,LOW,LOW,N,28.6,23.4
2026-06-10 04:15,4,15,2,0.8969,0.4423,0.9749,-0.2225,0,0,0,Clear,1.0,1.3,1.3,1.1,1.1,5.7,5.9,4.8,5.1,1.3,1.3,1.1,1.1,4.8,LOW,LOW,LOW,LOW,N,28.0,24.0
2026-06-10 04:30,4,30,2,0.9239,0.3827,0.9749,-0.2225,0,0,0,Clear,1.0,1.3,1.3,1.1,1.1,6.2,5.9,5.1,4.8,1.4,1.3,1.1,1.1,4.9,LOW,LOW,LOW,LOW,N,28.6,23.4
2026-06-10 04:45,4,45,2,0.9469,0.3214,0.9749,-0.2225,0,0,0,Clear,1.0,1.4,1.3,1.1,1.1,6.2,5.8,5.0,5.1,1.4,1.3,1.1,1.1,4.9,LOW,LOW,LOW,LOW,N,28.4,23.6
2026-06-10 05:00,5,0,2,0.9659,0.2588,0.9749,-0.2225,0,0,0,Clear,1.0,1.4,1.3,1.1,1.1,6.0,6.1,5.0,5.0,1.3,1.3,1.1,1.1,4.8,LOW,LOW,LOW,LOW,N,28.5,23.5
2026-06-10 05:15,5,15,2,0.9808,0.1951,0.9749,-0.2225,0,0,0,Rain,1.25,1.3,1.3,1.1,1.1,7.5,7.8,6.2,6.6,1.6,1.7,1.4,1.5,6.2,LOW,LOW,LOW,LOW,S,28.2,23.8
2026-06-10 05:30,5,30,2,0.9914,0.1305,0.9749,-0.2225,0,0,0,Clear,1.0,1.6,1.7,1.4,1.5,6.0,6.0,5.1,4.8,1.3,1.3,1.1,1.1,4.8,LOW,LOW,LOW,LOW,N,28.3,23.7
2026-06-10 05:45,5,45,2,0.9979,0.0654,0.9749,-0.2225,0,0,0,Clear,1.0,1.3,1.3,1.1,1.1,5.8,6.0,4.8,5.0,1.3,1.3,1.1,1.1,4.8,LOW,LOW,LOW,LOW,N,28.4,23.6
2026-06-10 06:00,6,0,2,1.0,0.0,0.9749,-0.2225,0,0,0,Rain,1.25,1.3,1.3,1.1,1.1,29.8,31.3,28.7,28.0,6.6,6.9,6.3,6.2,26.0,MEDIUM,MEDIUM,MEDIUM,MEDIUM,S,27.0,25.0
2026-06-10 06:15,6,15,2,0.9979,-0.0654,0.9749,-0.2225,0,0,0,Clear,1.0,6.6,6.9,6.3,6.2,25.4,25.8,22.0,22.5,5.6,5.7,4.8,5.0,21.1,LOW,LOW,LOW,LOW,S,27.8,24.2
2026-06-10 06:30,6,30,2,0.9914,-0.1305,0.9749,-0.2225,0,0,0,Clear,1.0,5.6,5.7,4.8,5.0,24.9,23.8,21.2,21.8,5.5,5.2,4.7,4.8,20.2,LOW,LOW,LOW,LOW,N,27.7,24.3
2026-06-10 06:45,6,45,2,0.9808,-0.1951,0.9749,-0.2225,0,0,0,Clear,1.0,5.5,5.2,4.7,4.8,25.3,25.6,22.1,21.9,5.6,5.6,4.9,4.8,20.9,LOW,LOW,LOW,LOW,N,27.9,24.1
2026-06-10 07:00,7,0,2,0.9659,-0.2588,0.9749,-0.2225,0,1,0,Clear,1.0,5.6,5.6,4.9,4.8,105.0,18.8,84.7,17.9,23.1,4.1,18.6,3.9,49.7,HIGH,LOW,HIGH,LOW,N,28.6,23.4
2026-06-10 07:15,7,15,2,0.9469,-0.3214,0.9749,-0.2225,0,1,0,Clear,1.0,23.1,4.1,18.6,3.9,109.3,18.2,88.0,18.4,24.0,4.0,19.4,4.0,51.4,VERY_HIGH,LOW,HIGH,LOW,N,28.6,23.4
2026-06-10 07:30,7,30,2,0.9239,-0.3827,0.9749,-0.2225,0,1,0,Clear,1.0,24.0,4.0,19.4,4.0,107.9,17.5,81.9,18.0,23.7,3.9,18.0,4.0,49.6,HIGH,LOW,HIGH,LOW,N,29.3,22.7
2026-06-10 07:45,7,45,2,0.8969,-0.4423,0.9749,-0.2225,0,1,0,Clear,1.0,23.7,3.9,18.0,4.0,107.5,17.9,84.5,18.3,23.6,3.9,18.6,4.0,50.1,HIGH,LOW,HIGH,LOW,N,28.9,23.1
2026-06-10 08:00,8,0,2,0.866,-0.5,0.9749,-0.2225,0,1,0,Clear,1.0,23.6,3.9,18.6,4.0,143.5,18.6,111.7,18.1,31.6,4.1,24.6,4.0,64.3,VERY_HIGH,LOW,VERY_HIGH,LOW,N,29.1,22.9
2026-06-10 08:15,8,15,2,0.8315,-0.5556,0.9749,-0.2225,0,1,0,Clear,1.0,31.6,4.1,24.6,4.0,140.7,18.8,115.4,17.2,31.0,4.1,25.4,3.8,64.3,VERY_HIGH,LOW,VERY_HIGH,LOW,N,28.5,23.5
2026-06-10 08:30,8,30,2,0.7934,-0.6088,0.9749,-0.2225,0,1,0,Clear,1.0,31.0,4.1,25.4,3.8,143.3,18.4,111.5,17.3,31.5,4.0,24.5,3.8,63.8,VERY_HIGH,LOW,VERY_HIGH,LOW,N,29.1,22.9
2026-06-10 08:45,8,45,2,0.7518,-0.6593,0.9749,-0.2225,0,1,0,Clear,1.0,31.5,4.0,24.5,3.8,144.8,18.1,115.6,18.5,31.9,4.0,25.4,4.1,65.4,VERY_HIGH,LOW,VERY_HIGH,LOW,N,28.8,23.2
2026-06-10 09:00,9,0,2,0.7071,-0.7071,0.9749,-0.2225,0,1,0,Clear,1.0,31.9,4.0,25.4,4.1,108.7,18.7,84.4,17.4,23.9,4.1,18.6,3.8,50.4,HIGH,LOW,HIGH,LOW,N,29.1,22.9
2026-06-10 09:15,9,15,2,0.6593,-0.7518,0.9749,-0.2225,0,1,0,Clear,1.0,23.9,4.1,18.6,3.8,113.3,17.5,85.0,17.9,24.9,3.9,18.7,3.9,51.4,VERY_HIGH,LOW,HIGH,LOW,N,29.5,22.5
2026-06-10 09:30,9,30,2,0.6088,-0.7934,0.9749,-0.2225,0,1,0,Clear,1.0,24.9,3.9,18.7,3.9,104.7,17.8,86.6,17.3,23.0,3.9,19.1,3.8,49.8,HIGH,LOW,HIGH,LOW,N,28.3,23.7
2026-06-10 09:45,9,45,2,0.5556,-0.8315,0.9749,-0.2225,0,1,0,Clear,1.0,23.0,3.9,19.1,3.8,106.9,18.2,84.5,17.6,23.5,4.0,18.6,3.9,50.0,HIGH,LOW,HIGH,LOW,N,28.9,23.1
2026-06-10 10:00,10,0,2,0.5,-0.866,0.9749,-0.2225,0,0,0,Rain,1.25,23.5,4.0,18.6,3.9,30.4,32.1,28.3,26.8,6.7,7.1,6.2,5.9,25.9,MEDIUM,MEDIUM,MEDIUM,LOW,S,27.6,24.4
2026-06-10 10:15,10,15,2,0.4423,-0.8969,0.9749,-0.2225,0,0,0,Clear,1.0,6.7,7.1,6.2,5.9,24.8,25.7,21.9,21.8,5.5,5.7,4.8,4.8,20.8,LOW,LOW,LOW,LOW,S,28.0,24.0
2026-06-10 10:30,10,30,2,0.3827,-0.9239,0.9749,-0.2225,0,0,0,Clear,1.0,5.5,5.7,4.8,4.8,25.4,24.3,22.4,22.9,5.6,5.3,4.9,5.0,20.8,LOW,LOW,LOW,LOW,N,27.3,24.7
2026-06-10 10:45,10,45,2,0.3214,-0.9469,0.9749,-0.2225,0,0,0,Rain,1.25,5.6,5.3,4.9,5.0,32.2,30.6,27.5,27.0,7.1,6.7,6.0,5.9,25.7,MEDIUM,MEDIUM,MEDIUM,LOW,N,27.9,24.1
2026-06-10 11:00,11,0,2,0.2588,-0.9659,0.9749,-0.2225,0,0,0,Rain,1.25,7.1,6.7,6.0,5.9,52.1,49.1,44.7,44.8,11.5,10.8,9.8,9.9,42.0,MEDIUM,MEDIUM,MEDIUM,MEDIUM,N,27.8,24.2
2026-06-10 11:15,11,15,2,0.1951,-0.9808,0.9749,-0.2225,0,0,0,Heavy Rain,1.5,11.5,10.8,9.8,9.9,62.1,61.6,54.8,53.9,13.7,13.6,12.1,11.9,51.3,MEDIUM,MEDIUM,MEDIUM,MEDIUM,N,27.7,24.3
2026-06-10 11:30,11,30,2,0.1305,-0.9914,0.9749,-0.2225,0,0,0,Clear,1.0,13.7,13.6,12.1,11.9,40.7,38.2,36.0,35.7,9.0,8.4,7.9,7.9,33.2,MEDIUM,MEDIUM,MEDIUM,MEDIUM,N,27.4,24.6
2026-06-10 11:45,11,45,2,0.0654,-0.9979,0.9749,-0.2225,0,0,0,Rain,1.25,9.0,8.4,7.9,7.9,51.1,47.7,42.6,43.3,11.2,10.5,9.4,9.5,40.6,MEDIUM,MEDIUM,MEDIUM,MEDIUM,N,28.0,24.0
2026-06-10 12:00,12,0,2,0.0,-1.0,0.9749,-0.2225,0,0,0,Clear,1.0,11.2,10.5,9.4,9.5,38.4,40.8,36.0,33.9,8.4,9.0,7.9,7.5,32.8,MEDIUM,MEDIUM,MEDIUM,MEDIUM,S,27.6,24.4
2026-06-10 12:15,12,15,2,-0.0654,-0.9979,0.9749,-0.2225,0,0,0,Clear,1.0,8.4,9.0,7.9,7.5,38.9,39.2,35.5,34.3,8.6,8.6,7.8,7.5,32.5,MEDIUM,MEDIUM,MEDIUM,MEDIUM,N,27.4,24.6
2026-06-10 12:30,12,30,2,-0.1305,-0.9914,0.9749,-0.2225,0,0,0,Clear,1.0,8.6,8.6,7.8,7.5,40.8,38.9,34.0,34.8,9.0,8.6,7.5,7.7,32.8,MEDIUM,MEDIUM,MEDIUM,MEDIUM,N,28.0,24.0
2026-06-10 12:45,12,45,2,-0.1951,-0.9808,0.9749,-0.2225,0,0,0,Clear,1.0,9.0,8.6,7.5,7.7,41.9,41.7,33.4,34.6,9.2,9.2,7.3,7.6,33.3,MEDIUM,MEDIUM,MEDIUM,MEDIUM,N,28.6,23.4
2026-06-10 13:00,13,0,2,-0.2588,-0.9659,0.9749,-0.2225,0,0,0,Clear,1.0,9.2,9.2,7.3,7.6,41.7,38.7,36.2,35.3,9.2,8.5,8.0,7.8,33.5,MEDIUM,MEDIUM,MEDIUM,MEDIUM,N,27.7,24.3
2026-06-10 13:15,13,15,2,-0.3214,-0.9469,0.9749,-0.2225,0,0,0,Clear,1.0,9.2,8.5,8.0,7.8,38.9,39.7,35.5,34.9,8.6,8.7,7.8,7.7,32.8,MEDIUM,MEDIUM,MEDIUM,MEDIUM,S,27.4,24.6
2026-06-10 13:30,13,30,2,-0.3827,-0.9239,0.9749,-0.2225,0,0,0,Clear,1.0,8.6,8.7,7.8,7.7,40.2,40.4,35.3,36.0,8.8,8.9,7.8,7.9,33.4,MEDIUM,MEDIUM,MEDIUM,MEDIUM,S,27.5,24.5
2026-06-10 13:45,13,45,2,-0.4423,-0.8969,0.9749,-0.2225,0,0,0,Clear,1.0,8.8,8.9,7.8,7.9,39.3,40.6,35.7,33.6,8.6,8.9,7.9,7.4,32.8,MEDIUM,MEDIUM,MEDIUM,MEDIUM,S,27.8,24.2
2026-06-10 14:00,14,0,2,-0.5,-0.866,0.9749,-0.2225,0,0,0,Clear,1.0,8.6,8.9,7.9,7.4,39.2,41.2,35.2,34.3,8.6,9.1,7.7,7.5,32.9,MEDIUM,MEDIUM,MEDIUM,MEDIUM,S,28.0,24.0
2026-06-10 14:15,14,15,2,-0.5556,-0.8315,0.9749,-0.2225,0,0,0,Rain,1.25,8.6,9.1,7.7,7.5,49.6,52.3,42.6,42.3,10.9,11.5,9.4,9.3,41.1,MEDIUM,MEDIUM,MEDIUM,MEDIUM,S,28.5,23.5
2026-06-10 14:30,14,30,2,-0.6088,-0.7934,0.9749,-0.2225,0,0,0,Clear,1.0,10.9,11.5,9.4,9.3,38.0,40.6,33.5,36.3,8.4,8.9,7.4,8.0,32.7,MEDIUM,MEDIUM,MEDIUM,MEDIUM,S,27.5,24.5
2026-06-10 14:45,14,45,2,-0.6593,-0.7518,0.9749,-0.2225,0,0,0,Clear,1.0,8.4,8.9,7.4,8.0,40.0,40.7,36.4,34.5,8.8,9.0,8.0,7.6,33.4,MEDIUM,MEDIUM,MEDIUM,MEDIUM,S,27.6,24.4
2026-06-10 15:00,15,0,2,-0.7071,-0.7071,0.9749,-0.2225,0,0,0,Clear,1.0,8.8,9.0,8.0,7.6,38.1,41.9,36.4,36.0,8.4,9.2,8.0,7.9,33.5,MEDIUM,MEDIUM,MEDIUM,MEDIUM,S,27.6,24.4
2026-06-10 15:15,15,15,2,-0.7518,-0.6593,0.9749,-0.2225,0,0,0,Rain,1.25,8.4,9.2,8.0,7.9,49.5,51.6,43.9,45.0,10.9,11.4,9.7,9.9,41.9,MEDIUM,MEDIUM,MEDIUM,MEDIUM,S,27.7,24.3
2026-06-10 15:30,15,30,2,-0.7934,-0.6088,0.9749,-0.2225,0,0,0,Heavy Rain,1.5,10.9,11.4,9.7,9.9,60.6,61.8,52.5,52.9,13.3,13.6,11.6,11.6,50.1,MEDIUM,MEDIUM,MEDIUM,MEDIUM,S,28.0,24.0
2026-06-10 15:45,15,45,2,-0.8315,-0.5556,0.9749,-0.2225,0,0,0,Rain,1.25,13.3,13.6,11.6,11.6,49.6,50.0,44.2,44.8,10.9,11.0,9.7,9.9,41.5,MEDIUM,MEDIUM,MEDIUM,MEDIUM,S,27.4,24.6
2026-06-10 16:00,16,0,2,-0.866,-0.5,0.9749,-0.2225,0,0,1,Clear,1.0,10.9,11.0,9.7,9.9,18.2,106.3,18.6,85.3,4.0,23.4,4.1,18.8,50.3,LOW,HIGH,LOW,HIGH,S,28.7,23.3
2026-06-10 16:15,16,15,2,-0.8969,-0.4423,0.9749,-0.2225,0,0,1,Clear,1.0,4.0,23.4,4.1,18.8,17.3,109.0,18.7,82.5,3.8,24.0,4.1,18.1,50.0,LOW,VERY_HIGH,LOW,HIGH,S,29.3,22.7
2026-06-10 16:30,16,30,2,-0.9239,-0.3827,0.9749,-0.2225,0,0,1,Clear,1.0,3.8,24.0,4.1,18.1,18.4,115.1,18.9,81.8,4.0,25.3,4.2,18.0,51.5,LOW,VERY_HIGH,LOW,HIGH,S,30.1,21.9
2026-06-10 16:45,16,45,2,-0.9469,-0.3214,0.9749,-0.2225,0,0,1,Clear,1.0,4.0,25.3,4.2,18.0,18.0,108.3,17.3,82.1,4.0,23.8,3.8,18.1,49.7,LOW,HIGH,LOW,HIGH,S,29.4,22.6
2026-06-10 17:00,17,0,2,-0.9659,-0.2588,0.9749,-0.2225,0,0,1,Clear,1.0,4.0,23.8,3.8,18.1,18.7,126.9,18.3,104.3,4.1,27.9,4.0,22.9,58.9,LOW,VERY_HIGH,LOW,HIGH,S,28.4,23.6
2026-06-10 17:15,17,15,2,-0.9808,-0.1951,0.9749,-0.2225,0,0,1,Clear,1.0,4.1,27.9,4.0,22.9,18.5,135.1,18.4,103.1,4.1,29.7,4.0,22.7,60.5,LOW,VERY_HIGH,LOW,HIGH,S,29.3,22.7
2026-06-10 17:30,17,30,2,-0.9914,-0.1305,0.9749,-0.2225,0,0,1,Clear,1.0,4.1,29.7,4.0,22.7,18.1,130.1,17.4,106.8,4.0,28.6,3.8,23.5,59.9,LOW,VERY_HIGH,LOW,HIGH,S,28.5,23.5
2026-06-10 17:45,17,45,2,-0.9979,-0.0654,0.9749,-0.2225,0,0,1,Clear,1.0,4.0,28.6,3.8,23.5,17.5,127.3,18.9,98.4,3.9,28.0,4.2,21.6,57.7,LOW,VERY_HIGH,LOW,HIGH,S,29.1,22.9
2026-06-10 18:00,18,0,2,-1.0,-0.0,0.9749,-0.2225,0,0,1,Rain,1.25,3.9,28.0,4.2,21.6,23.4,173.1,21.8,127.3,5.1,38.1,4.8,28.0,76.0,LOW,VERY_HIGH,LOW,VERY_HIGH,S,29.8,22.2
2026-06-10 18:15,18,15,2,-0.9979,0.0654,0.9749,-0.2225,0,0,1,Clear,1.0,5.1,38.1,4.8,28.0,18.2,136.8,18.2,100.4,4.0,30.1,4.0,22.1,60.2,LOW,VERY_HIGH,LOW,HIGH,S,29.8,22.2
2026-06-10 18:30,18,30,2,-0.9914,0.1305,0.9749,-0.2225,0,0,1,Clear,1.0,4.0,30.1,4.0,22.1,17.4,134.7,17.6,98.7,3.8,29.6,3.9,21.7,59.0,LOW,VERY_HIGH,LOW,HIGH,S,29.8,22.2
2026-06-10 18:45,18,45,2,-0.9808,0.1951,0.9749,-0.2225,0,0,1,Clear,1.0,3.8,29.6,3.9,21.7,18.1,135.7,18.3,104.1,4.0,29.9,4.0,22.9,60.8,LOW,VERY_HIGH,LOW,HIGH,S,29.2,22.8
2026-06-10 19:00,19,0,2,-0.9659,0.2588,0.9749,-0.2225,0,0,1,Clear,1.0,4.0,29.9,4.0,22.9,17.2,110.6,17.5,86.4,3.8,24.3,3.9,19.0,51.0,LOW,VERY_HIGH,LOW,HIGH,S,29.0,23.0
2026-06-10 19:15,19,15,2,-0.9469,0.3214,0.9749,-0.2225,0,0,1,Clear,1.0,3.8,24.3,3.9,19.0,18.8,108.7,17.9,85.5,4.1,23.9,3.9,18.8,50.7,LOW,HIGH,LOW,HIGH,S,29.0,23.0
2026-06-10 19:30,19,30,2,-0.9239,0.3827,0.9749,-0.2225,0,0,1,Clear,1.0,4.1,23.9,3.9,18.8,18.4,104.9,18.5,83.8,4.0,23.1,4.1,18.4,49.6,LOW,HIGH,LOW,HIGH,S,28.7,23.3
2026-06-10 19:45,19,45,2,-0.8969,0.4423,0.9749,-0.2225,0,0,1,Clear,1.0,4.0,23.1,4.1,18.4,17.9,112.4,17.2,87.3,3.9,24.7,3.8,19.2,51.6,LOW,VERY_HIGH,LOW,HIGH,S,29.1,22.9
2026-06-10 20:00,20,0,2,-0.866,0.5,0.9749,-0.2225,0,0,0,Clear,1.0,3.9,24.7,3.8,19.2,23.8,24.3,21.6,22.8,5.2,5.3,4.8,5.0,20.3,LOW,LOW,LOW,LOW,S,26.9,25.1
2026-06-10 20:15,20,15,2,-0.8315,0.5556,0.9749,-0.2225,0,0,0,Rain,1.25,5.2,5.3,4.8,5.0,32.3,32.5,28.3,28.5,7.1,7.2,6.2,6.3,26.8,MEDIUM,MEDIUM,MEDIUM,MEDIUM,S,27.7,24.3
2026-06-10 20:30,20,30,2,-0.7934,0.6088,0.9749,-0.2225,0,0,0,Clear,1.0,7.1,7.2,6.2,6.3,26.2,24.8,22.0,23.1,5.8,5.5,4.8,5.1,21.2,LOW,LOW,LOW,LOW,N,27.6,24.4
2026-06-10 20:45,20,45,2,-0.7518,0.6593,0.9749,-0.2225,0,0,0,Clear,1.0,5.8,5.5,4.8,5.1,24.2,25.5,21.5,22.2,5.3,5.6,4.7,4.9,20.5,LOW,LOW,LOW,LOW,S,27.7,24.3
2026-06-10 21:00,21,0,2,-0.7071,0.7071,0.9749,-0.2225,0,0,0,Clear,1.0,5.3,5.6,4.7,4.9,24.9,25.2,21.8,21.7,5.5,5.5,4.8,4.8,20.6,LOW,LOW,LOW,LOW,N,27.9,24.1
2026-06-10 21:15,21,15,2,-0.6593,0.7518,0.9749,-0.2225,0,0,0,Clear,1.0,5.5,5.5,4.8,4.8,26.2,24.0,23.1,23.1,5.8,5.3,5.1,5.1,21.3,LOW,LOW,LOW,LOW,N,27.3,24.7
2026-06-10 21:30,21,30,2,-0.6088,0.7934,0.9749,-0.2225,0,0,0,Rain,1.25,5.8,5.3,5.1,5.1,30.1,31.4,28.0,26.1,6.6,6.9,6.2,5.7,25.4,MEDIUM,MEDIUM,MEDIUM,LOW,S,27.6,24.4
2026-06-10 21:45,21,45,2,-0.5556,0.8315,0.9749,-0.2225,0,0,0,Clear,1.0,6.6,6.9,6.2,5.7,24.6,24.0,23.1,23.0,5.4,5.3,5.1,5.1,20.9,LOW,LOW,LOW,LOW,N,26.7,25.3
2026-06-10 22:00,22,0,2,-0.5,0.866,0.9749,-0.2225,0,0,0,Rain,1.25,5.4,5.3,5.1,5.1,30.3,31.1,28.3,26.9,6.7,6.8,6.2,5.9,25.6,MEDIUM,MEDIUM,MEDIUM,LOW,S,27.3,24.7
2026-06-10 22:15,22,15,2,-0.4423,0.8969,0.9749,-0.2225,0,0,0,Clear,1.0,6.7,6.8,6.2,5.9,23.8,24.1,22.8,22.4,5.2,5.3,5.0,4.9,20.4,LOW,LOW,LOW,LOW,S,26.7,25.3
2026-06-10 22:30,22,30,2,-0.3827,0.9239,0.9749,-0.2225,0,0,0,Clear,1.0,5.2,5.3,5.0,4.9,24.3,25.9,21.9,22.6,5.3,5.7,4.8,5.0,20.8,LOW,LOW,LOW,LOW,S,27.7,24.3
2026-06-10 22:45,22,45,2,-0.3214,0.9469,0.9749,-0.2225,0,0,0,Heavy Rain,1.5,5.3,5.7,4.8,5.0,37.7,39.0,34.6,33.5,8.3,8.6,7.6,7.4,31.9,MEDIUM,MEDIUM,MEDIUM,MEDIUM,S,27.5,24.5
2026-06-10 23:00,23,0,2,-0.2588,0.9659,0.9749,-0.2225,0,0,0,Clear,1.0,8.3,8.6,7.6,7.4,5.7,6.0,4.8,5.0,1.3,1.3,1.1,1.1,4.8,LOW,LOW,LOW,LOW,N,28.3,23.7
2026-06-10 23:15,23,15,2,-0.1951,0.9808,0.9749,-0.2225,0,0,0,Clear,1.0,1.3,1.3,1.1,1.1,6.1,6.1,5.0,4.8,1.3,1.3,1.1,1.1,4.8,LOW,LOW,LOW,LOW,N,28.7,23.3
2026-06-10 23:30,23,30,2,-0.1305,0.9914,0.9749,-0.2225,0,0,0,Clear,1.0,1.3,1.3,1.1,1.1,6.0,5.8,4.8,4.8,1.3,1.3,1.1,1.1,4.8,LOW,LOW,LOW,LOW,N,28.8,23.2
2026-06-10 23:45,23,45,2,-0.0654,0.9979,0.9749,-0.2225,0,0,0,Heavy Rain,1.5,1.3,1.3,1.1,1.1,9.4,9.1,7.4,7.7,2.1,2.0,1.6,1.7,7.4,LOW,LOW,LOW,LOW,N,28.6,23.4
2026-06-11 00:00,0,0,3,0.0,1.0,0.4339,-0.901,0,0,0,Clear,1.0,2.1,2.0,1.6,1.7,6.0,6.1,5.2,5.0,1.3,1.3,1.1,1.1,4.8,LOW,LOW,LOW,LOW,N,28.1,23.9
2026-06-11 00:15,0,15,3,0.0654,0.9979,0.4339,-0.901,0,0,0,Heavy Rain,1.5,1.3,1.3,1.1,1.1,9.0,8.8,7.4,7.3,2.0,1.9,1.6,1.6,7.1,LOW,LOW,LOW,LOW,N,28.5,23.5
2026-06-11 00:30,0,30,3,0.1305,0.9914,0.4339,-0.901,0,0,0,Clear,1.0,2.0,1.9,1.6,1.6,6.1,6.3,4.9,4.8,1.3,1.4,1.1,1.1,4.9,LOW,LOW,LOW,LOW,S,29.2,22.8
2026-06-11 00:45,0,45,3,0.1951,0.9808,0.4339,-0.901,0,0,0,Rain,1.25,1.3,1.4,1.1,1.1,7.9,7.4,6.6,6.4,1.7,1.6,1.5,1.4,6.2,LOW,LOW,LOW,LOW,N,28.2,23.8
2026-06-11 01:00,1,0,3,0.2588,0.9659,0.4339,-0.901,0,0,0,Rain,1.25,1.7,1.6,1.5,1.4,7.4,7.4,6.4,6.3,1.6,1.6,1.4,1.4,6.0,LOW,LOW,LOW,LOW,N,27.9,24.1
2026-06-11 01:15,1,15,3,0.3214,0.9469,0.4339,-0.901,0,0,0,Clear,1.0,1.6,1.6,1.4,1.4,5.8,6.2,4.8,5.1,1.3,1.4,1.1,1.1,4.9,LOW,LOW,LOW,LOW,S,28.5,23.5
2026-06-11 01:30,1,30,3,0.3827,0.9239,0.4339,-0.901,0,0,0,Clear,1.0,1.3,1.4,1.1,1.1,6.2,6.0,5.1,4.8,1.4,1.3,1.1,1.1,4.9,LOW,LOW,LOW,LOW,N,28.6,23.4
2026-06-11 01:45,1,45,3,0.4423,0.8969,0.4339,-0.901,0,0,0,Clear,1.0,1.4,1.3,1.1,1.1,5.9,6.0,5.2,4.9,1.3,1.3,1.1,1.1,4.8,LOW,LOW,LOW,LOW,N,28.0,24.0
2026-06-11 02:00,2,0,3,0.5,0.866,0.4339,-0.901,0,0,0,Clear,1.0,1.3,1.3,1.1,1.1,5.9,6.1,5.0,5.2,1.3,1.3,1.1,1.1,4.8,LOW,LOW,LOW,LOW,N,28.1,23.9
2026-06-11 02:15,2,15,3,0.5556,0.8315,0.4339,-0.901,0,0,0,Clear,1.0,1.3,1.3,1.1,1.1,6.1,6.0,5.0,5.1,1.3,1.3,1.1,1.1,4.8,LOW,LOW,LOW,LOW,N,28.3,23.7
2026-06-11 02:30,2,30,3,0.6088,0.7934,0.4339,-0.901,0,0,0,Clear,1.0,1.3,1.3,1.1,1.1,5.7,5.7,4.9,4.8,1.3,1.3,1.1,1.1,4.8,LOW,LOW,LOW,LOW,N,28.0,24.0
2026-06-11 02:45,2,45,3,0.6593,0.7518,0.4339,-0.901,0,0,0,Clear,1.0,1.3,1.3,1.1,1.1,5.7,6.2,5.1,5.1,1.3,1.4,1.1,1.1,4.9,LOW,LOW,LOW,LOW,S,28.3,23.7
2026-06-11 03:00,3,0,3,0.7071,0.7071,0.4339,-0.901,0,0,0,Clear,1.0,1.3,1.4,1.1,1.1,5.8,5.8,5.1,4.9,1.3,1.3,1.1,1.1,4.8,LOW,LOW,LOW,LOW,N,27.8,24.2
2026-06-11 03:15,3,15,3,0.7518,0.6593,0.4339,-0.901,0,0,0,Clear,1.0,1.3,1.3,1.1,1.1,6.3,6.1,5.1,5.2,1.4,1.3,1.1,1.1,4.9,LOW,LOW,LOW,LOW,N,28.4,23.6
2026-06-11 03:30,3,30,3,0.7934,0.6088,0.4339,-0.901,0,0,0,Clear,1.0,1.4,1.3,1.1,1.1,6.2,6.0,4.8,4.8,1.4,1.3,1.1,1.1,4.9,LOW,LOW,LOW,LOW,N,29.2,22.8
2026-06-11 03:45,3,45,3,0.8315,0.5556,0.4339,-0.901,0,0,0,Clear,1.0,1.4,1.3,1.1,1.1,5.8,6.3,5.0,5.1,1.3,1.4,1.1,1.1,4.9,LOW,LOW,LOW,LOW,S,28.5,23.5
2026-06-11 04:00,4,0,3,0.866,0.5,0.4339,-0.901,0,0,0,Clear,1.0,1.3,1.4,1.1,1.1,6.1,6.2,5.1,5.2,1.3,1.4,1.1,1.1,4.9,LOW,LOW,LOW,LOW,S,28.3,23.7
2026-06-11 04:15,4,15,3,0.8969,0.4423,0.4339,-0.901,0,0,0,Clear,1.0,1.3,1.4,1.1,1.1,6.0,5.9,4.9,5.2,1.3,1.3,1.1,1.1,4.8,LOW,LOW,LOW,LOW,N,28.0,24.0
2026-06-11 04:30,4,30,3,0.9239,0.3827,0.4339,-0.901,0,0,0,Clear,1.0,1.3,1.3,1.1,1.1,5.7,5.8,5.0,4.8,1.3,1.3,1.1,1.1,4.8,LOW,LOW,LOW,LOW,N,28.0,24.0
2026-06-11 04:45,4,45,3,0.9469,0.3214,0.4339,-0.901,0,0,0,Clear,1.0,1.3,1.3,1.1,1.1,5.7,5.9,5.1,5.2,1.3,1.3,1.1,1.1,4.8,LOW,LOW,LOW,LOW,N,27.6,24.4
2026-06-11 05:00,5,0,3,0.9659,0.2588,0.4339,-0.901,0,0,0,Clear,1.0,1.3,1.3,1.1,1.1,6.2,6.3,4.8,5.0,1.4,1.4,1.1,1.1,5.0,LOW,LOW,LOW,LOW,N,29.1,22.9
2026-06-11 05:15,5,15,3,0.9808,0.1951,0.4339,-0.901,0,0,0,Clear,1.0,1.4,1.4,1.1,1.1,6.0,6.0,4.8,4.8,1.3,1.3,1.1,1.1,4.8,LOW,LOW,LOW,LOW,N,28.9,23.1
2026-06-11 05:30,5,30,3,0.9914,0.1305,0.4339,-0.901,0,0,0,Clear,1.0,1.3,1.3,1.1,1.1,5.7,5.9,4.9,4.8,1.3,1.3,1.1,1.1,4.8,LOW,LOW,LOW,LOW,N,28.4,23.6
2026-06-11 05:45,5,45,3,0.9979,0.0654,0.4339,-0.901,0,0,0,Clear,1.0,1.3,1.3,1.1,1.1,6.2,5.9,5.2,4.8,1.4,1.3,1.1,1.1,4.9,LOW,LOW,LOW,LOW,N,28.4,23.6
2026-06-11 06:00,6,0,3,1.0,0.0,0.4339,-0.901,0,0,0,Clear,1.0,1.4,1.3,1.1,1.1,24.9,24.0,22.5,21.5,5.5,5.3,5.0,4.7,20.5,LOW,LOW,LOW,LOW,N,27.3,24.7
2026-06-11 06:15,6,15,3,0.9979,-0.0654,0.4339,-0.901,0,0,0,Clear,1.0,5.5,5.3,5.0,4.7,23.9,25.2,21.8,22.2,5.3,5.5,4.8,4.9,20.5,LOW,LOW,LOW,LOW,S,27.5,24.5
2026-06-11 06:30,6,30,3,0.9914,-0.1305,0.4339,-0.901,0,0,0,Clear,1.0,5.3,5.5,4.8,4.9,24.5,25.6,22.9,21.4,5.4,5.6,5.0,4.7,20.7,LOW,LOW,LOW,LOW,S,27.5,24.5
2026-06-11 06:45,6,45,3,0.9808,-0.1951,0.4339,-0.901,0,0,0,Clear,1.0,5.4,5.6,5.0,4.7,24.3,25.4,23.0,21.1,5.3,5.6,5.1,4.6,20.6,LOW,LOW,LOW,LOW,S,27.4,24.6
2026-06-11 07:00,7,0,3,0.9659,-0.2588,0.4339,-0.901,0,1,0,Clear,1.0,5.3,5.6,5.1,4.6,106.9,17.5,82.8,18.2,23.5,3.9,18.2,4.0,49.6,HIGH,LOW,HIGH,LOW,N,29.1,22.9
2026-06-11 07:15,7,15,3,0.9469,-0.3214,0.4339,-0.901,0,1,0,Rain,1.25,23.5,3.9,18.2,4.0,130.7,22.5,108.3,22.0,28.8,5.0,23.8,4.8,62.4,VERY_HIGH,LOW,HIGH,LOW,N,28.3,23.7
2026-06-11 07:30,7,30,3,0.9239,-0.3827,0.4339,-0.901,0,1,0,Clear,1.0,28.8,5.0,23.8,4.8,110.2,17.3,86.4,17.2,24.2,3.8,19.0,3.8,50.8,VERY_HIGH,LOW,HIGH,LOW,N,29.0,23.0
2026-06-11 07:45,7,45,3,0.8969,-0.4423,0.4339,-0.901,0,1,0,Clear,1.0,24.2,3.8,19.0,3.8,109.6,18.8,85.8,18.4,24.1,4.1,18.9,4.0,51.1,VERY_HIGH,LOW,HIGH,LOW,N,29.0,23.0
2026-06-11 08:00,8,0,3,0.866,-0.5,0.4339,-0.901,0,1,0,Heavy Rain,1.5,24.1,4.1,18.9,4.0,222.9,26.1,171.2,26.4,49.0,5.7,37.7,5.8,98.2,VERY_HIGH,LOW,VERY_HIGH,LOW,N,29.3,22.7
2026-06-11 08:15,8,15,3,0.8315,-0.5556,0.4339,-0.901,0,1,0,Clear,1.0,49.0,5.7,37.7,5.8,144.0,17.6,108.7,18.7,31.7,3.9,23.9,4.1,63.6,VERY_HIGH,LOW,HIGH,LOW,N,29.4,22.6
2026-06-11 08:30,8,30,3,0.7934,-0.6088,0.4339,-0.901,0,1,0,Heavy Rain,1.5,31.7,3.9,23.9,4.1,218.8,26.7,162.6,26.4,48.1,5.9,35.8,5.8,95.6,VERY_HIGH,LOW,VERY_HIGH,LOW,N,29.7,22.3
2026-06-11 08:45,8,45,3,0.7518,-0.6593,0.4339,-0.901,0,1,0,Clear,1.0,48.1,5.9,35.8,5.8,140.2,17.7,113.0,17.3,30.8,3.9,24.9,3.8,63.4,VERY_HIGH,LOW,VERY_HIGH,LOW,N,28.7,23.3
2026-06-11 09:00,9,0,3,0.7071,-0.7071,0.4339,-0.901,0,1,0,Clear,1.0,30.8,3.9,24.9,3.8,108.6,18.4,83.9,18.3,23.9,4.0,18.5,4.0,50.4,HIGH,LOW,HIGH,LOW,N,29.1,22.9
2026-06-11 09:15,9,15,3,0.6593,-0.7518,0.4339,-0.901,0,1,0,Clear,1.0,23.9,4.0,18.5,4.0,112.8,18.3,86.3,17.1,24.8,4.0,19.0,3.8,51.6,VERY_HIGH,LOW,HIGH,LOW,N,29.3,22.7
2026-06-11 09:30,9,30,3,0.6088,-0.7934,0.4339,-0.901,0,1,0,Heavy Rain,1.5,24.8,4.0,19.0,3.8,170.9,26.9,126.3,26.8,37.6,5.9,27.8,5.9,77.2,VERY_HIGH,LOW,VERY_HIGH,LOW,N,29.7,22.3
2026-06-11 09:45,9,45,3,0.5556,-0.8315,0.4339,-0.901,0,1,0,Clear,1.0,37.6,5.9,27.8,5.9,112.6,18.5,86.0,17.4,24.8,4.1,18.9,3.8,51.6,VERY_HIGH,LOW,HIGH,LOW,N,29.3,22.7
2026-06-11 10:00,10,0,3,0.5,-0.866,0.4339,-0.901,0,0,0,Rain,1.25,24.8,4.1,18.9,3.8,31.8,32.3,27.1,28.3,7.0,7.1,6.0,6.2,26.3,MEDIUM,MEDIUM,MEDIUM,MEDIUM,S,27.8,24.2
2026-06-11 10:15,10,15,3,0.4423,-0.8969,0.4339,-0.901,0,0,0,Clear,1.0,7.0,7.1,6.0,6.2,25.7,24.4,21.0,22.8,5.7,5.4,4.6,5.0,20.7,LOW,LOW,LOW,LOW,N,27.7,24.3
2026-06-11 10:30,10,30,3,0.3827,-0.9239,0.4339,-0.901,0,0,0,Clear,1.0,5.7,5.4,4.6,5.0,26.0,25.4,22.8,22.5,5.7,5.6,5.0,5.0,21.3,LOW,LOW,LOW,LOW,N,27.7,24.3
2026-06-11 10:45,10,45,3,0.3214,-0.9469,0.4339,-0.901,0,0,0,Rain,1.25,5.7,5.6,5.0,5.0,30.1,31.7,28.8,26.3,6.6,7.0,6.3,5.8,25.7,MEDIUM,MEDIUM,MEDIUM,LOW,S,27.4,24.6
2026-06-11 11:00,11,0,3,0.2588,-0.9659,0.4339,-0.901,0,0,0,Clear,1.0,6.6,7.0,6.3,5.8,41.5,41.8,34.8,34.6,9.1,9.2,7.7,7.6,33.6,MEDIUM,MEDIUM,MEDIUM,MEDIUM,S,28.4,23.6
2026-06-11 11:15,11,15,3,0.1951,-0.9808,0.4339,-0.901,0,0,0,Clear,1.0,9.1,9.2,7.7,7.6,39.8,39.9,33.6,34.1,8.8,8.8,7.4,7.5,32.5,MEDIUM,MEDIUM,MEDIUM,MEDIUM,N,28.1,23.9
2026-06-11 11:30,11,30,3,0.1305,-0.9914,0.4339,-0.901,0,0,0,Clear,1.0,8.8,8.8,7.4,7.5,40.1,38.4,36.3,36.0,8.8,8.4,8.0,7.9,33.1,MEDIUM,MEDIUM,MEDIUM,MEDIUM,N,27.2,24.8
2026-06-11 11:45,11,45,3,0.0654,-0.9979,0.4339,-0.901,0,0,0,Clear,1.0,8.8,8.4,8.0,7.9,41.0,39.8,36.1,35.9,9.0,8.8,7.9,7.9,33.6,MEDIUM,MEDIUM,MEDIUM,MEDIUM,N,27.6,24.4
2026-06-11 12:00,12,0,3,0.0,-1.0,0.4339,-0.901,0,0,0,Clear,1.0,9.0,8.8,7.9,7.9,40.6,40.8,35.6,34.7,8.9,9.0,7.8,7.6,33.3,MEDIUM,MEDIUM,MEDIUM,MEDIUM,S,27.8,24.2
2026-06-11 12:15,12,15,3,-0.0654,-0.9979,0.4339,-0.901,0,0,0,Rain,1.25,8.9,9.0,7.8,7.6,49.8,52.3,43.0,43.0,11.0,11.5,9.5,9.5,41.5,MEDIUM,MEDIUM,MEDIUM,MEDIUM,S,28.4,23.6
2026-06-11 12:30,12,30,3,-0.1305,-0.9914,0.4339,-0.901,0,0,0,Rain,1.25,11.0,11.5,9.5,9.5,48.5,48.7,45.5,45.0,10.7,10.7,10.0,9.9,41.3,MEDIUM,MEDIUM,MEDIUM,MEDIUM,N,26.9,25.1
2026-06-11 12:45,12,45,3,-0.1951,-0.9808,0.4339,-0.901,0,0,0,Clear,1.0,10.7,10.7,10.0,9.9,38.2,41.9,35.5,33.5,8.4,9.2,7.8,7.4,32.8,MEDIUM,MEDIUM,MEDIUM,MEDIUM,S,28.0,24.0
2026-06-11 13:00,13,0,3,-0.2588,-0.9659,0.4339,-0.901,0,0,0,Clear,1.0,8.4,9.2,7.8,7.4,38.2,39.8,34.4,36.7,8.4,8.8,7.6,8.1,32.9,MEDIUM,MEDIUM,MEDIUM,MEDIUM,S,27.1,24.9
2026-06-11 13:15,13,15,3,-0.3214,-0.9469,0.4339,-0.901,0,0,0,Clear,1.0,8.4,8.8,7.6,8.1,39.8,41.6,35.4,34.4,8.8,9.2,7.8,7.6,33.4,MEDIUM,MEDIUM,MEDIUM,MEDIUM,S,28.0,24.0
2026-06-11 13:30,13,30,3,-0.3827,-0.9239,0.4339,-0.901,0,0,0,Clear,1.0,8.8,9.2,7.8,7.6,40.7,40.8,35.4,34.6,9.0,9.0,7.8,7.6,33.4,MEDIUM,MEDIUM,MEDIUM,MEDIUM,N,27.9,24.1
2026-06-11 13:45,13,45,3,-0.4423,-0.8969,0.4339,-0.901,0,0,0,Clear,1.0,9.0,9.0,7.8,7.6,39.5,40.6,36.7,35.8,8.7,8.9,8.1,7.9,33.6,MEDIUM,MEDIUM,MEDIUM,MEDIUM,S,27.3,24.7
2026-06-11 14:00,14,0,3,-0.5,-0.866,0.4339,-0.901,0,0,0,Clear,1.0,8.7,8.9,8.1,7.9,39.4,38.9,34.5,36.3,8.7,8.6,7.6,8.0,32.9,MEDIUM,MEDIUM,MEDIUM,MEDIUM,N,27.2,24.8
2026-06-11 14:15,14,15,3,-0.5556,-0.8315,0.4339,-0.901,0,0,0,Clear,1.0,8.7,8.6,7.6,8.0,40.1,39.5,33.4,34.7,8.8,8.7,7.3,7.6,32.4,MEDIUM,MEDIUM,MEDIUM,MEDIUM,N,28.0,24.0
2026-06-11 14:30,14,30,3,-0.6088,-0.7934,0.4339,-0.901,0,0,0,Clear,1.0,8.8,8.7,7.3,7.6,41.4,40.3,34.7,35.4,9.1,8.9,7.6,7.8,33.4,MEDIUM,MEDIUM,MEDIUM,MEDIUM,N,28.0,24.0
2026-06-11 14:45,14,45,3,-0.6593,-0.7518,0.4339,-0.901,0,0,0,Clear,1.0,9.1,8.9,7.6,7.8,40.8,39.6,36.5,35.6,9.0,8.7,8.0,7.8,33.5,MEDIUM,MEDIUM,MEDIUM,MEDIUM,N,27.4,24.6
2026-06-11 15:00,15,0,3,-0.7071,-0.7071,0.4339,-0.901,0,0,0,Clear,1.0,9.0,8.7,8.0,7.8,41.5,40.0,35.4,36.1,9.1,8.8,7.8,7.9,33.6,MEDIUM,MEDIUM,MEDIUM,MEDIUM,N,27.8,24.2
2026-06-11 15:15,15,15,3,-0.7518,-0.6593,0.4339,-0.901,0,0,0,Clear,1.0,9.1,8.8,7.8,7.9,41.9,39.4,34.7,33.3,9.2,8.7,7.6,7.3,32.8,MEDIUM,MEDIUM,MEDIUM,MEDIUM,N,28.4,23.6
2026-06-11 15:30,15,30,3,-0.7934,-0.6088,0.4339,-0.901,0,0,0,Clear,1.0,9.2,8.7,7.6,7.3,38.8,40.2,36.4,33.8,8.5,8.8,8.0,7.4,32.7,MEDIUM,MEDIUM,MEDIUM,MEDIUM,S,27.4,24.6
2026-06-11 15:45,15,45,3,-0.8315,-0.5556,0.4339,-0.901,0,0,0,Clear,1.0,8.5,8.8,8.0,7.4,41.0,38.5,34.2,34.8,9.0,8.5,7.5,7.7,32.7,MEDIUM,MEDIUM,MEDIUM,MEDIUM,N,28.0,24.0
2026-06-11 16:00,16,0,3,-0.866,-0.5,0.4339,-0.901,0,0,1,Clear,1.0,9.0,8.5,7.5,7.7,18.1,113.3,18.0,83.3,4.0,24.9,4.0,18.3,51.2,LOW,VERY_HIGH,LOW,HIGH,S,29.7,22.3
2026-06-11 16:15,16,15,3,-0.8969,-0.4423,0.4339,-0.901,0,0,1,Clear,1.0,4.0,24.9,4.0,18.3,18.3,111.3,17.6,84.8,4.0,24.5,3.9,18.7,51.1,LOW,VERY_HIGH,LOW,HIGH,S,29.3,22.7
2026-06-11 16:30,16,30,3,-0.9239,-0.3827,0.4339,-0.901,0,0,1,Clear,1.0,4.0,24.5,3.9,18.7,17.8,107.9,17.4,82.1,3.9,23.7,3.8,18.1,49.5,LOW,HIGH,LOW,HIGH,S,29.3,22.7
2026-06-11 16:45,16,45,3,-0.9469,-0.3214,0.4339,-0.901,0,0,1,Clear,1.0,3.9,23.7,3.8,18.1,18.1,115.3,17.5,83.6,4.0,25.4,3.9,18.4,51.7,LOW,VERY_HIGH,LOW,HIGH,S,29.9,22.1
2026-06-11 17:00,17,0,3,-0.9659,-0.2588,0.4339,-0.901,0,0,1,Clear,1.0,4.0,25.4,3.9,18.4,17.8,126.5,17.5,100.5,3.9,27.8,3.9,22.1,57.7,LOW,VERY_HIGH,LOW,HIGH,S,28.8,23.2
2026-06-11 17:15,17,15,3,-0.9808,-0.1951,0.4339,-0.901,0,0,1,Clear,1.0,3.9,27.8,3.9,22.1,17.7,137.2,18.6,104.0,3.9,30.2,4.1,22.9,61.1,LOW,VERY_HIGH,LOW,HIGH,S,29.4,22.6
2026-06-11 17:30,17,30,3,-0.9914,-0.1305,0.4339,-0.901,0,0,1,Clear,1.0,3.9,30.2,4.1,22.9,18.0,131.9,18.6,105.3,4.0,29.0,4.1,23.2,60.3,LOW,VERY_HIGH,LOW,HIGH,S,28.7,23.3
2026-06-11 17:45,17,45,3,-0.9979,-0.0654,0.4339,-0.901,0,0,1,Clear,1.0,4.0,29.0,4.1,23.2,18.5,133.0,17.9,99.0,4.1,29.3,3.9,21.8,59.1,LOW,VERY_HIGH,LOW,HIGH,S,29.6,22.4
2026-06-11 18:00,18,0,3,-1.0,-0.0,0.4339,-0.901,0,0,1,Clear,1.0,4.1,29.3,3.9,21.8,17.2,131.3,17.7,103.3,3.8,28.9,3.9,22.7,59.3,LOW,VERY_HIGH,LOW,HIGH,S,28.9,23.1
2026-06-11 18:15,18,15,3,-0.9979,0.0654,0.4339,-0.901,0,0,1,Clear,1.0,3.8,28.9,3.9,22.7,17.4,127.7,17.4,103.7,3.8,28.1,3.8,22.8,58.5,LOW,VERY_HIGH,LOW,HIGH,S,28.6,23.4
2026-06-11 18:30,18,30,3,-0.9914,0.1305,0.4339,-0.901,0,0,1,Clear,1.0,3.8,28.1,3.8,22.8,17.1,134.0,17.9,101.8,3.8,29.5,3.9,22.4,59.6,LOW,VERY_HIGH,LOW,HIGH,S,29.3,22.7
2026-06-11 18:45,18,45,3,-0.9808,0.1951,0.4339,-0.901,0,0,1,Clear,1.0,3.8,29.5,3.9,22.4,17.2,135.4,18.1,104.1,3.8,29.8,4.0,22.9,60.5,LOW,VERY_HIGH,LOW,HIGH,S,29.2,22.8
2026-06-11 19:00,19,0,3,-0.9659,0.2588,0.4339,-0.901,0,0,1,Clear,1.0,3.8,29.8,4.0,22.9,18.2,107.7,17.4,83.9,4.0,23.7,3.8,18.5,50.0,LOW,HIGH,LOW,HIGH,S,29.1,22.9
2026-06-11 19:15,19,15,3,-0.9469,0.3214,0.4339,-0.901,0,0,1,Clear,1.0,4.0,23.7,3.8,18.5,18.6,110.5,17.5,83.8,4.1,24.3,3.9,18.4,50.7,LOW,VERY_HIGH,LOW,HIGH,S,29.4,22.6
2026-06-11 19:30,19,30,3,-0.9239,0.3827,0.4339,-0.901,0,0,1,Clear,1.0,4.1,24.3,3.9,18.4,17.5,114.8,18.3,81.3,3.9,25.3,4.0,17.9,51.1,LOW,VERY_HIGH,LOW,HIGH,S,30.1,21.9
2026-06-11 19:45,19,45,3,-0.8969,0.4423,0.4339,-0.901,0,0,1,Clear,1.0,3.9,25.3,4.0,17.9,17.8,109.7,17.6,81.4,3.9,24.1,3.9,17.9,49.8,LOW,VERY_HIGH,LOW,HIGH,S,29.6,22.4
2026-06-11 20:00,20,0,3,-0.866,0.5,0.4339,-0.901,0,0,0,Clear,1.0,3.9,24.1,3.9,17.9,24.8,24.3,22.3,22.7,5.5,5.3,4.9,5.0,20.7,LOW,LOW,LOW,LOW,N,27.1,24.9
2026-06-11 20:15,20,15,3,-0.8315,0.5556,0.4339,-0.901,0,0,0,Clear,1.0,5.5,5.3,4.9,5.0,25.8,25.2,22.2,22.7,5.7,5.5,4.9,5.0,21.1,LOW,LOW,LOW,LOW,N,27.7,24.3
2026-06-11 20:30,20,30,3,-0.7934,0.6088,0.4339,-0.901,0,0,0,Clear,1.0,5.7,5.5,4.9,5.0,24.8,25.6,22.4,21.4,5.5,5.6,4.9,4.7,20.7,LOW,LOW,LOW,LOW,S,27.8,24.2
2026-06-11 20:45,20,45,3,-0.7518,0.6593,0.4339,-0.901,0,0,0,Clear,1.0,5.5,5.6,4.9,4.7,25.7,25.6,23.1,21.3,5.7,5.6,5.1,4.7,21.1,LOW,LOW,LOW,LOW,N,27.6,24.4
2026-06-11 21:00,21,0,3,-0.7071,0.7071,0.4339,-0.901,0,0,0,Clear,1.0,5.7,5.6,5.1,4.7,23.9,24.6,21.8,22.9,5.3,5.4,4.8,5.0,20.5,LOW,LOW,LOW,LOW,S,27.0,25.0
2026-06-11 21:15,21,15,3,-0.6593,0.7518,0.4339,-0.901,0,0,0,Clear,1.0,5.3,5.4,4.8,5.0,25.5,24.1,21.1,21.0,5.6,5.3,4.6,4.6,20.1,LOW,LOW,LOW,LOW,N,28.3,23.7
2026-06-11 21:30,21,30,3,-0.6088,0.7934,0.4339,-0.901,0,0,0,Clear,1.0,5.6,5.3,4.6,4.6,25.0,24.2,22.8,22.4,5.5,5.3,5.0,4.9,20.7,LOW,LOW,LOW,LOW,N,27.1,24.9
2026-06-11 21:45,21,45,3,-0.5556,0.8315,0.4339,-0.901,0,0,0,Clear,1.0,5.5,5.3,5.0,4.9,24.1,24.3,22.3,21.9,5.3,5.3,4.9,4.8,20.3,LOW,LOW,LOW,LOW,N,27.1,24.9
2026-06-11 22:00,22,0,3,-0.5,0.866,0.4339,-0.901,0,0,0,Clear,1.0,5.3,5.3,4.9,4.8,24.8,24.2,22.2,22.8,5.5,5.3,4.9,5.0,20.7,LOW,LOW,LOW,LOW,N,27.1,24.9
2026-06-11 22:15,22,15,3,-0.4423,0.8969,0.4339,-0.901,0,0,0,Clear,1.0,5.5,5.3,4.9,5.0,23.8,24.3,21.1,22.9,5.2,5.3,4.6,5.0,20.1,LOW,LOW,LOW,LOW,S,27.0,25.0
2026-06-11 22:30,22,30,3,-0.3827,0.9239,0.4339,-0.901,0,0,0,Clear,1.0,5.2,5.3,4.6,5.0,24.2,24.6,21.6,22.8,5.3,5.4,4.8,5.0,20.5,LOW,LOW,LOW,LOW,S,27.1,24.9
2026-06-11 22:45,22,45,3,-0.3214,0.9469,0.4339,-0.901,0,0,0,Clear,1.0,5.3,5.4,4.8,5.0,25.5,24.4,22.1,22.0,5.6,5.4,4.9,4.8,20.7,LOW,LOW,LOW,LOW,N,27.7,24.3
2026-06-11 23:00,23,0,3,-0.2588,0.9659,0.4339,-0.901,0,0,0,Clear,1.0,5.6,5.4,4.9,4.8,6.2,5.7,5.1,4.9,1.4,1.3,1.1,1.1,4.9,LOW,LOW,LOW,LOW,N,28.4,23.6
2026-06-11 23:15,23,15,3,-0.1951,0.9808,0.4339,-0.901,0,0,0,Clear,1.0,1.4,1.3,1.1,1.1,6.2,5.8,4.9,4.8,1.4,1.3,1.1,1.1,4.9,LOW,LOW,LOW,LOW,N,28.9,23.1
2026-06-11 23:30,23,30,3,-0.1305,0.9914,0.4339,-0.901,0,0,0,Clear,1.0,1.4,1.3,1.1,1.1,6.0,6.0,4.9,5.1,1.3,1.3,1.1,1.1,4.8,LOW,LOW,LOW,LOW,N,28.2,23.8
2026-06-11 23:45,23,45,3,-0.0654,0.9979,0.4339,-0.901,0,0,0,Clear,1.0,1.3,1.3,1.1,1.1,6.1,6.1,5.2,4.9,1.3,1.3,1.1,1.1,4.8,LOW,LOW,LOW,LOW,N,28.3,23.7
2026-06-12 00:00,0,0,4,0.0,1.0,-0.4339,-0.901,0,0,0,Clear,1.0,1.3,1.3,1.1,1.1,6.1,6.0,4.8,5.2,1.3,1.3,1.1,1.1,4.8,LOW,LOW,LOW,LOW,N,28.3,23.7
2026-06-12 00:15,0,15,4,0.0654,0.9979,-0.4339,-0.901,0,0,0,Clear,1.0,1.3,1.3,1.1,1.1,5.8,5.8,5.1,5.2,1.3,1.3,1.1,1.1,4.8,LOW,LOW,LOW,LOW,N,27.5,24.5
2026-06-12 00:30,0,30,4,0.1305,0.9914,-0.4339,-0.901,0,0,0,Clear,1.0,1.3,1.3,1.1,1.1,6.1,5.9,5.2,5.0,1.3,1.3,1.1,1.1,4.8,LOW,LOW,LOW,LOW,N,28.1,23.9
2026-06-12 00:45,0,45,4,0.1951,0.9808,-0.4339,-0.901,0,0,0,Clear,1.0,1.3,1.3,1.1,1.1,6.3,5.8,5.1,5.1,1.4,1.3,1.1,1.1,4.9,LOW,LOW,LOW,LOW,N,28.5,23.5
2026-06-12 01:00,1,0,4,0.2588,0.9659,-0.4339,-0.901,0,0,0,Rain,1.25,1.4,1.3,1.1,1.1,7.4,7.2,6.1,6.3,1.6,1.6,1.3,1.4,5.9,LOW,LOW,LOW,LOW,N,28.1,23.9
2026-06-12 01:15,1,15,4,0.3214,0.9469,-0.4339,-0.901,0,0,0,Rain,1.25,1.6,1.6,1.3,1.4,7.5,7.4,6.4,6.4,1.6,1.6,1.4,1.4,6.0,LOW,LOW,LOW,LOW,N,28.0,24.0
2026-06-12 01:30,1,30,4,0.3827,0.9239,-0.4339,-0.901,0,0,0,Clear,1.0,1.6,1.6,1.4,1.4,5.8,6.1,5.1,5.2,1.3,1.3,1.1,1.1,4.8,LOW,LOW,LOW,LOW,N,28.0,24.0
2026-06-12 01:45,1,45,4,0.4423,0.8969,-0.4339,-0.901,0,0,0,Rain,1.25,1.3,1.3,1.1,1.1,7.2,7.4,6.3,6.5,1.6,1.6,1.4,1.4,6.0,LOW,LOW,LOW,LOW,N,27.7,24.3
2026-06-12 02:00,2,0,4,0.5,0.866,-0.4339,-0.901,0,0,0,Rain,1.25,1.6,1.6,1.4,1.4,7.7,7.8,6.2,6.5,1.7,1.7,1.4,1.4,6.2,LOW,LOW,LOW,LOW,N,28.5,23.5
2026-06-12 02:15,2,15,4,0.5556,0.8315,-0.4339,-0.901,0,0,0,Rain,1.25,1.7,1.7,1.4,1.4,7.6,7.6,6.0,6.2,1.7,1.7,1.3,1.4,6.1,LOW,LOW,LOW,LOW,N,28.7,23.3
2026-06-12 02:30,2,30,4,0.6088,0.7934,-0.4339,-0.901,0,0,0,Clear,1.0,1.7,1.7,1.3,1.4,5.9,5.9,4.9,5.1,1.3,1.3,1.1,1.1,4.8,LOW,LOW,LOW,LOW,N,28.0,24.0
2026-06-12 02:45,2,45,4,0.6593,0.7518,-0.4339,-0.901,0,0,0,Clear,1.0,1.3,1.3,1.1,1.1,6.3,6.1,5.0,4.9,1.4,1.3,1.1,1.1,4.9,LOW,LOW,LOW,LOW,N,29.0,23.0
2026-06-12 03:00,3,0,4,0.7071,0.7071,-0.4339,-0.901,0,0,0,Clear,1.0,1.4,1.3,1.1,1.1,5.9,6.2,5.1,4.8,1.3,1.4,1.1,1.1,4.9,LOW,LOW,LOW,LOW,S,28.6,23.4
2026-06-12 03:15,3,15,4,0.7518,0.6593,-0.4339,-0.901,0,0,0,Clear,1.0,1.3,1.4,1.1,1.1,6.0,6.2,5.2,5.0,1.3,1.4,1.1,1.1,4.9,LOW,LOW,LOW,LOW,S,28.3,23.7
2026-06-12 03:30,3,30,4,0.7934,0.6088,-0.4339,-0.901,0,0,0,Clear,1.0,1.3,1.4,1.1,1.1,5.9,5.7,5.1,5.0,1.3,1.3,1.1,1.1,4.8,LOW,LOW,LOW,LOW,N,27.8,24.2
2026-06-12 03:45,3,45,4,0.8315,0.5556,-0.4339,-0.901,0,0,0,Clear,1.0,1.3,1.3,1.1,1.1,5.9,6.1,5.0,5.2,1.3,1.3,1.1,1.1,4.8,LOW,LOW,LOW,LOW,N,28.1,23.9
2026-06-12 04:00,4,0,4,0.866,0.5,-0.4339,-0.901,0,0,0,Clear,1.0,1.3,1.3,1.1,1.1,6.1,6.0,5.1,4.9,1.3,1.3,1.1,1.1,4.8,LOW,LOW,LOW,LOW,N,28.4,23.6
2026-06-12 04:15,4,15,4,0.8969,0.4423,-0.4339,-0.901,0,0,0,Clear,1.0,1.3,1.3,1.1,1.1,5.8,6.3,4.8,5.2,1.3,1.4,1.1,1.1,4.9,LOW,LOW,LOW,LOW,S,28.5,23.5
2026-06-12 04:30,4,30,4,0.9239,0.3827,-0.4339,-0.901,0,0,0,Clear,1.0,1.3,1.4,1.1,1.1,5.7,6.1,5.0,5.1,1.3,1.3,1.1,1.1,4.8,LOW,LOW,LOW,LOW,N,28.2,23.8
2026-06-12 04:45,4,45,4,0.9469,0.3214,-0.4339,-0.901,0,0,0,Rain,1.25,1.3,1.3,1.1,1.1,7.5,7.5,6.0,6.0,1.6,1.6,1.3,1.3,5.8,LOW,LOW,LOW,LOW,N,28.9,23.1
2026-06-12 05:00,5,0,4,0.9659,0.2588,-0.4339,-0.901,0,0,0,Clear,1.0,1.6,1.6,1.3,1.3,6.0,5.8,4.8,4.8,1.3,1.3,1.1,1.1,4.8,LOW,LOW,LOW,LOW,N,28.8,23.2
2026-06-12 05:15,5,15,4,0.9808,0.1951,-0.4339,-0.901,0,0,0,Clear,1.0,1.3,1.3,1.1,1.1,5.8,6.2,5.0,4.8,1.3,1.4,1.1,1.1,4.9,LOW,LOW,LOW,LOW,S,28.7,23.3
2026-06-12 05:30,5,30,4,0.9914,0.1305,-0.4339,-0.901,0,0,0,Rain,1.25,1.3,1.4,1.1,1.1,7.5,7.4,6.2,6.1,1.6,1.6,1.4,1.3,5.9,LOW,LOW,LOW,LOW,N,28.5,23.5
2026-06-12 05:45,5,45,4,0.9979,0.0654,-0.4339,-0.901,0,0,0,Clear,1.0,1.6,1.6,1.4,1.3,5.8,6.0,5.0,4.8,1.3,1.3,1.1,1.1,4.8,LOW,LOW,LOW,LOW,N,28.4,23.6
2026-06-12 06:00,6,0,4,1.0,0.0,-0.4339,-0.901,0,0,0,Clear,1.0,1.3,1.3,1.1,1.1,24.1,24.4,21.8,21.5,5.3,5.4,4.8,4.7,20.2,LOW,LOW,LOW,LOW,S,27.5,24.5
2026-06-12 06:15,6,15,4,0.9979,-0.0654,-0.4339,-0.901,0,0,0,Clear,1.0,5.3,5.4,4.8,4.7,23.8,25.9,22.9,23.0,5.2,5.7,5.0,5.1,21.0,LOW,LOW,LOW,LOW,S,27.3,24.7
2026-06-12 06:30,6,30,4,0.9914,-0.1305,-0.4339,-0.901,0,0,0,Clear,1.0,5.2,5.7,5.0,5.1,26.2,24.7,21.1,21.5,5.8,5.4,4.6,4.7,20.5,LOW,LOW,LOW,LOW,N,28.4,23.6
2026-06-12 06:45,6,45,4,0.9808,-0.1951,-0.4339,-0.901,0,0,0,Clear,1.0,5.8,5.4,4.6,4.7,24.6,25.6,23.1,22.8,5.4,5.6,5.1,5.0,21.1,LOW,LOW,LOW,LOW,S,27.2,24.8
2026-06-12 07:00,7,0,4,0.9659,-0.2588,-0.4339,-0.901,0,1,0,Rain,1.25,5.4,5.6,5.1,5.0,138.9,23.6,105.5,22.5,30.6,5.2,23.2,5.0,64.0,VERY_HIGH,LOW,HIGH,LOW,N,29.4,22.6
2026-06-12 07:15,7,15,4,0.9469,-0.3214,-0.4339,-0.901,0,1,0,Clear,1.0,30.6,5.2,23.2,5.0,106.5,17.7,82.5,17.1,23.4,3.9,18.1,3.8,49.2,HIGH,LOW,HIGH,LOW,N,29.1,22.9
2026-06-12 07:30,7,30,4,0.9239,-0.3827,-0.4339,-0.901,0,1,0,Clear,1.0,23.4,3.9,18.1,3.8,111.6,17.9,86.0,17.4,24.6,3.9,18.9,3.8,51.2,VERY_HIGH,LOW,HIGH,LOW,N,29.2,22.8
2026-06-12 07:45,7,45,4,0.8969,-0.4423,-0.4339,-0.901,0,1,0,Clear,1.0,24.6,3.9,18.9,3.8,107.0,17.7,84.8,18.2,23.5,3.9,18.7,4.0,50.1,HIGH,LOW,HIGH,LOW,N,28.8,23.2
2026-06-12 08:00,8,0,4,0.866,-0.5,-0.4339,-0.901,0,1,0,Clear,1.0,23.5,3.9,18.7,4.0,147.0,18.6,111.9,17.3,32.3,4.1,24.6,3.8,64.8,VERY_HIGH,LOW,VERY_HIGH,LOW,N,29.4,22.6
2026-06-12 08:15,8,15,4,0.8315,-0.5556,-0.4339,-0.901,0,1,0,Clear,1.0,32.3,4.1,24.6,3.8,138.8,18.1,107.7,17.9,30.5,4.0,23.7,3.9,62.1,VERY_HIGH,LOW,HIGH,LOW,N,29.1,22.9
2026-06-12 08:30,8,30,4,0.7934,-0.6088,-0.4339,-0.901,0,1,0,Clear,1.0,30.5,4.0,23.7,3.9,136.6,17.2,107.0,17.3,30.1,3.8,23.5,3.8,61.2,VERY_HIGH,LOW,HIGH,LOW,N,29.0,23.0
2026-06-12 08:45,8,45,4,0.7518,-0.6593,-0.4339,-0.901,0,1,0,Rain,1.25,30.1,3.8,23.5,3.8,183.3,21.9,143.6,22.1,40.3,4.8,31.6,4.9,81.6,VERY_HIGH,LOW,VERY_HIGH,LOW,N,29.0,23.0
2026-06-12 09:00,9,0,4,0.7071,-0.7071,-0.4339,-0.901,0,1,0,Clear,1.0,40.3,4.8,31.6,4.9,106.9,17.9,88.4,17.9,23.5,3.9,19.4,3.9,50.7,HIGH,LOW,HIGH,LOW,N,28.3,23.7
2026-06-12 09:15,9,15,4,0.6593,-0.7518,-0.4339,-0.901,0,1,0,Clear,1.0,23.5,3.9,19.4,3.9,112.9,18.8,81.6,18.2,24.8,4.1,18.0,4.0,50.9,VERY_HIGH,LOW,HIGH,LOW,N,29.9,22.1
2026-06-12 09:30,9,30,4,0.6088,-0.7934,-0.4339,-0.901,0,1,0,Clear,1.0,24.8,4.1,18.0,4.0,106.4,17.7,83.9,18.0,23.4,3.9,18.5,4.0,49.8,HIGH,LOW,HIGH,LOW,N,28.9,23.1
2026-06-12 09:45,9,45,4,0.5556,-0.8315,-0.4339,-0.901,0,1,0,Clear,1.0,23.4,3.9,18.5,4.0,105.2,17.2,83.0,18.6,23.1,3.8,18.3,4.1,49.3,HIGH,LOW,HIGH,LOW,N,28.8,23.2
2026-06-12 10:00,10,0,4,0.5,-0.866,-0.4339,-0.901,0,0,0,Clear,1.0,23.1,3.8,18.3,4.1,25.4,25.2,21.8,21.0,5.6,5.5,4.8,4.6,20.5,LOW,LOW,LOW,LOW,N,28.1,23.9
2026-06-12 10:15,10,15,4,0.4423,-0.8969,-0.4339,-0.901,0,0,0,Clear,1.0,5.6,5.5,4.8,4.6,25.3,24.0,21.5,22.3,5.6,5.3,4.7,4.9,20.5,LOW,LOW,LOW,LOW,N,27.6,24.4
2026-06-12 10:30,10,30,4,0.3827,-0.9239,-0.4339,-0.901,0,0,0,Clear,1.0,5.6,5.3,4.7,4.9,26.1,24.0,21.9,21.8,5.7,5.3,4.8,4.8,20.6,LOW,LOW,LOW,LOW,N,28.0,24.0
2026-06-12 10:45,10,45,4,0.3214,-0.9469,-0.4339,-0.901,0,0,0,Clear,1.0,5.7,5.3,4.8,4.8,26.1,24.8,22.3,21.5,5.7,5.5,4.9,4.7,20.8,LOW,LOW,LOW,LOW,N,28.0,24.0
2026-06-12 11:00,11,0,4,0.2588,-0.9659,-0.4339,-0.901,0,0,0,Clear,1.0,5.7,5.5,4.9,4.7,39.6,40.6,33.9,36.6,8.7,8.9,7.5,8.1,33.2,MEDIUM,MEDIUM,MEDIUM,MEDIUM,S,27.5,24.5
2026-06-12 11:15,11,15,4,0.1951,-0.9808,-0.4339,-0.901,0,0,0,Clear,1.0,8.7,8.9,7.5,8.1,41.7,40.8,36.7,34.1,9.2,9.0,8.1,7.5,33.8,MEDIUM,MEDIUM,MEDIUM,MEDIUM,N,27.8,24.2
2026-06-12 11:30,11,30,4,0.1305,-0.9914,-0.4339,-0.901,0,0,0,Clear,1.0,9.2,9.0,8.1,7.5,39.3,39.7,36.5,36.5,8.6,8.7,8.0,8.0,33.3,MEDIUM,MEDIUM,MEDIUM,MEDIUM,S,27.1,24.9
2026-06-12 11:45,11,45,4,0.0654,-0.9979,-0.4339,-0.901,0,0,0,Rain,1.25,8.6,8.7,8.0,8.0,47.8,50.8,43.8,44.8,10.5,11.2,9.6,9.9,41.2,MEDIUM,MEDIUM,MEDIUM,MEDIUM,S,27.5,24.5
2026-06-12 12:00,12,0,4,0.0,-1.0,-0.4339,-0.901,0,0,0,Rain,1.25,10.5,11.2,9.6,9.9,49.3,48.5,43.1,44.8,10.8,10.7,9.5,9.9,40.9,MEDIUM,MEDIUM,MEDIUM,MEDIUM,N,27.3,24.7
2026-06-12 12:15,12,15,4,-0.0654,-0.9979,-0.4339,-0.901,0,0,0,Clear,1.0,10.8,10.7,9.5,9.9,40.7,38.1,35.7,33.3,9.0,8.4,7.9,7.3,32.6,MEDIUM,MEDIUM,MEDIUM,MEDIUM,N,27.7,24.3
2026-06-12 12:30,12,30,4,-0.1305,-0.9914,-0.4339,-0.901,0,0,0,Clear,1.0,9.0,8.4,7.9,7.3,40.5,40.5,34.8,34.4,8.9,8.9,7.7,7.6,33.1,MEDIUM,MEDIUM,MEDIUM,MEDIUM,N,28.0,24.0
2026-06-12 12:45,12,45,4,-0.1951,-0.9808,-0.4339,-0.901,0,0,0,Rain,1.25,8.9,8.9,7.7,7.6,48.1,47.5,45.9,45.6,10.6,10.4,10.1,10.0,41.1,MEDIUM,MEDIUM,MEDIUM,MEDIUM,N,26.6,25.4
2026-06-12 13:00,13,0,4,-0.2588,-0.9659,-0.4339,-0.901,0,0,0,Clear,1.0,10.6,10.4,10.1,10.0,40.0,40.4,35.5,35.0,8.8,8.9,7.8,7.7,33.2,MEDIUM,MEDIUM,MEDIUM,MEDIUM,S,27.7,24.3
2026-06-12 13:15,13,15,4,-0.3214,-0.9469,-0.4339,-0.901,0,0,0,Clear,1.0,8.8,8.9,7.8,7.7,40.5,40.0,36.1,34.7,8.9,8.8,7.9,7.6,33.2,MEDIUM,MEDIUM,MEDIUM,MEDIUM,N,27.6,24.4
2026-06-12 13:30,13,30,4,-0.3827,-0.9239,-0.4339,-0.901,0,0,0,Clear,1.0,8.9,8.8,7.9,7.6,40.3,39.7,34.3,36.4,8.9,8.7,7.5,8.0,33.1,MEDIUM,MEDIUM,MEDIUM,MEDIUM,N,27.5,24.5
2026-06-12 13:45,13,45,4,-0.4423,-0.8969,-0.4339,-0.901,0,0,0,Clear,1.0,8.9,8.7,7.5,8.0,39.8,41.7,33.6,34.4,8.8,9.2,7.4,7.6,33.0,MEDIUM,MEDIUM,MEDIUM,MEDIUM,S,28.4,23.6
2026-06-12 14:00,14,0,4,-0.5,-0.866,-0.4339,-0.901,0,0,0,Clear,1.0,8.8,9.2,7.4,7.6,38.6,40.7,36.4,36.0,8.5,9.0,8.0,7.9,33.4,MEDIUM,MEDIUM,MEDIUM,MEDIUM,S,27.3,24.7
2026-06-12 14:15,14,15,4,-0.5556,-0.8315,-0.4339,-0.901,0,0,0,Rain,1.25,8.5,9.0,8.0,7.9,49.3,50.6,41.8,43.6,10.8,11.1,9.2,9.6,40.7,MEDIUM,MEDIUM,MEDIUM,MEDIUM,S,28.0,24.0
2026-06-12 14:30,14,30,4,-0.6088,-0.7934,-0.4339,-0.901,0,0,0,Clear,1.0,10.8,11.1,9.2,9.6,39.2,39.4,35.9,34.9,8.6,8.7,7.9,7.7,32.9,MEDIUM,MEDIUM,MEDIUM,MEDIUM,S,27.3,24.7
2026-06-12 14:45,14,45,4,-0.6593,-0.7518,-0.4339,-0.901,0,0,0,Clear,1.0,8.6,8.7,7.9,7.7,38.6,41.3,33.6,33.4,8.5,9.1,7.4,7.3,32.3,MEDIUM,MEDIUM,MEDIUM,MEDIUM,S,28.5,23.5
2026-06-12 15:00,15,0,4,-0.7071,-0.7071,-0.4339,-0.901,0,0,0,Rain,1.25,8.5,9.1,7.4,7.3,48.1,48.1,45.2,42.0,10.6,10.6,9.9,9.2,40.3,MEDIUM,MEDIUM,MEDIUM,MEDIUM,N,27.0,25.0
2026-06-12 15:15,15,15,4,-0.7518,-0.6593,-0.4339,-0.901,0,0,0,Clear,1.0,10.6,10.6,9.9,9.2,39.4,39.2,34.4,35.3,8.7,8.6,7.6,7.8,32.7,MEDIUM,MEDIUM,MEDIUM,MEDIUM,N,27.5,24.5
2026-06-12 15:30,15,30,4,-0.7934,-0.6088,-0.4339,-0.901,0,0,0,Clear,1.0,8.7,8.6,7.6,7.8,40.9,40.2,35.4,34.8,9.0,8.8,7.8,7.7,33.3,MEDIUM,MEDIUM,MEDIUM,MEDIUM,N,27.9,24.1
2026-06-12 15:45,15,45,4,-0.8315,-0.5556,-0.4339,-0.901,0,0,0,Clear,1.0,9.0,8.8,7.8,7.7,39.0,41.8,34.5,34.0,8.6,9.2,7.6,7.5,32.9,MEDIUM,MEDIUM,MEDIUM,MEDIUM,S,28.3,23.7
2026-06-12 16:00,16,0,4,-0.866,-0.5,-0.4339,-0.901,0,0,1,Rain,1.25,8.6,9.2,7.6,7.5,21.9,138.4,22.3,110.3,4.8,30.4,4.9,24.3,64.4,LOW,VERY_HIGH,LOW,VERY_HIGH,S,28.8,23.2
2026-06-12 16:15,16,15,4,-0.8969,-0.4423,-0.4339,-0.901,0,0,1,Clear,1.0,4.8,30.4,4.9,24.3,18.5,107.5,17.2,84.8,4.1,23.6,3.8,18.7,50.2,LOW,HIGH,LOW,HIGH,S,28.9,23.1
2026-06-12 16:30,16,30,4,-0.9239,-0.3827,-0.4339,-0.901,0,0,1,Clear,1.0,4.1,23.6,3.8,18.7,18.7,105.1,18.1,80.9,4.1,23.1,4.0,17.8,49.0,LOW,HIGH,LOW,HIGH,S,29.2,22.8
2026-06-12 16:45,16,45,4,-0.9469,-0.3214,-0.4339,-0.901,0,0,1,Rain,1.25,4.1,23.1,4.0,17.8,22.0,134.8,22.1,101.1,4.8,29.7,4.9,22.2,61.6,LOW,VERY_HIGH,LOW,HIGH,S,29.5,22.5
2026-06-12 17:00,17,0,4,-0.9659,-0.2588,-0.4339,-0.901,0,0,1,Clear,1.0,4.8,29.7,4.9,22.2,17.5,137.2,17.3,98.4,3.9,30.2,3.8,21.6,59.5,LOW,VERY_HIGH,LOW,HIGH,S,30.1,21.9
2026-06-12 17:15,17,15,4,-0.9808,-0.1951,-0.4339,-0.901,0,0,1,Clear,1.0,3.9,30.2,3.8,21.6,17.4,125.4,17.2,97.6,3.8,27.6,3.8,21.5,56.7,LOW,VERY_HIGH,LOW,HIGH,S,29.1,22.9
2026-06-12 17:30,17,30,4,-0.9914,-0.1305,-0.4339,-0.901,0,0,1,Clear,1.0,3.8,27.6,3.8,21.5,18.1,135.1,17.6,97.5,4.0,29.7,3.9,21.4,59.0,LOW,VERY_HIGH,LOW,HIGH,S,30.0,22.0
2026-06-12 17:45,17,45,4,-0.9979,-0.0654,-0.4339,-0.901,0,0,1,Clear,1.0,4.0,29.7,3.9,21.4,17.2,130.3,18.5,99.6,3.8,28.7,4.1,21.9,58.5,LOW,VERY_HIGH,LOW,HIGH,S,29.2,22.8
2026-06-12 18:00,18,0,4,-1.0,-0.0,-0.4339,-0.901,0,0,1,Clear,1.0,3.8,28.7,4.1,21.9,18.2,133.8,18.6,98.4,4.0,29.4,4.1,21.6,59.1,LOW,VERY_HIGH,LOW,HIGH,S,29.7,22.3
2026-06-12 18:15,18,15,4,-0.9979,0.0654,-0.4339,-0.901,0,0,1,Clear,1.0,4.0,29.4,4.1,21.6,18.7,128.8,18.7,100.3,4.1,28.3,4.1,22.1,58.6,LOW,VERY_HIGH,LOW,HIGH,S,29.1,22.9
2026-06-12 18:30,18,30,4,-0.9914,0.1305,-0.4339,-0.901,0,0,1,Clear,1.0,4.1,28.3,4.1,22.1,18.4,129.8,18.5,100.4,4.0,28.6,4.1,22.1,58.8,LOW,VERY_HIGH,LOW,HIGH,S,29.1,22.9
2026-06-12 18:45,18,45,4,-0.9808,0.1951,-0.4339,-0.901,0,0,1,Clear,1.0,4.0,28.6,4.1,22.1,18.1,137.3,17.9,100.6,4.0,30.2,3.9,22.1,60.2,LOW,VERY_HIGH,LOW,HIGH,S,29.8,22.2
2026-06-12 19:00,19,0,4,-0.9659,0.2588,-0.4339,-0.901,0,0,1,Clear,1.0,4.0,30.2,3.9,22.1,17.2,104.9,18.6,84.0,3.8,23.1,4.1,18.5,49.5,LOW,HIGH,LOW,HIGH,S,28.6,23.4
2026-06-12 19:15,19,15,4,-0.9469,0.3214,-0.4339,-0.901,0,0,1,Clear,1.0,3.8,23.1,4.1,18.5,18.9,107.8,18.9,81.2,4.2,23.7,4.2,17.9,50.0,LOW,HIGH,LOW,HIGH,S,29.4,22.6
2026-06-12 19:30,19,30,4,-0.9239,0.3827,-0.4339,-0.901,0,0,1,Clear,1.0,4.2,23.7,4.2,17.9,18.4,107.5,17.7,88.2,4.0,23.6,3.9,19.4,50.9,LOW,HIGH,LOW,HIGH,S,28.4,23.6
2026-06-12 19:45,19,45,4,-0.8969,0.4423,-0.4339,-0.901,0,0,1,Heavy Rain,1.5,4.0,23.6,3.9,19.4,28.0,159.4,26.3,131.4,6.2,35.1,5.8,28.9,76.0,MEDIUM,VERY_HIGH,LOW,VERY_HIGH,S,28.4,23.6
2026-06-12 20:00,20,0,4,-0.866,0.5,-0.4339,-0.901,0,0,0,Clear,1.0,6.2,35.1,5.8,28.9,25.9,24.7,22.8,21.9,5.7,5.4,5.0,4.8,20.9,LOW,LOW,LOW,LOW,N,27.6,24.4
2026-06-12 20:15,20,15,4,-0.8315,0.5556,-0.4339,-0.901,0,0,0,Clear,1.0,5.7,5.4,5.0,4.8,25.7,26.1,22.5,23.0,5.7,5.7,5.0,5.1,21.5,LOW,LOW,LOW,LOW,N,27.7,24.3
2026-06-12 20:30,20,30,4,-0.7934,0.6088,-0.4339,-0.901,0,0,0,Clear,1.0,5.7,5.7,5.0,5.1,25.3,25.1,22.8,21.2,5.6,5.5,5.0,4.7,20.8,LOW,LOW,LOW,LOW,N,27.6,24.4
2026-06-12 20:45,20,45,4,-0.7518,0.6593,-0.4339,-0.901,0,0,0,Clear,1.0,5.6,5.5,5.0,4.7,24.1,26.2,21.9,21.1,5.3,5.8,4.8,4.6,20.5,LOW,LOW,LOW,LOW,S,28.2,23.8
2026-06-12 21:00,21,0,4,-0.7071,0.7071,-0.4339,-0.901,0,0,0,Clear,1.0,5.3,5.8,4.8,4.6,25.5,25.6,22.6,22.3,5.6,5.6,5.0,4.9,21.1,LOW,LOW,LOW,LOW,N,27.6,24.4
2026-06-12 21:15,21,15,4,-0.6593,0.7518,-0.4339,-0.901,0,0,0,Rain,1.25,5.6,5.6,5.0,4.9,30.8,31.2,27.0,28.3,6.8,6.9,5.9,6.2,25.8,MEDIUM,MEDIUM,LOW,MEDIUM,S,27.4,24.6
2026-06-12 21:30,21,30,4,-0.6088,0.7934,-0.4339,-0.901,0,0,0,Clear,1.0,6.8,6.9,5.9,6.2,25.3,24.3,22.8,21.1,5.6,5.3,5.0,4.6,20.5,LOW,LOW,LOW,LOW,N,27.5,24.5
2026-06-12 21:45,21,45,4,-0.5556,0.8315,-0.4339,-0.901,0,0,0,Clear,1.0,5.6,5.3,5.0,4.6,25.2,25.4,23.1,21.1,5.5,5.6,5.1,4.6,20.8,LOW,LOW,LOW,LOW,S,27.5,24.5
2026-06-12 22:00,22,0,4,-0.5,0.866,-0.4339,-0.901,0,0,0,Clear,1.0,5.5,5.6,5.1,4.6,25.1,25.5,21.1,21.1,5.5,5.6,4.6,4.6,20.3,LOW,LOW,LOW,LOW,S,28.4,23.6
2026-06-12 22:15,22,15,4,-0.4423,0.8969,-0.4339,-0.901,0,0,0,Clear,1.0,5.5,5.6,4.6,4.6,25.5,25.9,22.5,22.4,5.6,5.7,5.0,4.9,21.2,LOW,LOW,LOW,LOW,S,27.8,24.2
2026-06-12 22:30,22,30,4,-0.3827,0.9239,-0.4339,-0.901,0,0,0,Clear,1.0,5.6,5.7,5.0,4.9,24.5,24.1,22.2,22.9,5.4,5.3,4.9,5.0,20.6,LOW,LOW,LOW,LOW,N,26.9,25.1
2026-06-12 22:45,22,45,4,-0.3214,0.9469,-0.4339,-0.901,0,0,0,Clear,1.0,5.4,5.3,4.9,5.0,24.5,25.1,21.5,21.3,5.4,5.5,4.7,4.7,20.3,LOW,LOW,LOW,LOW,S,28.0,24.0
2026-06-12 23:00,23,0,4,-0.2588,0.9659,-0.4339,-0.901,0,0,0,Clear,1.0,5.4,5.5,4.7,4.7,5.7,5.9,5.1,5.1,1.3,1.3,1.1,1.1,4.8,LOW,LOW,LOW,LOW,N,27.8,24.2
2026-06-12 23:15,23,15,4,-0.1951,0.9808,-0.4339,-0.901,0,0,0,Clear,1.0,1.3,1.3,1.1,1.1,5.8,6.2,4.8,5.2,1.3,1.4,1.1,1.1,4.9,LOW,LOW,LOW,LOW,S,28.3,23.7
2026-06-12 23:30,23,30,4,-0.1305,0.9914,-0.4339,-0.901,0,0,0,Clear,1.0,1.3,1.4,1.1,1.1,6.2,5.8,5.0,5.0,1.4,1.3,1.1,1.1,4.9,LOW,LOW,LOW,LOW,N,28.6,23.4
2026-06-12 23:45,23,45,4,-0.0654,0.9979,-0.4339,-0.901,0,0,0,Clear,1.0,1.4,1.3,1.1,1.1,6.2,5.8,5.1,5.0,1.4,1.3,1.1,1.1,4.9,LOW,LOW,LOW,LOW,N,28.4,23.6
2026-06-13 00:00,0,0,5,0.0,1.0,-0.9749,-0.2225,1,0,0,Clear,1.0,1.4,1.3,1.1,1.1,5.9,6.0,4.9,5.1,1.3,1.3,1.1,1.1,4.8,LOW,LOW,LOW,LOW,N,28.2,23.8
2026-06-13 00:15,0,15,5,0.0654,0.9979,-0.9749,-0.2225,1,0,0,Clear,1.0,1.3,1.3,1.1,1.1,5.8,5.8,5.1,5.1,1.3,1.3,1.1,1.1,4.8,LOW,LOW,LOW,LOW,N,27.7,24.3
2026-06-13 00:30,0,30,5,0.1305,0.9914,-0.9749,-0.2225,1,0,0,Clear,1.0,1.3,1.3,1.1,1.1,6.2,6.0,5.0,4.8,1.4,1.3,1.1,1.1,4.9,LOW,LOW,LOW,LOW,N,28.8,23.2
2026-06-13 00:45,0,45,5,0.1951,0.9808,-0.9749,-0.2225,1,0,0,Clear,1.0,1.4,1.3,1.1,1.1,5.8,6.1,5.1,5.2,1.3,1.3,1.1,1.1,4.8,LOW,LOW,LOW,LOW,N,28.0,24.0
2026-06-13 01:00,1,0,5,0.2588,0.9659,-0.9749,-0.2225,1,0,0,Clear,1.0,1.3,1.3,1.1,1.1,6.1,6.2,5.2,4.9,1.3,1.4,1.1,1.1,4.9,LOW,LOW,LOW,LOW,S,28.4,23.6
2026-06-13 01:15,1,15,5,0.3214,0.9469,-0.9749,-0.2225,1,0,0,Rain,1.25,1.3,1.4,1.1,1.1,7.2,7.4,6.3,6.5,1.6,1.6,1.4,1.4,6.0,LOW,LOW,LOW,LOW,N,27.7,24.3
2026-06-13 01:30,1,30,5,0.3827,0.9239,-0.9749,-0.2225,1,0,0,Rain,1.25,1.6,1.6,1.4,1.4,7.6,7.3,6.3,6.3,1.7,1.6,1.4,1.4,6.1,LOW,LOW,LOW,LOW,N,28.3,23.7
2026-06-13 01:45,1,45,5,0.4423,0.8969,-0.9749,-0.2225,1,0,0,Rain,1.25,1.7,1.6,1.4,1.4,7.5,7.3,6.5,6.2,1.6,1.6,1.4,1.4,6.0,LOW,LOW,LOW,LOW,N,27.9,24.1
2026-06-13 02:00,2,0,5,0.5,0.866,-0.9749,-0.2225,1,0,0,Rain,1.25,1.6,1.6,1.4,1.4,7.7,7.6,6.5,6.0,1.7,1.7,1.4,1.3,6.1,LOW,LOW,LOW,LOW,N,28.4,23.6
2026-06-13 02:15,2,15,5,0.5556,0.8315,-0.9749,-0.2225,1,0,0,Clear,1.0,1.7,1.7,1.4,1.3,5.8,6.2,5.2,5.2,1.3,1.4,1.1,1.1,4.9,LOW,LOW,LOW,LOW,S,28.1,23.9
2026-06-13 02:30,2,30,5,0.6088,0.7934,-0.9749,-0.2225,1,0,0,Clear,1.0,1.3,1.4,1.1,1.1,5.8,5.8,5.1,4.9,1.3,1.3,1.1,1.1,4.8,LOW,LOW,LOW,LOW,N,27.8,24.2
2026-06-13 02:45,2,45,5,0.6593,0.7518,-0.9749,-0.2225,1,0,0,Clear,1.0,1.3,1.3,1.1,1.1,6.2,6.1,5.1,5.1,1.4,1.3,1.1,1.1,4.9,LOW,LOW,LOW,LOW,N,28.5,23.5
2026-06-13 03:00,3,0,5,0.7071,0.7071,-0.9749,-0.2225,1,0,0,Clear,1.0,1.4,1.3,1.1,1.1,6.2,5.8,4.9,5.2,1.4,1.3,1.1,1.1,4.9,LOW,LOW,LOW,LOW,N,28.3,23.7
2026-06-13 03:15,3,15,5,0.7518,0.6593,-0.9749,-0.2225,1,0,0,Heavy Rain,1.5,1.4,1.3,1.1,1.1,9.1,9.2,7.8,7.7,2.0,2.0,1.7,1.7,7.4,LOW,LOW,LOW,LOW,N,28.1,23.9
2026-06-13 03:30,3,30,5,0.7934,0.6088,-0.9749,-0.2225,1,0,0,Clear,1.0,2.0,2.0,1.7,1.7,5.7,6.1,4.9,5.0,1.3,1.3,1.1,1.1,4.8,LOW,LOW,LOW,LOW,N,28.4,23.6
2026-06-13 03:45,3,45,5,0.8315,0.5556,-0.9749,-0.2225,1,0,0,Clear,1.0,1.3,1.3,1.1,1.1,6.3,5.9,5.0,5.2,1.4,1.3,1.1,1.1,4.9,LOW,LOW,LOW,LOW,N,28.4,23.6
2026-06-13 04:00,4,0,5,0.866,0.5,-0.9749,-0.2225,1,0,0,Heavy Rain,1.5,1.4,1.3,1.1,1.1,9.1,9.0,7.6,7.3,2.0,2.0,1.7,1.6,7.3,LOW,LOW,LOW,LOW,N,28.4,23.6
2026-06-13 04:15,4,15,5,0.8969,0.4423,-0.9749,-0.2225,1,0,0,Clear,1.0,2.0,2.0,1.7,1.6,6.2,6.2,4.9,4.8,1.4,1.4,1.1,1.1,5.0,LOW,LOW,LOW,LOW,N,29.1,22.9
2026-06-13 04:30,4,30,5,0.9239,0.3827,-0.9749,-0.2225,1,0,0,Clear,1.0,1.4,1.4,1.1,1.1,6.1,5.8,5.2,5.0,1.3,1.3,1.1,1.1,4.8,LOW,LOW,LOW,LOW,N,28.0,24.0
2026-06-13 04:45,4,45,5,0.9469,0.3214,-0.9749,-0.2225,1,0,0,Clear,1.0,1.3,1.3,1.1,1.1,6.1,5.7,5.2,4.9,1.3,1.3,1.1,1.1,4.8,LOW,LOW,LOW,LOW,N,28.0,24.0
2026-06-13 05:00,5,0,5,0.9659,0.2588,-0.9749,-0.2225,1,0,0,Heavy Rain,1.5,1.3,1.3,1.1,1.1,9.4,9.0,7.8,7.4,2.1,2.0,1.7,1.6,7.4,LOW,LOW,LOW,LOW,N,28.4,23.6
2026-06-13 05:15,5,15,5,0.9808,0.1951,-0.9749,-0.2225,1,0,0,Clear,1.0,2.1,2.0,1.7,1.6,6.2,6.2,5.0,5.2,1.4,1.4,1.1,1.1,5.0,LOW,LOW,LOW,LOW,N,28.4,23.6
2026-06-13 05:30,5,30,5,0.9914,0.1305,-0.9749,-0.2225,1,0,0,Clear,1.0,1.4,1.4,1.1,1.1,5.7,6.1,4.9,5.1,1.3,1.3,1.1,1.1,4.8,LOW,LOW,LOW,LOW,N,28.2,23.8
2026-06-13 05:45,5,45,5,0.9979,0.0654,-0.9749,-0.2225,1,0,0,Clear,1.0,1.3,1.3,1.1,1.1,6.0,6.1,5.0,5.1,1.3,1.3,1.1,1.1,4.8,LOW,LOW,LOW,LOW,N,28.3,23.7
2026-06-13 06:00,6,0,5,1.0,0.0,-0.9749,-0.2225,1,0,0,Heavy Rain,1.5,1.3,1.3,1.1,1.1,32.5,34.4,30.1,31.4,7.2,7.6,6.6,6.9,28.3,MEDIUM,MEDIUM,MEDIUM,MEDIUM,S,27.1,24.9
2026-06-13 06:15,6,15,5,0.9979,-0.0654,-0.9749,-0.2225,1,0,0,Clear,1.0,7.2,7.6,6.6,6.9,21.8,22.3,20.0,20.9,4.8,4.9,4.4,4.6,18.7,LOW,LOW,LOW,LOW,S,26.9,25.1
2026-06-13 06:30,6,30,5,0.9914,-0.1305,-0.9749,-0.2225,1,0,0,Clear,1.0,4.8,4.9,4.4,4.6,22.4,22.0,19.3,19.4,4.9,4.8,4.2,4.3,18.2,LOW,LOW,LOW,LOW,N,27.8,24.2
2026-06-13 06:45,6,45,5,0.9808,-0.1951,-0.9749,-0.2225,1,0,0,Clear,1.0,4.9,4.8,4.2,4.3,21.1,21.7,19.7,20.5,4.6,4.8,4.3,4.5,18.2,LOW,LOW,LOW,LOW,S,26.8,25.2
2026-06-13 07:00,7,0,5,0.9659,-0.2588,-0.9749,-0.2225,1,0,0,Clear,1.0,4.6,4.8,4.3,4.5,23.0,21.6,19.7,19.1,5.1,4.8,4.3,4.2,18.4,LOW,LOW,LOW,LOW,N,27.9,24.1
2026-06-13 07:15,7,15,5,0.9469,-0.3214,-0.9749,-0.2225,1,0,0,Clear,1.0,5.1,4.8,4.3,4.2,22.8,21.2,20.6,20.0,5.0,4.7,4.5,4.4,18.6,LOW,LOW,LOW,LOW,N,27.2,24.8
2026-06-13 07:30,7,30,5,0.9239,-0.3827,-0.9749,-0.2225,1,0,0,Clear,1.0,5.0,4.7,4.5,4.4,22.8,22.9,20.1,20.7,5.0,5.0,4.4,4.6,19.0,LOW,LOW,LOW,LOW,N,27.4,24.6
2026-06-13 07:45,7,45,5,0.8969,-0.4423,-0.9749,-0.2225,1,0,0,Heavy Rain,1.5,5.0,5.0,4.4,4.6,33.5,33.2,29.9,30.0,7.4,7.3,6.6,6.6,27.9,MEDIUM,MEDIUM,MEDIUM,MEDIUM,N,27.4,24.6
2026-06-13 08:00,8,0,5,0.866,-0.5,-0.9749,-0.2225,1,0,0,Clear,1.0,7.4,7.3,6.6,6.6,23.1,21.5,20.9,19.7,5.1,4.7,4.6,4.3,18.7,LOW,LOW,LOW,LOW,N,27.3,24.7
2026-06-13 08:15,8,15,5,0.8315,-0.5556,-0.9749,-0.2225,1,0,0,Clear,1.0,5.1,4.7,4.6,4.3,21.5,22.4,20.0,19.7,4.7,4.9,4.4,4.3,18.3,LOW,LOW,LOW,LOW,S,27.4,24.6
2026-06-13 08:30,8,30,5,0.7934,-0.6088,-0.9749,-0.2225,1,0,0,Clear,1.0,4.7,4.9,4.4,4.3,22.2,22.2,20.3,20.0,4.9,4.9,4.5,4.4,18.7,LOW,LOW,LOW,LOW,N,27.2,24.8
2026-06-13 08:45,8,45,5,0.7518,-0.6593,-0.9749,-0.2225,1,0,0,Clear,1.0,4.9,4.9,4.5,4.4,23.0,21.0,20.8,20.0,5.1,4.6,4.6,4.4,18.7,LOW,LOW,LOW,LOW,N,27.1,24.9
2026-06-13 09:00,9,0,5,0.7071,-0.7071,-0.9749,-0.2225,1,0,0,Clear,1.0,5.1,4.6,4.6,4.4,22.9,21.9,20.8,20.8,5.0,4.8,4.6,4.6,19.0,LOW,LOW,LOW,LOW,N,27.1,24.9
2026-06-13 09:15,9,15,5,0.6593,-0.7518,-0.9749,-0.2225,1,0,0,Clear,1.0,5.0,4.8,4.6,4.6,22.7,22.4,19.1,19.9,5.0,4.9,4.2,4.4,18.5,LOW,LOW,LOW,LOW,N,27.8,24.2
2026-06-13 09:30,9,30,5,0.6088,-0.7934,-0.9749,-0.2225,1,0,0,Clear,1.0,5.0,4.9,4.2,4.4,22.4,22.4,19.4,19.8,4.9,4.9,4.3,4.4,18.5,LOW,LOW,LOW,LOW,N,27.7,24.3
2026-06-13 09:45,9,45,5,0.5556,-0.8315,-0.9749,-0.2225,1,0,0,Clear,1.0,4.9,4.9,4.3,4.4,23.0,21.5,20.4,20.6,5.1,4.7,4.5,4.5,18.8,LOW,LOW,LOW,LOW,N,27.2,24.8
2026-06-13 10:00,10,0,5,0.5,-0.866,-0.9749,-0.2225,1,0,0,Rain,1.25,5.1,4.7,4.5,4.5,49.4,47.1,46.5,43.2,10.9,10.4,10.2,9.5,41.0,MEDIUM,MEDIUM,MEDIUM,MEDIUM,N,26.9,25.1
2026-06-13 10:15,10,15,5,0.4423,-0.8969,-0.9749,-0.2225,1,0,0,Heavy Rain,1.5,10.9,10.4,10.2,9.5,63.7,56.3,55.3,53.7,14.0,12.4,12.2,11.8,50.4,HIGH,MEDIUM,MEDIUM,MEDIUM,N,27.5,24.5
2026-06-13 10:30,10,30,5,0.3827,-0.9239,-0.9749,-0.2225,1,0,0,Clear,1.0,14.0,12.4,12.2,11.8,39.1,38.2,37.2,33.5,8.6,8.4,8.2,7.4,32.6,MEDIUM,MEDIUM,MEDIUM,MEDIUM,N,26.9,25.1
2026-06-13 10:45,10,45,5,0.3214,-0.9469,-0.9749,-0.2225,1,0,0,Clear,1.0,8.6,8.4,8.2,7.4,40.4,36.4,37.7,34.3,8.9,8.0,8.3,7.5,32.7,MEDIUM,MEDIUM,MEDIUM,MEDIUM,N,26.9,25.1
2026-06-13 11:00,11,0,5,0.2588,-0.9659,-0.9749,-0.2225,1,0,0,Clear,1.0,8.9,8.0,8.3,7.5,38.3,42.9,33.7,41.8,8.4,9.4,7.4,9.2,34.4,MEDIUM,MEDIUM,MEDIUM,MEDIUM,S,26.6,25.4
2026-06-13 11:15,11,15,5,0.1951,-0.9808,-0.9749,-0.2225,1,0,0,Clear,1.0,8.4,9.4,7.4,9.2,36.0,43.2,34.8,38.8,7.9,9.5,7.7,8.5,33.6,MEDIUM,MEDIUM,MEDIUM,MEDIUM,S,27.2,24.8
2026-06-13 11:30,11,30,5,0.1305,-0.9914,-0.9749,-0.2225,1,0,0,Clear,1.0,7.9,9.5,7.7,8.5,38.1,45.5,33.7,40.3,8.4,10.0,7.4,8.9,34.7,MEDIUM,MEDIUM,MEDIUM,MEDIUM,S,27.6,24.4
2026-06-13 11:45,11,45,5,0.0654,-0.9979,-0.9749,-0.2225,1,0,0,Clear,1.0,8.4,10.0,7.4,8.9,37.4,44.7,34.1,38.3,8.2,9.8,7.5,8.4,33.9,MEDIUM,MEDIUM,MEDIUM,MEDIUM,S,27.8,24.2
2026-06-13 12:00,12,0,5,0.0,-1.0,-0.9749,-0.2225,1,0,0,Clear,1.0,8.2,9.8,7.5,8.4,40.8,53.7,35.0,45.6,9.0,11.8,7.7,10.0,38.5,MEDIUM,MEDIUM,MEDIUM,MEDIUM,S,28.1,23.9
2026-06-13 12:15,12,15,5,-0.0654,-0.9979,-0.9749,-0.2225,1,0,0,Clear,1.0,9.0,11.8,7.7,10.0,41.3,53.0,37.6,45.2,9.1,11.7,8.3,9.9,39.0,MEDIUM,MEDIUM,MEDIUM,MEDIUM,S,27.9,24.1
2026-06-13 12:30,12,30,5,-0.1305,-0.9914,-0.9749,-0.2225,1,0,0,Clear,1.0,9.1,11.7,8.3,9.9,40.5,50.1,36.0,44.7,8.9,11.0,7.9,9.8,37.6,MEDIUM,MEDIUM,MEDIUM,MEDIUM,S,27.5,24.5
2026-06-13 12:45,12,45,5,-0.1951,-0.9808,-0.9749,-0.2225,1,0,0,Rain,1.25,8.9,11.0,7.9,9.8,50.0,66.9,44.3,58.4,11.0,14.7,9.7,12.8,48.2,MEDIUM,HIGH,MEDIUM,MEDIUM,S,27.7,24.3
2026-06-13 13:00,13,0,5,-0.2588,-0.9659,-0.9749,-0.2225,1,0,0,Clear,1.0,11.0,14.7,9.7,12.8,47.0,50.5,44.2,47.3,10.3,11.1,9.7,10.4,41.5,MEDIUM,MEDIUM,MEDIUM,MEDIUM,S,26.8,25.2
2026-06-13 13:15,13,15,5,-0.3214,-0.9469,-0.9749,-0.2225,1,0,0,Clear,1.0,10.3,11.1,9.7,10.4,47.1,54.5,42.6,43.4,10.4,12.0,9.4,9.5,41.3,MEDIUM,MEDIUM,MEDIUM,MEDIUM,S,28.5,23.5
2026-06-13 13:30,13,30,5,-0.3827,-0.9239,-0.9749,-0.2225,1,0,0,Clear,1.0,10.4,12.0,9.4,9.5,47.2,51.5,41.6,45.9,10.4,11.3,9.2,10.1,41.0,MEDIUM,MEDIUM,MEDIUM,MEDIUM,S,27.5,24.5
2026-06-13 13:45,13,45,5,-0.4423,-0.8969,-0.9749,-0.2225,1,0,0,Clear,1.0,10.4,11.3,9.2,10.1,46.8,53.1,44.3,46.2,10.3,11.7,9.7,10.2,41.9,MEDIUM,MEDIUM,MEDIUM,MEDIUM,S,27.5,24.5
2026-06-13 14:00,14,0,5,-0.5,-0.866,-0.9749,-0.2225,1,0,0,Heavy Rain,1.5,10.3,11.7,9.7,10.2,79.2,71.5,65.5,61.5,17.4,15.7,14.4,13.5,61.0,HIGH,HIGH,HIGH,MEDIUM,N,28.3,23.7
2026-06-13 14:15,14,15,5,-0.5556,-0.8315,-0.9749,-0.2225,1,0,0,Clear,1.0,17.4,15.7,14.4,13.5,51.2,47.5,44.3,42.8,11.3,10.4,9.7,9.4,40.8,MEDIUM,MEDIUM,MEDIUM,MEDIUM,N,27.7,24.3
2026-06-13 14:30,14,30,5,-0.6088,-0.7934,-0.9749,-0.2225,1,0,0,Clear,1.0,11.3,10.4,9.7,9.4,52.5,45.9,45.8,42.4,11.6,10.1,10.1,9.3,41.1,MEDIUM,MEDIUM,MEDIUM,MEDIUM,N,27.6,24.4
2026-06-13 14:45,14,45,5,-0.6593,-0.7518,-0.9749,-0.2225,1,0,0,Clear,1.0,11.6,10.1,10.1,9.3,51.7,46.2,43.9,41.2,11.4,10.2,9.7,9.1,40.4,MEDIUM,MEDIUM,MEDIUM,MEDIUM,N,28.0,24.0
2026-06-13 15:00,15,0,5,-0.7071,-0.7071,-0.9749,-0.2225,1,0,0,Clear,1.0,11.4,10.2,9.7,9.1,51.7,39.8,43.9,33.9,11.4,8.8,9.7,7.5,37.4,MEDIUM,MEDIUM,MEDIUM,MEDIUM,N,28.1,23.9
2026-06-13 15:15,15,15,5,-0.7518,-0.6593,-0.9749,-0.2225,1,0,0,Clear,1.0,11.4,8.8,9.7,7.5,48.1,38.2,44.5,34.9,10.6,8.4,9.8,7.7,36.5,MEDIUM,MEDIUM,MEDIUM,MEDIUM,N,27.0,25.0
2026-06-13 15:30,15,30,5,-0.7934,-0.6088,-0.9749,-0.2225,1,0,0,Clear,1.0,10.6,8.4,9.8,7.7,50.9,40.2,42.0,35.0,11.2,8.8,9.2,7.7,36.9,MEDIUM,MEDIUM,MEDIUM,MEDIUM,N,28.3,23.7
2026-06-13 15:45,15,45,5,-0.8315,-0.5556,-0.9749,-0.2225,1,0,0,Clear,1.0,11.2,8.8,9.2,7.7,48.2,39.2,44.2,36.3,10.6,8.6,9.7,8.0,36.9,MEDIUM,MEDIUM,MEDIUM,MEDIUM,N,27.1,24.9
2026-06-13 16:00,16,0,5,-0.866,-0.5,-0.9749,-0.2225,1,0,0,Clear,1.0,10.6,8.6,9.7,8.0,42.8,36.5,37.5,34.3,9.4,8.0,8.2,7.5,33.1,MEDIUM,MEDIUM,MEDIUM,MEDIUM,N,27.5,24.5
2026-06-13 16:15,16,15,5,-0.8969,-0.4423,-0.9749,-0.2225,1,0,0,Clear,1.0,9.4,8.0,8.2,7.5,44.7,38.6,37.9,34.0,9.8,8.5,8.3,7.5,34.1,MEDIUM,MEDIUM,MEDIUM,MEDIUM,N,28.0,24.0
2026-06-13 16:30,16,30,5,-0.9239,-0.3827,-0.9749,-0.2225,1,0,0,Clear,1.0,9.8,8.5,8.3,7.5,41.7,38.1,38.9,35.7,9.2,8.4,8.6,7.9,34.1,MEDIUM,MEDIUM,MEDIUM,MEDIUM,N,26.9,25.1
2026-06-13 16:45,16,45,5,-0.9469,-0.3214,-0.9749,-0.2225,1,0,0,Clear,1.0,9.2,8.4,8.6,7.9,41.9,37.1,39.7,35.2,9.2,8.2,8.7,7.7,33.8,MEDIUM,MEDIUM,MEDIUM,MEDIUM,N,26.7,25.3
2026-06-13 17:00,17,0,5,-0.9659,-0.2588,-0.9749,-0.2225,1,0,0,Clear,1.0,9.2,8.2,8.7,7.7,36.7,41.5,32.6,36.8,8.1,9.1,7.2,8.1,32.5,MEDIUM,MEDIUM,MEDIUM,MEDIUM,S,27.6,24.4
2026-06-13 17:15,17,15,5,-0.9808,-0.1951,-0.9749,-0.2225,1,0,0,Clear,1.0,8.1,9.1,7.2,8.1,37.2,43.1,32.9,38.8,8.2,9.5,7.2,8.5,33.4,MEDIUM,MEDIUM,MEDIUM,MEDIUM,S,27.4,24.6
2026-06-13 17:30,17,30,5,-0.9914,-0.1305,-0.9749,-0.2225,1,0,0,Clear,1.0,8.2,9.5,7.2,8.5,35.9,40.9,35.0,37.5,7.9,9.0,7.7,8.2,32.8,MEDIUM,MEDIUM,MEDIUM,MEDIUM,S,26.9,25.1
2026-06-13 17:45,17,45,5,-0.9979,-0.0654,-0.9749,-0.2225,1,0,0,Clear,1.0,7.9,9.0,7.7,8.2,38.7,41.9,32.8,40.0,8.5,9.2,7.2,8.8,33.7,MEDIUM,MEDIUM,MEDIUM,MEDIUM,S,27.0,25.0
2026-06-13 18:00,18,0,5,-1.0,-0.0,-0.9749,-0.2225,1,0,0,Rain,1.25,8.5,9.2,7.2,8.8,26.7,27.2,25.2,26.1,5.9,6.0,5.5,5.7,23.1,LOW,MEDIUM,LOW,LOW,S,26.6,25.4
2026-06-13 18:15,18,15,5,-0.9979,0.0654,-0.9749,-0.2225,1,0,0,Rain,1.25,5.9,6.0,5.5,5.7,27.8,26.9,25.8,23.8,6.1,5.9,5.7,5.2,22.9,MEDIUM,LOW,LOW,LOW,N,27.1,24.9
2026-06-13 18:30,18,30,5,-0.9914,0.1305,-0.9749,-0.2225,1,0,0,Clear,1.0,6.1,5.9,5.7,5.2,23.0,22.9,19.5,19.1,5.1,5.0,4.3,4.2,18.6,LOW,LOW,LOW,LOW,N,28.2,23.8
2026-06-13 18:45,18,45,5,-0.9808,0.1951,-0.9749,-0.2225,1,0,0,Clear,1.0,5.1,5.0,4.3,4.2,23.0,21.2,19.8,19.2,5.1,4.7,4.4,4.2,18.4,LOW,LOW,LOW,LOW,N,27.8,24.2
2026-06-13 19:00,19,0,5,-0.9659,0.2588,-0.9749,-0.2225,1,0,0,Clear,1.0,5.1,4.7,4.4,4.2,22.4,21.1,20.5,20.3,4.9,4.6,4.5,4.5,18.5,LOW,LOW,LOW,LOW,N,27.0,25.0
2026-06-13 19:15,19,15,5,-0.9469,0.3214,-0.9749,-0.2225,1,0,0,Clear,1.0,4.9,4.6,4.5,4.5,22.4,21.1,19.3,20.2,4.9,4.6,4.2,4.4,18.1,LOW,LOW,LOW,LOW,N,27.3,24.7
2026-06-13 19:30,19,30,5,-0.9239,0.3827,-0.9749,-0.2225,1,0,0,Clear,1.0,4.9,4.6,4.2,4.4,21.9,22.8,20.6,20.5,4.8,5.0,4.5,4.5,18.8,LOW,LOW,LOW,LOW,S,27.2,24.8
2026-06-13 19:45,19,45,5,-0.8969,0.4423,-0.9749,-0.2225,1,0,0,Clear,1.0,4.8,5.0,4.5,4.5,21.0,22.4,19.6,20.2,4.6,4.9,4.3,4.4,18.2,LOW,LOW,LOW,LOW,S,27.2,24.8
2026-06-13 20:00,20,0,5,-0.866,0.5,-0.9749,-0.2225,1,0,0,Rain,1.25,4.6,4.9,4.3,4.4,28.0,28.3,24.4,25.0,6.2,6.2,5.4,5.5,23.3,MEDIUM,MEDIUM,LOW,LOW,N,27.7,24.3
2026-06-13 20:15,20,15,5,-0.8315,0.5556,-0.9749,-0.2225,1,0,0,Clear,1.0,6.2,6.2,5.4,5.5,22.6,22.1,19.6,20.0,5.0,4.9,4.3,4.4,18.6,LOW,LOW,LOW,LOW,N,27.6,24.4
2026-06-13 20:30,20,30,5,-0.7934,0.6088,-0.9749,-0.2225,1,0,0,Clear,1.0,5.0,4.9,4.3,4.4,22.9,22.6,19.7,19.4,5.0,5.0,4.3,4.3,18.6,LOW,LOW,LOW,LOW,N,28.0,24.0
2026-06-13 20:45,20,45,5,-0.7518,0.6593,-0.9749,-0.2225,1,0,0,Clear,1.0,5.0,5.0,4.3,4.3,21.6,23.1,20.5,19.5,4.8,5.1,4.5,4.3,18.7,LOW,LOW,LOW,LOW,S,27.5,24.5
2026-06-13 21:00,21,0,5,-0.7071,0.7071,-0.9749,-0.2225,1,0,0,Clear,1.0,4.8,5.1,4.5,4.3,22.0,22.5,20.2,19.6,4.8,5.0,4.4,4.3,18.5,LOW,LOW,LOW,LOW,S,27.4,24.6
2026-06-13 21:15,21,15,5,-0.6593,0.7518,-0.9749,-0.2225,1,0,0,Clear,1.0,4.8,5.0,4.4,4.3,22.3,23.1,19.8,20.7,4.9,5.1,4.4,4.6,19.0,LOW,LOW,LOW,LOW,S,27.5,24.5
2026-06-13 21:30,21,30,5,-0.6088,0.7934,-0.9749,-0.2225,1,0,0,Clear,1.0,4.9,5.1,4.4,4.6,23.1,22.0,19.8,19.6,5.1,4.8,4.4,4.3,18.6,LOW,LOW,LOW,LOW,N,27.9,24.1
2026-06-13 21:45,21,45,5,-0.5556,0.8315,-0.9749,-0.2225,1,0,0,Clear,1.0,5.1,4.8,4.4,4.3,22.9,21.7,20.1,19.5,5.0,4.8,4.4,4.3,18.5,LOW,LOW,LOW,LOW,N,27.6,24.4
2026-06-13 22:00,22,0,5,-0.5,0.866,-0.9749,-0.2225,1,0,0,Rain,1.25,5.0,4.8,4.4,4.3,26.3,28.7,24.2,26.2,5.8,6.3,5.3,5.8,23.2,LOW,MEDIUM,LOW,LOW,S,27.2,24.8
2026-06-13 22:15,22,15,5,-0.4423,0.8969,-0.9749,-0.2225,1,0,0,Rain,1.25,5.8,6.3,5.3,5.8,28.6,28.7,24.3,25.1,6.3,6.3,5.3,5.5,23.4,MEDIUM,MEDIUM,LOW,LOW,N,27.8,24.2
2026-06-13 22:30,22,30,5,-0.3827,0.9239,-0.9749,-0.2225,1,0,0,Clear,1.0,6.3,6.3,5.3,5.5,22.9,21.5,20.4,19.4,5.0,4.7,4.5,4.3,18.5,LOW,LOW,LOW,LOW,N,27.5,24.5
2026-06-13 22:45,22,45,5,-0.3214,0.9469,-0.9749,-0.2225,1,0,0,Heavy Rain,1.5,5.0,4.7,4.5,4.3,31.5,32.8,30.0,30.0,6.9,7.2,6.6,6.6,27.3,MEDIUM,MEDIUM,MEDIUM,MEDIUM,S,27.0,25.0
2026-06-13 23:00,23,0,5,-0.2588,0.9659,-0.9749,-0.2225,1,0,0,Clear,1.0,6.9,7.2,6.6,6.6,5.8,6.0,5.0,4.9,1.3,1.3,1.1,1.1,4.8,LOW,LOW,LOW,LOW,N,28.3,23.7
2026-06-13 23:15,23,15,5,-0.1951,0.9808,-0.9749,-0.2225,1,0,0,Clear,1.0,1.3,1.3,1.1,1.1,6.1,6.1,5.0,5.2,1.3,1.3,1.1,1.1,4.8,LOW,LOW,LOW,LOW,N,28.2,23.8
2026-06-13 23:30,23,30,5,-0.1305,0.9914,-0.9749,-0.2225,1,0,0,Clear,1.0,1.3,1.3,1.1,1.1,6.1,6.2,4.8,5.2,1.3,1.4,1.1,1.1,4.9,LOW,LOW,LOW,LOW,S,28.5,23.5
2026-06-13 23:45,23,45,5,-0.0654,0.9979,-0.9749,-0.2225,1,0,0,Clear,1.0,1.3,1.4,1.1,1.1,6.2,6.2,5.1,5.0,1.4,1.4,1.1,1.1,5.0,LOW,LOW,LOW,LOW,N,28.6,23.4
2026-06-14 00:00,0,0,6,0.0,1.0,-0.7818,0.6235,1,0,0,Clear,1.0,1.4,1.4,1.1,1.1,5.8,5.8,5.1,4.8,1.3,1.3,1.1,1.1,4.8,LOW,LOW,LOW,LOW,N,27.9,24.1
2026-06-14 00:15,0,15,6,0.0654,0.9979,-0.7818,0.6235,1,0,0,Heavy Rain,1.5,1.3,1.3,1.1,1.1,9.1,9.4,7.6,7.5,2.0,2.1,1.7,1.6,7.4,LOW,LOW,LOW,LOW,S,28.7,23.3
2026-06-14 00:30,0,30,6,0.1305,0.9914,-0.7818,0.6235,1,0,0,Clear,1.0,2.0,2.1,1.7,1.6,6.0,5.8,4.8,5.0,1.3,1.3,1.1,1.1,4.8,LOW,LOW,LOW,LOW,N,28.4,23.6
2026-06-14 00:45,0,45,6,0.1951,0.9808,-0.7818,0.6235,1,0,0,Clear,1.0,1.3,1.3,1.1,1.1,6.2,6.2,4.8,5.0,1.4,1.4,1.1,1.1,5.0,LOW,LOW,LOW,LOW,N,28.9,23.1
2026-06-14 01:00,1,0,6,0.2588,0.9659,-0.7818,0.6235,1,0,0,Rain,1.25,1.4,1.4,1.1,1.1,7.6,7.7,6.5,6.1,1.7,1.7,1.4,1.3,6.1,LOW,LOW,LOW,LOW,N,28.4,23.6
2026-06-14 01:15,1,15,6,0.3214,0.9469,-0.7818,0.6235,1,0,0,Clear,1.0,1.7,1.7,1.4,1.3,6.3,5.8,4.8,5.2,1.4,1.3,1.1,1.1,4.9,LOW,LOW,LOW,LOW,N,28.5,23.5
2026-06-14 01:30,1,30,6,0.3827,0.9239,-0.7818,0.6235,1,0,0,Clear,1.0,1.4,1.3,1.1,1.1,5.9,5.8,4.9,4.8,1.3,1.3,1.1,1.1,4.8,LOW,LOW,LOW,LOW,N,28.4,23.6
2026-06-14 01:45,1,45,6,0.4423,0.8969,-0.7818,0.6235,1,0,0,Clear,1.0,1.3,1.3,1.1,1.1,5.8,6.0,5.1,5.2,1.3,1.3,1.1,1.1,4.8,LOW,LOW,LOW,LOW,N,27.8,24.2
2026-06-14 02:00,2,0,6,0.5,0.866,-0.7818,0.6235,1,0,0,Clear,1.0,1.3,1.3,1.1,1.1,6.3,6.0,5.2,4.9,1.4,1.3,1.1,1.1,4.9,LOW,LOW,LOW,LOW,N,28.5,23.5
2026-06-14 02:15,2,15,6,0.5556,0.8315,-0.7818,0.6235,1,0,0,Clear,1.0,1.4,1.3,1.1,1.1,6.1,6.0,4.9,4.9,1.3,1.3,1.1,1.1,4.8,LOW,LOW,LOW,LOW,N,28.8,23.2
2026-06-14 02:30,2,30,6,0.6088,0.7934,-0.7818,0.6235,1,0,0,Clear,1.0,1.3,1.3,1.1,1.1,6.0,6.0,4.8,5.1,1.3,1.3,1.1,1.1,4.8,LOW,LOW,LOW,LOW,N,28.3,23.7
2026-06-14 02:45,2,45,6,0.6593,0.7518,-0.7818,0.6235,1,0,0,Clear,1.0,1.3,1.3,1.1,1.1,6.2,6.1,4.8,5.0,1.4,1.3,1.1,1.1,4.9,LOW,LOW,LOW,LOW,N,28.9,23.1
2026-06-14 03:00,3,0,6,0.7071,0.7071,-0.7818,0.6235,1,0,0,Clear,1.0,1.4,1.3,1.1,1.1,5.7,6.0,4.9,5.2,1.3,1.3,1.1,1.1,4.8,LOW,LOW,LOW,LOW,N,27.9,24.1
2026-06-14 03:15,3,15,6,0.7518,0.6593,-0.7818,0.6235,1,0,0,Clear,1.0,1.3,1.3,1.1,1.1,6.2,5.7,4.8,4.9,1.4,1.3,1.1,1.1,4.9,LOW,LOW,LOW,LOW,N,28.8,23.2
2026-06-14 03:30,3,30,6,0.7934,0.6088,-0.7818,0.6235,1,0,0,Heavy Rain,1.5,1.4,1.3,1.1,1.1,9.4,9.3,7.9,7.2,2.1,2.0,1.7,1.6,7.4,LOW,LOW,LOW,LOW,N,28.5,23.5
2026-06-14 03:45,3,45,6,0.8315,0.5556,-0.7818,0.6235,1,0,0,Clear,1.0,2.1,2.0,1.7,1.6,6.0,6.2,4.8,5.0,1.3,1.4,1.1,1.1,4.9,LOW,LOW,LOW,LOW,S,28.8,23.2
2026-06-14 04:00,4,0,6,0.866,0.5,-0.7818,0.6235,1,0,0,Clear,1.0,1.3,1.4,1.1,1.1,5.8,5.9,5.2,4.8,1.3,1.3,1.1,1.1,4.8,LOW,LOW,LOW,LOW,N,27.8,24.2
2026-06-14 04:15,4,15,6,0.8969,0.4423,-0.7818,0.6235,1,0,0,Clear,1.0,1.3,1.3,1.1,1.1,5.8,5.9,4.8,4.9,1.3,1.3,1.1,1.1,4.8,LOW,LOW,LOW,LOW,N,28.4,23.6
2026-06-14 04:30,4,30,6,0.9239,0.3827,-0.7818,0.6235,1,0,0,Clear,1.0,1.3,1.3,1.1,1.1,5.9,5.9,5.0,5.0,1.3,1.3,1.1,1.1,4.8,LOW,LOW,LOW,LOW,N,28.1,23.9
2026-06-14 04:45,4,45,6,0.9469,0.3214,-0.7818,0.6235,1,0,0,Clear,1.0,1.3,1.3,1.1,1.1,6.1,6.2,5.2,5.0,1.3,1.4,1.1,1.1,4.9,LOW,LOW,LOW,LOW,S,28.4,23.6
2026-06-14 05:00,5,0,6,0.9659,0.2588,-0.7818,0.6235,1,0,0,Clear,1.0,1.3,1.4,1.1,1.1,5.7,6.2,5.1,5.2,1.3,1.4,1.1,1.1,4.9,LOW,LOW,LOW,LOW,S,28.1,23.9
2026-06-14 05:15,5,15,6,0.9808,0.1951,-0.7818,0.6235,1,0,0,Clear,1.0,1.3,1.4,1.1,1.1,5.7,5.8,5.1,5.1,1.3,1.3,1.1,1.1,4.8,LOW,LOW,LOW,LOW,N,27.6,24.4
2026-06-14 05:30,5,30,6,0.9914,0.1305,-0.7818,0.6235,1,0,0,Clear,1.0,1.3,1.3,1.1,1.1,6.1,5.9,5.1,5.2,1.3,1.3,1.1,1.1,4.8,LOW,LOW,LOW,LOW,N,28.0,24.0
2026-06-14 05:45,5,45,6,0.9979,0.0654,-0.7818,0.6235,1,0,0,Clear,1.0,1.3,1.3,1.1,1.1,5.8,5.9,5.1,5.2,1.3,1.3,1.1,1.1,4.8,LOW,LOW,LOW,LOW,N,27.6,24.4
2026-06-14 06:00,6,0,6,1.0,0.0,-0.7818,0.6235,1,0,0,Heavy Rain,1.5,1.3,1.3,1.1,1.1,33.3,31.9,29.2,30.8,7.3,7.0,6.4,6.8,27.5,MEDIUM,MEDIUM,MEDIUM,MEDIUM,N,27.0,25.0
2026-06-14 06:15,6,15,6,0.9979,-0.0654,-0.7818,0.6235,1,0,0,Clear,1.0,7.3,7.0,6.4,6.8,22.4,21.2,20.0,20.6,4.9,4.7,4.4,4.5,18.5,LOW,LOW,LOW,LOW,N,27.0,25.0
2026-06-14 06:30,6,30,6,0.9914,-0.1305,-0.7818,0.6235,1,0,0,Heavy Rain,1.5,4.9,4.7,4.4,4.5,34.0,34.5,29.9,30.0,7.5,7.6,6.6,6.6,28.3,MEDIUM,MEDIUM,MEDIUM,MEDIUM,S,27.8,24.2
2026-06-14 06:45,6,45,6,0.9808,-0.1951,-0.7818,0.6235,1,0,0,Clear,1.0,7.5,7.6,6.6,6.6,22.9,22.8,20.5,20.5,5.0,5.0,4.5,4.5,19.0,LOW,LOW,LOW,LOW,N,27.4,24.6
2026-06-14 07:00,7,0,6,0.9659,-0.2588,-0.7818,0.6235,1,0,0,Clear,1.0,5.0,5.0,4.5,4.5,22.0,22.1,19.9,19.7,4.8,4.9,4.4,4.3,18.4,LOW,LOW,LOW,LOW,S,27.4,24.6
2026-06-14 07:15,7,15,6,0.9469,-0.3214,-0.7818,0.6235,1,0,0,Clear,1.0,4.8,4.9,4.4,4.3,23.0,23.0,20.9,20.2,5.1,5.1,4.6,4.4,19.2,LOW,LOW,LOW,LOW,N,27.4,24.6
2026-06-14 07:30,7,30,6,0.9239,-0.3827,-0.7818,0.6235,1,0,0,Clear,1.0,5.1,5.1,4.6,4.4,22.9,22.5,20.3,20.8,5.0,5.0,4.5,4.6,19.1,LOW,LOW,LOW,LOW,N,27.3,24.7
2026-06-14 07:45,7,45,6,0.8969,-0.4423,-0.7818,0.6235,1,0,0,Clear,1.0,5.0,5.0,4.5,4.6,22.1,21.4,19.0,20.7,4.9,4.7,4.2,4.6,18.4,LOW,LOW,LOW,LOW,N,27.0,25.0
2026-06-14 08:00,8,0,6,0.866,-0.5,-0.7818,0.6235,1,0,0,Heavy Rain,1.5,4.9,4.7,4.2,4.6,33.2,32.7,30.9,30.1,7.3,7.2,6.8,6.6,27.9,MEDIUM,MEDIUM,MEDIUM,MEDIUM,N,27.0,25.0
2026-06-14 08:15,8,15,6,0.8315,-0.5556,-0.7818,0.6235,1,0,0,Clear,1.0,7.3,7.2,6.8,6.6,23.0,22.6,20.4,19.2,5.1,5.0,4.5,4.2,18.8,LOW,LOW,LOW,LOW,N,27.7,24.3
2026-06-14 08:30,8,30,6,0.7934,-0.6088,-0.7818,0.6235,1,0,0,Clear,1.0,5.1,5.0,4.5,4.2,22.8,21.2,20.8,19.5,5.0,4.7,4.6,4.3,18.6,LOW,LOW,LOW,LOW,N,27.2,24.8
2026-06-14 08:45,8,45,6,0.7518,-0.6593,-0.7818,0.6235,1,0,0,Clear,1.0,5.0,4.7,4.6,4.3,22.3,22.9,19.9,19.1,4.9,5.0,4.4,4.2,18.5,LOW,LOW,LOW,LOW,S,27.9,24.1
2026-06-14 09:00,9,0,6,0.7071,-0.7071,-0.7818,0.6235,1,0,0,Clear,1.0,4.9,5.0,4.4,4.2,22.3,21.7,20.4,21.0,4.9,4.8,4.5,4.6,18.8,LOW,LOW,LOW,LOW,N,26.8,25.2
2026-06-14 09:15,9,15,6,0.6593,-0.7518,-0.7818,0.6235,1,0,0,Rain,1.25,4.9,4.8,4.5,4.6,28.7,27.2,26.0,24.2,6.3,6.0,5.7,5.3,23.3,MEDIUM,MEDIUM,LOW,LOW,N,27.3,24.7
2026-06-14 09:30,9,30,6,0.6088,-0.7934,-0.7818,0.6235,1,0,0,Clear,1.0,6.3,6.0,5.7,5.3,22.2,21.1,19.7,19.3,4.9,4.6,4.3,4.2,18.0,LOW,LOW,LOW,LOW,N,27.5,24.5
2026-06-14 09:45,9,45,6,0.5556,-0.8315,-0.7818,0.6235,1,0,0,Clear,1.0,4.9,4.6,4.3,4.2,20.9,22.3,19.3,20.5,4.6,4.9,4.2,4.5,18.2,LOW,LOW,LOW,LOW,S,27.1,24.9
2026-06-14 10:00,10,0,6,0.5,-0.866,-0.7818,0.6235,1,0,0,Clear,1.0,4.6,4.9,4.2,4.5,41.1,39.8,37.1,35.8,9.0,8.8,8.2,7.9,33.9,MEDIUM,MEDIUM,MEDIUM,MEDIUM,N,27.3,24.7
2026-06-14 10:15,10,15,6,0.4423,-0.8969,-0.7818,0.6235,1,0,0,Rain,1.25,9.0,8.8,8.2,7.9,52.5,46.3,44.6,42.1,11.6,10.2,9.8,9.3,40.9,MEDIUM,MEDIUM,MEDIUM,MEDIUM,N,27.9,24.1
2026-06-14 10:30,10,30,6,0.3827,-0.9239,-0.7818,0.6235,1,0,0,Clear,1.0,11.6,10.2,9.8,9.3,38.7,40.0,35.5,33.7,8.5,8.8,7.8,7.4,32.5,MEDIUM,MEDIUM,MEDIUM,MEDIUM,S,27.6,24.4
2026-06-14 10:45,10,45,6,0.3214,-0.9469,-0.7818,0.6235,1,0,0,Clear,1.0,8.5,8.8,7.8,7.4,42.3,40.1,38.0,35.2,9.3,8.8,8.4,7.7,34.2,MEDIUM,MEDIUM,MEDIUM,MEDIUM,N,27.5,24.5
2026-06-14 11:00,11,0,6,0.2588,-0.9659,-0.7818,0.6235,1,0,0,Rain,1.25,9.3,8.8,8.4,7.7,44.4,55.5,43.0,47.7,9.8,12.2,9.5,10.5,42.0,MEDIUM,MEDIUM,MEDIUM,MEDIUM,S,27.6,24.4
2026-06-14 11:15,11,15,6,0.1951,-0.9808,-0.7818,0.6235,1,0,0,Rain,1.25,9.8,12.2,9.5,10.5,44.4,54.5,43.2,51.5,9.8,12.0,9.5,11.3,42.6,MEDIUM,MEDIUM,MEDIUM,MEDIUM,S,26.7,25.3
2026-06-14 11:30,11,30,6,0.1305,-0.9914,-0.7818,0.6235,1,0,0,Clear,1.0,9.8,12.0,9.5,11.3,35.4,43.2,34.5,40.0,7.8,9.5,7.6,8.8,33.7,MEDIUM,MEDIUM,MEDIUM,MEDIUM,S,26.8,25.2
2026-06-14 11:45,11,45,6,0.0654,-0.9979,-0.7818,0.6235,1,0,0,Heavy Rain,1.5,7.8,9.5,7.6,8.8,56.6,68.5,52.3,62.8,12.5,15.1,11.5,13.8,52.9,MEDIUM,HIGH,MEDIUM,MEDIUM,S,27.1,24.9
2026-06-14 12:00,12,0,6,0.0,-1.0,-0.7818,0.6235,1,0,0,Clear,1.0,12.5,15.1,11.5,13.8,39.6,51.2,36.7,44.9,8.7,11.3,8.1,9.9,38.0,MEDIUM,MEDIUM,MEDIUM,MEDIUM,S,27.5,24.5
2026-06-14 12:15,12,15,6,-0.0654,-0.9979,-0.7818,0.6235,1,0,0,Clear,1.0,8.7,11.3,8.1,9.9,41.4,50.2,36.0,45.0,9.1,11.0,7.9,9.9,37.9,MEDIUM,MEDIUM,MEDIUM,MEDIUM,S,27.5,24.5
2026-06-14 12:30,12,30,6,-0.1305,-0.9914,-0.7818,0.6235,1,0,0,Clear,1.0,9.1,11.0,7.9,9.9,41.4,49.2,37.1,44.1,9.1,10.8,8.2,9.7,37.8,MEDIUM,MEDIUM,MEDIUM,MEDIUM,S,27.4,24.6
2026-06-14 12:45,12,45,6,-0.1951,-0.9808,-0.7818,0.6235,1,0,0,Clear,1.0,9.1,10.8,8.2,9.7,40.7,51.1,37.1,43.0,9.0,11.2,8.2,9.5,37.9,MEDIUM,MEDIUM,MEDIUM,MEDIUM,S,28.0,24.0
2026-06-14 13:00,13,0,6,-0.2588,-0.9659,-0.7818,0.6235,1,0,0,Clear,1.0,9.0,11.2,8.2,9.5,46.7,53.0,42.3,44.3,10.3,11.7,9.3,9.7,41.0,MEDIUM,MEDIUM,MEDIUM,MEDIUM,S,28.1,23.9
2026-06-14 13:15,13,15,6,-0.3214,-0.9469,-0.7818,0.6235,1,0,0,Clear,1.0,10.3,11.7,9.3,9.7,47.3,54.0,43.6,44.0,10.4,11.9,9.6,9.7,41.6,MEDIUM,MEDIUM,MEDIUM,MEDIUM,S,28.3,23.7
2026-06-14 13:30,13,30,6,-0.3827,-0.9239,-0.7818,0.6235,1,0,0,Clear,1.0,10.4,11.9,9.6,9.7,49.2,50.5,44.5,43.4,10.8,11.1,9.8,9.5,41.2,MEDIUM,MEDIUM,MEDIUM,MEDIUM,S,27.6,24.4
2026-06-14 13:45,13,45,6,-0.4423,-0.8969,-0.7818,0.6235,1,0,0,Clear,1.0,10.8,11.1,9.8,9.5,46.8,53.9,40.5,47.7,10.3,11.9,8.9,10.5,41.6,MEDIUM,MEDIUM,MEDIUM,MEDIUM,S,27.7,24.3
2026-06-14 14:00,14,0,6,-0.5,-0.866,-0.7818,0.6235,1,0,0,Clear,1.0,10.3,11.9,8.9,10.5,55.5,45.9,47.4,42.8,12.2,10.1,10.4,9.4,42.1,MEDIUM,MEDIUM,MEDIUM,MEDIUM,N,27.8,24.2
2026-06-14 14:15,14,15,6,-0.5556,-0.8315,-0.7818,0.6235,1,0,0,Clear,1.0,12.2,10.1,10.4,9.4,52.9,46.7,44.8,42.2,11.6,10.3,9.9,9.3,41.1,MEDIUM,MEDIUM,MEDIUM,MEDIUM,N,28.0,24.0
2026-06-14 14:30,14,30,6,-0.6088,-0.7934,-0.7818,0.6235,1,0,0,Clear,1.0,11.6,10.3,9.9,9.3,54.9,44.1,44.0,39.2,12.1,9.7,9.7,8.6,40.1,MEDIUM,MEDIUM,MEDIUM,MEDIUM,N,28.6,23.4
2026-06-14 14:45,14,45,6,-0.6593,-0.7518,-0.7818,0.6235,1,0,0,Clear,1.0,12.1,9.7,9.7,8.6,52.0,44.6,46.7,39.0,11.4,9.8,10.3,8.6,40.1,MEDIUM,MEDIUM,MEDIUM,MEDIUM,N,27.5,24.5
2026-06-14 15:00,15,0,6,-0.7071,-0.7071,-0.7818,0.6235,1,0,0,Clear,1.0,11.4,9.8,10.3,8.6,49.2,39.0,42.4,36.4,10.8,8.6,9.3,8.0,36.7,MEDIUM,MEDIUM,MEDIUM,MEDIUM,N,27.7,24.3
2026-06-14 15:15,15,15,6,-0.7518,-0.6593,-0.7818,0.6235,1,0,0,Rain,1.25,10.8,8.6,9.3,8.0,62.6,47.7,52.8,44.2,13.8,10.5,11.6,9.7,45.6,MEDIUM,MEDIUM,MEDIUM,MEDIUM,N,27.9,24.1
2026-06-14 15:30,15,30,6,-0.7934,-0.6088,-0.7818,0.6235,1,0,0,Clear,1.0,13.8,10.5,11.6,9.7,47.9,40.4,42.0,35.2,10.5,8.9,9.2,7.7,36.3,MEDIUM,MEDIUM,MEDIUM,MEDIUM,N,27.7,24.3
2026-06-14 15:45,15,45,6,-0.8315,-0.5556,-0.7818,0.6235,1,0,0,Clear,1.0,10.5,8.9,9.2,7.7,47.7,39.4,42.4,36.9,10.5,8.7,9.3,8.1,36.6,MEDIUM,MEDIUM,MEDIUM,MEDIUM,N,27.4,24.6
2026-06-14 16:00,16,0,6,-0.866,-0.5,-0.7818,0.6235,1,0,0,Clear,1.0,10.5,8.7,9.3,8.1,42.1,36.4,36.7,34.8,9.3,8.0,8.1,7.7,33.1,MEDIUM,MEDIUM,MEDIUM,MEDIUM,N,27.5,24.5
2026-06-14 16:15,16,15,6,-0.8969,-0.4423,-0.7818,0.6235,1,0,0,Clear,1.0,9.3,8.0,8.1,7.7,43.7,38.4,39.1,33.0,9.6,8.4,8.6,7.3,33.9,MEDIUM,MEDIUM,MEDIUM,MEDIUM,N,27.6,24.4
2026-06-14 16:30,16,30,6,-0.9239,-0.3827,-0.7818,0.6235,1,0,0,Clear,1.0,9.6,8.4,8.6,7.3,40.7,37.6,36.7,34.3,9.0,8.3,8.1,7.5,32.9,MEDIUM,MEDIUM,MEDIUM,MEDIUM,N,27.3,24.7
2026-06-14 16:45,16,45,6,-0.9469,-0.3214,-0.7818,0.6235,1,0,0,Clear,1.0,9.0,8.3,8.1,7.5,42.8,38.2,39.0,34.4,9.4,8.4,8.6,7.6,34.0,MEDIUM,MEDIUM,MEDIUM,MEDIUM,N,27.2,24.8
2026-06-14 17:00,17,0,6,-0.9659,-0.2588,-0.7818,0.6235,1,0,0,Rain,1.25,9.4,8.4,8.6,7.6,47.0,54.0,42.4,48.6,10.3,11.9,9.3,10.7,42.2,MEDIUM,MEDIUM,MEDIUM,MEDIUM,S,27.4,24.6
2026-06-14 17:15,17,15,6,-0.9808,-0.1951,-0.7818,0.6235,1,0,0,Rain,1.25,10.3,11.9,9.3,10.7,48.1,52.3,41.2,48.7,10.6,11.5,9.1,10.7,41.9,MEDIUM,MEDIUM,MEDIUM,MEDIUM,S,27.2,24.8
2026-06-14 17:30,17,30,6,-0.9914,-0.1305,-0.7818,0.6235,1,0,0,Clear,1.0,10.6,11.5,9.1,10.7,36.7,41.3,35.1,37.9,8.1,9.1,7.7,8.3,33.2,MEDIUM,MEDIUM,MEDIUM,MEDIUM,S,27.0,25.0
2026-06-14 17:45,17,45,6,-0.9979,-0.0654,-0.7818,0.6235,1,0,0,Rain,1.25,8.1,9.1,7.7,8.3,45.8,52.8,43.5,48.7,10.1,11.6,9.6,10.7,42.0,MEDIUM,MEDIUM,MEDIUM,MEDIUM,S,27.0,25.0
2026-06-14 18:00,18,0,6,-1.0,-0.0,-0.7818,0.6235,1,0,0,Clear,1.0,10.1,11.6,9.6,10.7,22.1,21.3,19.2,19.5,4.9,4.7,4.2,4.3,18.1,LOW,LOW,LOW,LOW,N,27.6,24.4
2026-06-14 18:15,18,15,6,-0.9979,0.0654,-0.7818,0.6235,1,0,0,Clear,1.0,4.9,4.7,4.2,4.3,21.4,21.3,20.5,19.4,4.7,4.7,4.5,4.3,18.2,LOW,LOW,LOW,LOW,N,26.7,25.3
2026-06-14 18:30,18,30,6,-0.9914,0.1305,-0.7818,0.6235,1,0,0,Clear,1.0,4.7,4.7,4.5,4.3,22.6,22.5,20.8,19.9,5.0,5.0,4.6,4.4,19.0,LOW,LOW,LOW,LOW,N,27.2,24.8
2026-06-14 18:45,18,45,6,-0.9808,0.1951,-0.7818,0.6235,1,0,0,Clear,1.0,5.0,5.0,4.6,4.4,21.5,21.5,19.7,19.5,4.7,4.7,4.3,4.3,18.0,LOW,LOW,LOW,LOW,N,27.2,24.8
2026-06-14 19:00,19,0,6,-0.9659,0.2588,-0.7818,0.6235,1,0,0,Clear,1.0,4.7,4.7,4.3,4.3,23.0,21.4,19.7,19.7,5.1,4.7,4.3,4.3,18.4,LOW,LOW,LOW,LOW,N,27.8,24.2
2026-06-14 19:15,19,15,6,-0.9469,0.3214,-0.7818,0.6235,1,0,0,Clear,1.0,5.1,4.7,4.3,4.3,21.9,21.0,19.9,20.9,4.8,4.6,4.4,4.6,18.4,LOW,LOW,LOW,LOW,N,26.6,25.4
2026-06-14 19:30,19,30,6,-0.9239,0.3827,-0.7818,0.6235,1,0,0,Clear,1.0,4.8,4.6,4.4,4.6,22.0,22.7,19.7,19.7,4.8,5.0,4.3,4.3,18.4,LOW,LOW,LOW,LOW,S,27.7,24.3
2026-06-14 19:45,19,45,6,-0.8969,0.4423,-0.7818,0.6235,1,0,0,Clear,1.0,4.8,5.0,4.3,4.3,21.8,22.8,19.4,19.9,4.8,5.0,4.3,4.4,18.5,LOW,LOW,LOW,LOW,S,27.7,24.3
2026-06-14 20:00,20,0,6,-0.866,0.5,-0.7818,0.6235,1,0,0,Clear,1.0,4.8,5.0,4.3,4.4,22.3,20.9,21.0,20.6,4.9,4.6,4.6,4.5,18.6,LOW,LOW,LOW,LOW,N,26.6,25.4
2026-06-14 20:15,20,15,6,-0.8315,0.5556,-0.7818,0.6235,1,0,0,Clear,1.0,4.9,4.6,4.6,4.5,21.7,21.5,19.5,19.5,4.8,4.7,4.3,4.3,18.1,LOW,LOW,LOW,LOW,N,27.4,24.6
2026-06-14 20:30,20,30,6,-0.7934,0.6088,-0.7818,0.6235,1,0,0,Clear,1.0,4.8,4.7,4.3,4.3,21.2,21.7,20.5,20.0,4.7,4.8,4.5,4.4,18.4,LOW,LOW,LOW,LOW,S,26.7,25.3
2026-06-14 20:45,20,45,6,-0.7518,0.6593,-0.7818,0.6235,1,0,0,Clear,1.0,4.7,4.8,4.5,4.4,22.8,22.2,19.8,20.4,5.0,4.9,4.4,4.5,18.8,LOW,LOW,LOW,LOW,N,27.5,24.5
2026-06-14 21:00,21,0,6,-0.7071,0.7071,-0.7818,0.6235,1,0,0,Clear,1.0,5.0,4.9,4.4,4.5,21.4,22.0,20.7,20.0,4.7,4.8,4.6,4.4,18.5,LOW,LOW,LOW,LOW,S,26.8,25.2
2026-06-14 21:15,21,15,6,-0.6593,0.7518,-0.7818,0.6235,1,0,0,Clear,1.0,4.7,4.8,4.6,4.4,22.2,22.7,20.3,20.3,4.9,5.0,4.5,4.5,18.9,LOW,LOW,LOW,LOW,S,27.4,24.6
2026-06-14 21:30,21,30,6,-0.6088,0.7934,-0.7818,0.6235,1,0,0,Clear,1.0,4.9,5.0,4.5,4.5,21.5,22.3,19.5,20.4,4.7,4.9,4.3,4.5,18.4,LOW,LOW,LOW,LOW,S,27.2,24.8
2026-06-14 21:45,21,45,6,-0.5556,0.8315,-0.7818,0.6235,1,0,0,Clear,1.0,4.7,4.9,4.3,4.5,21.3,22.8,19.3,20.4,4.7,5.0,4.2,4.5,18.4,LOW,LOW,LOW,LOW,S,27.4,24.6
2026-06-14 22:00,22,0,6,-0.5,0.866,-0.7818,0.6235,1,0,0,Clear,1.0,4.7,5.0,4.2,4.5,21.3,22.5,20.2,20.2,4.7,5.0,4.4,4.4,18.5,LOW,LOW,LOW,LOW,S,27.2,24.8
2026-06-14 22:15,22,15,6,-0.4423,0.8969,-0.7818,0.6235,1,0,0,Clear,1.0,4.7,5.0,4.4,4.4,21.0,20.9,19.3,20.9,4.6,4.6,4.2,4.6,18.0,LOW,LOW,LOW,LOW,N,26.3,25.7
2026-06-14 22:30,22,30,6,-0.3827,0.9239,-0.7818,0.6235,1,0,0,Clear,1.0,4.6,4.6,4.2,4.6,21.2,21.9,20.2,21.0,4.7,4.8,4.4,4.6,18.5,LOW,LOW,LOW,LOW,S,26.6,25.4
2026-06-14 22:45,22,45,6,-0.3214,0.9469,-0.7818,0.6235,1,0,0,Rain,1.25,4.7,4.8,4.4,4.6,26.9,26.4,24.8,25.6,5.9,5.8,5.5,5.6,22.8,LOW,LOW,LOW,LOW,N,26.7,25.3
2026-06-14 23:00,23,0,6,-0.2588,0.9659,-0.7818,0.6235,1,0,0,Clear,1.0,5.9,5.8,5.5,5.6,6.0,5.7,4.9,5.2,1.3,1.3,1.1,1.1,4.8,LOW,LOW,LOW,LOW,N,27.9,24.1
2026-06-14 23:15,23,15,6,-0.1951,0.9808,-0.7818,0.6235,1,0,0,Rain,1.25,1.3,1.3,1.1,1.1,7.1,7.1,6.0,6.4,1.6,1.6,1.3,1.4,5.9,LOW,LOW,LOW,LOW,N,27.6,24.4
2026-06-14 23:30,23,30,6,-0.1305,0.9914,-0.7818,0.6235,1,0,0,Clear,1.0,1.6,1.6,1.3,1.4,6.0,5.7,5.2,5.2,1.3,1.3,1.1,1.1,4.8,LOW,LOW,LOW,LOW,N,27.7,24.3
2026-06-14 23:45,23,45,6,-0.0654,0.9979,-0.7818,0.6235,1,0,0,Rain,1.25,1.3,1.3,1.1,1.1,7.4,7.7,6.0,6.1,1.6,1.7,1.3,1.3,5.9,LOW,LOW,LOW,LOW,S,28.9,23.1
2026-06-15 00:00,0,0,0,0.0,1.0,0.0,1.0,0,0,0,Clear,1.0,1.6,1.7,1.3,1.3,6.1,5.7,5.0,4.8,1.3,1.3,1.1,1.1,4.8,LOW,LOW,LOW,LOW,N,28.5,23.5
2026-06-15 00:15,0,15,0,0.0654,0.9979,0.0,1.0,0,0,0,Clear,1.0,1.3,1.3,1.1,1.1,5.7,6.2,5.2,5.1,1.3,1.4,1.1,1.1,4.9,LOW,LOW,LOW,LOW,S,28.1,23.9
2026-06-15 00:30,0,30,0,0.1305,0.9914,0.0,1.0,0,0,0,Clear,1.0,1.3,1.4,1.1,1.1,5.9,6.1,5.1,5.0,1.3,1.3,1.1,1.1,4.8,LOW,LOW,LOW,LOW,N,28.3,23.7
2026-06-15 00:45,0,45,0,0.1951,0.9808,0.0,1.0,0,0,0,Rain,1.25,1.3,1.3,1.1,1.1,7.2,7.7,6.0,6.1,1.6,1.7,1.3,1.3,5.9,LOW,LOW,LOW,LOW,S,28.9,23.1
2026-06-15 01:00,1,0,0,0.2588,0.9659,0.0,1.0,0,0,0,Clear,1.0,1.6,1.7,1.3,1.3,5.9,5.8,5.2,5.0,1.3,1.3,1.1,1.1,4.8,LOW,LOW,LOW,LOW,N,27.7,24.3
2026-06-15 01:15,1,15,0,0.3214,0.9469,0.0,1.0,0,0,0,Clear,1.0,1.3,1.3,1.1,1.1,5.9,5.8,5.2,5.1,1.3,1.3,1.1,1.1,4.8,LOW,LOW,LOW,LOW,N,27.6,24.4
2026-06-15 01:30,1,30,0,0.3827,0.9239,0.0,1.0,0,0,0,Clear,1.0,1.3,1.3,1.1,1.1,5.8,6.2,5.2,5.2,1.3,1.4,1.1,1.1,4.9,LOW,LOW,LOW,LOW,S,28.1,23.9
2026-06-15 01:45,1,45,0,0.4423,0.8969,0.0,1.0,0,0,0,Clear,1.0,1.3,1.4,1.1,1.1,5.8,5.9,4.9,5.1,1.3,1.3,1.1,1.1,4.8,LOW,LOW,LOW,LOW,N,28.0,24.0
2026-06-15 02:00,2,0,0,0.5,0.866,0.0,1.0,0,0,0,Rain,1.25,1.3,1.3,1.1,1.1,7.3,7.1,6.0,6.4,1.6,1.6,1.3,1.4,5.9,LOW,LOW,LOW,LOW,N,27.8,24.2
2026-06-15 02:15,2,15,0,0.5556,0.8315,0.0,1.0,0,0,0,Heavy Rain,1.5,1.6,1.6,1.3,1.4,9.1,9.1,7.8,7.5,2.0,2.0,1.7,1.6,7.3,LOW,LOW,LOW,LOW,N,28.1,23.9
2026-06-15 02:30,2,30,0,0.6088,0.7934,0.0,1.0,0,0,0,Clear,1.0,2.0,2.0,1.7,1.6,5.7,5.8,5.0,4.9,1.3,1.3,1.1,1.1,4.8,LOW,LOW,LOW,LOW,N,27.9,24.1
2026-06-15 02:45,2,45,0,0.6593,0.7518,0.0,1.0,0,0,0,Clear,1.0,1.3,1.3,1.1,1.1,5.9,6.0,5.1,5.2,1.3,1.3,1.1,1.1,4.8,LOW,LOW,LOW,LOW,N,27.9,24.1
2026-06-15 03:00,3,0,0,0.7071,0.7071,0.0,1.0,0,0,0,Clear,1.0,1.3,1.3,1.1,1.1,6.2,6.0,5.2,5.1,1.4,1.3,1.1,1.1,4.9,LOW,LOW,LOW,LOW,N,28.2,23.8
2026-06-15 03:15,3,15,0,0.7518,0.6593,0.0,1.0,0,0,0,Clear,1.0,1.4,1.3,1.1,1.1,6.0,5.9,5.0,5.1,1.3,1.3,1.1,1.1,4.8,LOW,LOW,LOW,LOW,N,28.1,23.9
2026-06-15 03:30,3,30,0,0.7934,0.6088,0.0,1.0,0,0,0,Clear,1.0,1.3,1.3,1.1,1.1,6.0,6.1,5.1,4.8,1.3,1.3,1.1,1.1,4.8,LOW,LOW,LOW,LOW,N,28.5,23.5
2026-06-15 03:45,3,45,0,0.8315,0.5556,0.0,1.0,0,0,0,Rain,1.25,1.3,1.3,1.1,1.1,7.8,7.7,6.3,6.5,1.7,1.7,1.4,1.4,6.2,LOW,LOW,LOW,LOW,N,28.4,23.6
2026-06-15 04:00,4,0,0,0.866,0.5,0.0,1.0,0,0,0,Clear,1.0,1.7,1.7,1.4,1.4,5.8,6.0,4.9,5.0,1.3,1.3,1.1,1.1,4.8,LOW,LOW,LOW,LOW,N,28.3,23.7
2026-06-15 04:15,4,15,0,0.8969,0.4423,0.0,1.0,0,0,0,Clear,1.0,1.3,1.3,1.1,1.1,5.8,6.1,5.0,4.9,1.3,1.3,1.1,1.1,4.8,LOW,LOW,LOW,LOW,N,28.5,23.5
2026-06-15 04:30,4,30,0,0.9239,0.3827,0.0,1.0,0,0,0,Clear,1.0,1.3,1.3,1.1,1.1,6.2,5.8,4.8,4.8,1.4,1.3,1.1,1.1,4.9,LOW,LOW,LOW,LOW,N,29.1,22.9
2026-06-15 04:45,4,45,0,0.9469,0.3214,0.0,1.0,0,0,0,Rain,1.25,1.4,1.3,1.1,1.1,7.3,7.6,6.2,6.2,1.6,1.7,1.4,1.4,6.1,LOW,LOW,LOW,LOW,S,28.5,23.5
2026-06-15 05:00,5,0,0,0.9659,0.2588,0.0,1.0,0,0,0,Clear,1.0,1.6,1.7,1.4,1.4,5.8,5.9,4.9,5.2,1.3,1.3,1.1,1.1,4.8,LOW,LOW,LOW,LOW,N,27.8,24.2
2026-06-15 05:15,5,15,0,0.9808,0.1951,0.0,1.0,0,0,0,Rain,1.25,1.3,1.3,1.1,1.1,7.2,7.5,6.1,6.4,1.6,1.6,1.3,1.4,5.9,LOW,LOW,LOW,LOW,N,28.1,23.9
2026-06-15 05:30,5,30,0,0.9914,0.1305,0.0,1.0,0,0,0,Clear,1.0,1.6,1.6,1.3,1.4,6.2,6.3,4.8,4.9,1.4,1.4,1.1,1.1,5.0,LOW,LOW,LOW,LOW,N,29.3,22.7
2026-06-15 05:45,5,45,0,0.9979,0.0654,0.0,1.0,0,0,0,Rain,1.25,1.4,1.4,1.1,1.1,7.4,7.2,6.1,6.3,1.6,1.6,1.3,1.4,5.9,LOW,LOW,LOW,LOW,N,28.1,23.9
2026-06-15 06:00,6,0,0,1.0,0.0,0.0,1.0,0,0,0,Clear,1.0,1.6,1.6,1.3,1.4,24.6,24.6,22.7,21.0,5.4,5.4,5.0,4.6,20.4,LOW,LOW,LOW,LOW,N,27.3,24.7
2026-06-15 06:15,6,15,0,0.9979,-0.0654,0.0,1.0,0,0,0,Clear,1.0,5.4,5.4,5.0,4.6,24.6,26.0,22.9,21.0,5.4,5.7,5.0,4.6,20.7,LOW,LOW,LOW,LOW,S,27.7,24.3
2026-06-15 06:30,6,30,0,0.9914,-0.1305,0.0,1.0,0,0,0,Clear,1.0,5.4,5.7,5.0,4.6,26.0,24.5,22.9,22.5,5.7,5.4,5.0,5.0,21.1,LOW,LOW,LOW,LOW,N,27.5,24.5
2026-06-15 06:45,6,45,0,0.9808,-0.1951,0.0,1.0,0,0,0,Rain,1.25,5.7,5.4,5.0,5.0,31.8,30.9,26.8,26.6,7.0,6.8,5.9,5.9,25.6,MEDIUM,MEDIUM,LOW,LOW,N,28.1,23.9
2026-06-15 07:00,7,0,0,0.9659,-0.2588,0.0,1.0,0,1,0,Clear,1.0,7.0,6.8,5.9,5.9,115.2,17.9,88.9,17.7,25.3,3.9,19.6,3.9,52.7,VERY_HIGH,LOW,HIGH,LOW,N,29.2,22.8
2026-06-15 07:15,7,15,0,0.9469,-0.3214,0.0,1.0,0,1,0,Clear,1.0,25.3,3.9,19.6,3.9,114.5,17.9,81.5,17.6,25.2,3.9,17.9,3.9,50.9,VERY_HIGH,LOW,HIGH,LOW,N,30.1,21.9
2026-06-15 07:30,7,30,0,0.9239,-0.3827,0.0,1.0,0,1,0,Clear,1.0,25.2,3.9,17.9,3.9,104.8,18.2,80.8,18.3,23.1,4.0,17.8,4.0,48.9,HIGH,LOW,HIGH,LOW,N,29.1,22.9
2026-06-15 07:45,7,45,0,0.8969,-0.4423,0.0,1.0,0,1,0,Clear,1.0,23.1,4.0,17.8,4.0,108.2,17.2,82.8,17.2,23.8,3.8,18.2,3.8,49.6,HIGH,LOW,HIGH,LOW,N,29.3,22.7
2026-06-15 08:00,8,0,0,0.866,-0.5,0.0,1.0,0,1,0,Clear,1.0,23.8,3.8,18.2,3.8,142.1,18.7,114.3,18.4,31.3,4.1,25.1,4.0,64.5,VERY_HIGH,LOW,VERY_HIGH,LOW,N,28.7,23.3
2026-06-15 08:15,8,15,0,0.8315,-0.5556,0.0,1.0,0,1,0,Heavy Rain,1.5,31.3,4.1,25.1,4.0,221.8,27.6,170.3,28.1,48.8,6.1,37.5,6.2,98.6,VERY_HIGH,MEDIUM,VERY_HIGH,MEDIUM,N,29.2,22.8
2026-06-15 08:30,8,30,0,0.7934,-0.6088,0.0,1.0,0,1,0,Clear,1.0,48.8,6.1,37.5,6.2,142.4,17.9,106.9,18.8,31.3,3.9,23.5,4.1,62.8,VERY_HIGH,LOW,HIGH,LOW,N,29.5,22.5
2026-06-15 08:45,8,45,0,0.7518,-0.6593,0.0,1.0,0,1,0,Clear,1.0,31.3,3.9,23.5,4.1,148.3,18.6,109.6,17.2,32.6,4.1,24.1,3.8,64.6,VERY_HIGH,LOW,VERY_HIGH,LOW,N,29.8,22.2
2026-06-15 09:00,9,0,0,0.7071,-0.7071,0.0,1.0,0,1,0,Clear,1.0,32.6,4.1,24.1,3.8,106.9,17.9,81.9,17.4,23.5,3.9,18.0,3.8,49.2,HIGH,LOW,HIGH,LOW,N,29.3,22.7
2026-06-15 09:15,9,15,0,0.6593,-0.7518,0.0,1.0,0,1,0,Clear,1.0,23.5,3.9,18.0,3.8,115.2,18.8,83.5,17.9,25.3,4.1,18.4,3.9,51.7,VERY_HIGH,LOW,HIGH,LOW,N,29.9,22.1
2026-06-15 09:30,9,30,0,0.6088,-0.7934,0.0,1.0,0,1,0,Rain,1.25,25.3,4.1,18.4,3.9,132.0,23.6,103.3,22.5,29.0,5.2,22.7,5.0,61.9,VERY_HIGH,LOW,HIGH,LOW,N,29.0,23.0
2026-06-15 09:45,9,45,0,0.5556,-0.8315,0.0,1.0,0,1,0,Clear,1.0,29.0,5.2,22.7,5.0,113.8,18.5,82.4,18.8,25.0,4.1,18.1,4.1,51.3,VERY_HIGH,LOW,HIGH,LOW,N,29.9,22.1
2026-06-15 10:00,10,0,0,0.5,-0.866,0.0,1.0,0,0,0,Clear,1.0,25.0,4.1,18.1,4.1,24.0,25.4,22.1,21.3,5.3,5.6,4.9,4.7,20.5,LOW,LOW,LOW,LOW,S,27.7,24.3
2026-06-15 10:15,10,15,0,0.4423,-0.8969,0.0,1.0,0,0,0,Rain,1.25,5.3,5.6,4.9,4.7,32.5,30.6,27.8,28.6,7.2,6.7,6.1,6.3,26.3,MEDIUM,MEDIUM,MEDIUM,MEDIUM,N,27.6,24.4
2026-06-15 10:30,10,30,0,0.3827,-0.9239,0.0,1.0,0,0,0,Clear,1.0,7.2,6.7,6.1,6.3,26.0,25.8,23.0,23.0,5.7,5.7,5.1,5.1,21.6,LOW,LOW,LOW,LOW,N,27.6,24.4
2026-06-15 10:45,10,45,0,0.3214,-0.9469,0.0,1.0,0,0,0,Clear,1.0,5.7,5.7,5.1,5.1,26.2,25.7,22.9,21.9,5.8,5.7,5.0,4.8,21.3,LOW,LOW,LOW,LOW,N,27.8,24.2
2026-06-15 11:00,11,0,0,0.2588,-0.9659,0.0,1.0,0,0,0,Clear,1.0,5.8,5.7,5.0,4.8,40.9,38.1,33.7,33.5,9.0,8.4,7.4,7.4,32.2,MEDIUM,MEDIUM,MEDIUM,MEDIUM,N,28.3,23.7
2026-06-15 11:15,11,15,0,0.1951,-0.9808,0.0,1.0,0,0,0,Clear,1.0,9.0,8.4,7.4,7.4,39.4,39.1,34.0,35.9,8.7,8.6,7.5,7.9,32.7,MEDIUM,MEDIUM,MEDIUM,MEDIUM,N,27.4,24.6
2026-06-15 11:30,11,30,0,0.1305,-0.9914,0.0,1.0,0,0,0,Clear,1.0,8.7,8.6,7.5,7.9,41.7,41.0,34.1,34.6,9.2,9.0,7.5,7.6,33.3,MEDIUM,MEDIUM,MEDIUM,MEDIUM,N,28.4,23.6
2026-06-15 11:45,11,45,0,0.0654,-0.9979,0.0,1.0,0,0,0,Clear,1.0,9.2,9.0,7.5,7.6,40.0,39.2,35.8,35.4,8.8,8.6,7.9,7.8,33.1,MEDIUM,MEDIUM,MEDIUM,MEDIUM,N,27.4,24.6
2026-06-15 12:00,12,0,0,0.0,-1.0,0.0,1.0,0,0,0,Clear,1.0,8.8,8.6,7.9,7.8,41.6,39.9,36.5,33.4,9.2,8.8,8.0,7.3,33.3,MEDIUM,MEDIUM,MEDIUM,MEDIUM,N,27.8,24.2
2026-06-15 12:15,12,15,0,-0.0654,-0.9979,0.0,1.0,0,0,0,Heavy Rain,1.5,9.2,8.8,8.0,7.3,59.0,62.0,54.4,50.3,13.0,13.6,12.0,11.1,49.7,MEDIUM,MEDIUM,MEDIUM,MEDIUM,S,27.8,24.2
2026-06-15 12:30,12,30,0,-0.1305,-0.9914,0.0,1.0,0,0,0,Rain,1.25,13.0,13.6,12.0,11.1,52.2,48.0,42.8,45.6,11.5,10.6,9.4,10.0,41.5,MEDIUM,MEDIUM,MEDIUM,MEDIUM,N,27.7,24.3
2026-06-15 12:45,12,45,0,-0.1951,-0.9808,0.0,1.0,0,0,0,Clear,1.0,11.5,10.6,9.4,10.0,40.5,39.0,36.1,35.6,8.9,8.6,7.9,7.8,33.2,MEDIUM,MEDIUM,MEDIUM,MEDIUM,N,27.4,24.6
2026-06-15 13:00,13,0,0,-0.2588,-0.9659,0.0,1.0,0,0,0,Clear,1.0,8.9,8.6,7.9,7.8,38.5,40.1,33.9,34.6,8.5,8.8,7.5,7.6,32.4,MEDIUM,MEDIUM,MEDIUM,MEDIUM,S,27.8,24.2
2026-06-15 13:15,13,15,0,-0.3214,-0.9469,0.0,1.0,0,0,0,Clear,1.0,8.5,8.8,7.5,7.6,40.4,38.7,34.3,33.3,8.9,8.5,7.5,7.3,32.2,MEDIUM,MEDIUM,MEDIUM,MEDIUM,N,28.1,23.9
2026-06-15 13:30,13,30,0,-0.3827,-0.9239,0.0,1.0,0,0,0,Clear,1.0,8.9,8.5,7.5,7.3,38.1,39.4,34.0,36.6,8.4,8.7,7.5,8.1,32.7,MEDIUM,MEDIUM,MEDIUM,MEDIUM,S,27.1,24.9
2026-06-15 13:45,13,45,0,-0.4423,-0.8969,0.0,1.0,0,0,0,Clear,1.0,8.4,8.7,7.5,8.1,41.9,38.5,35.8,33.5,9.2,8.5,7.9,7.4,33.0,MEDIUM,MEDIUM,MEDIUM,MEDIUM,N,28.0,24.0
2026-06-15 14:00,14,0,0,-0.5,-0.866,0.0,1.0,0,0,0,Clear,1.0,9.2,8.5,7.9,7.4,38.4,40.0,34.2,36.6,8.4,8.8,7.5,8.1,32.8,MEDIUM,MEDIUM,MEDIUM,MEDIUM,S,27.2,24.8
2026-06-15 14:15,14,15,0,-0.5556,-0.8315,0.0,1.0,0,0,0,Clear,1.0,8.4,8.8,7.5,8.1,40.1,40.7,34.6,34.1,8.8,9.0,7.6,7.5,32.9,MEDIUM,MEDIUM,MEDIUM,MEDIUM,S,28.1,23.9
2026-06-15 14:30,14,30,0,-0.6088,-0.7934,0.0,1.0,0,0,0,Rain,1.25,8.8,9.0,7.6,7.5,49.3,49.4,42.9,45.2,10.8,10.9,9.4,9.9,41.0,MEDIUM,MEDIUM,MEDIUM,MEDIUM,S,27.3,24.7
2026-06-15 14:45,14,45,0,-0.6593,-0.7518,0.0,1.0,0,0,0,Clear,1.0,10.8,10.9,9.4,9.9,41.6,40.4,34.4,33.3,9.2,8.9,7.6,7.3,33.0,MEDIUM,MEDIUM,MEDIUM,MEDIUM,N,28.5,23.5
2026-06-15 15:00,15,0,0,-0.7071,-0.7071,0.0,1.0,0,0,0,Clear,1.0,9.2,8.9,7.6,7.3,38.9,41.3,33.5,34.9,8.6,9.1,7.4,7.7,32.8,MEDIUM,MEDIUM,MEDIUM,MEDIUM,S,28.1,23.9
2026-06-15 15:15,15,15,0,-0.7518,-0.6593,0.0,1.0,0,0,0,Clear,1.0,8.6,9.1,7.4,7.7,40.4,39.9,33.6,34.6,8.9,8.8,7.4,7.6,32.7,MEDIUM,MEDIUM,MEDIUM,MEDIUM,N,28.1,23.9
2026-06-15 15:30,15,30,0,-0.7934,-0.6088,0.0,1.0,0,0,0,Clear,1.0,8.9,8.8,7.4,7.6,41.6,38.0,36.5,35.2,9.2,8.4,8.0,7.7,33.3,MEDIUM,MEDIUM,MEDIUM,MEDIUM,N,27.5,24.5
2026-06-15 15:45,15,45,0,-0.8315,-0.5556,0.0,1.0,0,0,0,Clear,1.0,9.2,8.4,8.0,7.7,39.7,39.5,35.2,36.4,8.7,8.7,7.7,8.0,33.1,MEDIUM,MEDIUM,MEDIUM,MEDIUM,N,27.2,24.8
2026-06-15 16:00,16,0,0,-0.866,-0.5,0.0,1.0,0,0,1,Rain,1.25,8.7,8.7,7.7,8.0,21.8,137.2,23.4,104.0,4.8,30.2,5.1,22.9,63.0,LOW,VERY_HIGH,LOW,HIGH,S,29.3,22.7
2026-06-15 16:15,16,15,0,-0.8969,-0.4423,0.0,1.0,0,0,1,Clear,1.0,4.8,30.2,5.1,22.9,17.5,111.0,17.4,83.5,3.9,24.4,3.8,18.4,50.5,LOW,VERY_HIGH,LOW,HIGH,S,29.5,22.5
2026-06-15 16:30,16,30,0,-0.9239,-0.3827,0.0,1.0,0,0,1,Clear,1.0,3.9,24.4,3.8,18.4,17.2,113.2,18.6,85.6,3.8,24.9,4.1,18.8,51.6,LOW,VERY_HIGH,LOW,HIGH,S,29.3,22.7
2026-06-15 16:45,16,45,0,-0.9469,-0.3214,0.0,1.0,0,0,1,Clear,1.0,3.8,24.9,4.1,18.8,18.3,112.4,17.6,87.7,4.0,24.7,3.9,19.3,51.9,LOW,VERY_HIGH,LOW,HIGH,S,29.0,23.0
2026-06-15 17:00,17,0,0,-0.9659,-0.2588,0.0,1.0,0,0,1,Heavy Rain,1.5,4.0,24.7,3.9,19.3,26.7,198.0,27.4,158.8,5.9,43.6,6.0,34.9,90.4,LOW,VERY_HIGH,MEDIUM,VERY_HIGH,S,28.7,23.3
2026-06-15 17:15,17,15,0,-0.9808,-0.1951,0.0,1.0,0,0,1,Clear,1.0,5.9,43.6,6.0,34.9,17.6,137.5,17.5,99.1,3.9,30.2,3.9,21.8,59.8,LOW,VERY_HIGH,LOW,HIGH,S,30.0,22.0
2026-06-15 17:30,17,30,0,-0.9914,-0.1305,0.0,1.0,0,0,1,Clear,1.0,3.9,30.2,3.9,21.8,18.4,131.2,17.1,104.6,4.0,28.9,3.8,23.0,59.7,LOW,VERY_HIGH,LOW,HIGH,S,28.8,23.2
2026-06-15 17:45,17,45,0,-0.9979,-0.0654,0.0,1.0,0,0,1,Clear,1.0,4.0,28.9,3.8,23.0,18.0,127.8,18.4,104.8,4.0,28.1,4.0,23.1,59.2,LOW,VERY_HIGH,LOW,HIGH,S,28.4,23.6
2026-06-15 18:00,18,0,0,-1.0,-0.0,0.0,1.0,0,0,1,Heavy Rain,1.5,4.0,28.1,4.0,23.1,26.3,206.6,28.2,156.6,5.8,45.5,6.2,34.5,92.0,LOW,VERY_HIGH,MEDIUM,VERY_HIGH,S,29.4,22.6
2026-06-15 18:15,18,15,0,-0.9979,0.0654,0.0,1.0,0,0,1,Clear,1.0,5.8,45.5,6.2,34.5,18.5,125.7,17.7,104.3,4.1,27.7,3.9,22.9,58.6,LOW,VERY_HIGH,LOW,HIGH,S,28.3,23.7
2026-06-15 18:30,18,30,0,-0.9914,0.1305,0.0,1.0,0,0,1,Clear,1.0,4.1,27.7,3.9,22.9,17.6,133.7,18.2,103.1,3.9,29.4,4.0,22.7,60.0,LOW,VERY_HIGH,LOW,HIGH,S,29.2,22.8
2026-06-15 18:45,18,45,0,-0.9808,0.1951,0.0,1.0,0,0,1,Clear,1.0,3.9,29.4,4.0,22.7,18.7,131.2,18.7,98.9,4.1,28.9,4.1,21.8,58.9,LOW,VERY_HIGH,LOW,HIGH,S,29.5,22.5
2026-06-15 19:00,19,0,0,-0.9659,0.2588,0.0,1.0,0,0,1,Heavy Rain,1.5,4.1,28.9,4.1,21.8,27.7,170.3,25.9,125.5,6.1,37.5,5.7,27.6,76.9,MEDIUM,VERY_HIGH,LOW,VERY_HIGH,S,29.8,22.2
2026-06-15 19:15,19,15,0,-0.9469,0.3214,0.0,1.0,0,0,1,Rain,1.25,6.1,37.5,5.7,27.6,21.4,137.7,23.2,101.2,4.7,30.3,5.1,22.3,62.4,LOW,VERY_HIGH,LOW,HIGH,S,29.7,22.3
2026-06-15 19:30,19,30,0,-0.9239,0.3827,0.0,1.0,0,0,1,Heavy Rain,1.5,4.7,30.3,5.1,22.3,25.9,168.9,28.3,130.6,5.7,37.2,6.2,28.7,77.8,LOW,VERY_HIGH,MEDIUM,VERY_HIGH,S,29.1,22.9
2026-06-15 19:45,19,45,0,-0.8969,0.4423,0.0,1.0,0,0,1,Clear,1.0,5.7,37.2,6.2,28.7,17.5,114.0,17.9,82.3,3.9,25.1,3.9,18.1,51.0,LOW,VERY_HIGH,LOW,HIGH,S,29.9,22.1
2026-06-15 20:00,20,0,0,-0.866,0.5,0.0,1.0,0,0,0,Rain,1.25,3.9,25.1,3.9,18.1,30.8,31.4,27.0,28.8,6.8,6.9,5.9,6.3,25.9,MEDIUM,MEDIUM,LOW,MEDIUM,S,27.3,24.7
2026-06-15 20:15,20,15,0,-0.8315,0.5556,0.0,1.0,0,0,0,Clear,1.0,6.8,6.9,5.9,6.3,24.8,25.9,22.1,22.5,5.5,5.7,4.9,5.0,21.1,LOW,LOW,LOW,LOW,S,27.7,24.3
2026-06-15 20:30,20,30,0,-0.7934,0.6088,0.0,1.0,0,0,0,Clear,1.0,5.5,5.7,4.9,5.0,26.2,24.4,21.4,22.6,5.8,5.4,4.7,5.0,20.9,LOW,LOW,LOW,LOW,N,27.9,24.1
2026-06-15 20:45,20,45,0,-0.7518,0.6593,0.0,1.0,0,0,0,Rain,1.25,5.8,5.4,4.7,5.0,30.5,30.4,28.4,26.7,6.7,6.7,6.2,5.9,25.5,MEDIUM,MEDIUM,MEDIUM,LOW,N,27.1,24.9
2026-06-15 21:00,21,0,0,-0.7071,0.7071,0.0,1.0,0,0,0,Clear,1.0,6.7,6.7,6.2,5.9,26.1,24.0,21.4,21.1,5.7,5.3,4.7,4.6,20.3,LOW,LOW,LOW,LOW,N,28.3,23.7
2026-06-15 21:15,21,15,0,-0.6593,0.7518,0.0,1.0,0,0,0,Clear,1.0,5.7,5.3,4.7,4.6,26.0,24.4,21.5,22.5,5.7,5.4,4.7,5.0,20.8,LOW,LOW,LOW,LOW,N,27.8,24.2
2026-06-15 21:30,21,30,0,-0.6088,0.7934,0.0,1.0,0,0,0,Clear,1.0,5.7,5.4,4.7,5.0,26.0,24.8,21.9,22.6,5.7,5.5,4.8,5.0,21.0,LOW,LOW,LOW,LOW,N,27.8,24.2
2026-06-15 21:45,21,45,0,-0.5556,0.8315,0.0,1.0,0,0,0,Clear,1.0,5.7,5.5,4.8,5.0,25.6,25.7,22.5,21.3,5.6,5.7,5.0,4.7,21.0,LOW,LOW,LOW,LOW,S,27.9,24.1
2026-06-15 22:00,22,0,0,-0.5,0.866,0.0,1.0,0,0,0,Clear,1.0,5.6,5.7,5.0,4.7,25.8,24.5,21.8,21.4,5.7,5.4,4.8,4.7,20.6,LOW,LOW,LOW,LOW,N,28.1,23.9
2026-06-15 22:15,22,15,0,-0.4423,0.8969,0.0,1.0,0,0,0,Clear,1.0,5.7,5.4,4.8,4.7,25.8,23.9,21.1,21.5,5.7,5.3,4.6,4.7,20.3,LOW,LOW,LOW,LOW,N,28.2,23.8
2026-06-15 22:30,22,30,0,-0.3827,0.9239,0.0,1.0,0,0,0,Rain,1.25,5.7,5.3,4.6,4.7,30.3,29.8,27.7,28.6,6.7,6.6,6.1,6.3,25.7,MEDIUM,MEDIUM,MEDIUM,MEDIUM,N,26.8,25.2
2026-06-15 22:45,22,45,0,-0.3214,0.9469,0.0,1.0,0,0,0,Clear,1.0,6.7,6.6,6.1,6.3,24.6,24.7,22.3,22.6,5.4,5.4,4.9,5.0,20.7,LOW,LOW,LOW,LOW,N,27.2,24.8
2026-06-15 23:00,23,0,0,-0.2588,0.9659,0.0,1.0,0,0,0,Clear,1.0,5.4,5.4,4.9,5.0,6.1,6.0,5.0,5.1,1.3,1.3,1.1,1.1,4.8,LOW,LOW,LOW,LOW,N,28.3,23.7
2026-06-15 23:15,23,15,0,-0.1951,0.9808,0.0,1.0,0,0,0,Clear,1.0,1.3,1.3,1.1,1.1,5.9,5.8,4.8,4.8,1.3,1.3,1.1,1.1,4.8,LOW,LOW,LOW,LOW,N,28.6,23.4
2026-06-15 23:30,23,30,0,-0.1305,0.9914,0.0,1.0,0,0,0,Clear,1.0,1.3,1.3,1.1,1.1,6.1,6.1,4.8,5.1,1.3,1.3,1.1,1.1,4.8,LOW,LOW,LOW,LOW,N,28.5,23.5
2026-06-15 23:45,23,45,0,-0.0654,0.9979,0.0,1.0,0,0,0,Clear,1.0,1.3,1.3,1.1,1.1,5.8,6.2,5.1,5.1,1.3,1.4,1.1,1.1,4.9,LOW,LOW,LOW,LOW,S,28.3,23.7
2026-06-16 00:00,0,0,1,0.0,1.0,0.7818,0.6235,0,0,0,Clear,1.0,1.3,1.4,1.1,1.1,5.8,6.1,4.8,5.2,1.3,1.3,1.1,1.1,4.8,LOW,LOW,LOW,LOW,N,28.2,23.8
2026-06-16 00:15,0,15,1,0.0654,0.9979,0.7818,0.6235,0,0,0,Clear,1.0,1.3,1.3,1.1,1.1,6.0,6.2,5.1,4.9,1.3,1.4,1.1,1.1,4.9,LOW,LOW,LOW,LOW,S,28.6,23.4
2026-06-16 00:30,0,30,1,0.1305,0.9914,0.7818,0.6235,0,0,0,Clear,1.0,1.3,1.4,1.1,1.1,6.0,6.2,4.8,5.1,1.3,1.4,1.1,1.1,4.9,LOW,LOW,LOW,LOW,S,28.6,23.4
2026-06-16 00:45,0,45,1,0.1951,0.9808,0.7818,0.6235,0,0,0,Clear,1.0,1.3,1.4,1.1,1.1,5.9,6.0,4.9,4.9,1.3,1.3,1.1,1.1,4.8,LOW,LOW,LOW,LOW,N,28.6,23.4
2026-06-16 01:00,1,0,1,0.2588,0.9659,0.7818,0.6235,0,0,0,Clear,1.0,1.3,1.3,1.1,1.1,5.8,5.9,4.8,4.9,1.3,1.3,1.1,1.1,4.8,LOW,LOW,LOW,LOW,N,28.4,23.6
2026-06-16 01:15,1,15,1,0.3214,0.9469,0.7818,0.6235,0,0,0,Clear,1.0,1.3,1.3,1.1,1.1,5.8,6.0,5.2,4.9,1.3,1.3,1.1,1.1,4.8,LOW,LOW,LOW,LOW,N,27.9,24.1
2026-06-16 01:30,1,30,1,0.3827,0.9239,0.7818,0.6235,0,0,0,Clear,1.0,1.3,1.3,1.1,1.1,6.1,5.9,5.0,5.2,1.3,1.3,1.1,1.1,4.8,LOW,LOW,LOW,LOW,N,28.1,23.9
2026-06-16 01:45,1,45,1,0.4423,0.8969,0.7818,0.6235,0,0,0,Rain,1.25,1.3,1.3,1.1,1.1,7.2,7.5,6.4,6.4,1.6,1.6,1.4,1.4,6.0,LOW,LOW,LOW,LOW,N,27.9,24.1
2026-06-16 02:00,2,0,1,0.5,0.866,0.7818,0.6235,0,0,0,Clear,1.0,1.6,1.6,1.4,1.4,6.1,5.8,5.1,4.8,1.3,1.3,1.1,1.1,4.8,LOW,LOW,LOW,LOW,N,28.4,23.6
2026-06-16 02:15,2,15,1,0.5556,0.8315,0.7818,0.6235,0,0,0,Clear,1.0,1.3,1.3,1.1,1.1,5.8,6.1,4.8,5.0,1.3,1.3,1.1,1.1,4.8,LOW,LOW,LOW,LOW,N,28.5,23.5
2026-06-16 02:30,2,30,1,0.6088,0.7934,0.7818,0.6235,0,0,0,Clear,1.0,1.3,1.3,1.1,1.1,6.2,5.8,5.1,5.0,1.4,1.3,1.1,1.1,4.9,LOW,LOW,LOW,LOW,N,28.4,23.6
2026-06-16 02:45,2,45,1,0.6593,0.7518,0.7818,0.6235,0,0,0,Clear,1.0,1.4,1.3,1.1,1.1,6.1,5.8,4.8,5.0,1.3,1.3,1.1,1.1,4.8,LOW,LOW,LOW,LOW,N,28.5,23.5
2026-06-16 03:00,3,0,1,0.7071,0.7071,0.7818,0.6235,0,0,0,Clear,1.0,1.3,1.3,1.1,1.1,5.7,5.7,4.8,5.1,1.3,1.3,1.1,1.1,4.8,LOW,LOW,LOW,LOW,N,27.6,24.4
2026-06-16 03:15,3,15,1,0.7518,0.6593,0.7818,0.6235,0,0,0,Clear,1.0,1.3,1.3,1.1,1.1,6.1,6.2,5.1,4.8,1.3,1.4,1.1,1.1,4.9,LOW,LOW,LOW,LOW,S,28.7,23.3
2026-06-16 03:30,3,30,1,0.7934,0.6088,0.7818,0.6235,0,0,0,Clear,1.0,1.3,1.4,1.1,1.1,5.7,6.1,5.2,5.0,1.3,1.3,1.1,1.1,4.8,LOW,LOW,LOW,LOW,N,28.0,24.0
2026-06-16 03:45,3,45,1,0.8315,0.5556,0.7818,0.6235,0,0,0,Rain,1.25,1.3,1.3,1.1,1.1,7.4,7.6,6.1,6.0,1.6,1.7,1.3,1.3,5.9,LOW,LOW,LOW,LOW,S,28.8,23.2
2026-06-16 04:00,4,0,1,0.866,0.5,0.7818,0.6235,0,0,0,Clear,1.0,1.6,1.7,1.3,1.3,6.2,6.0,4.9,4.9,1.4,1.3,1.1,1.1,4.9,LOW,LOW,LOW,LOW,N,28.9,23.1
2026-06-16 04:15,4,15,1,0.8969,0.4423,0.7818,0.6235,0,0,0,Clear,1.0,1.4,1.3,1.1,1.1,5.8,6.1,5.1,4.8,1.3,1.3,1.1,1.1,4.8,LOW,LOW,LOW,LOW,N,28.4,23.6
2026-06-16 04:30,4,30,1,0.9239,0.3827,0.7818,0.6235,0,0,0,Heavy Rain,1.5,1.3,1.3,1.1,1.1,8.8,9.4,7.7,7.8,1.9,2.1,1.7,1.7,7.4,LOW,LOW,LOW,LOW,S,28.2,23.8
2026-06-16 04:45,4,45,1,0.9469,0.3214,0.7818,0.6235,0,0,0,Clear,1.0,1.9,2.1,1.7,1.7,6.2,5.8,5.2,5.2,1.4,1.3,1.1,1.1,4.9,LOW,LOW,LOW,LOW,N,28.1,23.9
2026-06-16 05:00,5,0,1,0.9659,0.2588,0.7818,0.6235,0,0,0,Rain,1.25,1.4,1.3,1.1,1.1,7.3,7.6,6.1,6.5,1.6,1.7,1.3,1.4,6.0,LOW,LOW,LOW,LOW,S,28.1,23.9
2026-06-16 05:15,5,15,1,0.9808,0.1951,0.7818,0.6235,0,0,0,Clear,1.0,1.6,1.7,1.3,1.4,5.8,5.9,5.0,4.8,1.3,1.3,1.1,1.1,4.8,LOW,LOW,LOW,LOW,N,28.2,23.8
2026-06-16 05:30,5,30,1,0.9914,0.1305,0.7818,0.6235,0,0,0,Clear,1.0,1.3,1.3,1.1,1.1,5.8,6.0,4.8,4.9,1.3,1.3,1.1,1.1,4.8,LOW,LOW,LOW,LOW,N,28.6,23.4
2026-06-16 05:45,5,45,1,0.9979,0.0654,0.7818,0.6235,0,0,0,Clear,1.0,1.3,1.3,1.1,1.1,6.3,5.7,5.2,5.1,1.4,1.3,1.1,1.1,4.9,LOW,LOW,LOW,LOW,N,28.2,23.8
2026-06-16 06:00,6,0,1,1.0,0.0,0.7818,0.6235,0,0,0,Heavy Rain,1.5,1.4,1.3,1.1,1.1,37.7,38.6,34.6,32.1,8.3,8.5,7.6,7.1,31.5,MEDIUM,MEDIUM,MEDIUM,MEDIUM,S,27.6,24.4
2026-06-16 06:15,6,15,1,0.9979,-0.0654,0.7818,0.6235,0,0,0,Clear,1.0,8.3,8.5,7.6,7.1,24.5,25.0,21.2,22.7,5.4,5.5,4.7,5.0,20.6,LOW,LOW,LOW,LOW,S,27.4,24.6
2026-06-16 06:30,6,30,1,0.9914,-0.1305,0.7818,0.6235,0,0,0,Clear,1.0,5.4,5.5,4.7,5.0,25.8,24.8,22.5,21.8,5.7,5.5,5.0,4.8,21.0,LOW,LOW,LOW,LOW,N,27.8,24.2
2026-06-16 06:45,6,45,1,0.9808,-0.1951,0.7818,0.6235,0,0,0,Clear,1.0,5.7,5.5,5.0,4.8,24.0,24.8,20.9,21.1,5.3,5.5,4.6,4.6,20.0,LOW,LOW,LOW,LOW,S,28.0,24.0
2026-06-16 07:00,7,0,1,0.9659,-0.2588,0.7818,0.6235,0,1,0,Clear,1.0,5.3,5.5,4.6,4.6,112.6,18.8,81.3,17.6,24.8,4.1,17.9,3.9,50.7,VERY_HIGH,LOW,HIGH,LOW,N,30.0,22.0
2026-06-16 07:15,7,15,1,0.9469,-0.3214,0.7818,0.6235,0,1,0,Clear,1.0,24.8,4.1,17.9,3.9,104.6,18.7,87.3,18.1,23.0,4.1,19.2,4.0,50.3,HIGH,LOW,HIGH,LOW,N,28.2,23.8
2026-06-16 07:30,7,30,1,0.9239,-0.3827,0.7818,0.6235,0,1,0,Clear,1.0,23.0,4.1,19.2,4.0,113.0,18.0,87.2,17.8,24.9,4.0,19.2,3.9,52.0,VERY_HIGH,LOW,HIGH,LOW,N,29.2,22.8
2026-06-16 07:45,7,45,1,0.8969,-0.4423,0.7818,0.6235,0,1,0,Heavy Rain,1.5,24.9,4.0,19.2,3.9,161.9,25.8,129.7,26.7,35.6,5.7,28.5,5.9,75.7,VERY_HIGH,LOW,VERY_HIGH,LOW,N,28.7,23.3
2026-06-16 08:00,8,0,1,0.866,-0.5,0.7818,0.6235,0,1,0,Clear,1.0,35.6,5.7,28.5,5.9,147.3,18.6,108.7,17.6,32.4,4.1,23.9,3.9,64.3,VERY_HIGH,LOW,HIGH,LOW,N,29.8,22.2
2026-06-16 08:15,8,15,1,0.8315,-0.5556,0.7818,0.6235,0,1,0,Clear,1.0,32.4,4.1,23.9,3.9,137.1,17.1,111.4,17.7,30.2,3.8,24.5,3.9,62.4,VERY_HIGH,LOW,VERY_HIGH,LOW,N,28.5,23.5
2026-06-16 08:30,8,30,1,0.7934,-0.6088,0.7818,0.6235,0,1,0,Clear,1.0,30.2,3.8,24.5,3.9,149.7,17.2,110.1,18.3,32.9,3.8,24.2,4.0,64.9,VERY_HIGH,LOW,VERY_HIGH,LOW,N,29.7,22.3
2026-06-16 08:45,8,45,1,0.7518,-0.6593,0.7818,0.6235,0,1,0,Clear,1.0,32.9,3.8,24.2,4.0,141.0,18.4,109.8,18.0,31.0,4.0,24.2,4.0,63.2,VERY_HIGH,LOW,VERY_HIGH,LOW,N,29.1,22.9
2026-06-16 09:00,9,0,1,0.7071,-0.7071,0.7818,0.6235,0,1,0,Clear,1.0,31.0,4.0,24.2,4.0,109.8,18.7,84.7,18.1,24.2,4.1,18.6,4.0,50.9,VERY_HIGH,LOW,HIGH,LOW,N,29.2,22.8
2026-06-16 09:15,9,15,1,0.6593,-0.7518,0.7818,0.6235,0,1,0,Clear,1.0,24.2,4.1,18.6,4.0,115.1,17.7,84.5,17.8,25.3,3.9,18.6,3.9,51.7,VERY_HIGH,LOW,HIGH,LOW,N,29.7,22.3
2026-06-16 09:30,9,30,1,0.6088,-0.7934,0.7818,0.6235,0,1,0,Clear,1.0,25.3,3.9,18.6,3.9,115.4,17.5,88.8,17.6,25.4,3.9,19.5,3.9,52.7,VERY_HIGH,LOW,HIGH,LOW,N,29.2,22.8
2026-06-16 09:45,9,45,1,0.5556,-0.8315,0.7818,0.6235,0,1,0,Clear,1.0,25.4,3.9,19.5,3.9,106.3,18.1,88.1,18.9,23.4,4.0,19.4,4.2,51.0,HIGH,LOW,HIGH,LOW,N,28.2,23.8
2026-06-16 10:00,10,0,1,0.5,-0.866,0.7818,0.6235,0,0,0,Clear,1.0,23.4,4.0,19.4,4.2,24.1,24.6,21.5,22.9,5.3,5.4,4.7,5.0,20.4,LOW,LOW,LOW,LOW,S,27.1,24.9
2026-06-16 10:15,10,15,1,0.4423,-0.8969,0.7818,0.6235,0,0,0,Clear,1.0,5.3,5.4,4.7,5.0,25.4,25.7,22.6,23.0,5.6,5.7,5.0,5.1,21.4,LOW,LOW,LOW,LOW,S,27.5,24.5
2026-06-16 10:30,10,30,1,0.3827,-0.9239,0.7818,0.6235,0,0,0,Clear,1.0,5.6,5.7,5.0,5.1,23.9,24.4,22.9,22.7,5.3,5.4,5.0,5.0,20.7,LOW,LOW,LOW,LOW,S,26.8,25.2
2026-06-16 10:45,10,45,1,0.3214,-0.9469,0.7818,0.6235,0,0,0,Clear,1.0,5.3,5.4,5.0,5.0,25.7,24.3,22.8,22.9,5.7,5.3,5.0,5.0,21.0,LOW,LOW,LOW,LOW,N,27.3,24.7
2026-06-16 11:00,11,0,1,0.2588,-0.9659,0.7818,0.6235,0,0,0,Clear,1.0,5.7,5.3,5.0,5.0,41.0,39.5,36.7,35.3,9.0,8.7,8.1,7.8,33.6,MEDIUM,MEDIUM,MEDIUM,MEDIUM,N,27.4,24.6
2026-06-16 11:15,11,15,1,0.1951,-0.9808,0.7818,0.6235,0,0,0,Clear,1.0,9.0,8.7,8.1,7.8,40.8,40.8,34.4,33.9,9.0,9.0,7.6,7.5,33.1,MEDIUM,MEDIUM,MEDIUM,MEDIUM,N,28.3,23.7
2026-06-16 11:30,11,30,1,0.1305,-0.9914,0.7818,0.6235,0,0,0,Rain,1.25,9.0,9.0,7.6,7.5,50.8,51.8,42.9,43.3,11.2,11.4,9.4,9.5,41.5,MEDIUM,MEDIUM,MEDIUM,MEDIUM,S,28.3,23.7
2026-06-16 11:45,11,45,1,0.0654,-0.9979,0.7818,0.6235,0,0,0,Clear,1.0,11.2,11.4,9.4,9.5,38.1,39.7,36.2,35.5,8.4,8.7,8.0,7.8,32.9,MEDIUM,MEDIUM,MEDIUM,MEDIUM,S,27.1,24.9
2026-06-16 12:00,12,0,1,0.0,-1.0,0.7818,0.6235,0,0,0,Clear,1.0,8.4,8.7,8.0,7.8,39.9,40.4,35.8,35.5,8.8,8.9,7.9,7.8,33.4,MEDIUM,MEDIUM,MEDIUM,MEDIUM,S,27.6,24.4
2026-06-16 12:15,12,15,1,-0.0654,-0.9979,0.7818,0.6235,0,0,0,Clear,1.0,8.8,8.9,7.9,7.8,39.4,39.2,35.8,36.5,8.7,8.6,7.9,8.0,33.2,MEDIUM,MEDIUM,MEDIUM,MEDIUM,N,27.0,25.0
2026-06-16 12:30,12,30,1,-0.1305,-0.9914,0.7818,0.6235,0,0,0,Clear,1.0,8.7,8.6,7.9,8.0,38.7,41.0,34.0,35.2,8.5,9.0,7.5,7.7,32.7,MEDIUM,MEDIUM,MEDIUM,MEDIUM,S,27.9,24.1
2026-06-16 12:45,12,45,1,-0.1951,-0.9808,0.7818,0.6235,0,0,0,Clear,1.0,8.5,9.0,7.5,7.7,38.4,39.4,33.5,35.7,8.4,8.7,7.4,7.9,32.4,MEDIUM,MEDIUM,MEDIUM,MEDIUM,S,27.4,24.6
2026-06-16 13:00,13,0,1,-0.2588,-0.9659,0.7818,0.6235,0,0,0,Clear,1.0,8.4,8.7,7.4,7.9,40.7,41.4,36.4,34.2,9.0,9.1,8.0,7.5,33.6,MEDIUM,MEDIUM,MEDIUM,MEDIUM,S,27.8,24.2
2026-06-16 13:15,13,15,1,-0.3214,-0.9469,0.7818,0.6235,0,0,0,Clear,1.0,9.0,9.1,8.0,7.5,38.6,41.3,35.2,34.3,8.5,9.1,7.7,7.5,32.8,MEDIUM,MEDIUM,MEDIUM,MEDIUM,S,27.9,24.1
2026-06-16 13:30,13,30,1,-0.3827,-0.9239,0.7818,0.6235,0,0,0,Clear,1.0,8.5,9.1,7.7,7.5,41.4,39.1,35.7,35.1,9.1,8.6,7.9,7.7,33.3,MEDIUM,MEDIUM,MEDIUM,MEDIUM,N,27.8,24.2
2026-06-16 13:45,13,45,1,-0.4423,-0.8969,0.7818,0.6235,0,0,0,Clear,1.0,9.1,8.6,7.9,7.7,39.9,40.7,35.0,34.6,8.8,9.0,7.7,7.6,33.1,MEDIUM,MEDIUM,MEDIUM,MEDIUM,S,27.9,24.1
2026-06-16 14:00,14,0,1,-0.5,-0.866,0.7818,0.6235,0,0,0,Clear,1.0,8.8,9.0,7.7,7.6,39.2,39.2,35.6,36.1,8.6,8.6,7.8,7.9,32.9,MEDIUM,MEDIUM,MEDIUM,MEDIUM,N,27.1,24.9
2026-06-16 14:15,14,15,1,-0.5556,-0.8315,0.7818,0.6235,0,0,0,Clear,1.0,8.6,8.6,7.8,7.9,40.4,40.2,34.5,35.2,8.9,8.8,7.6,7.7,33.0,MEDIUM,MEDIUM,MEDIUM,MEDIUM,N,27.8,24.2
2026-06-16 14:30,14,30,1,-0.6088,-0.7934,0.7818,0.6235,0,0,0,Clear,1.0,8.9,8.8,7.6,7.7,40.0,40.4,34.3,34.2,8.8,8.9,7.5,7.5,32.7,MEDIUM,MEDIUM,MEDIUM,MEDIUM,S,28.1,23.9
2026-06-16 14:45,14,45,1,-0.6593,-0.7518,0.7818,0.6235,0,0,0,Clear,1.0,8.8,8.9,7.5,7.5,39.5,39.3,36.1,35.7,8.7,8.6,7.9,7.9,33.1,MEDIUM,MEDIUM,MEDIUM,MEDIUM,N,27.2,24.8
2026-06-16 15:00,15,0,1,-0.7071,-0.7071,0.7818,0.6235,0,0,0,Clear,1.0,8.7,8.6,7.9,7.9,40.3,38.4,36.4,35.5,8.9,8.4,8.0,7.8,33.1,MEDIUM,MEDIUM,MEDIUM,MEDIUM,N,27.2,24.8
2026-06-16 15:15,15,15,1,-0.7518,-0.6593,0.7818,0.6235,0,0,0,Clear,1.0,8.9,8.4,8.0,7.8,39.3,40.4,34.0,36.0,8.6,8.9,7.5,7.9,32.9,MEDIUM,MEDIUM,MEDIUM,MEDIUM,S,27.6,24.4
2026-06-16 15:30,15,30,1,-0.7934,-0.6088,0.7818,0.6235,0,0,0,Clear,1.0,8.6,8.9,7.5,7.9,40.1,39.9,36.0,35.6,8.8,8.8,7.9,7.8,33.3,MEDIUM,MEDIUM,MEDIUM,MEDIUM,N,27.4,24.6
2026-06-16 15:45,15,45,1,-0.8315,-0.5556,0.7818,0.6235,0,0,0,Heavy Rain,1.5,8.8,8.8,7.9,7.8,58.0,58.2,54.7,50.9,12.8,12.8,12.0,11.2,48.8,MEDIUM,MEDIUM,MEDIUM,MEDIUM,N,27.0,25.0
2026-06-16 16:00,16,0,1,-0.866,-0.5,0.7818,0.6235,0,0,1,Clear,1.0,12.8,12.8,12.0,11.2,18.5,106.4,18.4,86.3,4.1,23.4,4.0,19.0,50.5,LOW,HIGH,LOW,HIGH,S,28.5,23.5
2026-06-16 16:15,16,15,1,-0.8969,-0.4423,0.7818,0.6235,0,0,1,Clear,1.0,4.1,23.4,4.0,19.0,17.2,109.1,17.8,81.3,3.8,24.0,3.9,17.9,49.6,LOW,VERY_HIGH,LOW,HIGH,S,29.5,22.5
2026-06-16 16:30,16,30,1,-0.9239,-0.3827,0.7818,0.6235,0,0,1,Heavy Rain,1.5,3.8,24.0,3.9,17.9,26.5,162.3,27.5,133.2,5.8,35.7,6.0,29.3,76.8,LOW,VERY_HIGH,MEDIUM,VERY_HIGH,S,28.4,23.6
2026-06-16 16:45,16,45,1,-0.9469,-0.3214,0.7818,0.6235,0,0,1,Clear,1.0,5.8,35.7,6.0,29.3,18.0,108.1,17.3,83.0,4.0,23.8,3.8,18.3,49.9,LOW,HIGH,LOW,HIGH,S,29.2,22.8
2026-06-16 17:00,17,0,1,-0.9659,-0.2588,0.7818,0.6235,0,0,1,Clear,1.0,4.0,23.8,3.8,18.3,18.5,127.4,18.7,101.8,4.1,28.0,4.1,22.4,58.6,LOW,VERY_HIGH,LOW,HIGH,S,28.7,23.3
2026-06-16 17:15,17,15,1,-0.9808,-0.1951,0.7818,0.6235,0,0,1,Clear,1.0,4.1,28.0,4.1,22.4,18.0,137.4,18.4,101.3,4.0,30.2,4.0,22.3,60.5,LOW,VERY_HIGH,LOW,HIGH,S,29.7,22.3
2026-06-16 17:30,17,30,1,-0.9914,-0.1305,0.7818,0.6235,0,0,1,Clear,1.0,4.0,30.2,4.0,22.3,17.2,135.8,17.3,103.4,3.8,29.9,3.8,22.7,60.2,LOW,VERY_HIGH,LOW,HIGH,S,29.3,22.7
2026-06-16 17:45,17,45,1,-0.9979,-0.0654,0.7818,0.6235,0,0,1,Rain,1.25,3.8,29.9,3.8,22.7,22.0,173.0,22.0,123.5,4.8,38.1,4.8,27.2,74.9,LOW,VERY_HIGH,LOW,VERY_HIGH,S,30.1,21.9
2026-06-16 18:00,18,0,1,-1.0,-0.0,0.7818,0.6235,0,0,1,Clear,1.0,4.8,38.1,4.8,27.2,17.7,127.8,18.3,97.2,3.9,28.1,4.0,21.4,57.4,LOW,VERY_HIGH,LOW,HIGH,S,29.3,22.7
2026-06-16 18:15,18,15,1,-0.9979,0.0654,0.7818,0.6235,0,0,1,Clear,1.0,3.9,28.1,4.0,21.4,18.6,127.2,17.8,105.0,4.1,28.0,3.9,23.1,59.1,LOW,VERY_HIGH,LOW,HIGH,S,28.4,23.6
2026-06-16 18:30,18,30,1,-0.9914,0.1305,0.7818,0.6235,0,0,1,Clear,1.0,4.1,28.0,3.9,23.1,18.2,126.9,17.7,103.0,4.0,27.9,3.9,22.7,58.5,LOW,VERY_HIGH,LOW,HIGH,S,28.6,23.4
2026-06-16 18:45,18,45,1,-0.9808,0.1951,0.7818,0.6235,0,0,1,Heavy Rain,1.5,4.0,27.9,3.9,22.7,26.5,192.3,28.0,158.2,5.8,42.3,6.2,34.8,89.1,LOW,VERY_HIGH,MEDIUM,VERY_HIGH,S,28.4,23.6
2026-06-16 19:00,19,0,1,-0.9659,0.2588,0.7818,0.6235,0,0,1,Clear,1.0,5.8,42.3,6.2,34.8,17.8,106.4,17.6,86.3,3.9,23.4,3.9,19.0,50.2,LOW,HIGH,LOW,HIGH,S,28.6,23.4
2026-06-16 19:15,19,15,1,-0.9469,0.3214,0.7818,0.6235,0,0,1,Clear,1.0,3.9,23.4,3.9,19.0,17.3,115.2,17.2,86.3,3.8,25.3,3.8,19.0,51.9,LOW,VERY_HIGH,LOW,HIGH,S,29.5,22.5
2026-06-16 19:30,19,30,1,-0.9239,0.3827,0.7818,0.6235,0,0,1,Clear,1.0,3.8,25.3,3.8,19.0,18.2,114.0,17.3,81.3,4.0,25.1,3.8,17.9,50.8,LOW,VERY_HIGH,LOW,HIGH,S,30.1,21.9
2026-06-16 19:45,19,45,1,-0.8969,0.4423,0.7818,0.6235,0,0,1,Clear,1.0,4.0,25.1,3.8,17.9,18.0,108.8,17.3,84.3,4.0,23.9,3.8,18.5,50.2,LOW,HIGH,LOW,HIGH,S,29.1,22.9
2026-06-16 20:00,20,0,1,-0.866,0.5,0.7818,0.6235,0,0,0,Clear,1.0,4.0,23.9,3.8,18.5,26.2,24.4,22.0,23.1,5.8,5.4,4.8,5.1,21.1,LOW,LOW,LOW,LOW,N,27.6,24.4
2026-06-16 20:15,20,15,1,-0.8315,0.5556,0.7818,0.6235,0,0,0,Clear,1.0,5.8,5.4,4.8,5.1,24.0,26.2,22.9,21.8,5.3,5.8,5.0,4.8,20.9,LOW,LOW,LOW,LOW,S,27.6,24.4
2026-06-16 20:30,20,30,1,-0.7934,0.6088,0.7818,0.6235,0,0,0,Clear,1.0,5.3,5.8,5.0,4.8,24.5,25.3,21.2,21.5,5.4,5.6,4.7,4.7,20.4,LOW,LOW,LOW,LOW,S,28.1,23.9
2026-06-16 20:45,20,45,1,-0.7518,0.6593,0.7818,0.6235,0,0,0,Heavy Rain,1.5,5.4,5.6,4.7,4.7,38.1,36.5,31.5,32.4,8.4,8.0,6.9,7.1,30.4,MEDIUM,MEDIUM,MEDIUM,MEDIUM,N,28.1,23.9
2026-06-16 21:00,21,0,1,-0.7071,0.7071,0.7818,0.6235,0,0,0,Clear,1.0,8.4,8.0,6.9,7.1,25.1,24.6,22.6,21.0,5.5,5.4,5.0,4.6,20.5,LOW,LOW,LOW,LOW,N,27.5,24.5
2026-06-16 21:15,21,15,1,-0.6593,0.7518,0.7818,0.6235,0,0,0,Clear,1.0,5.5,5.4,5.0,4.6,25.4,25.5,21.0,21.5,5.6,5.6,4.6,4.7,20.5,LOW,LOW,LOW,LOW,N,28.3,23.7
2026-06-16 21:30,21,30,1,-0.6088,0.7934,0.7818,0.6235,0,0,0,Clear,1.0,5.6,5.6,4.6,4.7,25.6,23.9,22.4,22.9,5.6,5.3,4.9,5.0,20.8,LOW,LOW,LOW,LOW,N,27.3,24.7
2026-06-16 21:45,21,45,1,-0.5556,0.8315,0.7818,0.6235,0,0,0,Clear,1.0,5.6,5.3,4.9,5.0,25.8,25.3,21.9,22.1,5.7,5.6,4.8,4.9,21.0,LOW,LOW,LOW,LOW,N,28.0,24.0
2026-06-16 22:00,22,0,1,-0.5,0.866,0.7818,0.6235,0,0,0,Clear,1.0,5.7,5.6,4.8,4.9,24.3,25.4,22.9,22.9,5.3,5.6,5.0,5.0,20.9,LOW,LOW,LOW,LOW,S,27.2,24.8
2026-06-16 22:15,22,15,1,-0.4423,0.8969,0.7818,0.6235,0,0,0,Clear,1.0,5.3,5.6,5.0,5.0,26.0,24.9,21.9,21.9,5.7,5.5,4.8,4.8,20.8,LOW,LOW,LOW,LOW,N,28.1,23.9
2026-06-16 22:30,22,30,1,-0.3827,0.9239,0.7818,0.6235,0,0,0,Clear,1.0,5.7,5.5,4.8,4.8,24.9,24.0,21.4,22.5,5.5,5.3,4.7,5.0,20.5,LOW,LOW,LOW,LOW,N,27.4,24.6
2026-06-16 22:45,22,45,1,-0.3214,0.9469,0.7818,0.6235,0,0,0,Clear,1.0,5.5,5.3,4.7,5.0,25.1,25.6,21.3,22.9,5.5,5.6,4.7,5.0,20.8,LOW,LOW,LOW,LOW,S,27.6,24.4
2026-06-16 23:00,23,0,1,-0.2588,0.9659,0.7818,0.6235,0,0,0,Clear,1.0,5.5,5.6,4.7,5.0,6.2,6.1,4.8,4.9,1.4,1.3,1.1,1.1,4.9,LOW,LOW,LOW,LOW,N,29.1,22.9
2026-06-16 23:15,23,15,1,-0.1951,0.9808,0.7818,0.6235,0,0,0,Heavy Rain,1.5,1.4,1.3,1.1,1.1,9.3,9.4,7.5,7.7,2.0,2.1,1.6,1.7,7.4,LOW,LOW,LOW,LOW,S,28.6,23.4
2026-06-16 23:30,23,30,1,-0.1305,0.9914,0.7818,0.6235,0,0,0,Clear,1.0,2.0,2.1,1.6,1.7,5.8,6.1,4.9,4.9,1.3,1.3,1.1,1.1,4.8,LOW,LOW,LOW,LOW,N,28.7,23.3
2026-06-16 23:45,23,45,1,-0.0654,0.9979,0.7818,0.6235,0,0,0,Clear,1.0,1.3,1.3,1.1,1.1,6.2,6.0,5.0,4.9,1.4,1.3,1.1,1.1,4.9,LOW,LOW,LOW,LOW,N,28.7,23.3
2026-06-17 00:00,0,0,2,0.0,1.0,0.9749,-0.2225,0,0,0,Clear,1.0,1.4,1.3,1.1,1.1,6.2,6.1,5.0,4.8,1.4,1.3,1.1,1.1,4.9,LOW,LOW,LOW,LOW,N,28.9,23.1
2026-06-17 00:15,0,15,2,0.0654,0.9979,0.9749,-0.2225,0,0,0,Rain,1.25,1.4,1.3,1.1,1.1,7.8,7.5,6.5,6.4,1.7,1.6,1.4,1.4,6.1,LOW,LOW,LOW,LOW,N,28.3,23.7
2026-06-17 00:30,0,30,2,0.1305,0.9914,0.9749,-0.2225,0,0,0,Clear,1.0,1.7,1.6,1.4,1.4,5.8,5.9,5.1,4.9,1.3,1.3,1.1,1.1,4.8,LOW,LOW,LOW,LOW,N,28.0,24.0
2026-06-17 00:45,0,45,2,0.1951,0.9808,0.9749,-0.2225,0,0,0,Clear,1.0,1.3,1.3,1.1,1.1,6.3,6.3,5.0,5.0,1.4,1.4,1.1,1.1,5.0,LOW,LOW,LOW,LOW,N,29.0,23.0
2026-06-17 01:00,1,0,2,0.2588,0.9659,0.9749,-0.2225,0,0,0,Clear,1.0,1.4,1.4,1.1,1.1,6.1,5.8,5.0,5.2,1.3,1.3,1.1,1.1,4.8,LOW,LOW,LOW,LOW,N,28.0,24.0
2026-06-17 01:15,1,15,2,0.3214,0.9469,0.9749,-0.2225,0,0,0,Rain,1.25,1.3,1.3,1.1,1.1,7.1,7.6,6.3,6.4,1.6,1.7,1.4,1.4,6.1,LOW,LOW,LOW,LOW,S,28.1,23.9
2026-06-17 01:30,1,30,2,0.3827,0.9239,0.9749,-0.2225,0,0,0,Clear,1.0,1.6,1.7,1.4,1.4,6.3,6.1,5.0,5.0,1.4,1.3,1.1,1.1,4.9,LOW,LOW,LOW,LOW,N,28.9,23.1
2026-06-17 01:45,1,45,2,0.4423,0.8969,0.9749,-0.2225,0,0,0,Clear,1.0,1.4,1.3,1.1,1.1,6.0,5.9,4.9,5.2,1.3,1.3,1.1,1.1,4.8,LOW,LOW,LOW,LOW,N,28.0,24.0
2026-06-17 02:00,2,0,2,0.5,0.866,0.9749,-0.2225,0,0,0,Clear,1.0,1.3,1.3,1.1,1.1,6.2,6.0,5.1,5.0,1.4,1.3,1.1,1.1,4.9,LOW,LOW,LOW,LOW,N,28.5,23.5
2026-06-17 02:15,2,15,2,0.5556,0.8315,0.9749,-0.2225,0,0,0,Clear,1.0,1.4,1.3,1.1,1.1,6.1,6.1,4.9,4.8,1.3,1.3,1.1,1.1,4.8,LOW,LOW,LOW,LOW,N,28.9,23.1
2026-06-17 02:30,2,30,2,0.6088,0.7934,0.9749,-0.2225,0,0,0,Rain,1.25,1.3,1.3,1.1,1.1,7.1,7.2,6.5,6.2,1.6,1.6,1.4,1.4,6.0,LOW,LOW,LOW,LOW,N,27.4,24.6
2026-06-17 02:45,2,45,2,0.6593,0.7518,0.9749,-0.2225,0,0,0,Clear,1.0,1.6,1.6,1.4,1.4,5.9,5.8,5.0,4.8,1.3,1.3,1.1,1.1,4.8,LOW,LOW,LOW,LOW,N,28.2,23.8
2026-06-17 03:00,3,0,2,0.7071,0.7071,0.9749,-0.2225,0,0,0,Clear,1.0,1.3,1.3,1.1,1.1,5.8,5.8,5.0,5.1,1.3,1.3,1.1,1.1,4.8,LOW,LOW,LOW,LOW,N,27.7,24.3
2026-06-17 03:15,3,15,2,0.7518,0.6593,0.9749,-0.2225,0,0,0,Clear,1.0,1.3,1.3,1.1,1.1,6.2,5.7,5.1,4.8,1.4,1.3,1.1,1.1,4.9,LOW,LOW,LOW,LOW,N,28.5,23.5
2026-06-17 03:30,3,30,2,0.7934,0.6088,0.9749,-0.2225,0,0,0,Clear,1.0,1.4,1.3,1.1,1.1,6.0,5.8,5.1,5.0,1.3,1.3,1.1,1.1,4.8,LOW,LOW,LOW,LOW,N,28.1,23.9
2026-06-17 03:45,3,45,2,0.8315,0.5556,0.9749,-0.2225,0,0,0,Clear,1.0,1.3,1.3,1.1,1.1,6.0,5.8,5.1,5.0,1.3,1.3,1.1,1.1,4.8,LOW,LOW,LOW,LOW,N,28.1,23.9
2026-06-17 04:00,4,0,2,0.866,0.5,0.9749,-0.2225,0,0,0,Clear,1.0,1.3,1.3,1.1,1.1,6.1,5.8,5.1,5.0,1.3,1.3,1.1,1.1,4.8,LOW,LOW,LOW,LOW,N,28.2,23.8
2026-06-17 04:15,4,15,2,0.8969,0.4423,0.9749,-0.2225,0,0,0,Clear,1.0,1.3,1.3,1.1,1.1,6.0,5.9,5.1,4.9,1.3,1.3,1.1,1.1,4.8,LOW,LOW,LOW,LOW,N,28.2,23.8
2026-06-17 04:30,4,30,2,0.9239,0.3827,0.9749,-0.2225,0,0,0,Clear,1.0,1.3,1.3,1.1,1.1,6.0,5.9,4.8,5.2,1.3,1.3,1.1,1.1,4.8,LOW,LOW,LOW,LOW,N,28.1,23.9
2026-06-17 04:45,4,45,2,0.9469,0.3214,0.9749,-0.2225,0,0,0,Rain,1.25,1.3,1.3,1.1,1.1,7.3,7.4,6.4,6.3,1.6,1.6,1.4,1.4,6.0,LOW,LOW,LOW,LOW,N,27.9,24.1
2026-06-17 05:00,5,0,2,0.9659,0.2588,0.9749,-0.2225,0,0,0,Clear,1.0,1.6,1.6,1.4,1.4,6.1,6.1,4.8,5.1,1.3,1.3,1.1,1.1,4.8,LOW,LOW,LOW,LOW,N,28.5,23.5
2026-06-17 05:15,5,15,2,0.9808,0.1951,0.9749,-0.2225,0,0,0,Clear,1.0,1.3,1.3,1.1,1.1,5.8,6.1,5.2,5.0,1.3,1.3,1.1,1.1,4.8,LOW,LOW,LOW,LOW,N,28.0,24.0
2026-06-17 05:30,5,30,2,0.9914,0.1305,0.9749,-0.2225,0,0,0,Clear,1.0,1.3,1.3,1.1,1.1,6.2,6.1,4.9,5.0,1.4,1.3,1.1,1.1,4.9,LOW,LOW,LOW,LOW,N,28.8,23.2
2026-06-17 05:45,5,45,2,0.9979,0.0654,0.9749,-0.2225,0,0,0,Clear,1.0,1.4,1.3,1.1,1.1,5.9,5.8,5.1,4.9,1.3,1.3,1.1,1.1,4.8,LOW,LOW,LOW,LOW,N,28.0,24.0
2026-06-17 06:00,6,0,2,1.0,0.0,0.9749,-0.2225,0,0,0,Clear,1.0,1.3,1.3,1.1,1.1,24.1,25.1,21.4,22.1,5.3,5.5,4.7,4.9,20.4,LOW,LOW,LOW,LOW,S,27.6,24.4
2026-06-17 06:15,6,15,2,0.9979,-0.0654,0.9749,-0.2225,0,0,0,Clear,1.0,5.3,5.5,4.7,4.9,25.8,25.8,21.2,21.2,5.7,5.7,4.7,4.7,20.8,LOW,LOW,LOW,LOW,N,28.5,23.5
2026-06-17 06:30,6,30,2,0.9914,-0.1305,0.9749,-0.2225,0,0,0,Clear,1.0,5.7,5.7,4.7,4.7,26.0,25.8,21.3,22.5,5.7,5.7,4.7,5.0,21.1,LOW,LOW,LOW,LOW,N,28.0,24.0
2026-06-17 06:45,6,45,2,0.9808,-0.1951,0.9749,-0.2225,0,0,0,Clear,1.0,5.7,5.7,4.7,5.0,25.9,24.8,21.8,22.1,5.7,5.5,4.8,4.9,20.9,LOW,LOW,LOW,LOW,N,28.0,24.0
2026-06-17 07:00,7,0,2,0.9659,-0.2588,0.9749,-0.2225,0,1,0,Clear,1.0,5.7,5.5,4.8,4.9,109.3,18.0,83.0,18.2,24.0,4.0,18.3,4.0,50.3,VERY_HIGH,LOW,HIGH,LOW,N,29.3,22.7
2026-06-17 07:15,7,15,2,0.9469,-0.3214,0.9749,-0.2225,0,1,0,Clear,1.0,24.0,4.0,18.3,4.0,110.5,18.7,82.3,18.9,24.3,4.1,18.1,4.2,50.7,VERY_HIGH,LOW,HIGH,LOW,N,29.6,22.4
2026-06-17 07:30,7,30,2,0.9239,-0.3827,0.9749,-0.2225,0,1,0,Clear,1.0,24.3,4.1,18.1,4.2,109.9,17.9,82.1,17.1,24.2,3.9,18.1,3.8,50.0,VERY_HIGH,LOW,HIGH,LOW,N,29.6,22.4
2026-06-17 07:45,7,45,2,0.8969,-0.4423,0.9749,-0.2225,0,1,0,Clear,1.0,24.2,3.9,18.1,3.8,105.0,18.7,85.0,18.5,23.1,4.1,18.7,4.1,50.0,HIGH,LOW,HIGH,LOW,N,28.6,23.4
2026-06-17 08:00,8,0,2,0.866,-0.5,0.9749,-0.2225,0,1,0,Clear,1.0,23.1,4.1,18.7,4.1,144.1,17.3,107.7,17.7,31.7,3.8,23.7,3.9,63.1,VERY_HIGH,LOW,HIGH,LOW,N,29.6,22.4
2026-06-17 08:15,8,15,2,0.8315,-0.5556,0.9749,-0.2225,0,1,0,Clear,1.0,31.7,3.8,23.7,3.9,145.3,17.1,112.5,18.6,32.0,3.8,24.8,4.1,64.7,VERY_HIGH,LOW,VERY_HIGH,LOW,N,29.1,22.9
2026-06-17 08:30,8,30,2,0.7934,-0.6088,0.9749,-0.2225,0,1,0,Rain,1.25,32.0,3.8,24.8,4.1,170.5,22.1,140.7,22.5,37.5,4.9,31.0,5.0,78.4,VERY_HIGH,LOW,VERY_HIGH,LOW,N,28.4,23.6
2026-06-17 08:45,8,45,2,0.7518,-0.6593,0.9749,-0.2225,0,1,0,Clear,1.0,37.5,4.9,31.0,5.0,145.3,18.0,109.9,17.5,32.0,4.0,24.2,3.9,64.1,VERY_HIGH,LOW,VERY_HIGH,LOW,N,29.5,22.5
2026-06-17 09:00,9,0,2,0.7071,-0.7071,0.9749,-0.2225,0,1,0,Clear,1.0,32.0,4.0,24.2,3.9,108.5,18.9,85.3,18.3,23.9,4.2,18.8,4.0,50.9,HIGH,LOW,HIGH,LOW,N,28.9,23.1
2026-06-17 09:15,9,15,2,0.6593,-0.7518,0.9749,-0.2225,0,1,0,Clear,1.0,23.9,4.2,18.8,4.0,107.5,17.5,82.0,18.5,23.6,3.9,18.0,4.1,49.6,HIGH,LOW,HIGH,LOW,N,29.2,22.8
2026-06-17 09:30,9,30,2,0.6088,-0.7934,0.9749,-0.2225,0,1,0,Clear,1.0,23.6,3.9,18.0,4.1,113.3,18.9,89.2,17.5,24.9,4.2,19.6,3.9,52.6,VERY_HIGH,LOW,HIGH,LOW,N,29.0,23.0
2026-06-17 09:45,9,45,2,0.5556,-0.8315,0.9749,-0.2225,0,1,0,Clear,1.0,24.9,4.2,19.6,3.9,106.3,17.2,88.3,18.3,23.4,3.8,19.4,4.0,50.6,HIGH,LOW,HIGH,LOW,N,28.2,23.8
2026-06-17 10:00,10,0,2,0.5,-0.866,0.9749,-0.2225,0,0,0,Clear,1.0,23.4,3.8,19.4,4.0,25.1,26.1,22.8,22.5,5.5,5.7,5.0,5.0,21.2,LOW,LOW,LOW,LOW,S,27.7,24.3
2026-06-17 10:15,10,15,2,0.4423,-0.8969,0.9749,-0.2225,0,0,0,Heavy Rain,1.5,5.5,5.7,5.0,5.0,37.8,38.9,32.0,33.3,8.3,8.6,7.0,7.3,31.2,MEDIUM,MEDIUM,MEDIUM,MEDIUM,S,28.1,23.9
2026-06-17 10:30,10,30,2,0.3827,-0.9239,0.9749,-0.2225,0,0,0,Clear,1.0,8.3,8.6,7.0,7.3,26.1,24.9,22.9,22.5,5.7,5.5,5.0,5.0,21.2,LOW,LOW,LOW,LOW,N,27.6,24.4
2026-06-17 10:45,10,45,2,0.3214,-0.9469,0.9749,-0.2225,0,0,0,Clear,1.0,5.7,5.5,5.0,5.0,24.2,24.9,21.9,22.1,5.3,5.5,4.8,4.9,20.5,LOW,LOW,LOW,LOW,S,27.5,24.5
2026-06-17 11:00,11,0,2,0.2588,-0.9659,0.9749,-0.2225,0,0,0,Clear,1.0,5.3,5.5,4.8,4.9,38.7,39.7,35.8,34.8,8.5,8.7,7.9,7.7,32.8,MEDIUM,MEDIUM,MEDIUM,MEDIUM,S,27.4,24.6
2026-06-17 11:15,11,15,2,0.1951,-0.9808,0.9749,-0.2225,0,0,0,Clear,1.0,8.5,8.7,7.9,7.7,40.2,40.5,33.8,34.7,8.8,8.9,7.4,7.6,32.7,MEDIUM,MEDIUM,MEDIUM,MEDIUM,S,28.1,23.9
2026-06-17 11:30,11,30,2,0.1305,-0.9914,0.9749,-0.2225,0,0,0,Clear,1.0,8.8,8.9,7.4,7.6,39.4,41.8,33.5,33.8,8.7,9.2,7.4,7.4,32.7,MEDIUM,MEDIUM,MEDIUM,MEDIUM,S,28.6,23.4
2026-06-17 11:45,11,45,2,0.0654,-0.9979,0.9749,-0.2225,0,0,0,Clear,1.0,8.7,9.2,7.4,7.4,38.1,38.9,36.4,35.2,8.4,8.6,8.0,7.7,32.7,MEDIUM,MEDIUM,MEDIUM,MEDIUM,S,26.9,25.1
2026-06-17 12:00,12,0,2,0.0,-1.0,0.9749,-0.2225,0,0,0,Clear,1.0,8.4,8.6,8.0,7.7,39.3,39.2,34.4,35.8,8.6,8.6,7.6,7.9,32.7,MEDIUM,MEDIUM,MEDIUM,MEDIUM,N,27.3,24.7
2026-06-17 12:15,12,15,2,-0.0654,-0.9979,0.9749,-0.2225,0,0,0,Rain,1.25,8.6,8.6,7.6,7.9,50.6,48.0,42.5,45.6,11.1,10.6,9.3,10.0,41.0,MEDIUM,MEDIUM,MEDIUM,MEDIUM,N,27.4,24.6
2026-06-17 12:30,12,30,2,-0.1305,-0.9914,0.9749,-0.2225,0,0,0,Rain,1.25,11.1,10.6,9.3,10.0,51.5,51.0,44.0,43.4,11.3,11.2,9.7,9.5,41.7,MEDIUM,MEDIUM,MEDIUM,MEDIUM,N,28.1,23.9
2026-06-17 12:45,12,45,2,-0.1951,-0.9808,0.9749,-0.2225,0,0,0,Rain,1.25,11.3,11.2,9.7,9.5,51.6,48.6,43.3,41.6,11.4,10.7,9.5,9.2,40.8,MEDIUM,MEDIUM,MEDIUM,MEDIUM,N,28.2,23.8
2026-06-17 13:00,13,0,2,-0.2588,-0.9659,0.9749,-0.2225,0,0,0,Clear,1.0,11.4,10.7,9.5,9.2,41.9,41.1,34.9,34.9,9.2,9.0,7.7,7.7,33.6,MEDIUM,MEDIUM,MEDIUM,MEDIUM,N,28.3,23.7
2026-06-17 13:15,13,15,2,-0.3214,-0.9469,0.9749,-0.2225,0,0,0,Clear,1.0,9.2,9.0,7.7,7.7,40.4,41.5,36.7,33.6,8.9,9.1,8.1,7.4,33.5,MEDIUM,MEDIUM,MEDIUM,MEDIUM,S,27.8,24.2
2026-06-17 13:30,13,30,2,-0.3827,-0.9239,0.9749,-0.2225,0,0,0,Clear,1.0,8.9,9.1,8.1,7.4,38.9,40.3,34.1,34.4,8.6,8.9,7.5,7.6,32.6,MEDIUM,MEDIUM,MEDIUM,MEDIUM,S,28.0,24.0
2026-06-17 13:45,13,45,2,-0.4423,-0.8969,0.9749,-0.2225,0,0,0,Clear,1.0,8.6,8.9,7.5,7.6,41.1,38.7,36.1,35.2,9.0,8.5,7.9,7.7,33.1,MEDIUM,MEDIUM,MEDIUM,MEDIUM,N,27.6,24.4
2026-06-17 14:00,14,0,2,-0.5,-0.866,0.9749,-0.2225,0,0,0,Clear,1.0,9.0,8.5,7.9,7.7,39.3,41.4,34.9,35.2,8.6,9.1,7.7,7.7,33.1,MEDIUM,MEDIUM,MEDIUM,MEDIUM,S,28.0,24.0
2026-06-17 14:15,14,15,2,-0.5556,-0.8315,0.9749,-0.2225,0,0,0,Clear,1.0,8.6,9.1,7.7,7.7,38.1,41.5,36.6,35.3,8.4,9.1,8.1,7.8,33.4,MEDIUM,MEDIUM,MEDIUM,MEDIUM,S,27.5,24.5
2026-06-17 14:30,14,30,2,-0.6088,-0.7934,0.9749,-0.2225,0,0,0,Clear,1.0,8.4,9.1,8.1,7.8,41.7,40.8,33.5,35.3,9.2,9.0,7.4,7.8,33.4,MEDIUM,MEDIUM,MEDIUM,MEDIUM,N,28.3,23.7
2026-06-17 14:45,14,45,2,-0.6593,-0.7518,0.9749,-0.2225,0,0,0,Clear,1.0,9.2,9.0,7.4,7.8,41.9,41.7,34.1,34.1,9.2,9.2,7.5,7.5,33.4,MEDIUM,MEDIUM,MEDIUM,MEDIUM,N,28.7,23.3
2026-06-17 15:00,15,0,2,-0.7071,-0.7071,0.9749,-0.2225,0,0,0,Heavy Rain,1.5,9.2,9.2,7.5,7.5,63.0,58.5,52.0,50.1,13.9,12.9,11.4,11.0,49.2,MEDIUM,MEDIUM,MEDIUM,MEDIUM,N,28.4,23.6
2026-06-17 15:15,15,15,2,-0.7518,-0.6593,0.9749,-0.2225,0,0,0,Clear,1.0,13.9,12.9,11.4,11.0,38.0,40.7,36.0,36.3,8.4,9.0,7.9,8.0,33.3,MEDIUM,MEDIUM,MEDIUM,MEDIUM,S,27.3,24.7
2026-06-17 15:30,15,30,2,-0.7934,-0.6088,0.9749,-0.2225,0,0,0,Clear,1.0,8.4,9.0,7.9,8.0,39.8,41.4,35.9,34.1,8.8,9.1,7.9,7.5,33.3,MEDIUM,MEDIUM,MEDIUM,MEDIUM,S,27.9,24.1
2026-06-17 15:45,15,45,2,-0.8315,-0.5556,0.9749,-0.2225,0,0,0,Clear,1.0,8.8,9.1,7.9,7.5,39.5,39.7,34.5,33.4,8.7,8.7,7.6,7.3,32.3,MEDIUM,MEDIUM,MEDIUM,MEDIUM,N,27.9,24.1
2026-06-17 16:00,16,0,2,-0.866,-0.5,0.9749,-0.2225,0,0,1,Clear,1.0,8.7,8.7,7.6,7.3,18.1,105.6,17.5,80.8,4.0,23.2,3.9,17.8,48.9,LOW,HIGH,LOW,HIGH,S,29.3,22.7
2026-06-17 16:15,16,15,2,-0.8969,-0.4423,0.9749,-0.2225,0,0,1,Clear,1.0,4.0,23.2,3.9,17.8,18.6,104.9,17.5,86.0,4.1,23.1,3.9,18.9,50.0,LOW,HIGH,LOW,HIGH,S,28.5,23.5
2026-06-17 16:30,16,30,2,-0.9239,-0.3827,0.9749,-0.2225,0,0,1,Clear,1.0,4.1,23.1,3.9,18.9,18.9,109.8,17.7,80.8,4.2,24.2,3.9,17.8,50.1,LOW,VERY_HIGH,LOW,HIGH,S,29.8,22.2
2026-06-17 16:45,16,45,2,-0.9469,-0.3214,0.9749,-0.2225,0,0,1,Clear,1.0,4.2,24.2,3.9,17.8,17.3,113.3,17.8,83.7,3.8,24.9,3.9,18.4,51.0,LOW,VERY_HIGH,LOW,HIGH,S,29.7,22.3
2026-06-17 17:00,17,0,2,-0.9659,-0.2588,0.9749,-0.2225,0,0,1,Clear,1.0,3.8,24.9,3.9,18.4,18.1,137.4,17.3,97.0,4.0,30.2,3.8,21.3,59.3,LOW,VERY_HIGH,LOW,HIGH,S,30.3,21.7
2026-06-17 17:15,17,15,2,-0.9808,-0.1951,0.9749,-0.2225,0,0,1,Clear,1.0,4.0,30.2,3.8,21.3,17.8,128.5,17.8,106.2,3.9,28.3,3.9,23.4,59.5,LOW,VERY_HIGH,LOW,HIGH,S,28.3,23.7
2026-06-17 17:30,17,30,2,-0.9914,-0.1305,0.9749,-0.2225,0,0,1,Rain,1.25,3.9,28.3,3.9,23.4,21.9,170.5,23.2,126.7,4.8,37.5,5.1,27.9,75.3,LOW,VERY_HIGH,LOW,VERY_HIGH,S,29.6,22.4
2026-06-17 17:45,17,45,2,-0.9979,-0.0654,0.9749,-0.2225,0,0,1,Clear,1.0,4.8,37.5,5.1,27.9,17.9,138.3,18.3,105.2,3.9,30.4,4.0,23.1,61.4,LOW,VERY_HIGH,LOW,HIGH,S,29.3,22.7
2026-06-17 18:00,18,0,2,-1.0,-0.0,0.9749,-0.2225,0,0,1,Clear,1.0,3.9,30.4,4.0,23.1,18.9,136.4,18.1,103.5,4.2,30.0,4.0,22.8,61.0,LOW,VERY_HIGH,LOW,HIGH,S,29.4,22.6
2026-06-17 18:15,18,15,2,-0.9979,0.0654,0.9749,-0.2225,0,0,1,Clear,1.0,4.2,30.0,4.0,22.8,18.8,134.2,18.2,102.7,4.1,29.5,4.0,22.6,60.2,LOW,VERY_HIGH,LOW,HIGH,S,29.3,22.7
2026-06-17 18:30,18,30,2,-0.9914,0.1305,0.9749,-0.2225,0,0,1,Clear,1.0,4.1,29.5,4.0,22.6,18.0,125.5,18.9,97.0,4.0,27.6,4.2,21.3,57.1,LOW,VERY_HIGH,LOW,HIGH,S,29.1,22.9
2026-06-17 18:45,18,45,2,-0.9808,0.1951,0.9749,-0.2225,0,0,1,Clear,1.0,4.0,27.6,4.2,21.3,18.9,125.9,18.9,106.5,4.2,27.7,4.2,23.4,59.5,LOW,VERY_HIGH,LOW,HIGH,S,28.1,23.9
2026-06-17 19:00,19,0,2,-0.9659,0.2588,0.9749,-0.2225,0,0,1,Heavy Rain,1.5,4.2,27.7,4.2,23.4,28.0,157.1,26.7,122.1,6.2,34.6,5.9,26.9,73.6,MEDIUM,VERY_HIGH,LOW,VERY_HIGH,S,29.1,22.9
2026-06-17 19:15,19,15,2,-0.9469,0.3214,0.9749,-0.2225,0,0,1,Clear,1.0,6.2,34.6,5.9,26.9,17.6,112.1,18.8,81.8,3.9,24.7,4.1,18.0,50.7,LOW,VERY_HIGH,LOW,HIGH,S,29.8,22.2
2026-06-17 19:30,19,30,2,-0.9239,0.3827,0.9749,-0.2225,0,0,1,Rain,1.25,3.9,24.7,4.1,18.0,22.8,139.3,21.5,102.1,5.0,30.6,4.7,22.5,62.8,LOW,VERY_HIGH,LOW,HIGH,S,29.8,22.2
2026-06-17 19:45,19,45,2,-0.8969,0.4423,0.9749,-0.2225,0,0,1,Clear,1.0,5.0,30.6,4.7,22.5,18.3,111.0,17.2,83.5,4.0,24.4,3.8,18.4,50.6,LOW,VERY_HIGH,LOW,HIGH,S,29.5,22.5
2026-06-17 20:00,20,0,2,-0.866,0.5,0.9749,-0.2225,0,0,0,Clear,1.0,4.0,24.4,3.8,18.4,24.5,25.1,23.0,21.2,5.4,5.5,5.1,4.7,20.7,LOW,LOW,LOW,LOW,S,27.3,24.7
2026-06-17 20:15,20,15,2,-0.8315,0.5556,0.9749,-0.2225,0,0,0,Clear,1.0,5.4,5.5,5.1,4.7,26.1,25.9,22.7,20.9,5.7,5.7,5.0,4.6,21.0,LOW,LOW,LOW,LOW,N,28.1,23.9
2026-06-17 20:30,20,30,2,-0.7934,0.6088,0.9749,-0.2225,0,0,0,Clear,1.0,5.7,5.7,5.0,4.6,26.0,25.7,21.5,22.1,5.7,5.7,4.7,4.9,21.0,LOW,LOW,LOW,LOW,N,28.2,23.8
2026-06-17 20:45,20,45,2,-0.7518,0.6593,0.9749,-0.2225,0,0,0,Heavy Rain,1.5,5.7,5.7,4.7,4.9,37.6,36.4,33.7,34.3,8.3,8.0,7.4,7.5,31.2,MEDIUM,MEDIUM,MEDIUM,MEDIUM,N,27.1,24.9
2026-06-17 21:00,21,0,2,-0.7071,0.7071,0.9749,-0.2225,0,0,0,Clear,1.0,8.3,8.0,7.4,7.5,26.2,25.8,22.9,22.7,5.8,5.7,5.0,5.0,21.5,LOW,LOW,LOW,LOW,N,27.7,24.3
2026-06-17 21:15,21,15,2,-0.6593,0.7518,0.9749,-0.2225,0,0,0,Heavy Rain,1.5,5.8,5.7,5.0,5.0,36.3,37.9,32.3,31.9,8.0,8.3,7.1,7.0,30.4,MEDIUM,MEDIUM,MEDIUM,MEDIUM,S,28.0,24.0
2026-06-17 21:30,21,30,2,-0.6088,0.7934,0.9749,-0.2225,0,0,0,Clear,1.0,8.0,8.3,7.1,7.0,24.3,24.4,22.9,21.1,5.3,5.4,5.0,4.6,20.3,LOW,LOW,LOW,LOW,S,27.1,24.9
2026-06-17 21:45,21,45,2,-0.5556,0.8315,0.9749,-0.2225,0,0,0,Clear,1.0,5.3,5.4,5.0,4.6,24.2,26.0,21.4,22.8,5.3,5.7,4.7,5.0,20.7,LOW,LOW,LOW,LOW,S,27.7,24.3
2026-06-17 22:00,22,0,2,-0.5,0.866,0.9749,-0.2225,0,0,0,Clear,1.0,5.3,5.7,4.7,5.0,26.0,26.1,21.2,21.7,5.7,5.7,4.7,4.8,20.9,LOW,LOW,LOW,LOW,N,28.5,23.5
2026-06-17 22:15,22,15,2,-0.4423,0.8969,0.9749,-0.2225,0,0,0,Clear,1.0,5.7,5.7,4.7,4.8,24.0,25.2,22.4,21.5,5.3,5.5,4.9,4.7,20.4,LOW,LOW,LOW,LOW,S,27.5,24.5
2026-06-17 22:30,22,30,2,-0.3827,0.9239,0.9749,-0.2225,0,0,0,Clear,1.0,5.3,5.5,4.9,4.7,24.8,24.9,22.3,22.3,5.5,5.5,4.9,4.9,20.8,LOW,LOW,LOW,LOW,N,27.4,24.6
2026-06-17 22:45,22,45,2,-0.3214,0.9469,0.9749,-0.2225,0,0,0,Clear,1.0,5.5,5.5,4.9,4.9,26.2,24.5,22.4,21.2,5.8,5.4,4.9,4.7,20.8,LOW,LOW,LOW,LOW,N,28.0,24.0
2026-06-17 23:00,23,0,2,-0.2588,0.9659,0.9749,-0.2225,0,0,0,Clear,1.0,5.8,5.4,4.9,4.7,5.9,5.8,5.1,5.2,1.3,1.3,1.1,1.1,4.8,LOW,LOW,LOW,LOW,N,27.6,24.4
2026-06-17 23:15,23,15,2,-0.1951,0.9808,0.9749,-0.2225,0,0,0,Clear,1.0,1.3,1.3,1.1,1.1,6.1,5.9,5.1,4.9,1.3,1.3,1.1,1.1,4.8,LOW,LOW,LOW,LOW,N,28.3,23.7
2026-06-17 23:30,23,30,2,-0.1305,0.9914,0.9749,-0.2225,0,0,0,Clear,1.0,1.3,1.3,1.1,1.1,5.9,6.3,5.1,5.1,1.3,1.4,1.1,1.1,4.9,LOW,LOW,LOW,LOW,S,28.5,23.5
2026-06-17 23:45,23,45,2,-0.0654,0.9979,0.9749,-0.2225,0,0,0,Clear,1.0,1.3,1.4,1.1,1.1,6.2,6.0,5.0,4.9,1.4,1.3,1.1,1.1,4.9,LOW,LOW,LOW,LOW,N,28.7,23.3
2026-06-18 00:00,0,0,3,0.0,1.0,0.4339,-0.901,0,0,0,Clear,1.0,1.4,1.3,1.1,1.1,5.8,6.2,4.9,5.0,1.3,1.4,1.1,1.1,4.9,LOW,LOW,LOW,LOW,S,28.6,23.4
2026-06-18 00:15,0,15,3,0.0654,0.9979,0.4339,-0.901,0,0,0,Clear,1.0,1.3,1.4,1.1,1.1,5.8,6.2,5.1,5.0,1.3,1.4,1.1,1.1,4.9,LOW,LOW,LOW,LOW,S,28.4,23.6
2026-06-18 00:30,0,30,3,0.1305,0.9914,0.4339,-0.901,0,0,0,Rain,1.25,1.3,1.4,1.1,1.1,7.1,7.4,6.0,6.0,1.6,1.6,1.3,1.3,5.8,LOW,LOW,LOW,LOW,N,28.6,23.4
2026-06-18 00:45,0,45,3,0.1951,0.9808,0.4339,-0.901,0,0,0,Heavy Rain,1.5,1.6,1.6,1.3,1.3,8.7,8.7,7.4,7.7,1.9,1.9,1.6,1.7,7.1,LOW,LOW,LOW,LOW,N,27.7,24.3
2026-06-18 01:00,1,0,3,0.2588,0.9659,0.4339,-0.901,0,0,0,Rain,1.25,1.9,1.9,1.6,1.7,7.9,7.3,6.3,6.0,1.7,1.6,1.4,1.3,6.0,LOW,LOW,LOW,LOW,N,28.8,23.2
2026-06-18 01:15,1,15,3,0.3214,0.9469,0.4339,-0.901,0,0,0,Clear,1.0,1.7,1.6,1.4,1.3,6.2,6.3,5.0,4.9,1.4,1.4,1.1,1.1,5.0,LOW,LOW,LOW,LOW,N,29.0,23.0
2026-06-18 01:30,1,30,3,0.3827,0.9239,0.4339,-0.901,0,0,0,Clear,1.0,1.4,1.4,1.1,1.1,5.9,6.0,4.9,5.2,1.3,1.3,1.1,1.1,4.8,LOW,LOW,LOW,LOW,N,28.0,24.0
2026-06-18 01:45,1,45,3,0.4423,0.8969,0.4339,-0.901,0,0,0,Rain,1.25,1.3,1.3,1.1,1.1,7.6,7.7,6.1,6.1,1.7,1.7,1.3,1.3,6.0,LOW,LOW,LOW,LOW,N,29.0,23.0
2026-06-18 02:00,2,0,3,0.5,0.866,0.4339,-0.901,0,0,0,Clear,1.0,1.7,1.7,1.3,1.3,6.2,6.1,4.9,5.0,1.4,1.3,1.1,1.1,4.9,LOW,LOW,LOW,LOW,N,28.8,23.2
2026-06-18 02:15,2,15,3,0.5556,0.8315,0.4339,-0.901,0,0,0,Clear,1.0,1.4,1.3,1.1,1.1,5.7,5.8,4.8,5.0,1.3,1.3,1.1,1.1,4.8,LOW,LOW,LOW,LOW,N,28.0,24.0
2026-06-18 02:30,2,30,3,0.6088,0.7934,0.4339,-0.901,0,0,0,Clear,1.0,1.3,1.3,1.1,1.1,6.1,6.2,4.9,4.8,1.3,1.4,1.1,1.1,4.9,LOW,LOW,LOW,LOW,S,29.1,22.9
2026-06-18 02:45,2,45,3,0.6593,0.7518,0.4339,-0.901,0,0,0,Rain,1.25,1.3,1.4,1.1,1.1,7.5,7.2,6.5,6.4,1.6,1.6,1.4,1.4,6.0,LOW,LOW,LOW,LOW,N,27.8,24.2
2026-06-18 03:00,3,0,3,0.7071,0.7071,0.4339,-0.901,0,0,0,Clear,1.0,1.6,1.6,1.4,1.4,5.9,6.1,4.8,5.1,1.3,1.3,1.1,1.1,4.8,LOW,LOW,LOW,LOW,N,28.4,23.6
2026-06-18 03:15,3,15,3,0.7518,0.6593,0.4339,-0.901,0,0,0,Clear,1.0,1.3,1.3,1.1,1.1,6.3,6.2,5.2,5.2,1.4,1.4,1.1,1.1,5.0,LOW,LOW,LOW,LOW,N,28.4,23.6
2026-06-18 03:30,3,30,3,0.7934,0.6088,0.4339,-0.901,0,0,0,Clear,1.0,1.4,1.4,1.1,1.1,5.9,6.3,5.0,5.1,1.3,1.4,1.1,1.1,4.9,LOW,LOW,LOW,LOW,S,28.6,23.4
2026-06-18 03:45,3,45,3,0.8315,0.5556,0.4339,-0.901,0,0,0,Clear,1.0,1.3,1.4,1.1,1.1,5.7,5.8,5.1,5.2,1.3,1.3,1.1,1.1,4.8,LOW,LOW,LOW,LOW,N,27.4,24.6
2026-06-18 04:00,4,0,3,0.866,0.5,0.4339,-0.901,0,0,0,Rain,1.25,1.3,1.3,1.1,1.1,7.2,7.5,6.4,6.4,1.6,1.6,1.4,1.4,6.0,LOW,LOW,LOW,LOW,N,27.9,24.1
2026-06-18 04:15,4,15,3,0.8969,0.4423,0.4339,-0.901,0,0,0,Clear,1.0,1.6,1.6,1.4,1.4,6.1,6.3,5.0,5.1,1.3,1.4,1.1,1.1,4.9,LOW,LOW,LOW,LOW,S,28.7,23.3
2026-06-18 04:30,4,30,3,0.9239,0.3827,0.4339,-0.901,0,0,0,Rain,1.25,1.3,1.4,1.1,1.1,7.4,7.9,6.0,6.5,1.6,1.7,1.3,1.4,6.0,LOW,LOW,LOW,LOW,S,28.6,23.4
2026-06-18 04:45,4,45,3,0.9469,0.3214,0.4339,-0.901,0,0,0,Clear,1.0,1.6,1.7,1.3,1.4,6.2,6.1,5.1,5.2,1.4,1.3,1.1,1.1,4.9,LOW,LOW,LOW,LOW,N,28.3,23.7
2026-06-18 05:00,5,0,3,0.9659,0.2588,0.4339,-0.901,0,0,0,Clear,1.0,1.4,1.3,1.1,1.1,5.9,5.9,5.0,5.1,1.3,1.3,1.1,1.1,4.8,LOW,LOW,LOW,LOW,N,28.0,24.0
2026-06-18 05:15,5,15,3,0.9808,0.1951,0.4339,-0.901,0,0,0,Clear,1.0,1.3,1.3,1.1,1.1,6.3,6.1,5.2,4.8,1.4,1.3,1.1,1.1,4.9,LOW,LOW,LOW,LOW,N,28.6,23.4
2026-06-18 05:30,5,30,3,0.9914,0.1305,0.4339,-0.901,0,0,0,Rain,1.25,1.4,1.3,1.1,1.1,7.5,7.4,6.0,6.5,1.6,1.6,1.3,1.4,5.9,LOW,LOW,LOW,LOW,N,28.1,23.9
2026-06-18 05:45,5,45,3,0.9979,0.0654,0.4339,-0.901,0,0,0,Clear,1.0,1.6,1.6,1.3,1.4,6.1,6.1,5.0,5.0,1.3,1.3,1.1,1.1,4.8,LOW,LOW,LOW,LOW,N,28.6,23.4
2026-06-18 06:00,6,0,3,1.0,0.0,0.4339,-0.901,0,0,0,Clear,1.0,1.3,1.3,1.1,1.1,24.9,25.6,22.2,22.9,5.5,5.6,4.9,5.0,21.0,LOW,LOW,LOW,LOW,S,27.5,24.5
2026-06-18 06:15,6,15,3,0.9979,-0.0654,0.4339,-0.901,0,0,0,Rain,1.25,5.5,5.6,4.9,5.0,31.8,32.8,28.8,26.9,7.0,7.2,6.3,5.9,26.4,MEDIUM,MEDIUM,MEDIUM,LOW,S,27.8,24.2
2026-06-18 06:30,6,30,3,0.9914,-0.1305,0.4339,-0.901,0,0,0,Clear,1.0,7.0,7.2,6.3,5.9,25.7,24.0,21.0,21.2,5.7,5.3,4.6,4.7,20.3,LOW,LOW,LOW,LOW,N,28.3,23.7
2026-06-18 06:45,6,45,3,0.9808,-0.1951,0.4339,-0.901,0,0,0,Clear,1.0,5.7,5.3,4.6,4.7,24.3,25.0,22.5,21.4,5.3,5.5,5.0,4.7,20.5,LOW,LOW,LOW,LOW,S,27.4,24.6
2026-06-18 07:00,7,0,3,0.9659,-0.2588,0.4339,-0.901,0,1,0,Clear,1.0,5.3,5.5,5.0,4.7,111.1,17.1,87.6,17.8,24.4,3.8,19.3,3.9,51.4,VERY_HIGH,LOW,HIGH,LOW,N,28.9,23.1
2026-06-18 07:15,7,15,3,0.9469,-0.3214,0.4339,-0.901,0,1,0,Clear,1.0,24.4,3.8,19.3,3.9,108.3,17.8,81.8,18.7,23.8,3.9,18.0,4.1,49.8,HIGH,LOW,HIGH,LOW,N,29.4,22.6
2026-06-18 07:30,7,30,3,0.9239,-0.3827,0.4339,-0.901,0,1,0,Clear,1.0,23.8,3.9,18.0,4.1,107.3,18.6,84.9,18.7,23.6,4.1,18.7,4.1,50.5,HIGH,LOW,HIGH,LOW,N,28.8,23.2
2026-06-18 07:45,7,45,3,0.8969,-0.4423,0.4339,-0.901,0,1,0,Clear,1.0,23.6,4.1,18.7,4.1,112.4,18.9,87.3,18.4,24.7,4.2,19.2,4.0,52.1,VERY_HIGH,LOW,HIGH,LOW,N,29.1,22.9
2026-06-18 08:00,8,0,3,0.866,-0.5,0.4339,-0.901,0,1,0,Rain,1.25,24.7,4.2,19.2,4.0,184.1,22.2,137.8,21.6,40.5,4.9,30.3,4.8,80.5,VERY_HIGH,LOW,VERY_HIGH,LOW,N,29.6,22.4
2026-06-18 08:15,8,15,3,0.8315,-0.5556,0.4339,-0.901,0,1,0,Clear,1.0,40.5,4.9,30.3,4.8,149.0,17.7,110.0,17.9,32.8,3.9,24.2,3.9,64.8,VERY_HIGH,LOW,VERY_HIGH,LOW,N,29.7,22.3
2026-06-18 08:30,8,30,3,0.7934,-0.6088,0.4339,-0.901,0,1,0,Heavy Rain,1.5,32.8,3.9,24.2,3.9,222.5,27.5,169.1,28.3,49.0,6.0,37.2,6.2,98.4,VERY_HIGH,MEDIUM,VERY_HIGH,MEDIUM,N,29.4,22.6
2026-06-18 08:45,8,45,3,0.7518,-0.6593,0.4339,-0.901,0,1,0,Clear,1.0,49.0,6.0,37.2,6.2,146.3,18.2,114.5,18.6,32.2,4.0,25.2,4.1,65.5,VERY_HIGH,LOW,VERY_HIGH,LOW,N,29.0,23.0
2026-06-18 09:00,9,0,3,0.7071,-0.7071,0.4339,-0.901,0,1,0,Clear,1.0,32.2,4.0,25.2,4.1,107.6,17.7,83.6,17.6,23.7,3.9,18.4,3.9,49.9,HIGH,LOW,HIGH,LOW,N,29.1,22.9
2026-06-18 09:15,9,15,3,0.6593,-0.7518,0.4339,-0.901,0,1,0,Rain,1.25,23.7,3.9,18.4,3.9,139.8,23.1,104.4,22.8,30.8,5.1,23.0,5.0,63.9,VERY_HIGH,LOW,HIGH,LOW,N,29.5,22.5
2026-06-18 09:30,9,30,3,0.6088,-0.7934,0.4339,-0.901,0,1,0,Clear,1.0,30.8,5.1,23.0,5.0,115.4,17.2,87.0,17.2,25.4,3.8,19.1,3.8,52.1,VERY_HIGH,LOW,HIGH,LOW,N,29.4,22.6
2026-06-18 09:45,9,45,3,0.5556,-0.8315,0.4339,-0.901,0,1,0,Clear,1.0,25.4,3.8,19.1,3.8,109.2,18.4,87.0,17.5,24.0,4.0,19.1,3.9,51.0,VERY_HIGH,LOW,HIGH,LOW,N,28.8,23.2
2026-06-18 10:00,10,0,3,0.5,-0.866,0.4339,-0.901,0,0,0,Rain,1.25,24.0,4.0,19.1,3.9,30.1,32.1,28.8,26.2,6.6,7.1,6.3,5.8,25.8,MEDIUM,MEDIUM,MEDIUM,LOW,S,27.5,24.5
2026-06-18 10:15,10,15,3,0.4423,-0.8969,0.4339,-0.901,0,0,0,Rain,1.25,6.6,7.1,6.3,5.8,32.5,30.8,28.8,27.0,7.2,6.8,6.3,5.9,26.2,MEDIUM,MEDIUM,MEDIUM,LOW,N,27.6,24.4
2026-06-18 10:30,10,30,3,0.3827,-0.9239,0.4339,-0.901,0,0,0,Clear,1.0,7.2,6.8,6.3,5.9,24.6,25.6,21.9,21.2,5.4,5.6,4.8,4.7,20.5,LOW,LOW,LOW,LOW,S,28.0,24.0
2026-06-18 10:45,10,45,3,0.3214,-0.9469,0.4339,-0.901,0,0,0,Clear,1.0,5.4,5.6,4.8,4.7,25.2,25.4,22.5,21.7,5.5,5.6,5.0,4.8,20.9,LOW,LOW,LOW,LOW,S,27.7,24.3
2026-06-18 11:00,11,0,3,0.2588,-0.9659,0.4339,-0.901,0,0,0,Clear,1.0,5.5,5.6,5.0,4.8,40.9,40.6,35.4,36.5,9.0,8.9,7.8,8.0,33.7,MEDIUM,MEDIUM,MEDIUM,MEDIUM,N,27.6,24.4
2026-06-18 11:15,11,15,3,0.1951,-0.9808,0.4339,-0.901,0,0,0,Clear,1.0,9.0,8.9,7.8,8.0,40.5,38.4,35.3,35.0,8.9,8.4,7.8,7.7,32.8,MEDIUM,MEDIUM,MEDIUM,MEDIUM,N,27.6,24.4
2026-06-18 11:30,11,30,3,0.1305,-0.9914,0.4339,-0.901,0,0,0,Rain,1.25,8.9,8.4,7.8,7.7,51.8,48.2,44.4,43.8,11.4,10.6,9.8,9.6,41.4,MEDIUM,MEDIUM,MEDIUM,MEDIUM,N,27.8,24.2
2026-06-18 11:45,11,45,3,0.0654,-0.9979,0.4339,-0.901,0,0,0,Clear,1.0,11.4,10.6,9.8,9.6,38.9,38.3,34.5,33.9,8.6,8.4,7.6,7.5,32.1,MEDIUM,MEDIUM,MEDIUM,MEDIUM,N,27.6,24.4
2026-06-18 12:00,12,0,3,0.0,-1.0,0.4339,-0.901,0,0,0,Clear,1.0,8.6,8.4,7.6,7.5,38.4,41.3,33.6,34.6,8.4,9.1,7.4,7.6,32.5,MEDIUM,MEDIUM,MEDIUM,MEDIUM,S,28.2,23.8
2026-06-18 12:15,12,15,3,-0.0654,-0.9979,0.4339,-0.901,0,0,0,Clear,1.0,8.4,9.1,7.4,7.6,38.9,41.1,36.4,36.5,8.6,9.0,8.0,8.0,33.6,MEDIUM,MEDIUM,MEDIUM,MEDIUM,S,27.4,24.6
2026-06-18 12:30,12,30,3,-0.1305,-0.9914,0.4339,-0.901,0,0,0,Clear,1.0,8.6,9.0,8.0,8.0,41.6,41.7,35.6,36.5,9.2,9.2,7.8,8.0,34.2,MEDIUM,MEDIUM,MEDIUM,MEDIUM,N,27.8,24.2
2026-06-18 12:45,12,45,3,-0.1951,-0.9808,0.4339,-0.901,0,0,0,Clear,1.0,9.2,9.2,7.8,8.0,41.6,38.9,34.0,34.3,9.2,8.6,7.5,7.5,32.8,MEDIUM,MEDIUM,MEDIUM,MEDIUM,N,28.3,23.7
2026-06-18 13:00,13,0,3,-0.2588,-0.9659,0.4339,-0.901,0,0,0,Rain,1.25,9.2,8.6,7.5,7.5,51.1,48.5,42.4,41.8,11.2,10.7,9.3,9.2,40.4,MEDIUM,MEDIUM,MEDIUM,MEDIUM,N,28.3,23.7
2026-06-18 13:15,13,15,3,-0.3214,-0.9469,0.4339,-0.901,0,0,0,Heavy Rain,1.5,11.2,10.7,9.3,9.2,59.1,59.0,53.4,53.5,13.0,13.0,11.7,11.8,49.5,MEDIUM,MEDIUM,MEDIUM,MEDIUM,N,27.3,24.7
2026-06-18 13:30,13,30,3,-0.3827,-0.9239,0.4339,-0.901,0,0,0,Clear,1.0,13.0,13.0,11.7,11.8,40.0,39.7,34.8,34.1,8.8,8.7,7.7,7.5,32.7,MEDIUM,MEDIUM,MEDIUM,MEDIUM,N,27.8,24.2
2026-06-18 13:45,13,45,3,-0.4423,-0.8969,0.4339,-0.901,0,0,0,Heavy Rain,1.5,8.8,8.7,7.7,7.5,62.4,59.8,50.4,54.6,13.7,13.2,11.1,12.0,50.0,MEDIUM,MEDIUM,MEDIUM,MEDIUM,N,27.9,24.1
2026-06-18 14:00,14,0,3,-0.5,-0.866,0.4339,-0.901,0,0,0,Clear,1.0,13.7,13.2,11.1,12.0,40.4,39.3,33.7,36.7,8.9,8.6,7.4,8.1,33.0,MEDIUM,MEDIUM,MEDIUM,MEDIUM,N,27.4,24.6
2026-06-18 14:15,14,15,3,-0.5556,-0.8315,0.4339,-0.901,0,0,0,Clear,1.0,8.9,8.6,7.4,8.1,38.3,41.4,33.8,34.2,8.4,9.1,7.4,7.5,32.4,MEDIUM,MEDIUM,MEDIUM,MEDIUM,S,28.3,23.7
2026-06-18 14:30,14,30,3,-0.6088,-0.7934,0.4339,-0.901,0,0,0,Clear,1.0,8.4,9.1,7.4,7.5,40.5,38.1,34.1,34.6,8.9,8.4,7.5,7.6,32.4,MEDIUM,MEDIUM,MEDIUM,MEDIUM,N,27.9,24.1
2026-06-18 14:45,14,45,3,-0.6593,-0.7518,0.4339,-0.901,0,0,0,Clear,1.0,8.9,8.4,7.5,7.6,38.7,41.2,33.8,34.0,8.5,9.1,7.4,7.5,32.5,MEDIUM,MEDIUM,MEDIUM,MEDIUM,S,28.3,23.7
2026-06-18 15:00,15,0,3,-0.7071,-0.7071,0.4339,-0.901,0,0,0,Clear,1.0,8.5,9.1,7.4,7.5,41.3,40.5,33.4,34.7,9.1,8.9,7.3,7.6,32.9,MEDIUM,MEDIUM,MEDIUM,MEDIUM,N,28.3,23.7
2026-06-18 15:15,15,15,3,-0.7518,-0.6593,0.4339,-0.901,0,0,0,Clear,1.0,9.1,8.9,7.3,7.6,40.4,38.1,35.5,36.4,8.9,8.4,7.8,8.0,33.1,MEDIUM,MEDIUM,MEDIUM,MEDIUM,N,27.2,24.8
2026-06-18 15:30,15,30,3,-0.7934,-0.6088,0.4339,-0.901,0,0,0,Clear,1.0,8.9,8.4,7.8,8.0,39.9,41.7,35.2,36.3,8.8,9.2,7.7,8.0,33.7,MEDIUM,MEDIUM,MEDIUM,MEDIUM,S,27.8,24.2
2026-06-18 15:45,15,45,3,-0.8315,-0.5556,0.4339,-0.901,0,0,0,Clear,1.0,8.8,9.2,7.7,8.0,41.6,38.2,34.8,34.4,9.2,8.4,7.7,7.6,32.9,MEDIUM,MEDIUM,MEDIUM,MEDIUM,N,28.1,23.9
2026-06-18 16:00,16,0,3,-0.866,-0.5,0.4339,-0.901,0,0,1,Clear,1.0,9.2,8.4,7.7,7.6,18.1,109.7,17.9,86.0,4.0,24.1,3.9,18.9,50.9,LOW,VERY_HIGH,LOW,HIGH,S,29.0,23.0
2026-06-18 16:15,16,15,3,-0.8969,-0.4423,0.4339,-0.901,0,0,1,Clear,1.0,4.0,24.1,3.9,18.9,18.8,107.5,17.5,82.7,4.1,23.6,3.9,18.2,49.8,LOW,HIGH,LOW,HIGH,S,29.2,22.8
2026-06-18 16:30,16,30,3,-0.9239,-0.3827,0.4339,-0.901,0,0,1,Clear,1.0,4.1,23.6,3.9,18.2,18.7,112.5,18.5,83.5,4.1,24.8,4.1,18.4,51.4,LOW,VERY_HIGH,LOW,HIGH,S,29.6,22.4
2026-06-18 16:45,16,45,3,-0.9469,-0.3214,0.4339,-0.901,0,0,1,Rain,1.25,4.1,24.8,4.1,18.4,21.5,132.3,22.6,109.6,4.7,29.1,5.0,24.1,62.9,LOW,VERY_HIGH,LOW,VERY_HIGH,S,28.3,23.7
2026-06-18 17:00,17,0,3,-0.9659,-0.2588,0.4339,-0.901,0,0,1,Rain,1.25,4.7,29.1,5.0,24.1,22.6,161.1,23.4,123.0,5.0,35.4,5.1,27.1,72.6,LOW,VERY_HIGH,LOW,VERY_HIGH,S,29.3,22.7
2026-06-18 17:15,17,15,3,-0.9808,-0.1951,0.4339,-0.901,0,0,1,Clear,1.0,5.0,35.4,5.1,27.1,17.6,134.6,18.2,97.7,3.9,29.6,4.0,21.5,59.0,LOW,VERY_HIGH,LOW,HIGH,S,29.9,22.1
2026-06-18 17:30,17,30,3,-0.9914,-0.1305,0.4339,-0.901,0,0,1,Clear,1.0,3.9,29.6,4.0,21.5,17.2,132.8,17.3,105.4,3.8,29.2,3.8,23.2,60.0,LOW,VERY_HIGH,LOW,HIGH,S,28.8,23.2
2026-06-18 17:45,17,45,3,-0.9979,-0.0654,0.4339,-0.901,0,0,1,Rain,1.25,3.8,29.2,3.8,23.2,22.3,164.5,21.9,124.1,4.9,36.2,4.8,27.3,73.2,LOW,VERY_HIGH,LOW,VERY_HIGH,S,29.5,22.5
2026-06-18 18:00,18,0,3,-1.0,-0.0,0.4339,-0.901,0,0,1,Clear,1.0,4.9,36.2,4.8,27.3,18.3,132.1,17.7,107.0,4.0,29.1,3.9,23.5,60.5,LOW,VERY_HIGH,LOW,HIGH,S,28.6,23.4
2026-06-18 18:15,18,15,3,-0.9979,0.0654,0.4339,-0.901,0,0,1,Clear,1.0,4.0,29.1,3.9,23.5,18.2,128.7,18.9,97.1,4.0,28.3,4.2,21.4,57.9,LOW,VERY_HIGH,LOW,HIGH,S,29.4,22.6
2026-06-18 18:30,18,30,3,-0.9914,0.1305,0.4339,-0.901,0,0,1,Clear,1.0,4.0,28.3,4.2,21.4,18.7,135.3,18.7,97.8,4.1,29.8,4.1,21.5,59.5,LOW,VERY_HIGH,LOW,HIGH,S,30.0,22.0
2026-06-18 18:45,18,45,3,-0.9808,0.1951,0.4339,-0.901,0,0,1,Clear,1.0,4.1,29.8,4.1,21.5,17.9,128.6,18.4,102.8,3.9,28.3,4.0,22.6,58.8,LOW,VERY_HIGH,LOW,HIGH,S,28.7,23.3
2026-06-18 19:00,19,0,3,-0.9659,0.2588,0.4339,-0.901,0,0,1,Clear,1.0,3.9,28.3,4.0,22.6,17.4,107.6,17.5,81.7,3.8,23.7,3.9,18.0,49.4,LOW,HIGH,LOW,HIGH,S,29.3,22.7
2026-06-18 19:15,19,15,3,-0.9469,0.3214,0.4339,-0.901,0,0,1,Clear,1.0,3.8,23.7,3.9,18.0,17.6,105.0,17.3,88.5,3.9,23.1,3.8,19.5,50.3,LOW,HIGH,LOW,HIGH,S,28.1,23.9
2026-06-18 19:30,19,30,3,-0.9239,0.3827,0.4339,-0.901,0,0,1,Clear,1.0,3.9,23.1,3.8,19.5,18.7,110.8,17.9,82.9,4.1,24.4,3.9,18.2,50.6,LOW,VERY_HIGH,LOW,HIGH,S,29.5,22.5
2026-06-18 19:45,19,45,3,-0.8969,0.4423,0.4339,-0.901,0,0,1,Clear,1.0,4.1,24.4,3.9,18.2,18.4,107.3,17.2,87.1,4.0,23.6,3.8,19.2,50.6,LOW,HIGH,LOW,HIGH,S,28.6,23.4
2026-06-18 20:00,20,0,3,-0.866,0.5,0.4339,-0.901,0,0,0,Clear,1.0,4.0,23.6,3.8,19.2,25.2,24.2,21.4,22.2,5.5,5.3,4.7,4.9,20.4,LOW,LOW,LOW,LOW,N,27.6,24.4
2026-06-18 20:15,20,15,3,-0.8315,0.5556,0.4339,-0.901,0,0,0,Clear,1.0,5.5,5.3,4.7,4.9,24.7,25.3,21.0,22.8,5.4,5.6,4.6,5.0,20.6,LOW,LOW,LOW,LOW,S,27.5,24.5
2026-06-18 20:30,20,30,3,-0.7934,0.6088,0.4339,-0.901,0,0,0,Clear,1.0,5.4,5.6,4.6,5.0,24.5,25.7,22.5,22.1,5.4,5.7,5.0,4.9,21.0,LOW,LOW,LOW,LOW,S,27.6,24.4
2026-06-18 20:45,20,45,3,-0.7518,0.6593,0.4339,-0.901,0,0,0,Clear,1.0,5.4,5.7,5.0,4.9,24.6,26.2,21.5,21.8,5.4,5.8,4.7,4.8,20.7,LOW,LOW,LOW,LOW,S,28.2,23.8
2026-06-18 21:00,21,0,3,-0.7071,0.7071,0.4339,-0.901,0,0,0,Clear,1.0,5.4,5.8,4.7,4.8,24.5,24.1,21.8,22.2,5.4,5.3,4.8,4.9,20.4,LOW,LOW,LOW,LOW,N,27.3,24.7
2026-06-18 21:15,21,15,3,-0.6593,0.7518,0.4339,-0.901,0,0,0,Clear,1.0,5.4,5.3,4.8,4.9,26.1,24.3,22.4,21.5,5.7,5.3,4.9,4.7,20.6,LOW,LOW,LOW,LOW,N,27.9,24.1
2026-06-18 21:30,21,30,3,-0.6088,0.7934,0.4339,-0.901,0,0,0,Rain,1.25,5.7,5.3,4.9,4.7,32.5,32.5,28.0,28.1,7.2,7.2,6.2,6.2,26.8,MEDIUM,MEDIUM,MEDIUM,MEDIUM,N,27.9,24.1
2026-06-18 21:45,21,45,3,-0.5556,0.8315,0.4339,-0.901,0,0,0,Clear,1.0,7.2,7.2,6.2,6.2,25.3,24.1,22.2,22.2,5.6,5.3,4.9,4.9,20.7,LOW,LOW,LOW,LOW,N,27.5,24.5
2026-06-18 22:00,22,0,3,-0.5,0.866,0.4339,-0.901,0,0,0,Rain,1.25,5.6,5.3,4.9,4.9,31.2,31.3,26.9,28.6,6.9,6.9,5.9,6.3,26.0,MEDIUM,MEDIUM,LOW,MEDIUM,N,27.4,24.6
2026-06-18 22:15,22,15,3,-0.4423,0.8969,0.4339,-0.901,0,0,0,Clear,1.0,6.9,6.9,5.9,6.3,24.3,25.4,23.0,21.8,5.3,5.6,5.1,4.8,20.8,LOW,LOW,LOW,LOW,S,27.3,24.7
2026-06-18 22:30,22,30,3,-0.3827,0.9239,0.4339,-0.901,0,0,0,Clear,1.0,5.3,5.6,5.1,4.8,24.3,24.8,22.0,21.9,5.3,5.5,4.8,4.8,20.4,LOW,LOW,LOW,LOW,S,27.5,24.5
2026-06-18 22:45,22,45,3,-0.3214,0.9469,0.4339,-0.901,0,0,0,Heavy Rain,1.5,5.3,5.5,4.8,4.8,36.7,37.4,32.4,32.3,8.1,8.2,7.1,7.1,30.5,MEDIUM,MEDIUM,MEDIUM,MEDIUM,S,27.8,24.2
2026-06-18 23:00,23,0,3,-0.2588,0.9659,0.4339,-0.901,0,0,0,Clear,1.0,8.1,8.2,7.1,7.1,6.0,5.8,4.8,5.2,1.3,1.3,1.1,1.1,4.8,LOW,LOW,LOW,LOW,N,28.0,24.0
2026-06-18 23:15,23,15,3,-0.1951,0.9808,0.4339,-0.901,0,0,0,Clear,1.0,1.3,1.3,1.1,1.1,5.9,6.0,5.2,4.9,1.3,1.3,1.1,1.1,4.8,LOW,LOW,LOW,LOW,N,28.0,24.0
2026-06-18 23:30,23,30,3,-0.1305,0.9914,0.4339,-0.901,0,0,0,Clear,1.0,1.3,1.3,1.1,1.1,6.2,6.0,5.1,5.2,1.4,1.3,1.1,1.1,4.9,LOW,LOW,LOW,LOW,N,28.2,23.8
2026-06-18 23:45,23,45,3,-0.0654,0.9979,0.4339,-0.901,0,0,0,Clear,1.0,1.4,1.3,1.1,1.1,6.3,6.1,5.1,4.9,1.4,1.3,1.1,1.1,4.9,LOW,LOW,LOW,LOW,N,28.8,23.2
2026-06-19 00:00,0,0,4,0.0,1.0,-0.4339,-0.901,0,0,0,Clear,1.0,1.4,1.3,1.1,1.1,5.8,5.8,4.8,5.2,1.3,1.3,1.1,1.1,4.8,LOW,LOW,LOW,LOW,N,27.7,24.3
2026-06-19 00:15,0,15,4,0.0654,0.9979,-0.4339,-0.901,0,0,0,Rain,1.25,1.3,1.3,1.1,1.1,7.4,7.5,6.5,6.2,1.6,1.6,1.4,1.4,6.0,LOW,LOW,LOW,LOW,N,28.0,24.0
2026-06-19 00:30,0,30,4,0.1305,0.9914,-0.4339,-0.901,0,0,0,Clear,1.0,1.6,1.6,1.4,1.4,6.0,6.2,5.1,4.9,1.3,1.4,1.1,1.1,4.9,LOW,LOW,LOW,LOW,S,28.6,23.4
2026-06-19 00:45,0,45,4,0.1951,0.9808,-0.4339,-0.901,0,0,0,Clear,1.0,1.3,1.4,1.1,1.1,5.7,6.3,5.1,4.8,1.3,1.4,1.1,1.1,4.9,LOW,LOW,LOW,LOW,S,28.6,23.4
2026-06-19 01:00,1,0,4,0.2588,0.9659,-0.4339,-0.901,0,0,0,Rain,1.25,1.3,1.4,1.1,1.1,7.4,7.2,6.1,6.1,1.6,1.6,1.3,1.3,5.8,LOW,LOW,LOW,LOW,N,28.4,23.6
2026-06-19 01:15,1,15,4,0.3214,0.9469,-0.4339,-0.901,0,0,0,Rain,1.25,1.6,1.6,1.3,1.3,7.7,7.3,6.2,6.3,1.7,1.6,1.4,1.4,6.1,LOW,LOW,LOW,LOW,N,28.5,23.5
2026-06-19 01:30,1,30,4,0.3827,0.9239,-0.4339,-0.901,0,0,0,Clear,1.0,1.7,1.6,1.4,1.4,6.0,6.1,4.9,5.1,1.3,1.3,1.1,1.1,4.8,LOW,LOW,LOW,LOW,N,28.4,23.6
2026-06-19 01:45,1,45,4,0.4423,0.8969,-0.4339,-0.901,0,0,0,Clear,1.0,1.3,1.3,1.1,1.1,6.0,6.1,5.0,4.9,1.3,1.3,1.1,1.1,4.8,LOW,LOW,LOW,LOW,N,28.6,23.4
2026-06-19 02:00,2,0,4,0.5,0.866,-0.4339,-0.901,0,0,0,Clear,1.0,1.3,1.3,1.1,1.1,6.0,6.2,5.2,4.9,1.3,1.4,1.1,1.1,4.9,LOW,LOW,LOW,LOW,S,28.4,23.6
2026-06-19 02:15,2,15,4,0.5556,0.8315,-0.4339,-0.901,0,0,0,Clear,1.0,1.3,1.4,1.1,1.1,6.2,5.7,4.9,4.8,1.4,1.3,1.1,1.1,4.9,LOW,LOW,LOW,LOW,N,28.8,23.2
2026-06-19 02:30,2,30,4,0.6088,0.7934,-0.4339,-0.901,0,0,0,Clear,1.0,1.4,1.3,1.1,1.1,5.8,6.0,5.0,5.0,1.3,1.3,1.1,1.1,4.8,LOW,LOW,LOW,LOW,N,28.3,23.7
2026-06-19 02:45,2,45,4,0.6593,0.7518,-0.4339,-0.901,0,0,0,Rain,1.25,1.3,1.3,1.1,1.1,7.7,7.3,6.0,6.2,1.7,1.6,1.3,1.4,6.0,LOW,LOW,LOW,LOW,N,28.7,23.3
2026-06-19 03:00,3,0,4,0.7071,0.7071,-0.4339,-0.901,0,0,0,Clear,1.0,1.7,1.6,1.3,1.4,6.1,5.9,5.0,4.8,1.3,1.3,1.1,1.1,4.8,LOW,LOW,LOW,LOW,N,28.6,23.4
2026-06-19 03:15,3,15,4,0.7518,0.6593,-0.4339,-0.901,0,0,0,Clear,1.0,1.3,1.3,1.1,1.1,6.3,6.2,4.9,5.0,1.4,1.4,1.1,1.1,5.0,LOW,LOW,LOW,LOW,N,29.0,23.0
2026-06-19 03:30,3,30,4,0.7934,0.6088,-0.4339,-0.901,0,0,0,Clear,1.0,1.4,1.4,1.1,1.1,6.1,5.8,5.2,4.8,1.3,1.3,1.1,1.1,4.8,LOW,LOW,LOW,LOW,N,28.2,23.8
2026-06-19 03:45,3,45,4,0.8315,0.5556,-0.4339,-0.901,0,0,0,Clear,1.0,1.3,1.3,1.1,1.1,6.2,5.9,4.9,4.9,1.4,1.3,1.1,1.1,4.9,LOW,LOW,LOW,LOW,N,28.9,23.1
2026-06-19 04:00,4,0,4,0.866,0.5,-0.4339,-0.901,0,0,0,Clear,1.0,1.4,1.3,1.1,1.1,6.0,6.0,4.9,5.2,1.3,1.3,1.1,1.1,4.8,LOW,LOW,LOW,LOW,N,28.1,23.9
2026-06-19 04:15,4,15,4,0.8969,0.4423,-0.4339,-0.901,0,0,0,Heavy Rain,1.5,1.3,1.3,1.1,1.1,8.8,9.3,7.8,7.6,1.9,2.0,1.7,1.7,7.3,LOW,LOW,LOW,LOW,S,28.2,23.8
2026-06-19 04:30,4,30,4,0.9239,0.3827,-0.4339,-0.901,0,0,0,Clear,1.0,1.9,2.0,1.7,1.7,6.1,5.8,5.2,5.1,1.3,1.3,1.1,1.1,4.8,LOW,LOW,LOW,LOW,N,28.0,24.0
2026-06-19 04:45,4,45,4,0.9469,0.3214,-0.4339,-0.901,0,0,0,Clear,1.0,1.3,1.3,1.1,1.1,6.1,5.7,4.9,4.9,1.3,1.3,1.1,1.1,4.8,LOW,LOW,LOW,LOW,N,28.6,23.4
2026-06-19 05:00,5,0,4,0.9659,0.2588,-0.4339,-0.901,0,0,0,Clear,1.0,1.3,1.3,1.1,1.1,6.0,6.3,5.0,5.2,1.3,1.4,1.1,1.1,4.9,LOW,LOW,LOW,LOW,S,28.5,23.5
2026-06-19 05:15,5,15,4,0.9808,0.1951,-0.4339,-0.901,0,0,0,Clear,1.0,1.3,1.4,1.1,1.1,6.1,6.3,4.8,5.1,1.3,1.4,1.1,1.1,4.9,LOW,LOW,LOW,LOW,S,28.8,23.2
2026-06-19 05:30,5,30,4,0.9914,0.1305,-0.4339,-0.901,0,0,0,Clear,1.0,1.3,1.4,1.1,1.1,5.8,6.0,5.2,5.0,1.3,1.3,1.1,1.1,4.8,LOW,LOW,LOW,LOW,N,27.9,24.1
2026-06-19 05:45,5,45,4,0.9979,0.0654,-0.4339,-0.901,0,0,0,Rain,1.25,1.3,1.3,1.1,1.1,7.3,7.8,6.0,6.5,1.6,1.7,1.3,1.4,6.0,LOW,LOW,LOW,LOW,S,28.4,23.6
2026-06-19 06:00,6,0,4,1.0,0.0,-0.4339,-0.901,0,0,0,Rain,1.25,1.6,1.7,1.3,1.4,31.0,31.0,27.2,27.5,6.8,6.8,6.0,6.0,25.6,MEDIUM,MEDIUM,MEDIUM,MEDIUM,N,27.6,24.4
2026-06-19 06:15,6,15,4,0.9979,-0.0654,-0.4339,-0.901,0,0,0,Clear,1.0,6.8,6.8,6.0,6.0,24.7,25.6,21.2,21.7,5.4,5.6,4.7,4.8,20.5,LOW,LOW,LOW,LOW,S,28.1,23.9
2026-06-19 06:30,6,30,4,0.9914,-0.1305,-0.4339,-0.901,0,0,0,Clear,1.0,5.4,5.6,4.7,4.8,25.3,23.8,21.6,22.4,5.6,5.2,4.8,4.9,20.5,LOW,LOW,LOW,LOW,N,27.5,24.5
2026-06-19 06:45,6,45,4,0.9808,-0.1951,-0.4339,-0.901,0,0,0,Clear,1.0,5.6,5.2,4.8,4.9,24.0,25.0,21.2,21.7,5.3,5.5,4.7,4.8,20.3,LOW,LOW,LOW,LOW,S,27.8,24.2
2026-06-19 07:00,7,0,4,0.9659,-0.2588,-0.4339,-0.901,0,1,0,Clear,1.0,5.3,5.5,4.7,4.8,111.3,18.9,82.9,18.6,24.5,4.2,18.2,4.1,51.0,VERY_HIGH,LOW,HIGH,LOW,N,29.6,22.4
2026-06-19 07:15,7,15,4,0.9469,-0.3214,-0.4339,-0.901,0,1,0,Clear,1.0,24.5,4.2,18.2,4.1,112.7,17.4,89.2,18.1,24.8,3.8,19.6,4.0,52.2,VERY_HIGH,LOW,HIGH,LOW,N,28.8,23.2
2026-06-19 07:30,7,30,4,0.9239,-0.3827,-0.4339,-0.901,0,1,0,Clear,1.0,24.8,3.8,19.6,4.0,105.2,18.5,83.6,17.2,23.1,4.1,18.4,3.8,49.4,HIGH,LOW,HIGH,LOW,N,28.8,23.2
2026-06-19 07:45,7,45,4,0.8969,-0.4423,-0.4339,-0.901,0,1,0,Clear,1.0,23.1,4.1,18.4,3.8,115.2,18.5,86.9,18.5,25.3,4.1,19.1,4.1,52.6,VERY_HIGH,LOW,HIGH,LOW,N,29.4,22.6
2026-06-19 08:00,8,0,4,0.866,-0.5,-0.4339,-0.901,0,1,0,Clear,1.0,25.3,4.1,19.1,4.1,145.9,18.1,110.8,18.7,32.1,4.0,24.4,4.1,64.6,VERY_HIGH,LOW,VERY_HIGH,LOW,N,29.4,22.6
2026-06-19 08:15,8,15,4,0.8315,-0.5556,-0.4339,-0.901,0,1,0,Clear,1.0,32.1,4.0,24.4,4.1,146.4,18.3,105.4,17.6,32.2,4.0,23.2,3.9,63.3,VERY_HIGH,LOW,HIGH,LOW,N,30.1,21.9
2026-06-19 08:30,8,30,4,0.7934,-0.6088,-0.4339,-0.901,0,1,0,Clear,1.0,32.2,4.0,23.2,3.9,141.5,18.0,113.9,18.8,31.1,4.0,25.1,4.1,64.3,VERY_HIGH,LOW,VERY_HIGH,LOW,N,28.6,23.4
2026-06-19 08:45,8,45,4,0.7518,-0.6593,-0.4339,-0.901,0,1,0,Clear,1.0,31.1,4.0,25.1,4.1,142.4,18.8,110.3,17.2,31.3,4.1,24.3,3.8,63.5,VERY_HIGH,LOW,VERY_HIGH,LOW,N,29.2,22.8
2026-06-19 09:00,9,0,4,0.7071,-0.7071,-0.4339,-0.901,0,1,0,Clear,1.0,31.3,4.1,24.3,3.8,106.6,17.8,81.4,18.7,23.5,3.9,17.9,4.1,49.4,HIGH,LOW,HIGH,LOW,N,29.2,22.8
2026-06-19 09:15,9,15,4,0.6593,-0.7518,-0.4339,-0.901,0,1,0,Clear,1.0,23.5,3.9,17.9,4.1,115.0,17.6,87.8,17.7,25.3,3.9,19.3,3.9,52.4,VERY_HIGH,LOW,HIGH,LOW,N,29.3,22.7
2026-06-19 09:30,9,30,4,0.6088,-0.7934,-0.4339,-0.901,0,1,0,Clear,1.0,25.3,3.9,19.3,3.9,114.9,18.1,84.4,18.0,25.3,4.0,18.6,4.0,51.9,VERY_HIGH,LOW,HIGH,LOW,N,29.7,22.3
2026-06-19 09:45,9,45,4,0.5556,-0.8315,-0.4339,-0.901,0,1,0,Clear,1.0,25.3,4.0,18.6,4.0,112.3,17.5,86.7,17.6,24.7,3.9,19.1,3.9,51.6,VERY_HIGH,LOW,HIGH,LOW,N,29.1,22.9
2026-06-19 10:00,10,0,4,0.5,-0.866,-0.4339,-0.901,0,0,0,Clear,1.0,24.7,3.9,19.1,3.9,25.3,26.1,22.2,22.1,5.6,5.7,4.9,4.9,21.1,LOW,LOW,LOW,LOW,S,28.0,24.0
2026-06-19 10:15,10,15,4,0.4423,-0.8969,-0.4339,-0.901,0,0,0,Clear,1.0,5.6,5.7,4.9,4.9,25.3,25.3,22.0,22.5,5.6,5.6,4.8,5.0,21.0,LOW,LOW,LOW,LOW,N,27.6,24.4
2026-06-19 10:30,10,30,4,0.3827,-0.9239,-0.4339,-0.901,0,0,0,Clear,1.0,5.6,5.6,4.8,5.0,23.8,25.2,22.3,21.7,5.2,5.5,4.9,4.8,20.4,LOW,LOW,LOW,LOW,S,27.5,24.5
2026-06-19 10:45,10,45,4,0.3214,-0.9469,-0.4339,-0.901,0,0,0,Clear,1.0,5.2,5.5,4.9,4.8,23.9,24.8,21.8,22.7,5.3,5.5,4.8,5.0,20.6,LOW,LOW,LOW,LOW,S,27.2,24.8
2026-06-19 11:00,11,0,4,0.2588,-0.9659,-0.4339,-0.901,0,0,0,Clear,1.0,5.3,5.5,4.8,5.0,38.5,38.9,35.2,34.2,8.5,8.6,7.7,7.5,32.3,MEDIUM,MEDIUM,MEDIUM,MEDIUM,S,27.4,24.6
2026-06-19 11:15,11,15,4,0.1951,-0.9808,-0.4339,-0.901,0,0,0,Clear,1.0,8.5,8.6,7.7,7.5,40.5,38.3,34.6,36.3,8.9,8.4,7.6,8.0,32.9,MEDIUM,MEDIUM,MEDIUM,MEDIUM,N,27.4,24.6
2026-06-19 11:30,11,30,4,0.1305,-0.9914,-0.4339,-0.901,0,0,0,Rain,1.25,8.9,8.4,7.6,8.0,51.9,52.3,43.7,45.4,11.4,11.5,9.6,10.0,42.5,MEDIUM,MEDIUM,MEDIUM,MEDIUM,S,27.9,24.1
2026-06-19 11:45,11,45,4,0.0654,-0.9979,-0.4339,-0.901,0,0,0,Clear,1.0,11.4,11.5,9.6,10.0,40.7,41.2,36.5,34.5,9.0,9.1,8.0,7.6,33.7,MEDIUM,MEDIUM,MEDIUM,MEDIUM,S,27.7,24.3
2026-06-19 12:00,12,0,4,0.0,-1.0,-0.4339,-0.901,0,0,0,Clear,1.0,9.0,9.1,8.0,7.6,38.3,38.3,35.9,35.6,8.4,8.4,7.9,7.8,32.5,MEDIUM,MEDIUM,MEDIUM,MEDIUM,N,26.9,25.1
2026-06-19 12:15,12,15,4,-0.0654,-0.9979,-0.4339,-0.901,0,0,0,Rain,1.25,8.4,8.4,7.9,7.8,50.0,48.6,42.5,45.7,11.0,10.7,9.3,10.1,41.1,MEDIUM,MEDIUM,MEDIUM,MEDIUM,N,27.3,24.7
2026-06-19 12:30,12,30,4,-0.1305,-0.9914,-0.4339,-0.901,0,0,0,Clear,1.0,11.0,10.7,9.3,10.1,41.8,39.4,34.5,36.2,9.2,8.7,7.6,8.0,33.5,MEDIUM,MEDIUM,MEDIUM,MEDIUM,N,27.8,24.2
2026-06-19 12:45,12,45,4,-0.1951,-0.9808,-0.4339,-0.901,0,0,0,Rain,1.25,9.2,8.7,7.6,8.0,51.5,51.2,42.5,44.1,11.3,11.3,9.3,9.7,41.6,MEDIUM,MEDIUM,MEDIUM,MEDIUM,N,28.1,23.9
2026-06-19 13:00,13,0,4,-0.2588,-0.9659,-0.4339,-0.901,0,0,0,Clear,1.0,11.3,11.3,9.3,9.7,40.4,40.8,33.4,34.6,8.9,9.0,7.3,7.6,32.8,MEDIUM,MEDIUM,MEDIUM,MEDIUM,S,28.2,23.8
2026-06-19 13:15,13,15,4,-0.3214,-0.9469,-0.4339,-0.901,0,0,0,Clear,1.0,8.9,9.0,7.3,7.6,39.6,38.9,33.7,34.5,8.7,8.6,7.4,7.6,32.3,MEDIUM,MEDIUM,MEDIUM,MEDIUM,N,27.8,24.2
2026-06-19 13:30,13,30,4,-0.3827,-0.9239,-0.4339,-0.901,0,0,0,Clear,1.0,8.7,8.6,7.4,7.6,40.8,38.3,36.5,36.2,9.0,8.4,8.0,8.0,33.4,MEDIUM,MEDIUM,MEDIUM,MEDIUM,N,27.3,24.7
2026-06-19 13:45,13,45,4,-0.4423,-0.8969,-0.4339,-0.901,0,0,0,Clear,1.0,9.0,8.4,8.0,8.0,42.0,41.1,36.3,34.5,9.2,9.0,8.0,7.6,33.8,MEDIUM,MEDIUM,MEDIUM,MEDIUM,N,28.0,24.0
2026-06-19 14:00,14,0,4,-0.5,-0.866,-0.4339,-0.901,0,0,0,Rain,1.25,9.2,9.0,8.0,7.6,52.4,51.5,44.9,45.3,11.5,11.3,9.9,10.0,42.7,MEDIUM,MEDIUM,MEDIUM,MEDIUM,N,27.9,24.1
2026-06-19 14:15,14,15,4,-0.5556,-0.8315,-0.4339,-0.901,0,0,0,Clear,1.0,11.5,11.3,9.9,10.0,39.4,40.1,36.6,34.4,8.7,8.8,8.1,7.6,33.2,MEDIUM,MEDIUM,MEDIUM,MEDIUM,S,27.3,24.7
2026-06-19 14:30,14,30,4,-0.6088,-0.7934,-0.4339,-0.901,0,0,0,Clear,1.0,8.7,8.8,8.1,7.6,39.2,38.2,34.2,33.5,8.6,8.4,7.5,7.4,31.9,MEDIUM,MEDIUM,MEDIUM,MEDIUM,N,27.8,24.2
2026-06-19 14:45,14,45,4,-0.6593,-0.7518,-0.4339,-0.901,0,0,0,Rain,1.25,8.6,8.4,7.5,7.4,48.6,52.3,44.4,43.3,10.7,11.5,9.8,9.5,41.5,MEDIUM,MEDIUM,MEDIUM,MEDIUM,S,28.0,24.0
2026-06-19 15:00,15,0,4,-0.7071,-0.7071,-0.4339,-0.901,0,0,0,Clear,1.0,10.7,11.5,9.8,9.5,38.4,41.1,35.4,36.2,8.4,9.0,7.8,8.0,33.2,MEDIUM,MEDIUM,MEDIUM,MEDIUM,S,27.5,24.5
2026-06-19 15:15,15,15,4,-0.7518,-0.6593,-0.4339,-0.901,0,0,0,Clear,1.0,8.4,9.0,7.8,8.0,40.7,38.4,33.3,35.9,9.0,8.4,7.3,7.9,32.6,MEDIUM,MEDIUM,MEDIUM,MEDIUM,N,27.7,24.3
2026-06-19 15:30,15,30,4,-0.7934,-0.6088,-0.4339,-0.901,0,0,0,Rain,1.25,9.0,8.4,7.3,7.9,48.4,48.9,45.2,45.8,10.6,10.8,9.9,10.1,41.4,MEDIUM,MEDIUM,MEDIUM,MEDIUM,S,26.9,25.1
2026-06-19 15:45,15,45,4,-0.8315,-0.5556,-0.4339,-0.901,0,0,0,Heavy Rain,1.5,10.6,10.8,9.9,10.1,58.2,58.0,50.1,54.7,12.8,12.8,11.0,12.0,48.6,MEDIUM,MEDIUM,MEDIUM,MEDIUM,N,27.1,24.9
2026-06-19 16:00,16,0,4,-0.866,-0.5,-0.4339,-0.901,0,0,1,Clear,1.0,12.8,12.8,11.0,12.0,18.9,108.0,18.6,83.8,4.2,23.8,4.1,18.4,50.5,LOW,HIGH,LOW,HIGH,S,29.1,22.9
2026-06-19 16:15,16,15,4,-0.8969,-0.4423,-0.4339,-0.901,0,0,1,Clear,1.0,4.2,23.8,4.1,18.4,17.8,114.6,17.7,88.5,3.9,25.2,3.9,19.5,52.5,LOW,VERY_HIGH,LOW,HIGH,S,29.2,22.8
2026-06-19 16:30,16,30,4,-0.9239,-0.3827,-0.4339,-0.901,0,0,1,Clear,1.0,3.9,25.2,3.9,19.5,18.5,108.5,17.8,83.2,4.1,23.9,3.9,18.3,50.2,LOW,HIGH,LOW,HIGH,S,29.2,22.8
2026-06-19 16:45,16,45,4,-0.9469,-0.3214,-0.4339,-0.901,0,0,1,Clear,1.0,4.1,23.9,3.9,18.3,18.8,108.0,18.2,87.3,4.1,23.8,4.0,19.2,51.1,LOW,HIGH,LOW,HIGH,S,28.6,23.4
2026-06-19 17:00,17,0,4,-0.9659,-0.2588,-0.4339,-0.901,0,0,1,Clear,1.0,4.1,23.8,4.0,19.2,17.3,135.2,18.0,100.1,3.8,29.7,4.0,22.0,59.5,LOW,VERY_HIGH,LOW,HIGH,S,29.7,22.3
2026-06-19 17:15,17,15,4,-0.9808,-0.1951,-0.4339,-0.901,0,0,1,Clear,1.0,3.8,29.7,4.0,22.0,17.5,129.6,18.0,97.2,3.9,28.5,4.0,21.4,57.8,LOW,VERY_HIGH,LOW,HIGH,S,29.5,22.5
2026-06-19 17:30,17,30,4,-0.9914,-0.1305,-0.4339,-0.901,0,0,1,Clear,1.0,3.9,28.5,4.0,21.4,18.1,134.1,17.7,104.8,4.0,29.5,3.9,23.1,60.5,LOW,VERY_HIGH,LOW,HIGH,S,29.0,23.0
2026-06-19 17:45,17,45,4,-0.9979,-0.0654,-0.4339,-0.901,0,0,1,Clear,1.0,4.0,29.5,3.9,23.1,18.3,132.8,18.7,102.1,4.0,29.2,4.1,22.5,59.8,LOW,VERY_HIGH,LOW,HIGH,S,29.2,22.8
2026-06-19 18:00,18,0,4,-1.0,-0.0,-0.4339,-0.901,0,0,1,Clear,1.0,4.0,29.2,4.1,22.5,18.0,133.3,18.1,100.7,4.0,29.3,4.0,22.2,59.5,LOW,VERY_HIGH,LOW,HIGH,S,29.4,22.6
2026-06-19 18:15,18,15,4,-0.9979,0.0654,-0.4339,-0.901,0,0,1,Clear,1.0,4.0,29.3,4.0,22.2,17.6,133.2,18.7,103.2,3.9,29.3,4.1,22.7,60.0,LOW,VERY_HIGH,LOW,HIGH,S,29.1,22.9
2026-06-19 18:30,18,30,4,-0.9914,0.1305,-0.4339,-0.901,0,0,1,Clear,1.0,3.9,29.3,4.1,22.7,18.9,126.7,18.7,102.6,4.2,27.9,4.1,22.6,58.8,LOW,VERY_HIGH,LOW,HIGH,S,28.6,23.4
2026-06-19 18:45,18,45,4,-0.9808,0.1951,-0.4339,-0.901,0,0,1,Clear,1.0,4.2,27.9,4.1,22.6,18.4,137.4,17.7,104.9,4.0,30.2,3.9,23.1,61.2,LOW,VERY_HIGH,LOW,HIGH,S,29.3,22.7
2026-06-19 19:00,19,0,4,-0.9659,0.2588,-0.4339,-0.901,0,0,1,Clear,1.0,4.0,30.2,3.9,23.1,18.1,110.2,18.7,86.0,4.0,24.2,4.1,18.9,51.2,LOW,VERY_HIGH,LOW,HIGH,S,29.0,23.0
2026-06-19 19:15,19,15,4,-0.9469,0.3214,-0.4339,-0.901,0,0,1,Rain,1.25,4.0,24.2,4.1,18.9,22.1,143.8,21.5,110.6,4.9,31.6,4.7,24.3,65.5,LOW,VERY_HIGH,LOW,VERY_HIGH,S,29.2,22.8
2026-06-19 19:30,19,30,4,-0.9239,0.3827,-0.4339,-0.901,0,0,1,Clear,1.0,4.9,31.6,4.7,24.3,18.2,110.1,17.9,84.0,4.0,24.2,3.9,18.5,50.6,LOW,VERY_HIGH,LOW,HIGH,S,29.3,22.7
2026-06-19 19:45,19,45,4,-0.8969,0.4423,-0.4339,-0.901,0,0,1,Clear,1.0,4.0,24.2,3.9,18.5,18.6,111.1,17.6,81.6,4.1,24.4,3.9,18.0,50.4,LOW,VERY_HIGH,LOW,HIGH,S,29.8,22.2
2026-06-19 20:00,20,0,4,-0.866,0.5,-0.4339,-0.901,0,0,0,Clear,1.0,4.1,24.4,3.9,18.0,25.1,26.0,21.8,22.0,5.5,5.7,4.8,4.8,20.8,LOW,LOW,LOW,LOW,S,28.1,23.9
2026-06-19 20:15,20,15,4,-0.8315,0.5556,-0.4339,-0.901,0,0,0,Clear,1.0,5.5,5.7,4.8,4.8,25.3,25.1,22.4,22.8,5.6,5.5,4.9,5.0,21.0,LOW,LOW,LOW,LOW,N,27.4,24.6
2026-06-19 20:30,20,30,4,-0.7934,0.6088,-0.4339,-0.901,0,0,0,Clear,1.0,5.6,5.5,4.9,5.0,25.1,24.4,21.4,21.9,5.5,5.4,4.7,4.8,20.4,LOW,LOW,LOW,LOW,N,27.8,24.2
2026-06-19 20:45,20,45,4,-0.7518,0.6593,-0.4339,-0.901,0,0,0,Clear,1.0,5.5,5.4,4.7,4.8,24.7,26.0,21.2,21.8,5.4,5.7,4.7,4.8,20.6,LOW,LOW,LOW,LOW,S,28.2,23.8
2026-06-19 21:00,21,0,4,-0.7071,0.7071,-0.4339,-0.901,0,0,0,Clear,1.0,5.4,5.7,4.7,4.8,23.8,24.9,21.1,22.2,5.2,5.5,4.6,4.9,20.2,LOW,LOW,LOW,LOW,S,27.5,24.5
2026-06-19 21:15,21,15,4,-0.6593,0.7518,-0.4339,-0.901,0,0,0,Clear,1.0,5.2,5.5,4.6,4.9,24.8,25.4,22.4,21.9,5.5,5.6,4.9,4.8,20.8,LOW,LOW,LOW,LOW,S,27.6,24.4
2026-06-19 21:30,21,30,4,-0.6088,0.7934,-0.4339,-0.901,0,0,0,Clear,1.0,5.5,5.6,4.9,4.8,25.8,23.9,21.4,22.5,5.7,5.3,4.7,5.0,20.7,LOW,LOW,LOW,LOW,N,27.7,24.3
2026-06-19 21:45,21,45,4,-0.5556,0.8315,-0.4339,-0.901,0,0,0,Clear,1.0,5.7,5.3,4.7,5.0,24.1,25.6,22.1,21.7,5.3,5.6,4.9,4.8,20.6,LOW,LOW,LOW,LOW,S,27.8,24.2
2026-06-19 22:00,22,0,4,-0.5,0.866,-0.4339,-0.901,0,0,0,Clear,1.0,5.3,5.6,4.9,4.8,25.4,23.8,21.6,22.4,5.6,5.2,4.8,4.9,20.5,LOW,LOW,LOW,LOW,N,27.5,24.5
2026-06-19 22:15,22,15,4,-0.4423,0.8969,-0.4339,-0.901,0,0,0,Clear,1.0,5.6,5.2,4.8,4.9,25.7,25.2,21.0,21.0,5.7,5.5,4.6,4.6,20.4,LOW,LOW,LOW,LOW,N,28.6,23.4
2026-06-19 22:30,22,30,4,-0.3827,0.9239,-0.4339,-0.901,0,0,0,Clear,1.0,5.7,5.5,4.6,4.6,25.5,24.7,22.7,22.6,5.6,5.4,5.0,5.0,21.0,LOW,LOW,LOW,LOW,N,27.4,24.6
2026-06-19 22:45,22,45,4,-0.3214,0.9469,-0.4339,-0.901,0,0,0,Clear,1.0,5.6,5.4,5.0,5.0,25.9,24.3,21.0,22.8,5.7,5.3,4.6,5.0,20.6,LOW,LOW,LOW,LOW,N,27.7,24.3
2026-06-19 23:00,23,0,4,-0.2588,0.9659,-0.4339,-0.901,0,0,0,Rain,1.25,5.7,5.3,4.6,5.0,7.8,7.5,6.5,6.2,1.7,1.6,1.4,1.4,6.1,LOW,LOW,LOW,LOW,N,28.4,23.6
2026-06-19 23:15,23,15,4,-0.1951,0.9808,-0.4339,-0.901,0,0,0,Clear,1.0,1.7,1.6,1.4,1.4,5.8,6.0,5.0,5.0,1.3,1.3,1.1,1.1,4.8,LOW,LOW,LOW,LOW,N,28.3,23.7
2026-06-19 23:30,23,30,4,-0.1305,0.9914,-0.4339,-0.901,0,0,0,Clear,1.0,1.3,1.3,1.1,1.1,5.8,6.1,5.0,5.2,1.3,1.3,1.1,1.1,4.8,LOW,LOW,LOW,LOW,N,28.0,24.0
2026-06-19 23:45,23,45,4,-0.0654,0.9979,-0.4339,-0.901,0,0,0,Heavy Rain,1.5,1.3,1.3,1.1,1.1,8.8,8.6,7.8,7.1,1.9,1.9,1.7,1.6,7.1,LOW,LOW,LOW,LOW,N,27.8,24.2
2026-06-20 00:00,0,0,5,0.0,1.0,-0.9749,-0.2225,1,0,0,Clear,1.0,1.9,1.9,1.7,1.6,5.7,5.8,5.1,4.9,1.3,1.3,1.1,1.1,4.8,LOW,LOW,LOW,LOW,N,27.7,24.3
2026-06-20 00:15,0,15,5,0.0654,0.9979,-0.9749,-0.2225,1,0,0,Clear,1.0,1.3,1.3,1.1,1.1,5.9,5.8,5.2,5.0,1.3,1.3,1.1,1.1,4.8,LOW,LOW,LOW,LOW,N,27.7,24.3
2026-06-20 00:30,0,30,5,0.1305,0.9914,-0.9749,-0.2225,1,0,0,Clear,1.0,1.3,1.3,1.1,1.1,6.0,5.8,5.0,5.0,1.3,1.3,1.1,1.1,4.8,LOW,LOW,LOW,LOW,N,28.3,23.7
2026-06-20 00:45,0,45,5,0.1951,0.9808,-0.9749,-0.2225,1,0,0,Clear,1.0,1.3,1.3,1.1,1.1,6.1,6.1,4.8,5.0,1.3,1.3,1.1,1.1,4.8,LOW,LOW,LOW,LOW,N,28.7,23.3
2026-06-20 01:00,1,0,5,0.2588,0.9659,-0.9749,-0.2225,1,0,0,Clear,1.0,1.3,1.3,1.1,1.1,6.0,6.2,4.9,4.9,1.3,1.4,1.1,1.1,4.9,LOW,LOW,LOW,LOW,S,28.9,23.1
2026-06-20 01:15,1,15,5,0.3214,0.9469,-0.9749,-0.2225,1,0,0,Clear,1.0,1.3,1.4,1.1,1.1,6.2,6.2,5.2,4.9,1.4,1.4,1.1,1.1,5.0,LOW,LOW,LOW,LOW,N,28.5,23.5
2026-06-20 01:30,1,30,5,0.3827,0.9239,-0.9749,-0.2225,1,0,0,Clear,1.0,1.4,1.4,1.1,1.1,6.3,5.7,4.9,4.9,1.4,1.3,1.1,1.1,4.9,LOW,LOW,LOW,LOW,N,28.9,23.1
2026-06-20 01:45,1,45,5,0.4423,0.8969,-0.9749,-0.2225,1,0,0,Clear,1.0,1.4,1.3,1.1,1.1,5.8,6.0,5.0,4.8,1.3,1.3,1.1,1.1,4.8,LOW,LOW,LOW,LOW,N,28.4,23.6
2026-06-20 02:00,2,0,5,0.5,0.866,-0.9749,-0.2225,1,0,0,Clear,1.0,1.3,1.3,1.1,1.1,6.2,5.8,5.1,5.0,1.4,1.3,1.1,1.1,4.9,LOW,LOW,LOW,LOW,N,28.4,23.6
2026-06-20 02:15,2,15,5,0.5556,0.8315,-0.9749,-0.2225,1,0,0,Clear,1.0,1.4,1.3,1.1,1.1,5.8,5.8,5.2,5.2,1.3,1.3,1.1,1.1,4.8,LOW,LOW,LOW,LOW,N,27.4,24.6
2026-06-20 02:30,2,30,5,0.6088,0.7934,-0.9749,-0.2225,1,0,0,Clear,1.0,1.3,1.3,1.1,1.1,5.9,6.0,4.9,4.8,1.3,1.3,1.1,1.1,4.8,LOW,LOW,LOW,LOW,N,28.6,23.4
2026-06-20 02:45,2,45,5,0.6593,0.7518,-0.9749,-0.2225,1,0,0,Clear,1.0,1.3,1.3,1.1,1.1,5.9,5.9,5.0,5.2,1.3,1.3,1.1,1.1,4.8,LOW,LOW,LOW,LOW,N,27.8,24.2
2026-06-20 03:00,3,0,5,0.7071,0.7071,-0.9749,-0.2225,1,0,0,Clear,1.0,1.3,1.3,1.1,1.1,6.0,6.2,5.0,5.2,1.3,1.4,1.1,1.1,4.9,LOW,LOW,LOW,LOW,S,28.3,23.7
2026-06-20 03:15,3,15,5,0.7518,0.6593,-0.9749,-0.2225,1,0,0,Clear,1.0,1.3,1.4,1.1,1.1,6.0,5.8,5.2,4.9,1.3,1.3,1.1,1.1,4.8,LOW,LOW,LOW,LOW,N,27.9,24.1
2026-06-20 03:30,3,30,5,0.7934,0.6088,-0.9749,-0.2225,1,0,0,Clear,1.0,1.3,1.3,1.1,1.1,5.7,5.8,4.8,4.9,1.3,1.3,1.1,1.1,4.8,LOW,LOW,LOW,LOW,N,28.2,23.8
2026-06-20 03:45,3,45,5,0.8315,0.5556,-0.9749,-0.2225,1,0,0,Clear,1.0,1.3,1.3,1.1,1.1,5.9,6.0,5.1,5.2,1.3,1.3,1.1,1.1,4.8,LOW,LOW,LOW,LOW,N,27.9,24.1
2026-06-20 04:00,4,0,5,0.866,0.5,-0.9749,-0.2225,1,0,0,Rain,1.25,1.3,1.3,1.1,1.1,7.1,7.2,6.4,6.3,1.6,1.6,1.4,1.4,6.0,LOW,LOW,LOW,LOW,N,27.5,24.5
2026-06-20 04:15,4,15,5,0.8969,0.4423,-0.9749,-0.2225,1,0,0,Clear,1.0,1.6,1.6,1.4,1.4,5.8,5.9,4.8,5.1,1.3,1.3,1.1,1.1,4.8,LOW,LOW,LOW,LOW,N,28.0,24.0
2026-06-20 04:30,4,30,5,0.9239,0.3827,-0.9749,-0.2225,1,0,0,Clear,1.0,1.3,1.3,1.1,1.1,6.2,6.0,4.8,5.2,1.4,1.3,1.1,1.1,4.9,LOW,LOW,LOW,LOW,N,28.4,23.6
2026-06-20 04:45,4,45,5,0.9469,0.3214,-0.9749,-0.2225,1,0,0,Clear,1.0,1.4,1.3,1.1,1.1,6.2,6.0,5.0,4.8,1.4,1.3,1.1,1.1,4.9,LOW,LOW,LOW,LOW,N,28.8,23.2
2026-06-20 05:00,5,0,5,0.9659,0.2588,-0.9749,-0.2225,1,0,0,Clear,1.0,1.4,1.3,1.1,1.1,6.2,5.8,5.0,4.8,1.4,1.3,1.1,1.1,4.9,LOW,LOW,LOW,LOW,N,28.7,23.3
2026-06-20 05:15,5,15,5,0.9808,0.1951,-0.9749,-0.2225,1,0,0,Clear,1.0,1.4,1.3,1.1,1.1,6.2,6.0,4.8,4.9,1.4,1.3,1.1,1.1,4.9,LOW,LOW,LOW,LOW,N,29.0,23.0
2026-06-20 05:30,5,30,5,0.9914,0.1305,-0.9749,-0.2225,1,0,0,Clear,1.0,1.4,1.3,1.1,1.1,6.2,6.2,5.2,5.2,1.4,1.4,1.1,1.1,5.0,LOW,LOW,LOW,LOW,N,28.3,23.7
2026-06-20 05:45,5,45,5,0.9979,0.0654,-0.9749,-0.2225,1,0,0,Clear,1.0,1.4,1.4,1.1,1.1,6.1,5.7,4.9,4.8,1.3,1.3,1.1,1.1,4.8,LOW,LOW,LOW,LOW,N,28.7,23.3
2026-06-20 06:00,6,0,5,1.0,0.0,-0.9749,-0.2225,1,0,0,Rain,1.25,1.3,1.3,1.1,1.1,27.6,28.8,23.8,24.4,6.1,6.3,5.2,5.4,23.0,MEDIUM,MEDIUM,LOW,LOW,S,28.1,23.9
2026-06-20 06:15,6,15,5,0.9979,-0.0654,-0.9749,-0.2225,1,0,0,Clear,1.0,6.1,6.3,5.2,5.4,22.6,22.3,20.3,20.3,5.0,4.9,4.5,4.5,18.9,LOW,LOW,LOW,LOW,N,27.3,24.7
2026-06-20 06:30,6,30,5,0.9914,-0.1305,-0.9749,-0.2225,1,0,0,Clear,1.0,5.0,4.9,4.5,4.5,21.3,21.1,19.8,19.5,4.7,4.6,4.4,4.3,18.0,LOW,LOW,LOW,LOW,N,27.0,25.0
2026-06-20 06:45,6,45,5,0.9808,-0.1951,-0.9749,-0.2225,1,0,0,Clear,1.0,4.7,4.6,4.4,4.3,21.8,22.4,20.1,20.5,4.8,4.9,4.4,4.5,18.6,LOW,LOW,LOW,LOW,S,27.1,24.9
2026-06-20 07:00,7,0,5,0.9659,-0.2588,-0.9749,-0.2225,1,0,0,Heavy Rain,1.5,4.8,4.9,4.4,4.5,32.4,32.6,29.8,30.2,7.1,7.2,6.6,6.6,27.5,MEDIUM,MEDIUM,MEDIUM,MEDIUM,S,27.0,25.0
2026-06-20 07:15,7,15,5,0.9469,-0.3214,-0.9749,-0.2225,1,0,0,Clear,1.0,7.1,7.2,6.6,6.6,21.9,22.4,20.6,20.2,4.8,4.9,4.5,4.4,18.6,LOW,LOW,LOW,LOW,S,27.1,24.9
2026-06-20 07:30,7,30,5,0.9239,-0.3827,-0.9749,-0.2225,1,0,0,Clear,1.0,4.8,4.9,4.5,4.4,22.1,21.8,19.5,21.0,4.9,4.8,4.3,4.6,18.6,LOW,LOW,LOW,LOW,N,26.9,25.1
2026-06-20 07:45,7,45,5,0.8969,-0.4423,-0.9749,-0.2225,1,0,0,Clear,1.0,4.9,4.8,4.3,4.6,22.1,21.1,19.1,20.5,4.9,4.6,4.2,4.5,18.2,LOW,LOW,LOW,LOW,N,27.1,24.9
2026-06-20 08:00,8,0,5,0.866,-0.5,-0.9749,-0.2225,1,0,0,Clear,1.0,4.9,4.6,4.2,4.5,23.0,22.2,19.6,19.6,5.1,4.9,4.3,4.3,18.6,LOW,LOW,LOW,LOW,N,28.0,24.0
2026-06-20 08:15,8,15,5,0.8315,-0.5556,-0.9749,-0.2225,1,0,0,Clear,1.0,5.1,4.9,4.3,4.3,21.6,22.4,20.5,19.5,4.8,4.9,4.5,4.3,18.5,LOW,LOW,LOW,LOW,S,27.2,24.8
2026-06-20 08:30,8,30,5,0.7934,-0.6088,-0.9749,-0.2225,1,0,0,Clear,1.0,4.8,4.9,4.5,4.3,22.4,21.4,20.1,19.6,4.9,4.7,4.4,4.3,18.3,LOW,LOW,LOW,LOW,N,27.3,24.7
2026-06-20 08:45,8,45,5,0.7518,-0.6593,-0.9749,-0.2225,1,0,0,Clear,1.0,4.9,4.7,4.4,4.3,22.4,22.2,19.8,20.6,4.9,4.9,4.4,4.5,18.7,LOW,LOW,LOW,LOW,N,27.2,24.8
2026-06-20 09:00,9,0,5,0.7071,-0.7071,-0.9749,-0.2225,1,0,0,Clear,1.0,4.9,4.9,4.4,4.5,22.2,22.6,21.0,19.7,4.9,5.0,4.6,4.3,18.8,LOW,LOW,LOW,LOW,S,27.1,24.9
2026-06-20 09:15,9,15,5,0.6593,-0.7518,-0.9749,-0.2225,1,0,0,Clear,1.0,4.9,5.0,4.6,4.3,22.2,21.5,20.1,19.3,4.9,4.7,4.4,4.2,18.2,LOW,LOW,LOW,LOW,N,27.3,24.7
2026-06-20 09:30,9,30,5,0.6088,-0.7934,-0.9749,-0.2225,1,0,0,Clear,1.0,4.9,4.7,4.4,4.2,22.2,22.9,19.4,20.5,4.9,5.0,4.3,4.5,18.7,LOW,LOW,LOW,LOW,S,27.5,24.5
2026-06-20 09:45,9,45,5,0.5556,-0.8315,-0.9749,-0.2225,1,0,0,Clear,1.0,4.9,5.0,4.3,4.5,22.4,22.2,19.7,19.5,4.9,4.9,4.3,4.3,18.4,LOW,LOW,LOW,LOW,N,27.7,24.3
2026-06-20 10:00,10,0,5,0.5,-0.866,-0.9749,-0.2225,1,0,0,Clear,1.0,4.9,4.9,4.3,4.3,39.3,38.4,37.2,33.4,8.6,8.4,8.2,7.3,32.5,MEDIUM,MEDIUM,MEDIUM,MEDIUM,N,27.0,25.0
2026-06-20 10:15,10,15,5,0.4423,-0.8969,-0.9749,-0.2225,1,0,0,Clear,1.0,8.6,8.4,8.2,7.3,41.3,37.9,36.8,36.1,9.1,8.3,8.1,7.9,33.4,MEDIUM,MEDIUM,MEDIUM,MEDIUM,N,27.3,24.7
2026-06-20 10:30,10,30,5,0.3827,-0.9239,-0.9749,-0.2225,1,0,0,Clear,1.0,9.1,8.3,8.1,7.9,41.1,37.2,37.7,35.9,9.0,8.2,8.3,7.9,33.4,MEDIUM,MEDIUM,MEDIUM,MEDIUM,N,27.0,25.0
2026-06-20 10:45,10,45,5,0.3214,-0.9469,-0.9749,-0.2225,1,0,0,Clear,1.0,9.0,8.2,8.3,7.9,41.2,36.7,35.4,34.0,9.1,8.1,7.8,7.5,32.5,MEDIUM,MEDIUM,MEDIUM,MEDIUM,N,27.7,24.3
2026-06-20 11:00,11,0,5,0.2588,-0.9659,-0.9749,-0.2225,1,0,0,Clear,1.0,9.1,8.1,7.8,7.5,36.4,46.6,33.8,40.3,8.0,10.3,7.4,8.9,34.6,MEDIUM,MEDIUM,MEDIUM,MEDIUM,S,27.7,24.3
2026-06-20 11:15,11,15,5,0.1951,-0.9808,-0.9749,-0.2225,1,0,0,Clear,1.0,8.0,10.3,7.4,8.9,38.1,43.2,32.4,38.9,8.4,9.5,7.1,8.6,33.6,MEDIUM,MEDIUM,MEDIUM,MEDIUM,S,27.5,24.5
2026-06-20 11:30,11,30,5,0.1305,-0.9914,-0.9749,-0.2225,1,0,0,Clear,1.0,8.4,9.5,7.1,8.6,37.0,43.2,35.1,39.4,8.1,9.5,7.7,8.7,34.0,MEDIUM,MEDIUM,MEDIUM,MEDIUM,S,27.1,24.9
2026-06-20 11:45,11,45,5,0.0654,-0.9979,-0.9749,-0.2225,1,0,0,Clear,1.0,8.1,9.5,7.7,8.7,37.8,44.7,33.4,38.4,8.3,9.8,7.3,8.4,33.8,MEDIUM,MEDIUM,MEDIUM,MEDIUM,S,27.9,24.1
2026-06-20 12:00,12,0,5,0.0,-1.0,-0.9749,-0.2225,1,0,0,Clear,1.0,8.3,9.8,7.3,8.4,40.6,54.0,36.2,43.9,8.9,11.9,8.0,9.7,38.5,MEDIUM,MEDIUM,MEDIUM,MEDIUM,S,28.4,23.6
2026-06-20 12:15,12,15,5,-0.0654,-0.9979,-0.9749,-0.2225,1,0,0,Clear,1.0,8.9,11.9,8.0,9.7,41.8,50.0,38.6,44.2,9.2,11.0,8.5,9.7,38.4,MEDIUM,MEDIUM,MEDIUM,MEDIUM,S,27.5,24.5
2026-06-20 12:30,12,30,5,-0.1305,-0.9914,-0.9749,-0.2225,1,0,0,Clear,1.0,9.2,11.0,8.5,9.7,42.2,52.1,36.9,46.9,9.3,11.5,8.1,10.3,39.2,MEDIUM,MEDIUM,MEDIUM,MEDIUM,S,27.4,24.6
2026-06-20 12:45,12,45,5,-0.1951,-0.9808,-0.9749,-0.2225,1,0,0,Clear,1.0,9.3,11.5,8.1,10.3,40.6,53.0,37.5,44.6,8.9,11.7,8.2,9.8,38.6,MEDIUM,MEDIUM,MEDIUM,MEDIUM,S,28.0,24.0
2026-06-20 13:00,13,0,5,-0.2588,-0.9659,-0.9749,-0.2225,1,0,0,Clear,1.0,8.9,11.7,8.2,9.8,50.0,52.6,41.9,44.9,11.0,11.6,9.2,9.9,41.7,MEDIUM,MEDIUM,MEDIUM,MEDIUM,S,28.1,23.9
2026-06-20 13:15,13,15,5,-0.3214,-0.9469,-0.9749,-0.2225,1,0,0,Heavy Rain,1.5,11.0,11.6,9.2,9.9,71.9,76.6,61.0,70.2,15.8,16.9,13.4,15.4,61.5,HIGH,HIGH,MEDIUM,HIGH,S,27.4,24.6
2026-06-20 13:30,13,30,5,-0.3827,-0.9239,-0.9749,-0.2225,1,0,0,Clear,1.0,15.8,16.9,13.4,15.4,48.6,51.1,44.2,44.9,10.7,11.2,9.7,9.9,41.5,MEDIUM,MEDIUM,MEDIUM,MEDIUM,S,27.6,24.4
2026-06-20 13:45,13,45,5,-0.4423,-0.8969,-0.9749,-0.2225,1,0,0,Heavy Rain,1.5,10.7,11.2,9.7,9.9,69.6,76.8,63.8,65.5,15.3,16.9,14.0,14.4,60.6,HIGH,HIGH,HIGH,HIGH,S,27.8,24.2
2026-06-20 14:00,14,0,5,-0.5,-0.866,-0.9749,-0.2225,1,0,0,Clear,1.0,15.3,16.9,14.0,14.4,53.2,45.9,44.3,41.6,11.7,10.1,9.7,9.2,40.7,MEDIUM,MEDIUM,MEDIUM,MEDIUM,N,28.1,23.9
2026-06-20 14:15,14,15,5,-0.5556,-0.8315,-0.9749,-0.2225,1,0,0,Clear,1.0,11.7,10.1,9.7,9.2,53.6,46.8,43.9,39.2,11.8,10.3,9.7,8.6,40.4,MEDIUM,MEDIUM,MEDIUM,MEDIUM,N,28.5,23.5
2026-06-20 14:30,14,30,5,-0.6088,-0.7934,-0.9749,-0.2225,1,0,0,Clear,1.0,11.8,10.3,9.7,8.6,53.0,44.6,47.8,39.8,11.7,9.8,10.5,8.8,40.8,MEDIUM,MEDIUM,MEDIUM,MEDIUM,N,27.4,24.6
2026-06-20 14:45,14,45,5,-0.6593,-0.7518,-0.9749,-0.2225,1,0,0,Clear,1.0,11.7,9.8,10.5,8.8,52.2,47.7,45.0,41.0,11.5,10.5,9.9,9.0,40.9,MEDIUM,MEDIUM,MEDIUM,MEDIUM,N,27.9,24.1
2026-06-20 15:00,15,0,5,-0.7071,-0.7071,-0.9749,-0.2225,1,0,0,Clear,1.0,11.5,10.5,9.9,9.0,51.1,37.3,44.9,35.6,11.2,8.2,9.9,7.8,37.1,MEDIUM,MEDIUM,MEDIUM,MEDIUM,N,27.5,24.5
2026-06-20 15:15,15,15,5,-0.7518,-0.6593,-0.9749,-0.2225,1,0,0,Clear,1.0,11.2,8.2,9.9,7.8,52.1,37.8,41.8,35.0,11.5,8.3,9.2,7.7,36.7,MEDIUM,MEDIUM,MEDIUM,MEDIUM,N,28.5,23.5
2026-06-20 15:30,15,30,5,-0.7934,-0.6088,-0.9749,-0.2225,1,0,0,Clear,1.0,11.5,8.3,9.2,7.7,48.7,37.1,41.9,34.1,10.7,8.2,9.2,7.5,35.6,MEDIUM,MEDIUM,MEDIUM,MEDIUM,N,27.8,24.2
2026-06-20 15:45,15,45,5,-0.8315,-0.5556,-0.9749,-0.2225,1,0,0,Clear,1.0,10.7,8.2,9.2,7.5,48.9,40.6,43.1,34.3,10.8,8.9,9.5,7.5,36.7,MEDIUM,MEDIUM,MEDIUM,MEDIUM,N,27.8,24.2
2026-06-20 16:00,16,0,5,-0.866,-0.5,-0.9749,-0.2225,1,0,0,Clear,1.0,10.8,8.9,9.5,7.5,42.2,38.8,37.7,33.5,9.3,8.5,8.3,7.4,33.5,MEDIUM,MEDIUM,MEDIUM,MEDIUM,N,27.6,24.4
2026-06-20 16:15,16,15,5,-0.8969,-0.4423,-0.9749,-0.2225,1,0,0,Heavy Rain,1.5,9.3,8.5,8.3,7.4,66.8,58.5,54.8,51.9,14.7,12.9,12.1,11.4,51.1,HIGH,MEDIUM,MEDIUM,MEDIUM,N,28.3,23.7
2026-06-20 16:30,16,30,5,-0.9239,-0.3827,-0.9749,-0.2225,1,0,0,Clear,1.0,14.7,12.9,12.1,11.4,43.0,36.9,38.8,32.9,9.5,8.1,8.5,7.2,33.3,MEDIUM,MEDIUM,MEDIUM,MEDIUM,N,27.4,24.6
2026-06-20 16:45,16,45,5,-0.9469,-0.3214,-0.9749,-0.2225,1,0,0,Clear,1.0,9.5,8.1,8.5,7.2,43.1,36.8,37.2,35.2,9.5,8.1,8.2,7.7,33.5,MEDIUM,MEDIUM,MEDIUM,MEDIUM,N,27.6,24.4
2026-06-20 17:00,17,0,5,-0.9659,-0.2588,-0.9749,-0.2225,1,0,0,Clear,1.0,9.5,8.1,8.2,7.7,38.6,42.3,34.3,40.2,8.5,9.3,7.5,8.8,34.1,MEDIUM,MEDIUM,MEDIUM,MEDIUM,S,26.9,25.1
2026-06-20 17:15,17,15,5,-0.9808,-0.1951,-0.9749,-0.2225,1,0,0,Rain,1.25,8.5,9.3,7.5,8.8,47.3,54.2,44.9,45.8,10.4,11.9,9.9,10.1,42.3,MEDIUM,MEDIUM,MEDIUM,MEDIUM,S,27.8,24.2
2026-06-20 17:30,17,30,5,-0.9914,-0.1305,-0.9749,-0.2225,1,0,0,Heavy Rain,1.5,10.4,11.9,9.9,10.1,54.3,62.2,52.4,59.9,11.9,13.7,11.5,13.2,50.3,MEDIUM,MEDIUM,MEDIUM,MEDIUM,S,26.5,25.5
2026-06-20 17:45,17,45,5,-0.9979,-0.0654,-0.9749,-0.2225,1,0,0,Clear,1.0,11.9,13.7,11.5,13.2,35.8,41.0,34.4,37.9,7.9,9.0,7.6,8.3,32.8,MEDIUM,MEDIUM,MEDIUM,MEDIUM,S,26.9,25.1
2026-06-20 18:00,18,0,5,-1.0,-0.0,-0.9749,-0.2225,1,0,0,Rain,1.25,7.9,9.0,7.6,8.3,28.4,27.7,24.7,25.7,6.2,6.1,5.4,5.7,23.4,MEDIUM,MEDIUM,LOW,LOW,N,27.3,24.7
2026-06-20 18:15,18,15,5,-0.9979,0.0654,-0.9749,-0.2225,1,0,0,Clear,1.0,6.2,6.1,5.4,5.7,22.2,21.1,20.9,20.3,4.9,4.6,4.6,4.5,18.6,LOW,LOW,LOW,LOW,N,26.7,25.3
2026-06-20 18:30,18,30,5,-0.9914,0.1305,-0.9749,-0.2225,1,0,0,Clear,1.0,4.9,4.6,4.6,4.5,21.0,21.4,19.8,20.0,4.6,4.7,4.4,4.4,18.1,LOW,LOW,LOW,LOW,S,26.8,25.2
2026-06-20 18:45,18,45,5,-0.9808,0.1951,-0.9749,-0.2225,1,0,0,Clear,1.0,4.6,4.7,4.4,4.4,21.6,21.2,19.3,20.8,4.8,4.7,4.2,4.6,18.3,LOW,LOW,LOW,LOW,N,26.7,25.3
2026-06-20 19:00,19,0,5,-0.9659,0.2588,-0.9749,-0.2225,1,0,0,Clear,1.0,4.8,4.7,4.2,4.6,22.2,20.9,19.8,19.2,4.9,4.6,4.4,4.2,18.1,LOW,LOW,LOW,LOW,N,27.4,24.6
2026-06-20 19:15,19,15,5,-0.9469,0.3214,-0.9749,-0.2225,1,0,0,Clear,1.0,4.9,4.6,4.4,4.2,21.9,22.6,20.4,20.6,4.8,5.0,4.5,4.5,18.8,LOW,LOW,LOW,LOW,S,27.1,24.9
2026-06-20 19:30,19,30,5,-0.9239,0.3827,-0.9749,-0.2225,1,0,0,Clear,1.0,4.8,5.0,4.5,4.5,21.2,22.0,21.0,19.8,4.7,4.8,4.6,4.4,18.5,LOW,LOW,LOW,LOW,S,26.7,25.3
2026-06-20 19:45,19,45,5,-0.8969,0.4423,-0.9749,-0.2225,1,0,0,Clear,1.0,4.7,4.8,4.6,4.4,22.3,21.5,19.1,19.4,4.9,4.7,4.2,4.3,18.1,LOW,LOW,LOW,LOW,N,27.7,24.3
2026-06-20 20:00,20,0,5,-0.866,0.5,-0.9749,-0.2225,1,0,0,Clear,1.0,4.9,4.7,4.2,4.3,21.0,20.9,19.8,20.2,4.6,4.6,4.4,4.4,18.0,LOW,LOW,LOW,LOW,N,26.6,25.4
2026-06-20 20:15,20,15,5,-0.8315,0.5556,-0.9749,-0.2225,1,0,0,Clear,1.0,4.6,4.6,4.4,4.4,22.4,22.6,20.4,20.3,4.9,5.0,4.5,4.5,18.9,LOW,LOW,LOW,LOW,S,27.3,24.7
2026-06-20 20:30,20,30,5,-0.7934,0.6088,-0.9749,-0.2225,1,0,0,Clear,1.0,4.9,5.0,4.5,4.5,22.2,21.5,19.8,20.1,4.9,4.7,4.4,4.4,18.4,LOW,LOW,LOW,LOW,N,27.2,24.8
2026-06-20 20:45,20,45,5,-0.7518,0.6593,-0.9749,-0.2225,1,0,0,Heavy Rain,1.5,4.9,4.7,4.4,4.4,33.6,32.8,31.2,29.1,7.4,7.2,6.9,6.4,27.9,MEDIUM,MEDIUM,MEDIUM,MEDIUM,N,27.1,24.9
2026-06-20 21:00,21,0,5,-0.7071,0.7071,-0.9749,-0.2225,1,0,0,Clear,1.0,7.4,7.2,6.9,6.4,21.2,22.6,19.0,19.4,4.7,5.0,4.2,4.3,18.2,LOW,LOW,LOW,LOW,S,27.8,24.2
2026-06-20 21:15,21,15,5,-0.6593,0.7518,-0.9749,-0.2225,1,0,0,Clear,1.0,4.7,5.0,4.2,4.3,21.7,21.5,19.9,19.9,4.8,4.7,4.4,4.4,18.3,LOW,LOW,LOW,LOW,N,27.1,24.9
2026-06-20 21:30,21,30,5,-0.6088,0.7934,-0.9749,-0.2225,1,0,0,Clear,1.0,4.8,4.7,4.4,4.4,22.4,22.5,20.5,20.1,4.9,5.0,4.5,4.4,18.8,LOW,LOW,LOW,LOW,S,27.3,24.7
2026-06-20 21:45,21,45,5,-0.5556,0.8315,-0.9749,-0.2225,1,0,0,Clear,1.0,4.9,5.0,4.5,4.4,21.6,22.0,19.9,20.8,4.8,4.8,4.4,4.6,18.6,LOW,LOW,LOW,LOW,N,26.8,25.2
2026-06-20 22:00,22,0,5,-0.5,0.866,-0.9749,-0.2225,1,0,0,Clear,1.0,4.8,4.8,4.4,4.6,21.9,22.2,19.2,20.0,4.8,4.9,4.2,4.4,18.3,LOW,LOW,LOW,LOW,S,27.4,24.6
2026-06-20 22:15,22,15,5,-0.4423,0.8969,-0.9749,-0.2225,1,0,0,Clear,1.0,4.8,4.9,4.2,4.4,22.5,22.0,20.4,20.7,5.0,4.8,4.5,4.6,18.9,LOW,LOW,LOW,LOW,N,27.1,24.9
2026-06-20 22:30,22,30,5,-0.3827,0.9239,-0.9749,-0.2225,1,0,0,Clear,1.0,5.0,4.8,4.5,4.6,22.1,22.7,19.9,19.4,4.9,5.0,4.4,4.3,18.6,LOW,LOW,LOW,LOW,S,27.7,24.3
2026-06-20 22:45,22,45,5,-0.3214,0.9469,-0.9749,-0.2225,1,0,0,Rain,1.25,4.9,5.0,4.4,4.3,26.5,27.2,24.8,25.3,5.8,6.0,5.5,5.6,22.9,LOW,MEDIUM,LOW,LOW,S,26.9,25.1
2026-06-20 23:00,23,0,5,-0.2588,0.9659,-0.9749,-0.2225,1,0,0,Clear,1.0,5.8,6.0,5.5,5.6,6.2,5.9,5.0,4.9,1.4,1.3,1.1,1.1,4.9,LOW,LOW,LOW,LOW,N,28.7,23.3
2026-06-20 23:15,23,15,5,-0.1951,0.9808,-0.9749,-0.2225,1,0,0,Clear,1.0,1.4,1.3,1.1,1.1,6.1,5.8,4.9,4.9,1.3,1.3,1.1,1.1,4.8,LOW,LOW,LOW,LOW,N,28.7,23.3
2026-06-20 23:30,23,30,5,-0.1305,0.9914,-0.9749,-0.2225,1,0,0,Clear,1.0,1.3,1.3,1.1,1.1,6.1,6.0,5.1,5.0,1.3,1.3,1.1,1.1,4.8,LOW,LOW,LOW,LOW,N,28.3,23.7
2026-06-20 23:45,23,45,5,-0.0654,0.9979,-0.9749,-0.2225,1,0,0,Rain,1.25,1.3,1.3,1.1,1.1,7.2,7.3,6.2,6.4,1.6,1.6,1.4,1.4,6.0,LOW,LOW,LOW,LOW,N,27.8,24.2
2026-06-21 00:00,0,0,6,0.0,1.0,-0.7818,0.6235,1,0,0,Clear,1.0,1.6,1.6,1.4,1.4,6.0,6.0,4.9,4.8,1.3,1.3,1.1,1.1,4.8,LOW,LOW,LOW,LOW,N,28.7,23.3
2026-06-21 00:15,0,15,6,0.0654,0.9979,-0.7818,0.6235,1,0,0,Rain,1.25,1.3,1.3,1.1,1.1,7.4,7.8,6.0,6.0,1.6,1.7,1.3,1.3,5.9,LOW,LOW,LOW,LOW,S,29.2,22.8
2026-06-21 00:30,0,30,6,0.1305,0.9914,-0.7818,0.6235,1,0,0,Clear,1.0,1.6,1.7,1.3,1.3,6.1,5.8,5.0,5.2,1.3,1.3,1.1,1.1,4.8,LOW,LOW,LOW,LOW,N,28.0,24.0
2026-06-21 00:45,0,45,6,0.1951,0.9808,-0.7818,0.6235,1,0,0,Clear,1.0,1.3,1.3,1.1,1.1,6.1,6.0,5.2,4.9,1.3,1.3,1.1,1.1,4.8,LOW,LOW,LOW,LOW,N,28.2,23.8
2026-06-21 01:00,1,0,6,0.2588,0.9659,-0.7818,0.6235,1,0,0,Clear,1.0,1.3,1.3,1.1,1.1,6.2,5.7,5.2,5.2,1.4,1.3,1.1,1.1,4.9,LOW,LOW,LOW,LOW,N,28.0,24.0
2026-06-21 01:15,1,15,6,0.3214,0.9469,-0.7818,0.6235,1,0,0,Clear,1.0,1.4,1.3,1.1,1.1,5.8,6.2,5.1,4.8,1.3,1.4,1.1,1.1,4.9,LOW,LOW,LOW,LOW,S,28.5,23.5
2026-06-21 01:30,1,30,6,0.3827,0.9239,-0.7818,0.6235,1,0,0,Clear,1.0,1.3,1.4,1.1,1.1,6.1,6.2,4.8,5.1,1.3,1.4,1.1,1.1,4.9,LOW,LOW,LOW,LOW,S,28.7,23.3
2026-06-21 01:45,1,45,6,0.4423,0.8969,-0.7818,0.6235,1,0,0,Clear,1.0,1.3,1.4,1.1,1.1,6.2,5.8,4.9,5.2,1.4,1.3,1.1,1.1,4.9,LOW,LOW,LOW,LOW,N,28.3,23.7
2026-06-21 02:00,2,0,6,0.5,0.866,-0.7818,0.6235,1,0,0,Clear,1.0,1.4,1.3,1.1,1.1,6.1,6.2,5.1,5.1,1.3,1.4,1.1,1.1,4.9,LOW,LOW,LOW,LOW,S,28.5,23.5
2026-06-21 02:15,2,15,6,0.5556,0.8315,-0.7818,0.6235,1,0,0,Clear,1.0,1.3,1.4,1.1,1.1,6.2,6.0,5.0,5.1,1.4,1.3,1.1,1.1,4.9,LOW,LOW,LOW,LOW,N,28.5,23.5
2026-06-21 02:30,2,30,6,0.6088,0.7934,-0.7818,0.6235,1,0,0,Clear,1.0,1.4,1.3,1.1,1.1,5.8,6.0,4.8,5.0,1.3,1.3,1.1,1.1,4.8,LOW,LOW,LOW,LOW,N,28.4,23.6
2026-06-21 02:45,2,45,6,0.6593,0.7518,-0.7818,0.6235,1,0,0,Clear,1.0,1.3,1.3,1.1,1.1,6.1,5.8,4.8,5.2,1.3,1.3,1.1,1.1,4.8,LOW,LOW,LOW,LOW,N,28.2,23.8
2026-06-21 03:00,3,0,6,0.7071,0.7071,-0.7818,0.6235,1,0,0,Clear,1.0,1.3,1.3,1.1,1.1,5.8,5.8,4.9,5.2,1.3,1.3,1.1,1.1,4.8,LOW,LOW,LOW,LOW,N,27.6,24.4
2026-06-21 03:15,3,15,6,0.7518,0.6593,-0.7818,0.6235,1,0,0,Rain,1.25,1.3,1.3,1.1,1.1,7.8,7.7,6.1,6.3,1.7,1.7,1.3,1.4,6.1,LOW,LOW,LOW,LOW,N,28.8,23.2
2026-06-21 03:30,3,30,6,0.7934,0.6088,-0.7818,0.6235,1,0,0,Clear,1.0,1.7,1.7,1.3,1.4,5.7,5.7,4.8,4.8,1.3,1.3,1.1,1.1,4.8,LOW,LOW,LOW,LOW,N,28.2,23.8
2026-06-21 03:45,3,45,6,0.8315,0.5556,-0.7818,0.6235,1,0,0,Clear,1.0,1.3,1.3,1.1,1.1,6.1,5.9,5.0,5.0,1.3,1.3,1.1,1.1,4.8,LOW,LOW,LOW,LOW,N,28.5,23.5
2026-06-21 04:00,4,0,6,0.866,0.5,-0.7818,0.6235,1,0,0,Clear,1.0,1.3,1.3,1.1,1.1,5.7,6.0,4.8,5.2,1.3,1.3,1.1,1.1,4.8,LOW,LOW,LOW,LOW,N,27.9,24.1
2026-06-21 04:15,4,15,6,0.8969,0.4423,-0.7818,0.6235,1,0,0,Clear,1.0,1.3,1.3,1.1,1.1,6.2,5.9,4.9,4.8,1.4,1.3,1.1,1.1,4.9,LOW,LOW,LOW,LOW,N,29.0,23.0
2026-06-21 04:30,4,30,6,0.9239,0.3827,-0.7818,0.6235,1,0,0,Clear,1.0,1.4,1.3,1.1,1.1,5.8,5.8,5.2,4.8,1.3,1.3,1.1,1.1,4.8,LOW,LOW,LOW,LOW,N,27.7,24.3
2026-06-21 04:45,4,45,6,0.9469,0.3214,-0.7818,0.6235,1,0,0,Clear,1.0,1.3,1.3,1.1,1.1,6.1,5.8,5.1,5.0,1.3,1.3,1.1,1.1,4.8,LOW,LOW,LOW,LOW,N,28.2,23.8
2026-06-21 05:00,5,0,6,0.9659,0.2588,-0.7818,0.6235,1,0,0,Heavy Rain,1.5,1.3,1.3,1.1,1.1,9.2,8.7,7.4,7.2,2.0,1.9,1.6,1.6,7.1,LOW,LOW,LOW,LOW,N,28.7,23.3
2026-06-21 05:15,5,15,6,0.9808,0.1951,-0.7818,0.6235,1,0,0,Clear,1.0,2.0,1.9,1.6,1.6,6.1,5.7,5.1,5.0,1.3,1.3,1.1,1.1,4.8,LOW,LOW,LOW,LOW,N,28.2,23.8
2026-06-21 05:30,5,30,6,0.9914,0.1305,-0.7818,0.6235,1,0,0,Clear,1.0,1.3,1.3,1.1,1.1,6.0,5.8,5.1,5.0,1.3,1.3,1.1,1.1,4.8,LOW,LOW,LOW,LOW,N,28.1,23.9
2026-06-21 05:45,5,45,6,0.9979,0.0654,-0.7818,0.6235,1,0,0,Clear,1.0,1.3,1.3,1.1,1.1,6.2,6.2,5.2,4.9,1.4,1.4,1.1,1.1,5.0,LOW,LOW,LOW,LOW,N,28.5,23.5
2026-06-21 06:00,6,0,6,1.0,0.0,-0.7818,0.6235,1,0,0,Clear,1.0,1.4,1.4,1.1,1.1,21.4,21.6,20.8,19.3,4.7,4.8,4.6,4.2,18.3,LOW,LOW,LOW,LOW,S,26.7,25.3
2026-06-21 06:15,6,15,6,0.9979,-0.0654,-0.7818,0.6235,1,0,0,Heavy Rain,1.5,4.7,4.8,4.6,4.2,33.3,32.2,29.6,31.2,7.3,7.1,6.5,6.9,27.8,MEDIUM,MEDIUM,MEDIUM,MEDIUM,N,26.9,25.1
2026-06-21 06:30,6,30,6,0.9914,-0.1305,-0.7818,0.6235,1,0,0,Clear,1.0,7.3,7.1,6.5,6.9,21.6,22.5,19.8,20.2,4.8,5.0,4.4,4.4,18.6,LOW,LOW,LOW,LOW,S,27.3,24.7
2026-06-21 06:45,6,45,6,0.9808,-0.1951,-0.7818,0.6235,1,0,0,Clear,1.0,4.8,5.0,4.4,4.4,21.2,21.2,20.9,19.4,4.7,4.7,4.6,4.3,18.3,LOW,LOW,LOW,LOW,N,26.4,25.6
2026-06-21 07:00,7,0,6,0.9659,-0.2588,-0.7818,0.6235,1,0,0,Clear,1.0,4.7,4.7,4.6,4.3,22.2,22.0,20.4,19.8,4.9,4.8,4.5,4.4,18.6,LOW,LOW,LOW,LOW,N,27.2,24.8
2026-06-21 07:15,7,15,6,0.9469,-0.3214,-0.7818,0.6235,1,0,0,Rain,1.25,4.9,4.8,4.5,4.4,27.5,26.3,24.8,26.1,6.0,5.8,5.5,5.7,23.0,MEDIUM,LOW,LOW,LOW,N,26.7,25.3
2026-06-21 07:30,7,30,6,0.9239,-0.3827,-0.7818,0.6235,1,0,0,Clear,1.0,6.0,5.8,5.5,5.7,22.7,21.8,20.2,20.5,5.0,4.8,4.4,4.5,18.7,LOW,LOW,LOW,LOW,N,27.2,24.8
2026-06-21 07:45,7,45,6,0.8969,-0.4423,-0.7818,0.6235,1,0,0,Clear,1.0,5.0,4.8,4.4,4.5,22.5,21.0,20.8,20.4,5.0,4.6,4.6,4.5,18.7,LOW,LOW,LOW,LOW,N,26.9,25.1
2026-06-21 08:00,8,0,6,0.866,-0.5,-0.7818,0.6235,1,0,0,Clear,1.0,5.0,4.6,4.6,4.5,21.9,23.1,19.0,20.5,4.8,5.1,4.2,4.5,18.6,LOW,LOW,LOW,LOW,S,27.6,24.4
2026-06-21 08:15,8,15,6,0.8315,-0.5556,-0.7818,0.6235,1,0,0,Clear,1.0,4.8,5.1,4.2,4.5,21.8,22.9,20.6,20.2,4.8,5.0,4.5,4.4,18.7,LOW,LOW,LOW,LOW,S,27.3,24.7
2026-06-21 08:30,8,30,6,0.7934,-0.6088,-0.7818,0.6235,1,0,0,Clear,1.0,4.8,5.0,4.5,4.4,22.9,22.5,21.0,20.3,5.0,5.0,4.6,4.5,19.1,LOW,LOW,LOW,LOW,N,27.2,24.8
2026-06-21 08:45,8,45,6,0.7518,-0.6593,-0.7818,0.6235,1,0,0,Clear,1.0,5.0,5.0,4.6,4.5,22.6,22.2,19.4,20.4,5.0,4.9,4.3,4.5,18.7,LOW,LOW,LOW,LOW,N,27.4,24.6
2026-06-21 09:00,9,0,6,0.7071,-0.7071,-0.7818,0.6235,1,0,0,Clear,1.0,5.0,4.9,4.3,4.5,23.0,22.9,19.9,20.2,5.1,5.0,4.4,4.4,18.9,LOW,LOW,LOW,LOW,N,27.7,24.3
2026-06-21 09:15,9,15,6,0.6593,-0.7518,-0.7818,0.6235,1,0,0,Clear,1.0,5.1,5.0,4.4,4.4,21.5,21.1,19.2,19.3,4.7,4.6,4.2,4.2,17.7,LOW,LOW,LOW,LOW,N,27.4,24.6
2026-06-21 09:30,9,30,6,0.6088,-0.7934,-0.7818,0.6235,1,0,0,Clear,1.0,4.7,4.6,4.2,4.2,21.0,21.7,20.3,20.2,4.6,4.8,4.5,4.4,18.3,LOW,LOW,LOW,LOW,S,26.8,25.2
2026-06-21 09:45,9,45,6,0.5556,-0.8315,-0.7818,0.6235,1,0,0,Heavy Rain,1.5,4.6,4.8,4.5,4.4,32.3,33.2,28.9,31.0,7.1,7.3,6.4,6.8,27.6,MEDIUM,MEDIUM,MEDIUM,MEDIUM,S,27.0,25.0
2026-06-21 10:00,10,0,6,0.5,-0.866,-0.7818,0.6235,1,0,0,Clear,1.0,7.1,7.3,6.4,6.8,42.6,40.2,36.4,33.4,9.4,8.8,8.0,7.3,33.5,MEDIUM,MEDIUM,MEDIUM,MEDIUM,N,28.1,23.9
2026-06-21 10:15,10,15,6,0.4423,-0.8969,-0.7818,0.6235,1,0,0,Clear,1.0,9.4,8.8,8.0,7.3,42.4,39.2,37.1,35.3,9.3,8.6,8.2,7.8,33.9,MEDIUM,MEDIUM,MEDIUM,MEDIUM,N,27.6,24.4
2026-06-21 10:30,10,30,6,0.3827,-0.9239,-0.7818,0.6235,1,0,0,Clear,1.0,9.3,8.6,8.2,7.8,38.7,38.0,35.4,35.0,8.5,8.4,7.8,7.7,32.4,MEDIUM,MEDIUM,MEDIUM,MEDIUM,N,27.1,24.9
2026-06-21 10:45,10,45,6,0.3214,-0.9469,-0.7818,0.6235,1,0,0,Clear,1.0,8.5,8.4,7.8,7.7,40.0,37.1,37.1,35.1,8.8,8.2,8.2,7.7,32.9,MEDIUM,MEDIUM,MEDIUM,MEDIUM,N,26.9,25.1
2026-06-21 11:00,11,0,6,0.2588,-0.9659,-0.7818,0.6235,1,0,0,Clear,1.0,8.8,8.2,8.2,7.7,38.6,43.2,35.7,40.6,8.5,9.5,7.9,8.9,34.8,MEDIUM,MEDIUM,MEDIUM,MEDIUM,S,26.9,25.1
2026-06-21 11:15,11,15,6,0.1951,-0.9808,-0.7818,0.6235,1,0,0,Clear,1.0,8.5,9.5,7.9,8.9,37.4,45.6,32.7,41.9,8.2,10.0,7.2,9.2,34.6,MEDIUM,MEDIUM,MEDIUM,MEDIUM,S,27.2,24.8
2026-06-21 11:30,11,30,6,0.1305,-0.9914,-0.7818,0.6235,1,0,0,Rain,1.25,8.2,10.0,7.2,9.2,45.7,57.1,44.5,48.7,10.1,12.6,9.8,10.7,43.2,MEDIUM,MEDIUM,MEDIUM,MEDIUM,S,27.7,24.3
2026-06-21 11:45,11,45,6,0.0654,-0.9979,-0.7818,0.6235,1,0,0,Clear,1.0,10.1,12.6,9.8,10.7,37.0,44.0,33.9,40.8,8.1,9.7,7.5,9.0,34.3,MEDIUM,MEDIUM,MEDIUM,MEDIUM,S,27.0,25.0
2026-06-21 12:00,12,0,6,0.0,-1.0,-0.7818,0.6235,1,0,0,Clear,1.0,8.1,9.7,7.5,9.0,41.5,52.8,38.3,43.4,9.1,11.6,8.4,9.5,38.6,MEDIUM,MEDIUM,MEDIUM,MEDIUM,S,28.2,23.8
2026-06-21 12:15,12,15,6,-0.0654,-0.9979,-0.7818,0.6235,1,0,0,Clear,1.0,9.1,11.6,8.4,9.5,41.2,49.2,36.5,43.9,9.1,10.8,8.0,9.7,37.6,MEDIUM,MEDIUM,MEDIUM,MEDIUM,S,27.5,24.5
2026-06-21 12:30,12,30,6,-0.1305,-0.9914,-0.7818,0.6235,1,0,0,Clear,1.0,9.1,10.8,8.0,9.7,40.4,50.4,37.7,45.2,8.9,11.1,8.3,9.9,38.2,MEDIUM,MEDIUM,MEDIUM,MEDIUM,S,27.3,24.7
2026-06-21 12:45,12,45,6,-0.1951,-0.9808,-0.7818,0.6235,1,0,0,Clear,1.0,8.9,11.1,8.3,9.9,41.9,53.8,37.6,46.2,9.2,11.8,8.3,10.2,39.5,MEDIUM,MEDIUM,MEDIUM,MEDIUM,S,27.9,24.1
2026-06-21 13:00,13,0,6,-0.2588,-0.9659,-0.7818,0.6235,1,0,0,Clear,1.0,9.2,11.8,8.3,10.2,50.4,50.4,43.7,47.6,11.1,11.1,9.6,10.5,42.3,MEDIUM,MEDIUM,MEDIUM,MEDIUM,N,27.0,25.0
2026-06-21 13:15,13,15,6,-0.3214,-0.9469,-0.7818,0.6235,1,0,0,Clear,1.0,11.1,11.1,9.6,10.5,49.3,54.0,43.6,44.3,10.8,11.9,9.6,9.7,42.0,MEDIUM,MEDIUM,MEDIUM,MEDIUM,S,28.3,23.7
2026-06-21 13:30,13,30,6,-0.3827,-0.9239,-0.7818,0.6235,1,0,0,Clear,1.0,10.8,11.9,9.6,9.7,49.3,54.5,43.2,46.2,10.8,12.0,9.5,10.2,42.5,MEDIUM,MEDIUM,MEDIUM,MEDIUM,S,28.0,24.0
2026-06-21 13:45,13,45,6,-0.4423,-0.8969,-0.7818,0.6235,1,0,0,Clear,1.0,10.8,12.0,9.5,10.2,47.0,52.7,41.4,43.4,10.3,11.6,9.1,9.5,40.5,MEDIUM,MEDIUM,MEDIUM,MEDIUM,S,28.3,23.7
2026-06-21 14:00,14,0,6,-0.5,-0.866,-0.7818,0.6235,1,0,0,Clear,1.0,10.3,11.6,9.1,9.5,52.0,47.0,47.3,40.8,11.4,10.3,10.4,9.0,41.1,MEDIUM,MEDIUM,MEDIUM,MEDIUM,N,27.4,24.6
2026-06-21 14:15,14,15,6,-0.5556,-0.8315,-0.7818,0.6235,1,0,0,Clear,1.0,11.4,10.3,10.4,9.0,53.9,45.2,43.9,40.3,11.9,9.9,9.7,8.9,40.4,MEDIUM,MEDIUM,MEDIUM,MEDIUM,N,28.4,23.6
2026-06-21 14:30,14,30,6,-0.6088,-0.7934,-0.7818,0.6235,1,0,0,Clear,1.0,11.9,9.9,9.7,8.9,51.7,44.6,44.0,41.8,11.4,9.8,9.7,9.2,40.1,MEDIUM,MEDIUM,MEDIUM,MEDIUM,N,27.8,24.2
2026-06-21 14:45,14,45,6,-0.6593,-0.7518,-0.7818,0.6235,1,0,0,Rain,1.25,11.4,9.8,9.7,9.2,64.8,59.5,59.0,51.5,14.3,13.1,13.0,11.3,51.7,HIGH,MEDIUM,MEDIUM,MEDIUM,N,27.4,24.6
2026-06-21 15:00,15,0,6,-0.7071,-0.7071,-0.7818,0.6235,1,0,0,Clear,1.0,14.3,13.1,13.0,11.3,51.0,40.2,45.5,34.0,11.2,8.8,10.0,7.5,37.5,MEDIUM,MEDIUM,MEDIUM,MEDIUM,N,27.6,24.4
2026-06-21 15:15,15,15,6,-0.7518,-0.6593,-0.7818,0.6235,1,0,0,Rain,1.25,11.2,8.8,10.0,7.5,61.1,46.8,52.1,43.1,13.4,10.3,11.5,9.5,44.7,MEDIUM,MEDIUM,MEDIUM,MEDIUM,N,27.9,24.1
2026-06-21 15:30,15,30,6,-0.7934,-0.6088,-0.7818,0.6235,1,0,0,Clear,1.0,13.4,10.3,11.5,9.5,48.0,40.4,41.8,36.9,10.6,8.9,9.2,8.1,36.8,MEDIUM,MEDIUM,MEDIUM,MEDIUM,N,27.7,24.3
2026-06-21 15:45,15,45,6,-0.8315,-0.5556,-0.7818,0.6235,1,0,0,Clear,1.0,10.6,8.9,9.2,8.1,48.3,39.1,41.9,35.6,10.6,8.6,9.2,7.8,36.2,MEDIUM,MEDIUM,MEDIUM,MEDIUM,N,27.7,24.3
2026-06-21 16:00,16,0,6,-0.866,-0.5,-0.7818,0.6235,1,0,0,Clear,1.0,10.6,8.6,9.2,7.8,41.8,37.2,40.0,33.0,9.2,8.2,8.8,7.3,33.5,MEDIUM,MEDIUM,MEDIUM,MEDIUM,N,26.8,25.2
2026-06-21 16:15,16,15,6,-0.8969,-0.4423,-0.7818,0.6235,1,0,0,Clear,1.0,9.2,8.2,8.8,7.3,40.8,36.1,37.8,33.1,9.0,7.9,8.3,7.3,32.5,MEDIUM,MEDIUM,MEDIUM,MEDIUM,N,27.0,25.0
2026-06-21 16:30,16,30,6,-0.9239,-0.3827,-0.7818,0.6235,1,0,0,Clear,1.0,9.0,7.9,8.3,7.3,41.9,39.2,38.1,35.3,9.2,8.6,8.4,7.8,34.0,MEDIUM,MEDIUM,MEDIUM,MEDIUM,N,27.3,24.7
2026-06-21 16:45,16,45,6,-0.9469,-0.3214,-0.7818,0.6235,1,0,0,Clear,1.0,9.2,8.6,8.4,7.8,41.7,38.7,37.6,33.0,9.2,8.5,8.3,7.3,33.3,MEDIUM,MEDIUM,MEDIUM,MEDIUM,N,27.5,24.5
2026-06-21 17:00,17,0,6,-0.9659,-0.2588,-0.7818,0.6235,1,0,0,Heavy Rain,1.5,9.2,8.5,8.3,7.3,57.6,67.0,49.4,58.2,12.7,14.7,10.9,12.8,51.1,MEDIUM,HIGH,MEDIUM,MEDIUM,S,27.9,24.1
2026-06-21 17:15,17,15,6,-0.9808,-0.1951,-0.7818,0.6235,1,0,0,Clear,1.0,12.7,14.7,10.9,12.8,37.5,42.3,35.1,39.8,8.2,9.3,7.7,8.8,34.0,MEDIUM,MEDIUM,MEDIUM,MEDIUM,S,26.8,25.2
2026-06-21 17:30,17,30,6,-0.9914,-0.1305,-0.7818,0.6235,1,0,0,Clear,1.0,8.2,9.3,7.7,8.8,36.6,41.1,33.8,38.5,8.1,9.0,7.4,8.5,33.0,MEDIUM,MEDIUM,MEDIUM,MEDIUM,S,26.9,25.1
2026-06-21 17:45,17,45,6,-0.9979,-0.0654,-0.7818,0.6235,1,0,0,Heavy Rain,1.5,8.1,9.0,7.4,8.5,53.7,66.9,49.8,59.5,11.8,14.7,11.0,13.1,50.6,MEDIUM,HIGH,MEDIUM,MEDIUM,S,27.4,24.6
2026-06-21 18:00,18,0,6,-1.0,-0.0,-0.7818,0.6235,1,0,0,Clear,1.0,11.8,14.7,11.0,13.1,22.6,21.3,20.0,20.4,5.0,4.7,4.4,4.5,18.6,LOW,LOW,LOW,LOW,N,27.2,24.8
2026-06-21 18:15,18,15,6,-0.9979,0.0654,-0.7818,0.6235,1,0,0,Clear,1.0,5.0,4.7,4.4,4.5,22.2,22.3,20.4,20.4,4.9,4.9,4.5,4.5,18.8,LOW,LOW,LOW,LOW,N,27.1,24.9
2026-06-21 18:30,18,30,6,-0.9914,0.1305,-0.7818,0.6235,1,0,0,Clear,1.0,4.9,4.9,4.5,4.5,22.6,22.1,19.7,19.3,5.0,4.9,4.3,4.2,18.4,LOW,LOW,LOW,LOW,N,27.8,24.2
2026-06-21 18:45,18,45,6,-0.9808,0.1951,-0.7818,0.6235,1,0,0,Clear,1.0,5.0,4.9,4.3,4.2,22.5,22.8,19.2,20.7,5.0,5.0,4.2,4.6,18.8,LOW,LOW,LOW,LOW,N,27.5,24.5
2026-06-21 19:00,19,0,6,-0.9659,0.2588,-0.7818,0.6235,1,0,0,Clear,1.0,5.0,5.0,4.2,4.6,22.9,22.9,20.0,19.6,5.0,5.0,4.4,4.3,18.7,LOW,LOW,LOW,LOW,N,27.8,24.2
2026-06-21 19:15,19,15,6,-0.9469,0.3214,-0.7818,0.6235,1,0,0,Clear,1.0,5.0,5.0,4.4,4.3,21.0,22.5,21.0,20.3,4.6,5.0,4.6,4.5,18.7,LOW,LOW,LOW,LOW,S,26.8,25.2
2026-06-21 19:30,19,30,6,-0.9239,0.3827,-0.7818,0.6235,1,0,0,Clear,1.0,4.6,5.0,4.6,4.5,21.4,22.4,20.9,19.8,4.7,4.9,4.6,4.4,18.6,LOW,LOW,LOW,LOW,S,26.9,25.1
2026-06-21 19:45,19,45,6,-0.8969,0.4423,-0.7818,0.6235,1,0,0,Clear,1.0,4.7,4.9,4.6,4.4,22.6,21.2,19.2,19.8,5.0,4.7,4.2,4.4,18.3,LOW,LOW,LOW,LOW,N,27.6,24.4
2026-06-21 20:00,20,0,6,-0.866,0.5,-0.7818,0.6235,1,0,0,Clear,1.0,5.0,4.7,4.2,4.4,22.9,22.6,19.5,20.0,5.0,5.0,4.3,4.4,18.7,LOW,LOW,LOW,LOW,N,27.8,24.2
2026-06-21 20:15,20,15,6,-0.8315,0.5556,-0.7818,0.6235,1,0,0,Clear,1.0,5.0,5.0,4.3,4.4,21.4,22.3,19.5,19.8,4.7,4.9,4.3,4.4,18.3,LOW,LOW,LOW,LOW,S,27.5,24.5
2026-06-21 20:30,20,30,6,-0.7934,0.6088,-0.7818,0.6235,1,0,0,Clear,1.0,4.7,4.9,4.3,4.4,22.9,22.1,20.0,20.4,5.0,4.9,4.4,4.5,18.8,LOW,LOW,LOW,LOW,N,27.4,24.6
2026-06-21 20:45,20,45,6,-0.7518,0.6593,-0.7818,0.6235,1,0,0,Clear,1.0,5.0,4.9,4.4,4.5,21.3,20.9,20.5,20.6,4.7,4.6,4.5,4.5,18.3,LOW,LOW,LOW,LOW,N,26.4,25.6
2026-06-21 21:00,21,0,6,-0.7071,0.7071,-0.7818,0.6235,1,0,0,Clear,1.0,4.7,4.6,4.5,4.5,21.1,22.6,20.9,20.4,4.6,5.0,4.6,4.5,18.7,LOW,LOW,LOW,LOW,S,26.9,25.1
2026-06-21 21:15,21,15,6,-0.6593,0.7518,-0.7818,0.6235,1,0,0,Clear,1.0,4.6,5.0,4.6,4.5,21.0,21.0,20.4,20.6,4.6,4.6,4.5,4.5,18.2,LOW,LOW,LOW,LOW,N,26.3,25.7
2026-06-21 21:30,21,30,6,-0.6088,0.7934,-0.7818,0.6235,1,0,0,Clear,1.0,4.6,4.6,4.5,4.5,21.1,21.5,19.6,19.7,4.6,4.7,4.3,4.3,17.9,LOW,LOW,LOW,LOW,S,27.1,24.9
2026-06-21 21:45,21,45,6,-0.5556,0.8315,-0.7818,0.6235,1,0,0,Clear,1.0,4.6,4.7,4.3,4.3,22.1,21.8,20.2,19.4,4.9,4.8,4.4,4.3,18.4,LOW,LOW,LOW,LOW,N,27.3,24.7
2026-06-21 22:00,22,0,6,-0.5,0.866,-0.7818,0.6235,1,0,0,Clear,1.0,4.9,4.8,4.4,4.3,21.4,21.8,19.1,19.6,4.7,4.8,4.2,4.3,18.0,LOW,LOW,LOW,LOW,S,27.4,24.6
2026-06-21 22:15,22,15,6,-0.4423,0.8969,-0.7818,0.6235,1,0,0,Clear,1.0,4.7,4.8,4.2,4.3,22.0,22.6,19.4,20.7,4.8,5.0,4.3,4.6,18.7,LOW,LOW,LOW,LOW,S,27.3,24.7
2026-06-21 22:30,22,30,6,-0.3827,0.9239,-0.7818,0.6235,1,0,0,Rain,1.25,4.8,5.0,4.3,4.6,27.5,27.3,26.2,25.0,6.0,6.0,5.8,5.5,23.3,MEDIUM,MEDIUM,LOW,LOW,N,26.8,25.2
2026-06-21 22:45,22,45,6,-0.3214,0.9469,-0.7818,0.6235,1,0,0,Clear,1.0,6.0,6.0,5.8,5.5,21.8,21.6,19.8,20.9,4.8,4.8,4.4,4.6,18.6,LOW,LOW,LOW,LOW,N,26.7,25.3
2026-06-21 23:00,23,0,6,-0.2588,0.9659,-0.7818,0.6235,1,0,0,Clear,1.0,4.8,4.8,4.4,4.6,5.9,5.7,4.9,5.0,1.3,1.3,1.1,1.1,4.8,LOW,LOW,LOW,LOW,N,28.1,23.9
2026-06-21 23:15,23,15,6,-0.1951,0.9808,-0.7818,0.6235,1,0,0,Rain,1.25,1.3,1.3,1.1,1.1,7.2,7.6,6.1,6.2,1.6,1.7,1.3,1.4,6.0,LOW,LOW,LOW,LOW,S,28.5,23.5
2026-06-21 23:30,23,30,6,-0.1305,0.9914,-0.7818,0.6235,1,0,0,Rain,1.25,1.6,1.7,1.3,1.4,7.2,7.2,6.4,6.3,1.6,1.6,1.4,1.4,6.0,LOW,LOW,LOW,LOW,N,27.6,24.4
2026-06-21 23:45,23,45,6,-0.0654,0.9979,-0.7818,0.6235,1,0,0,Clear,1.0,1.6,1.6,1.4,1.4,6.0,6.1,5.1,5.0,1.3,1.3,1.1,1.1,4.8,LOW,LOW,LOW,LOW,N,28.3,23.7
2026-06-22 00:00,0,0,0,0.0,1.0,0.0,1.0,0,0,0,Clear,1.0,1.3,1.3,1.1,1.1,5.9,5.9,5.1,5.0,1.3,1.3,1.1,1.1,4.8,LOW,LOW,LOW,LOW,N,28.0,24.0
2026-06-22 00:15,0,15,0,0.0654,0.9979,0.0,1.0,0,0,0,Clear,1.0,1.3,1.3,1.1,1.1,6.3,5.8,5.0,4.8,1.4,1.3,1.1,1.1,4.9,LOW,LOW,LOW,LOW,N,28.9,23.1
2026-06-22 00:30,0,30,0,0.1305,0.9914,0.0,1.0,0,0,0,Rain,1.25,1.4,1.3,1.1,1.1,7.8,7.8,6.2,6.0,1.7,1.7,1.4,1.3,6.1,LOW,LOW,LOW,LOW,N,29.1,22.9
2026-06-22 00:45,0,45,0,0.1951,0.9808,0.0,1.0,0,0,0,Clear,1.0,1.7,1.7,1.4,1.3,5.9,5.8,5.1,5.2,1.3,1.3,1.1,1.1,4.8,LOW,LOW,LOW,LOW,N,27.6,24.4
2026-06-22 01:00,1,0,0,0.2588,0.9659,0.0,1.0,0,0,0,Clear,1.0,1.3,1.3,1.1,1.1,6.3,6.3,5.1,5.0,1.4,1.4,1.1,1.1,5.0,LOW,LOW,LOW,LOW,N,28.8,23.2
2026-06-22 01:15,1,15,0,0.3214,0.9469,0.0,1.0,0,0,0,Clear,1.0,1.4,1.4,1.1,1.1,5.9,6.2,5.0,5.0,1.3,1.4,1.1,1.1,4.9,LOW,LOW,LOW,LOW,S,28.6,23.4
2026-06-22 01:30,1,30,0,0.3827,0.9239,0.0,1.0,0,0,0,Clear,1.0,1.3,1.4,1.1,1.1,6.2,6.0,5.0,4.8,1.4,1.3,1.1,1.1,4.9,LOW,LOW,LOW,LOW,N,28.8,23.2
2026-06-22 01:45,1,45,0,0.4423,0.8969,0.0,1.0,0,0,0,Clear,1.0,1.4,1.3,1.1,1.1,6.2,6.1,5.2,4.9,1.4,1.3,1.1,1.1,4.9,LOW,LOW,LOW,LOW,N,28.4,23.6
2026-06-22 02:00,2,0,0,0.5,0.866,0.0,1.0,0,0,0,Clear,1.0,1.4,1.3,1.1,1.1,6.0,5.9,5.1,5.1,1.3,1.3,1.1,1.1,4.8,LOW,LOW,LOW,LOW,N,28.1,23.9
2026-06-22 02:15,2,15,0,0.5556,0.8315,0.0,1.0,0,0,0,Clear,1.0,1.3,1.3,1.1,1.1,5.8,6.0,5.0,5.0,1.3,1.3,1.1,1.1,4.8,LOW,LOW,LOW,LOW,N,28.3,23.7
2026-06-22 02:30,2,30,0,0.6088,0.7934,0.0,1.0,0,0,0,Clear,1.0,1.3,1.3,1.1,1.1,6.0,6.2,5.2,5.1,1.3,1.4,1.1,1.1,4.9,LOW,LOW,LOW,LOW,S,28.2,23.8
2026-06-22 02:45,2,45,0,0.6593,0.7518,0.0,1.0,0,0,0,Clear,1.0,1.3,1.4,1.1,1.1,6.0,6.2,5.2,5.1,1.3,1.4,1.1,1.1,4.9,LOW,LOW,LOW,LOW,S,28.2,23.8
2026-06-22 03:00,3,0,0,0.7071,0.7071,0.0,1.0,0,0,0,Heavy Rain,1.5,1.3,1.4,1.1,1.1,8.8,9.2,7.8,7.5,1.9,2.0,1.7,1.6,7.2,LOW,LOW,LOW,LOW,S,28.1,23.9
2026-06-22 03:15,3,15,0,0.7518,0.6593,0.0,1.0,0,0,0,Clear,1.0,1.9,2.0,1.7,1.6,5.8,5.9,5.2,4.9,1.3,1.3,1.1,1.1,4.8,LOW,LOW,LOW,LOW,N,27.8,24.2
2026-06-22 03:30,3,30,0,0.7934,0.6088,0.0,1.0,0,0,0,Clear,1.0,1.3,1.3,1.1,1.1,6.2,5.9,4.9,4.8,1.4,1.3,1.1,1.1,4.9,LOW,LOW,LOW,LOW,N,29.0,23.0
2026-06-22 03:45,3,45,0,0.8315,0.5556,0.0,1.0,0,0,0,Clear,1.0,1.4,1.3,1.1,1.1,5.8,6.3,5.2,4.9,1.3,1.4,1.1,1.1,4.9,LOW,LOW,LOW,LOW,S,28.4,23.6
2026-06-22 04:00,4,0,0,0.866,0.5,0.0,1.0,0,0,0,Clear,1.0,1.3,1.4,1.1,1.1,6.3,6.0,5.0,4.8,1.4,1.3,1.1,1.1,4.9,LOW,LOW,LOW,LOW,N,29.0,23.0
2026-06-22 04:15,4,15,0,0.8969,0.4423,0.0,1.0,0,0,0,Clear,1.0,1.4,1.3,1.1,1.1,5.8,6.1,4.8,5.2,1.3,1.3,1.1,1.1,4.8,LOW,LOW,LOW,LOW,N,28.2,23.8
2026-06-22 04:30,4,30,0,0.9239,0.3827,0.0,1.0,0,0,0,Clear,1.0,1.3,1.3,1.1,1.1,5.7,6.0,5.0,4.8,1.3,1.3,1.1,1.1,4.8,LOW,LOW,LOW,LOW,N,28.3,23.7
2026-06-22 04:45,4,45,0,0.9469,0.3214,0.0,1.0,0,0,0,Clear,1.0,1.3,1.3,1.1,1.1,6.0,6.2,5.2,4.8,1.3,1.4,1.1,1.1,4.9,LOW,LOW,LOW,LOW,S,28.4,23.6
2026-06-22 05:00,5,0,0,0.9659,0.2588,0.0,1.0,0,0,0,Rain,1.25,1.3,1.4,1.1,1.1,7.5,7.3,6.0,6.1,1.6,1.6,1.3,1.3,5.8,LOW,LOW,LOW,LOW,N,28.6,23.4
2026-06-22 05:15,5,15,0,0.9808,0.1951,0.0,1.0,0,0,0,Rain,1.25,1.6,1.6,1.3,1.3,7.7,7.4,6.4,6.4,1.7,1.6,1.4,1.4,6.1,LOW,LOW,LOW,LOW,N,28.3,23.7
2026-06-22 05:30,5,30,0,0.9914,0.1305,0.0,1.0,0,0,0,Clear,1.0,1.7,1.6,1.4,1.4,6.1,5.9,5.0,5.2,1.3,1.3,1.1,1.1,4.8,LOW,LOW,LOW,LOW,N,28.1,23.9
2026-06-22 05:45,5,45,0,0.9979,0.0654,0.0,1.0,0,0,0,Clear,1.0,1.3,1.3,1.1,1.1,5.8,6.2,4.9,5.1,1.3,1.4,1.1,1.1,4.9,LOW,LOW,LOW,LOW,S,28.4,23.6
2026-06-22 06:00,6,0,0,1.0,0.0,0.0,1.0,0,0,0,Clear,1.0,1.3,1.4,1.1,1.1,25.5,25.8,21.1,22.1,5.6,5.7,4.6,4.9,20.8,LOW,LOW,LOW,LOW,S,28.1,23.9
2026-06-22 06:15,6,15,0,0.9979,-0.0654,0.0,1.0,0,0,0,Clear,1.0,5.6,5.7,4.6,4.9,24.7,26.2,23.0,21.5,5.4,5.8,5.1,4.7,21.0,LOW,LOW,LOW,LOW,S,27.7,24.3
2026-06-22 06:30,6,30,0,0.9914,-0.1305,0.0,1.0,0,0,0,Clear,1.0,5.4,5.8,5.1,4.7,23.8,25.6,21.8,22.8,5.2,5.6,4.8,5.0,20.6,LOW,LOW,LOW,LOW,S,27.4,24.6
2026-06-22 06:45,6,45,0,0.9808,-0.1951,0.0,1.0,0,0,0,Clear,1.0,5.2,5.6,4.8,5.0,25.2,24.0,22.6,21.1,5.5,5.3,5.0,4.6,20.4,LOW,LOW,LOW,LOW,N,27.5,24.5
2026-06-22 07:00,7,0,0,0.9659,-0.2588,0.0,1.0,0,1,0,Clear,1.0,5.5,5.3,5.0,4.6,105.5,17.8,86.3,18.1,23.2,3.9,19.0,4.0,50.1,HIGH,LOW,HIGH,LOW,N,28.4,23.6
2026-06-22 07:15,7,15,0,0.9469,-0.3214,0.0,1.0,0,1,0,Clear,1.0,23.2,3.9,19.0,4.0,111.8,18.9,83.8,18.5,24.6,4.2,18.4,4.1,51.3,VERY_HIGH,LOW,HIGH,LOW,N,29.5,22.5
2026-06-22 07:30,7,30,0,0.9239,-0.3827,0.0,1.0,0,1,0,Clear,1.0,24.6,4.2,18.4,4.1,112.2,18.7,86.5,18.4,24.7,4.1,19.0,4.0,51.8,VERY_HIGH,LOW,HIGH,LOW,N,29.2,22.8
2026-06-22 07:45,7,45,0,0.8969,-0.4423,0.0,1.0,0,1,0,Clear,1.0,24.7,4.1,19.0,4.0,112.8,18.2,83.4,18.6,24.8,4.0,18.3,4.1,51.2,VERY_HIGH,LOW,HIGH,LOW,N,29.6,22.4
2026-06-22 08:00,8,0,0,0.866,-0.5,0.0,1.0,0,1,0,Clear,1.0,24.8,4.0,18.3,4.1,148.7,18.5,113.9,18.1,32.7,4.1,25.1,4.0,65.9,VERY_HIGH,LOW,VERY_HIGH,LOW,N,29.3,22.7
2026-06-22 08:15,8,15,0,0.8315,-0.5556,0.0,1.0,0,1,0,Clear,1.0,32.7,4.1,25.1,4.0,144.9,17.6,109.3,17.3,31.9,3.9,24.0,3.8,63.6,VERY_HIGH,LOW,VERY_HIGH,LOW,N,29.5,22.5
2026-06-22 08:30,8,30,0,0.7934,-0.6088,0.0,1.0,0,1,0,Clear,1.0,31.9,3.9,24.0,3.8,142.0,18.3,114.6,17.2,31.2,4.0,25.2,3.8,64.2,VERY_HIGH,LOW,VERY_HIGH,LOW,N,28.7,23.3
2026-06-22 08:45,8,45,0,0.7518,-0.6593,0.0,1.0,0,1,0,Clear,1.0,31.2,4.0,25.2,3.8,140.2,18.3,112.5,17.4,30.8,4.0,24.8,3.8,63.4,VERY_HIGH,LOW,VERY_HIGH,LOW,N,28.7,23.3
2026-06-22 09:00,9,0,0,0.7071,-0.7071,0.0,1.0,0,1,0,Clear,1.0,30.8,4.0,24.8,3.8,113.7,18.3,81.6,18.5,25.0,4.0,18.0,4.1,51.1,VERY_HIGH,LOW,HIGH,LOW,N,30.0,22.0
2026-06-22 09:15,9,15,0,0.6593,-0.7518,0.0,1.0,0,1,0,Clear,1.0,25.0,4.0,18.0,4.1,110.3,17.2,83.0,17.3,24.3,3.8,18.3,3.8,50.2,VERY_HIGH,LOW,HIGH,LOW,N,29.5,22.5
2026-06-22 09:30,9,30,0,0.6088,-0.7934,0.0,1.0,0,1,0,Clear,1.0,24.3,3.8,18.3,3.8,114.7,18.5,87.4,17.3,25.2,4.1,19.2,3.8,52.3,VERY_HIGH,LOW,HIGH,LOW,N,29.4,22.6
2026-06-22 09:45,9,45,0,0.5556,-0.8315,0.0,1.0,0,1,0,Clear,1.0,25.2,4.1,19.2,3.8,112.3,18.5,82.3,17.4,24.7,4.1,18.1,3.8,50.7,VERY_HIGH,LOW,HIGH,LOW,N,29.8,22.2
2026-06-22 10:00,10,0,0,0.5,-0.866,0.0,1.0,0,0,0,Clear,1.0,24.7,4.1,18.1,3.8,26.2,25.5,21.4,22.3,5.8,5.6,4.7,4.9,21.0,LOW,LOW,LOW,LOW,N,28.1,23.9
2026-06-22 10:15,10,15,0,0.4423,-0.8969,0.0,1.0,0,0,0,Clear,1.0,5.8,5.6,4.7,4.9,25.5,26.0,21.1,22.6,5.6,5.7,4.6,5.0,20.9,LOW,LOW,LOW,LOW,S,28.0,24.0
2026-06-22 10:30,10,30,0,0.3827,-0.9239,0.0,1.0,0,0,0,Rain,1.25,5.6,5.7,4.6,5.0,31.5,30.0,26.8,28.3,6.9,6.6,5.9,6.2,25.6,MEDIUM,MEDIUM,LOW,MEDIUM,N,27.4,24.6
2026-06-22 10:45,10,45,0,0.3214,-0.9469,0.0,1.0,0,0,0,Clear,1.0,6.9,6.6,5.9,6.2,25.6,23.8,22.9,22.7,5.6,5.2,5.0,5.0,20.8,LOW,LOW,LOW,LOW,N,27.2,24.8
2026-06-22 11:00,11,0,0,0.2588,-0.9659,0.0,1.0,0,0,0,Clear,1.0,5.6,5.2,5.0,5.0,38.8,40.8,36.0,34.1,8.5,9.0,7.9,7.5,32.9,MEDIUM,MEDIUM,MEDIUM,MEDIUM,S,27.6,24.4
2026-06-22 11:15,11,15,0,0.1951,-0.9808,0.0,1.0,0,0,0,Clear,1.0,8.5,9.0,7.9,7.5,40.0,41.7,34.0,36.1,8.8,9.2,7.5,7.9,33.4,MEDIUM,MEDIUM,MEDIUM,MEDIUM,S,27.9,24.1
2026-06-22 11:30,11,30,0,0.1305,-0.9914,0.0,1.0,0,0,0,Clear,1.0,8.8,9.2,7.5,7.9,42.0,39.9,36.0,35.7,9.2,8.8,7.9,7.9,33.8,MEDIUM,MEDIUM,MEDIUM,MEDIUM,N,27.9,24.1
2026-06-22 11:45,11,45,0,0.0654,-0.9979,0.0,1.0,0,0,0,Heavy Rain,1.5,9.2,8.8,7.9,7.9,57.9,60.5,53.1,50.8,12.7,13.3,11.7,11.2,48.9,MEDIUM,MEDIUM,MEDIUM,MEDIUM,S,27.7,24.3
2026-06-22 12:00,12,0,0,0.0,-1.0,0.0,1.0,0,0,0,Clear,1.0,12.7,13.3,11.7,11.2,40.3,39.2,35.7,36.7,8.9,8.6,7.9,8.1,33.5,MEDIUM,MEDIUM,MEDIUM,MEDIUM,N,27.2,24.8
2026-06-22 12:15,12,15,0,-0.0654,-0.9979,0.0,1.0,0,0,0,Clear,1.0,8.9,8.6,7.9,8.1,41.9,41.0,34.6,34.3,9.2,9.0,7.6,7.5,33.3,MEDIUM,MEDIUM,MEDIUM,MEDIUM,N,28.4,23.6
2026-06-22 12:30,12,30,0,-0.1305,-0.9914,0.0,1.0,0,0,0,Clear,1.0,9.2,9.0,7.6,7.5,40.3,39.9,34.6,33.6,8.9,8.8,7.6,7.4,32.7,MEDIUM,MEDIUM,MEDIUM,MEDIUM,N,28.0,24.0
2026-06-22 12:45,12,45,0,-0.1951,-0.9808,0.0,1.0,0,0,0,Clear,1.0,8.9,8.8,7.6,7.4,40.7,39.4,35.1,36.1,9.0,8.7,7.7,7.9,33.3,MEDIUM,MEDIUM,MEDIUM,MEDIUM,N,27.5,24.5
2026-06-22 13:00,13,0,0,-0.2588,-0.9659,0.0,1.0,0,0,0,Clear,1.0,9.0,8.7,7.7,7.9,40.9,38.5,34.6,33.8,9.0,8.5,7.6,7.4,32.5,MEDIUM,MEDIUM,MEDIUM,MEDIUM,N,28.0,24.0
2026-06-22 13:15,13,15,0,-0.3214,-0.9469,0.0,1.0,0,0,0,Clear,1.0,9.0,8.5,7.6,7.4,41.5,38.2,33.4,34.1,9.1,8.4,7.3,7.5,32.3,MEDIUM,MEDIUM,MEDIUM,MEDIUM,N,28.3,23.7
2026-06-22 13:30,13,30,0,-0.3827,-0.9239,0.0,1.0,0,0,0,Clear,1.0,9.1,8.4,7.3,7.5,39.3,40.6,35.7,33.4,8.6,8.9,7.9,7.3,32.7,MEDIUM,MEDIUM,MEDIUM,MEDIUM,S,27.8,24.2
2026-06-22 13:45,13,45,0,-0.4423,-0.8969,0.0,1.0,0,0,0,Clear,1.0,8.6,8.9,7.9,7.3,40.4,38.6,35.8,36.5,8.9,8.5,7.9,8.0,33.3,MEDIUM,MEDIUM,MEDIUM,MEDIUM,N,27.2,24.8
2026-06-22 14:00,14,0,0,-0.5,-0.866,0.0,1.0,0,0,0,Heavy Rain,1.5,8.9,8.5,7.9,8.0,58.4,61.1,51.2,51.1,12.8,13.4,11.3,11.2,48.7,MEDIUM,MEDIUM,MEDIUM,MEDIUM,S,28.1,23.9
2026-06-22 14:15,14,15,0,-0.5556,-0.8315,0.0,1.0,0,0,0,Clear,1.0,12.8,13.4,11.3,11.2,40.7,41.8,35.8,36.7,9.0,9.2,7.9,8.1,34.2,MEDIUM,MEDIUM,MEDIUM,MEDIUM,S,27.7,24.3
2026-06-22 14:30,14,30,0,-0.6088,-0.7934,0.0,1.0,0,0,0,Clear,1.0,9.0,9.2,7.9,8.1,41.8,38.9,33.6,34.0,9.2,8.6,7.4,7.5,32.7,MEDIUM,MEDIUM,MEDIUM,MEDIUM,N,28.5,23.5
2026-06-22 14:45,14,45,0,-0.6593,-0.7518,0.0,1.0,0,0,0,Clear,1.0,9.2,8.6,7.4,7.5,38.5,39.8,36.0,35.3,8.5,8.8,7.9,7.8,33.0,MEDIUM,MEDIUM,MEDIUM,MEDIUM,S,27.3,24.7
2026-06-22 15:00,15,0,0,-0.7071,-0.7071,0.0,1.0,0,0,0,Clear,1.0,8.5,8.8,7.9,7.8,41.9,41.6,36.2,33.9,9.2,9.2,8.0,7.5,33.9,MEDIUM,MEDIUM,MEDIUM,MEDIUM,N,28.1,23.9
2026-06-22 15:15,15,15,0,-0.7518,-0.6593,0.0,1.0,0,0,0,Rain,1.25,9.2,9.2,8.0,7.5,52.1,50.3,45.0,45.1,11.5,11.1,9.9,9.9,42.4,MEDIUM,MEDIUM,MEDIUM,MEDIUM,N,27.8,24.2
2026-06-22 15:30,15,30,0,-0.7934,-0.6088,0.0,1.0,0,0,0,Rain,1.25,11.5,11.1,9.9,9.9,48.8,52.3,42.2,45.3,10.7,11.5,9.3,10.0,41.5,MEDIUM,MEDIUM,MEDIUM,MEDIUM,S,27.9,24.1
2026-06-22 15:45,15,45,0,-0.8315,-0.5556,0.0,1.0,0,0,0,Rain,1.25,10.7,11.5,9.3,10.0,50.6,48.5,43.0,42.9,11.1,10.7,9.5,9.4,40.7,MEDIUM,MEDIUM,MEDIUM,MEDIUM,N,28.0,24.0
2026-06-22 16:00,16,0,0,-0.866,-0.5,0.0,1.0,0,0,1,Clear,1.0,11.1,10.7,9.5,9.4,17.8,111.6,17.7,88.3,3.9,24.6,3.9,19.4,51.8,LOW,VERY_HIGH,LOW,HIGH,S,28.9,23.1
2026-06-22 16:15,16,15,0,-0.8969,-0.4423,0.0,1.0,0,0,1,Clear,1.0,3.9,24.6,3.9,19.4,18.1,107.0,17.4,84.6,4.0,23.5,3.8,18.6,49.9,LOW,HIGH,LOW,HIGH,S,28.9,23.1
2026-06-22 16:30,16,30,0,-0.9239,-0.3827,0.0,1.0,0,0,1,Rain,1.25,4.0,23.5,3.8,18.6,22.7,139.4,23.5,106.9,5.0,30.7,5.2,23.5,64.4,LOW,VERY_HIGH,LOW,HIGH,S,29.2,22.8
2026-06-22 16:45,16,45,0,-0.9469,-0.3214,0.0,1.0,0,0,1,Clear,1.0,5.0,30.7,5.2,23.5,17.1,104.7,18.3,88.2,3.8,23.0,4.0,19.4,50.2,LOW,HIGH,LOW,HIGH,S,28.0,24.0
2026-06-22 17:00,17,0,0,-0.9659,-0.2588,0.0,1.0,0,0,1,Heavy Rain,1.5,3.8,23.0,4.0,19.4,28.1,191.9,26.9,147.5,6.2,42.2,5.9,32.5,86.8,MEDIUM,VERY_HIGH,LOW,VERY_HIGH,S,29.2,22.8
2026-06-22 17:15,17,15,0,-0.9808,-0.1951,0.0,1.0,0,0,1,Clear,1.0,6.2,42.2,5.9,32.5,18.2,126.2,18.4,104.3,4.0,27.8,4.0,22.9,58.7,LOW,VERY_HIGH,LOW,HIGH,S,28.3,23.7
2026-06-22 17:30,17,30,0,-0.9914,-0.1305,0.0,1.0,0,0,1,Rain,1.25,4.0,27.8,4.0,22.9,23.0,171.2,23.4,124.4,5.1,37.7,5.1,27.4,75.3,LOW,VERY_HIGH,LOW,VERY_HIGH,S,29.9,22.1
2026-06-22 17:45,17,45,0,-0.9979,-0.0654,0.0,1.0,0,0,1,Clear,1.0,5.1,37.7,5.1,27.4,17.1,125.7,17.3,103.7,3.8,27.7,3.8,22.8,58.1,LOW,VERY_HIGH,LOW,HIGH,S,28.4,23.6
2026-06-22 18:00,18,0,0,-1.0,-0.0,0.0,1.0,0,0,1,Clear,1.0,3.8,27.7,3.8,22.8,17.3,129.7,17.6,105.6,3.8,28.5,3.9,23.2,59.4,LOW,VERY_HIGH,LOW,HIGH,S,28.5,23.5
2026-06-22 18:15,18,15,0,-0.9979,0.0654,0.0,1.0,0,0,1,Clear,1.0,3.8,28.5,3.9,23.2,17.6,133.0,18.4,101.2,3.9,29.3,4.0,22.3,59.5,LOW,VERY_HIGH,LOW,HIGH,S,29.3,22.7
2026-06-22 18:30,18,30,0,-0.9914,0.1305,0.0,1.0,0,0,1,Clear,1.0,3.9,29.3,4.0,22.3,18.6,133.0,17.9,99.7,4.1,29.3,3.9,21.9,59.2,LOW,VERY_HIGH,LOW,HIGH,S,29.6,22.4
2026-06-22 18:45,18,45,0,-0.9808,0.1951,0.0,1.0,0,0,1,Clear,1.0,4.1,29.3,3.9,21.9,18.8,131.6,17.7,102.4,4.1,29.0,3.9,22.5,59.5,LOW,VERY_HIGH,LOW,HIGH,S,29.1,22.9
2026-06-22 19:00,19,0,0,-0.9659,0.2588,0.0,1.0,0,0,1,Clear,1.0,4.1,29.0,3.9,22.5,17.1,106.8,17.5,85.7,3.8,23.5,3.9,18.9,50.1,LOW,HIGH,LOW,HIGH,S,28.7,23.3
2026-06-22 19:15,19,15,0,-0.9469,0.3214,0.0,1.0,0,0,1,Clear,1.0,3.8,23.5,3.9,18.9,18.4,112.0,17.5,87.3,4.0,24.6,3.9,19.2,51.7,LOW,VERY_HIGH,LOW,HIGH,S,29.1,22.9
2026-06-22 19:30,19,30,0,-0.9239,0.3827,0.0,1.0,0,0,1,Clear,1.0,4.0,24.6,3.9,19.2,18.0,111.1,18.0,87.5,4.0,24.4,4.0,19.2,51.6,LOW,VERY_HIGH,LOW,HIGH,S,28.9,23.1
2026-06-22 19:45,19,45,0,-0.8969,0.4423,0.0,1.0,0,0,1,Clear,1.0,4.0,24.4,4.0,19.2,18.6,105.5,18.1,83.7,4.1,23.2,4.0,18.4,49.7,LOW,HIGH,LOW,HIGH,S,28.8,23.2
2026-06-22 20:00,20,0,0,-0.866,0.5,0.0,1.0,0,0,0,Clear,1.0,4.1,23.2,4.0,18.4,24.1,24.1,21.3,22.8,5.3,5.3,4.7,5.0,20.3,LOW,LOW,LOW,LOW,N,26.9,25.1
2026-06-22 20:15,20,15,0,-0.8315,0.5556,0.0,1.0,0,0,0,Clear,1.0,5.3,5.3,4.7,5.0,26.0,24.9,21.8,22.8,5.7,5.5,4.8,5.0,21.0,LOW,LOW,LOW,LOW,N,27.7,24.3
2026-06-22 20:30,20,30,0,-0.7934,0.6088,0.0,1.0,0,0,0,Clear,1.0,5.7,5.5,4.8,5.0,26.1,23.9,22.9,23.1,5.7,5.3,5.0,5.1,21.1,LOW,LOW,LOW,LOW,N,27.3,24.7
2026-06-22 20:45,20,45,0,-0.7518,0.6593,0.0,1.0,0,0,0,Rain,1.25,5.7,5.3,5.0,5.1,30.6,30.4,27.0,27.1,6.7,6.7,5.9,6.0,25.3,MEDIUM,MEDIUM,LOW,MEDIUM,N,27.6,24.4
2026-06-22 21:00,21,0,0,-0.7071,0.7071,0.0,1.0,0,0,0,Clear,1.0,6.7,6.7,5.9,6.0,26.2,25.7,21.9,21.4,5.8,5.7,4.8,4.7,21.0,LOW,LOW,LOW,LOW,N,28.3,23.7
2026-06-22 21:15,21,15,0,-0.6593,0.7518,0.0,1.0,0,0,0,Rain,1.25,5.8,5.7,4.8,4.7,31.1,32.5,26.2,26.9,6.8,7.2,5.8,5.9,25.7,MEDIUM,MEDIUM,LOW,LOW,S,28.4,23.6
2026-06-22 21:30,21,30,0,-0.6088,0.7934,0.0,1.0,0,0,0,Clear,1.0,6.8,7.2,5.8,5.9,24.2,23.9,21.9,22.3,5.3,5.3,4.8,4.9,20.3,LOW,LOW,LOW,LOW,N,27.1,24.9
2026-06-22 21:45,21,45,0,-0.5556,0.8315,0.0,1.0,0,0,0,Clear,1.0,5.3,5.3,4.8,4.9,24.3,25.2,22.2,21.7,5.3,5.5,4.9,4.8,20.5,LOW,LOW,LOW,LOW,S,27.6,24.4
2026-06-22 22:00,22,0,0,-0.5,0.866,0.0,1.0,0,0,0,Clear,1.0,5.3,5.5,4.9,4.8,26.1,24.5,22.3,22.9,5.7,5.4,4.9,5.0,21.0,LOW,LOW,LOW,LOW,N,27.6,24.4
2026-06-22 22:15,22,15,0,-0.4423,0.8969,0.0,1.0,0,0,0,Clear,1.0,5.7,5.4,4.9,5.0,23.8,24.1,21.1,21.1,5.2,5.3,4.6,4.6,19.7,LOW,LOW,LOW,LOW,S,27.7,24.3
2026-06-22 22:30,22,30,0,-0.3827,0.9239,0.0,1.0,0,0,0,Heavy Rain,1.5,5.2,5.3,4.6,4.6,36.3,37.5,32.9,33.5,8.0,8.2,7.2,7.4,30.8,MEDIUM,MEDIUM,MEDIUM,MEDIUM,S,27.4,24.6
2026-06-22 22:45,22,45,0,-0.3214,0.9469,0.0,1.0,0,0,0,Clear,1.0,8.0,8.2,7.2,7.4,24.8,24.1,22.3,23.1,5.5,5.3,4.9,5.1,20.8,LOW,LOW,LOW,LOW,N,26.9,25.1
2026-06-22 23:00,23,0,0,-0.2588,0.9659,0.0,1.0,0,0,0,Clear,1.0,5.5,5.3,4.9,5.1,5.9,5.8,5.2,5.2,1.3,1.3,1.1,1.1,4.8,LOW,LOW,LOW,LOW,N,27.6,24.4
2026-06-22 23:15,23,15,0,-0.1951,0.9808,0.0,1.0,0,0,0,Clear,1.0,1.3,1.3,1.1,1.1,6.0,6.2,5.2,4.8,1.3,1.4,1.1,1.1,4.9,LOW,LOW,LOW,LOW,S,28.4,23.6
2026-06-22 23:30,23,30,0,-0.1305,0.9914,0.0,1.0,0,0,0,Clear,1.0,1.3,1.4,1.1,1.1,6.0,5.7,4.9,5.2,1.3,1.3,1.1,1.1,4.8,LOW,LOW,LOW,LOW,N,27.9,24.1
2026-06-22 23:45,23,45,0,-0.0654,0.9979,0.0,1.0,0,0,0,Clear,1.0,1.3,1.3,1.1,1.1,6.1,6.0,4.8,4.9,1.3,1.3,1.1,1.1,4.8,LOW,LOW,LOW,LOW,N,28.8,23.2
2026-06-23 00:00,0,0,1,0.0,1.0,0.7818,0.6235,0,0,0,Clear,1.0,1.3,1.3,1.1,1.1,5.9,5.8,4.8,4.9,1.3,1.3,1.1,1.1,4.8,LOW,LOW,LOW,LOW,N,28.4,23.6
2026-06-23 00:15,0,15,1,0.0654,0.9979,0.7818,0.6235,0,0,0,Clear,1.0,1.3,1.3,1.1,1.1,6.3,5.7,5.1,5.0,1.4,1.3,1.1,1.1,4.9,LOW,LOW,LOW,LOW,N,28.5,23.5
2026-06-23 00:30,0,30,1,0.1305,0.9914,0.7818,0.6235,0,0,0,Clear,1.0,1.4,1.3,1.1,1.1,5.8,5.8,5.0,5.1,1.3,1.3,1.1,1.1,4.8,LOW,LOW,LOW,LOW,N,27.7,24.3
2026-06-23 00:45,0,45,1,0.1951,0.9808,0.7818,0.6235,0,0,0,Clear,1.0,1.3,1.3,1.1,1.1,5.8,6.0,5.1,4.8,1.3,1.3,1.1,1.1,4.8,LOW,LOW,LOW,LOW,N,28.2,23.8
2026-06-23 01:00,1,0,1,0.2588,0.9659,0.7818,0.6235,0,0,0,Clear,1.0,1.3,1.3,1.1,1.1,6.0,5.8,4.8,5.2,1.3,1.3,1.1,1.1,4.8,LOW,LOW,LOW,LOW,N,28.0,24.0
2026-06-23 01:15,1,15,1,0.3214,0.9469,0.7818,0.6235,0,0,0,Clear,1.0,1.3,1.3,1.1,1.1,6.1,6.0,4.8,4.9,1.3,1.3,1.1,1.1,4.8,LOW,LOW,LOW,LOW,N,28.8,23.2
2026-06-23 01:30,1,30,1,0.3827,0.9239,0.7818,0.6235,0,0,0,Clear,1.0,1.3,1.3,1.1,1.1,5.9,5.8,4.8,4.9,1.3,1.3,1.1,1.1,4.8,LOW,LOW,LOW,LOW,N,28.4,23.6
2026-06-23 01:45,1,45,1,0.4423,0.8969,0.7818,0.6235,0,0,0,Clear,1.0,1.3,1.3,1.1,1.1,6.3,5.7,5.1,5.1,1.4,1.3,1.1,1.1,4.9,LOW,LOW,LOW,LOW,N,28.4,23.6
2026-06-23 02:00,2,0,1,0.5,0.866,0.7818,0.6235,0,0,0,Clear,1.0,1.4,1.3,1.1,1.1,5.8,5.8,5.1,5.1,1.3,1.3,1.1,1.1,4.8,LOW,LOW,LOW,LOW,N,27.7,24.3
2026-06-23 02:15,2,15,1,0.5556,0.8315,0.7818,0.6235,0,0,0,Clear,1.0,1.3,1.3,1.1,1.1,5.8,6.1,5.0,5.2,1.3,1.3,1.1,1.1,4.8,LOW,LOW,LOW,LOW,N,28.0,24.0
2026-06-23 02:30,2,30,1,0.6088,0.7934,0.7818,0.6235,0,0,0,Clear,1.0,1.3,1.3,1.1,1.1,6.0,6.0,4.8,4.9,1.3,1.3,1.1,1.1,4.8,LOW,LOW,LOW,LOW,N,28.7,23.3
2026-06-23 02:45,2,45,1,0.6593,0.7518,0.7818,0.6235,0,0,0,Clear,1.0,1.3,1.3,1.1,1.1,6.1,6.1,4.8,5.2,1.3,1.3,1.1,1.1,4.8,LOW,LOW,LOW,LOW,N,28.3,23.7
2026-06-23 03:00,3,0,1,0.7071,0.7071,0.7818,0.6235,0,0,0,Clear,1.0,1.3,1.3,1.1,1.1,6.0,6.2,5.0,5.1,1.3,1.4,1.1,1.1,4.9,LOW,LOW,LOW,LOW,S,28.5,23.5
2026-06-23 03:15,3,15,1,0.7518,0.6593,0.7818,0.6235,0,0,0,Clear,1.0,1.3,1.4,1.1,1.1,5.9,5.7,5.0,4.9,1.3,1.3,1.1,1.1,4.8,LOW,LOW,LOW,LOW,N,28.1,23.9
2026-06-23 03:30,3,30,1,0.7934,0.6088,0.7818,0.6235,0,0,0,Clear,1.0,1.3,1.3,1.1,1.1,5.7,6.1,4.9,4.9,1.3,1.3,1.1,1.1,4.8,LOW,LOW,LOW,LOW,N,28.6,23.4
2026-06-23 03:45,3,45,1,0.8315,0.5556,0.7818,0.6235,0,0,0,Rain,1.25,1.3,1.3,1.1,1.1,7.8,7.4,6.3,6.5,1.7,1.6,1.4,1.4,6.1,LOW,LOW,LOW,LOW,N,28.3,23.7
2026-06-23 04:00,4,0,1,0.866,0.5,0.7818,0.6235,0,0,0,Clear,1.0,1.7,1.6,1.4,1.4,5.9,6.2,5.0,5.2,1.3,1.4,1.1,1.1,4.9,LOW,LOW,LOW,LOW,S,28.2,23.8
2026-06-23 04:15,4,15,1,0.8969,0.4423,0.7818,0.6235,0,0,0,Clear,1.0,1.3,1.4,1.1,1.1,6.2,5.9,4.8,4.8,1.4,1.3,1.1,1.1,4.9,LOW,LOW,LOW,LOW,N,29.1,22.9
2026-06-23 04:30,4,30,1,0.9239,0.3827,0.7818,0.6235,0,0,0,Clear,1.0,1.4,1.3,1.1,1.1,5.8,6.0,5.1,5.1,1.3,1.3,1.1,1.1,4.8,LOW,LOW,LOW,LOW,N,28.0,24.0
2026-06-23 04:45,4,45,1,0.9469,0.3214,0.7818,0.6235,0,0,0,Clear,1.0,1.3,1.3,1.1,1.1,5.9,6.2,5.0,5.0,1.3,1.4,1.1,1.1,4.9,LOW,LOW,LOW,LOW,S,28.6,23.4
2026-06-23 05:00,5,0,1,0.9659,0.2588,0.7818,0.6235,0,0,0,Clear,1.0,1.3,1.4,1.1,1.1,6.1,5.9,5.1,4.9,1.3,1.3,1.1,1.1,4.8,LOW,LOW,LOW,LOW,N,28.3,23.7
2026-06-23 05:15,5,15,1,0.9808,0.1951,0.7818,0.6235,0,0,0,Clear,1.0,1.3,1.3,1.1,1.1,5.8,6.0,4.8,5.2,1.3,1.3,1.1,1.1,4.8,LOW,LOW,LOW,LOW,N,28.0,24.0
2026-06-23 05:30,5,30,1,0.9914,0.1305,0.7818,0.6235,0,0,0,Clear,1.0,1.3,1.3,1.1,1.1,6.2,6.3,5.2,5.1,1.4,1.4,1.1,1.1,5.0,LOW,LOW,LOW,LOW,N,28.5,23.5
2026-06-23 05:45,5,45,1,0.9979,0.0654,0.7818,0.6235,0,0,0,Clear,1.0,1.4,1.4,1.1,1.1,6.0,5.8,5.1,4.8,1.3,1.3,1.1,1.1,4.8,LOW,LOW,LOW,LOW,N,28.2,23.8
2026-06-23 06:00,6,0,1,1.0,0.0,0.7818,0.6235,0,0,0,Clear,1.0,1.3,1.3,1.1,1.1,24.5,24.3,21.3,22.4,5.4,5.3,4.7,4.9,20.3,LOW,LOW,LOW,LOW,N,27.3,24.7
2026-06-23 06:15,6,15,1,0.9979,-0.0654,0.7818,0.6235,0,0,0,Heavy Rain,1.5,5.4,5.3,4.7,4.9,37.4,38.8,32.0,31.8,8.2,8.5,7.0,7.0,30.7,MEDIUM,MEDIUM,MEDIUM,MEDIUM,S,28.4,23.6
2026-06-23 06:30,6,30,1,0.9914,-0.1305,0.7818,0.6235,0,0,0,Clear,1.0,8.2,8.5,7.0,7.0,25.0,24.2,22.4,22.6,5.5,5.3,4.9,5.0,20.7,LOW,LOW,LOW,LOW,N,27.2,24.8
2026-06-23 06:45,6,45,1,0.9808,-0.1951,0.7818,0.6235,0,0,0,Clear,1.0,5.5,5.3,4.9,5.0,26.2,25.5,22.6,22.5,5.8,5.6,5.0,5.0,21.4,LOW,LOW,LOW,LOW,N,27.8,24.2
2026-06-23 07:00,7,0,1,0.9659,-0.2588,0.7818,0.6235,0,1,0,Clear,1.0,5.8,5.6,5.0,5.0,108.1,18.7,87.8,18.0,23.8,4.1,19.3,4.0,51.2,HIGH,LOW,HIGH,LOW,N,28.6,23.4
2026-06-23 07:15,7,15,1,0.9469,-0.3214,0.7818,0.6235,0,1,0,Clear,1.0,23.8,4.1,19.3,4.0,106.9,17.7,84.8,18.8,23.5,3.9,18.7,4.1,50.2,HIGH,LOW,HIGH,LOW,N,28.8,23.2
2026-06-23 07:30,7,30,1,0.9239,-0.3827,0.7818,0.6235,0,1,0,Clear,1.0,23.5,3.9,18.7,4.1,108.5,18.4,81.5,17.2,23.9,4.0,17.9,3.8,49.6,HIGH,LOW,HIGH,LOW,N,29.5,22.5
2026-06-23 07:45,7,45,1,0.8969,-0.4423,0.7818,0.6235,0,1,0,Rain,1.25,23.9,4.0,17.9,3.8,131.6,23.1,106.2,21.7,29.0,5.1,23.4,4.8,62.3,VERY_HIGH,LOW,HIGH,LOW,N,28.7,23.3
2026-06-23 08:00,8,0,1,0.866,-0.5,0.7818,0.6235,0,1,0,Clear,1.0,29.0,5.1,23.4,4.8,140.2,18.4,112.7,17.3,30.8,4.0,24.8,3.8,63.4,VERY_HIGH,LOW,VERY_HIGH,LOW,N,28.7,23.3
2026-06-23 08:15,8,15,1,0.8315,-0.5556,0.7818,0.6235,0,1,0,Clear,1.0,30.8,4.0,24.8,3.8,137.8,17.3,111.9,18.8,30.3,3.8,24.6,4.1,62.8,VERY_HIGH,LOW,VERY_HIGH,LOW,N,28.5,23.5
2026-06-23 08:30,8,30,1,0.7934,-0.6088,0.7818,0.6235,0,1,0,Clear,1.0,30.3,3.8,24.6,4.1,144.0,17.7,113.7,18.6,31.7,3.9,25.0,4.1,64.7,VERY_HIGH,LOW,VERY_HIGH,LOW,N,28.9,23.1
2026-06-23 08:45,8,45,1,0.7518,-0.6593,0.7818,0.6235,0,1,0,Clear,1.0,31.7,3.9,25.0,4.1,147.3,17.5,113.5,18.6,32.4,3.9,25.0,4.1,65.4,VERY_HIGH,LOW,VERY_HIGH,LOW,N,29.2,22.8
2026-06-23 09:00,9,0,1,0.7071,-0.7071,0.7818,0.6235,0,1,0,Clear,1.0,32.4,3.9,25.0,4.1,106.4,18.6,82.5,17.1,23.4,4.1,18.1,3.8,49.4,HIGH,LOW,HIGH,LOW,N,29.2,22.8
2026-06-23 09:15,9,15,1,0.6593,-0.7518,0.7818,0.6235,0,1,0,Rain,1.25,23.4,4.1,18.1,3.8,142.1,22.6,101.6,21.5,31.3,5.0,22.4,4.7,63.4,VERY_HIGH,LOW,HIGH,LOW,N,30.1,21.9
2026-06-23 09:30,9,30,1,0.6088,-0.7934,0.7818,0.6235,0,1,0,Clear,1.0,31.3,5.0,22.4,4.7,105.1,17.7,87.2,17.1,23.1,3.9,19.2,3.8,50.0,HIGH,LOW,HIGH,LOW,N,28.3,23.7
2026-06-23 09:45,9,45,1,0.5556,-0.8315,0.7818,0.6235,0,1,0,Clear,1.0,23.1,3.9,19.2,3.8,108.1,17.5,88.3,18.5,23.8,3.9,19.4,4.1,51.2,HIGH,LOW,HIGH,LOW,N,28.4,23.6
2026-06-23 10:00,10,0,1,0.5,-0.866,0.7818,0.6235,0,0,0,Clear,1.0,23.8,3.9,19.4,4.1,24.0,24.5,21.1,22.7,5.3,5.4,4.6,5.0,20.3,LOW,LOW,LOW,LOW,S,27.2,24.8
2026-06-23 10:15,10,15,1,0.4423,-0.8969,0.7818,0.6235,0,0,0,Clear,1.0,5.3,5.4,4.6,5.0,25.0,24.0,21.1,21.9,5.5,5.3,4.6,4.8,20.2,LOW,LOW,LOW,LOW,N,27.7,24.3
2026-06-23 10:30,10,30,1,0.3827,-0.9239,0.7818,0.6235,0,0,0,Clear,1.0,5.5,5.3,4.6,4.8,25.0,25.3,22.4,21.7,5.5,5.6,4.9,4.8,20.8,LOW,LOW,LOW,LOW,S,27.6,24.4
2026-06-23 10:45,10,45,1,0.3214,-0.9469,0.7818,0.6235,0,0,0,Clear,1.0,5.5,5.6,4.9,4.8,25.5,23.8,21.8,22.3,5.6,5.2,4.8,4.9,20.5,LOW,LOW,LOW,LOW,N,27.6,24.4
2026-06-23 11:00,11,0,1,0.2588,-0.9659,0.7818,0.6235,0,0,0,Clear,1.0,5.6,5.2,4.8,4.9,39.2,38.8,34.3,34.2,8.6,8.5,7.5,7.5,32.1,MEDIUM,MEDIUM,MEDIUM,MEDIUM,N,27.7,24.3
2026-06-23 11:15,11,15,1,0.1951,-0.9808,0.7818,0.6235,0,0,0,Clear,1.0,8.6,8.5,7.5,7.5,41.1,38.9,36.2,35.5,9.0,8.6,8.0,7.8,33.4,MEDIUM,MEDIUM,MEDIUM,MEDIUM,N,27.5,24.5
2026-06-23 11:30,11,30,1,0.1305,-0.9914,0.7818,0.6235,0,0,0,Clear,1.0,9.0,8.6,8.0,7.8,40.0,38.3,34.1,36.2,8.8,8.4,7.5,8.0,32.7,MEDIUM,MEDIUM,MEDIUM,MEDIUM,N,27.3,24.7
2026-06-23 11:45,11,45,1,0.0654,-0.9979,0.7818,0.6235,0,0,0,Clear,1.0,8.8,8.4,7.5,8.0,38.3,38.0,33.4,35.1,8.4,8.4,7.3,7.7,31.8,MEDIUM,MEDIUM,MEDIUM,MEDIUM,N,27.3,24.7
2026-06-23 12:00,12,0,1,0.0,-1.0,0.7818,0.6235,0,0,0,Heavy Rain,1.5,8.4,8.4,7.3,7.7,62.7,61.3,51.5,51.6,13.8,13.5,11.3,11.4,50.0,MEDIUM,MEDIUM,MEDIUM,MEDIUM,N,28.5,23.5
2026-06-23 12:15,12,15,1,-0.0654,-0.9979,0.7818,0.6235,0,0,0,Clear,1.0,13.8,13.5,11.3,11.4,40.8,41.1,35.1,36.4,9.0,9.0,7.7,8.0,33.7,MEDIUM,MEDIUM,MEDIUM,MEDIUM,N,27.7,24.3
2026-06-23 12:30,12,30,1,-0.1305,-0.9914,0.7818,0.6235,0,0,0,Clear,1.0,9.0,9.0,7.7,8.0,41.9,39.9,35.2,36.3,9.2,8.8,7.7,8.0,33.7,MEDIUM,MEDIUM,MEDIUM,MEDIUM,N,27.8,24.2
2026-06-23 12:45,12,45,1,-0.1951,-0.9808,0.7818,0.6235,0,0,0,Heavy Rain,1.5,9.2,8.8,7.7,8.0,62.8,62.7,50.8,50.1,13.8,13.8,11.2,11.0,49.8,MEDIUM,MEDIUM,MEDIUM,MEDIUM,N,28.8,23.2
2026-06-23 13:00,13,0,1,-0.2588,-0.9659,0.7818,0.6235,0,0,0,Clear,1.0,13.8,13.8,11.2,11.0,40.0,41.9,36.0,36.7,8.8,9.2,7.9,8.1,34.0,MEDIUM,MEDIUM,MEDIUM,MEDIUM,S,27.6,24.4
2026-06-23 13:15,13,15,1,-0.3214,-0.9469,0.7818,0.6235,0,0,0,Clear,1.0,8.8,9.2,7.9,8.1,38.5,39.9,34.7,35.7,8.5,8.8,7.6,7.9,32.8,MEDIUM,MEDIUM,MEDIUM,MEDIUM,S,27.4,24.6
2026-06-23 13:30,13,30,1,-0.3827,-0.9239,0.7818,0.6235,0,0,0,Heavy Rain,1.5,8.5,8.8,7.6,7.9,59.1,61.7,53.2,53.4,13.0,13.6,11.7,11.7,50.0,MEDIUM,MEDIUM,MEDIUM,MEDIUM,S,27.7,24.3
2026-06-23 13:45,13,45,1,-0.4423,-0.8969,0.7818,0.6235,0,0,0,Clear,1.0,13.0,13.6,11.7,11.7,40.8,40.9,35.0,35.4,9.0,9.0,7.7,7.8,33.5,MEDIUM,MEDIUM,MEDIUM,MEDIUM,N,27.9,24.1
2026-06-23 14:00,14,0,1,-0.5,-0.866,0.7818,0.6235,0,0,0,Clear,1.0,9.0,9.0,7.7,7.8,41.1,40.4,34.4,34.7,9.0,8.9,7.6,7.6,33.1,MEDIUM,MEDIUM,MEDIUM,MEDIUM,N,28.2,23.8
2026-06-23 14:15,14,15,1,-0.5556,-0.8315,0.7818,0.6235,0,0,0,Clear,1.0,9.0,8.9,7.6,7.6,39.6,39.7,35.7,36.4,8.7,8.7,7.9,8.0,33.3,MEDIUM,MEDIUM,MEDIUM,MEDIUM,N,27.2,24.8
2026-06-23 14:30,14,30,1,-0.6088,-0.7934,0.7818,0.6235,0,0,0,Rain,1.25,8.7,8.7,7.9,8.0,52.0,48.0,42.1,42.2,11.4,10.6,9.3,9.3,40.6,MEDIUM,MEDIUM,MEDIUM,MEDIUM,N,28.5,23.5
2026-06-23 14:45,14,45,1,-0.6593,-0.7518,0.7818,0.6235,0,0,0,Clear,1.0,11.4,10.6,9.3,9.3,40.1,40.7,36.7,36.0,8.8,9.0,8.1,7.9,33.8,MEDIUM,MEDIUM,MEDIUM,MEDIUM,S,27.4,24.6
2026-06-23 15:00,15,0,1,-0.7071,-0.7071,0.7818,0.6235,0,0,0,Clear,1.0,8.8,9.0,8.1,7.9,41.8,41.9,35.1,33.8,9.2,9.2,7.7,7.4,33.5,MEDIUM,MEDIUM,MEDIUM,MEDIUM,N,28.4,23.6
2026-06-23 15:15,15,15,1,-0.7518,-0.6593,0.7818,0.6235,0,0,0,Clear,1.0,9.2,9.2,7.7,7.4,40.3,39.7,36.6,35.3,8.9,8.7,8.1,7.8,33.5,MEDIUM,MEDIUM,MEDIUM,MEDIUM,N,27.3,24.7
2026-06-23 15:30,15,30,1,-0.7934,-0.6088,0.7818,0.6235,0,0,0,Rain,1.25,8.9,8.7,8.1,7.8,50.2,52.0,45.1,41.9,11.0,11.4,9.9,9.2,41.5,MEDIUM,MEDIUM,MEDIUM,MEDIUM,S,28.0,24.0
2026-06-23 15:45,15,45,1,-0.8315,-0.5556,0.7818,0.6235,0,0,0,Clear,1.0,11.0,11.4,9.9,9.2,41.6,40.4,35.0,35.2,9.2,8.9,7.7,7.7,33.5,MEDIUM,MEDIUM,MEDIUM,MEDIUM,N,28.1,23.9
2026-06-23 16:00,16,0,1,-0.866,-0.5,0.7818,0.6235,0,0,1,Clear,1.0,9.2,8.9,7.7,7.7,18.2,104.7,18.0,88.7,4.0,23.0,4.0,19.5,50.5,LOW,HIGH,LOW,HIGH,S,28.0,24.0
2026-06-23 16:15,16,15,1,-0.8969,-0.4423,0.7818,0.6235,0,0,1,Clear,1.0,4.0,23.0,4.0,19.5,18.8,110.0,18.1,87.5,4.1,24.2,4.0,19.2,51.5,LOW,VERY_HIGH,LOW,HIGH,S,28.8,23.2
2026-06-23 16:30,16,30,1,-0.9239,-0.3827,0.7818,0.6235,0,0,1,Clear,1.0,4.1,24.2,4.0,19.2,17.2,115.3,17.9,82.3,3.8,25.4,3.9,18.1,51.2,LOW,VERY_HIGH,LOW,HIGH,S,30.1,21.9
2026-06-23 16:45,16,45,1,-0.9469,-0.3214,0.7818,0.6235,0,0,1,Clear,1.0,3.8,25.4,3.9,18.1,18.4,110.1,17.8,81.3,4.0,24.2,3.9,17.9,50.0,LOW,VERY_HIGH,LOW,HIGH,S,29.7,22.3
2026-06-23 17:00,17,0,1,-0.9659,-0.2588,0.7818,0.6235,0,0,1,Clear,1.0,4.0,24.2,3.9,17.9,17.2,126.5,18.2,104.3,3.8,27.8,4.0,22.9,58.5,LOW,VERY_HIGH,LOW,HIGH,S,28.3,23.7
2026-06-23 17:15,17,15,1,-0.9808,-0.1951,0.7818,0.6235,0,0,1,Clear,1.0,3.8,27.8,4.0,22.9,17.7,131.5,17.4,98.1,3.9,28.9,3.8,21.6,58.2,LOW,VERY_HIGH,LOW,HIGH,S,29.6,22.4
2026-06-23 17:30,17,30,1,-0.9914,-0.1305,0.7818,0.6235,0,0,1,Clear,1.0,3.9,28.9,3.8,21.6,17.3,134.5,18.7,104.5,3.8,29.6,4.1,23.0,60.5,LOW,VERY_HIGH,LOW,HIGH,S,29.0,23.0
2026-06-23 17:45,17,45,1,-0.9979,-0.0654,0.7818,0.6235,0,0,1,Heavy Rain,1.5,3.8,29.6,4.1,23.0,25.7,189.2,26.0,157.0,5.7,41.6,5.7,34.5,87.5,LOW,VERY_HIGH,LOW,VERY_HIGH,S,28.3,23.7
2026-06-23 18:00,18,0,1,-1.0,-0.0,0.7818,0.6235,0,0,1,Clear,1.0,5.7,41.6,5.7,34.5,18.6,136.7,18.7,106.5,4.1,30.1,4.1,23.4,61.7,LOW,VERY_HIGH,LOW,HIGH,S,29.1,22.9
2026-06-23 18:15,18,15,1,-0.9979,0.0654,0.7818,0.6235,0,0,1,Clear,1.0,4.1,30.1,4.1,23.4,18.8,137.6,18.8,102.8,4.1,30.3,4.1,22.6,61.1,LOW,VERY_HIGH,LOW,HIGH,S,29.6,22.4
2026-06-23 18:30,18,30,1,-0.9914,0.1305,0.7818,0.6235,0,0,1,Rain,1.25,4.1,30.3,4.1,22.6,21.7,167.5,22.2,132.2,4.8,36.9,4.9,29.1,75.7,LOW,VERY_HIGH,LOW,VERY_HIGH,S,28.9,23.1
2026-06-23 18:45,18,45,1,-0.9808,0.1951,0.7818,0.6235,0,0,1,Clear,1.0,4.8,36.9,4.9,29.1,17.2,131.1,17.8,101.1,3.8,28.8,3.9,22.2,58.7,LOW,VERY_HIGH,LOW,HIGH,S,29.2,22.8
2026-06-23 19:00,19,0,1,-0.9659,0.2588,0.7818,0.6235,0,0,1,Clear,1.0,3.8,28.8,3.9,22.2,17.8,111.7,17.9,83.4,3.9,24.6,3.9,18.3,50.7,LOW,VERY_HIGH,LOW,HIGH,S,29.5,22.5
2026-06-23 19:15,19,15,1,-0.9469,0.3214,0.7818,0.6235,0,0,1,Clear,1.0,3.9,24.6,3.9,18.3,18.7,108.7,17.7,83.5,4.1,23.9,3.9,18.4,50.3,LOW,HIGH,LOW,HIGH,S,29.2,22.8
2026-06-23 19:30,19,30,1,-0.9239,0.3827,0.7818,0.6235,0,0,1,Rain,1.25,4.1,23.9,3.9,18.4,21.7,138.7,22.1,105.9,4.8,30.5,4.9,23.3,63.5,LOW,VERY_HIGH,LOW,HIGH,S,29.3,22.7
2026-06-23 19:45,19,45,1,-0.8969,0.4423,0.7818,0.6235,0,0,1,Clear,1.0,4.8,30.5,4.9,23.3,18.7,104.8,18.7,87.7,4.1,23.1,4.1,19.3,50.6,LOW,HIGH,LOW,HIGH,S,28.2,23.8
2026-06-23 20:00,20,0,1,-0.866,0.5,0.7818,0.6235,0,0,0,Rain,1.25,4.1,23.1,4.1,19.3,32.0,32.5,26.8,26.7,7.0,7.2,5.9,5.9,26.0,MEDIUM,MEDIUM,LOW,LOW,S,28.5,23.5
2026-06-23 20:15,20,15,1,-0.8315,0.5556,0.7818,0.6235,0,0,0,Clear,1.0,7.0,7.2,5.9,5.9,25.9,24.6,23.0,21.2,5.7,5.4,5.1,4.7,20.9,LOW,LOW,LOW,LOW,N,27.6,24.4
2026-06-23 20:30,20,30,1,-0.7934,0.6088,0.7818,0.6235,0,0,0,Rain,1.25,5.7,5.4,5.1,4.7,31.1,30.9,28.8,28.1,6.8,6.8,6.3,6.2,26.1,MEDIUM,MEDIUM,MEDIUM,MEDIUM,N,27.1,24.9
2026-06-23 20:45,20,45,1,-0.7518,0.6593,0.7818,0.6235,0,0,0,Clear,1.0,6.8,6.8,6.3,6.2,25.0,25.8,22.7,22.8,5.5,5.7,5.0,5.0,21.2,LOW,LOW,LOW,LOW,S,27.5,24.5
2026-06-23 21:00,21,0,1,-0.7071,0.7071,0.7818,0.6235,0,0,0,Rain,1.25,5.5,5.7,5.0,5.0,31.2,31.5,27.6,26.5,6.9,6.9,6.1,5.8,25.7,MEDIUM,MEDIUM,MEDIUM,LOW,N,27.8,24.2
2026-06-23 21:15,21,15,1,-0.6593,0.7518,0.7818,0.6235,0,0,0,Clear,1.0,6.9,6.9,6.1,5.8,24.2,24.5,23.1,21.1,5.3,5.4,5.1,4.6,20.4,LOW,LOW,LOW,LOW,S,27.0,25.0
2026-06-23 21:30,21,30,1,-0.6088,0.7934,0.7818,0.6235,0,0,0,Clear,1.0,5.3,5.4,5.1,4.6,25.5,26.2,22.0,22.4,5.6,5.8,4.8,4.9,21.1,LOW,LOW,LOW,LOW,S,28.0,24.0
2026-06-23 21:45,21,45,1,-0.5556,0.8315,0.7818,0.6235,0,0,0,Clear,1.0,5.6,5.8,4.8,4.9,24.7,24.7,20.9,22.9,5.4,5.4,4.6,5.0,20.4,LOW,LOW,LOW,LOW,N,27.3,24.7
2026-06-23 22:00,22,0,1,-0.5,0.866,0.7818,0.6235,0,0,0,Clear,1.0,5.4,5.4,4.6,5.0,25.1,24.6,21.3,21.3,5.5,5.4,4.7,4.7,20.3,LOW,LOW,LOW,LOW,N,28.1,23.9
2026-06-23 22:15,22,15,1,-0.4423,0.8969,0.7818,0.6235,0,0,0,Clear,1.0,5.5,5.4,4.7,4.7,24.0,24.0,21.2,22.1,5.3,5.3,4.7,4.9,20.2,LOW,LOW,LOW,LOW,N,27.2,24.8
2026-06-23 22:30,22,30,1,-0.3827,0.9239,0.7818,0.6235,0,0,0,Clear,1.0,5.3,5.3,4.7,4.9,24.4,25.6,21.7,21.2,5.4,5.6,4.8,4.7,20.5,LOW,LOW,LOW,LOW,S,28.1,23.9
2026-06-23 22:45,22,45,1,-0.3214,0.9469,0.7818,0.6235,0,0,0,Clear,1.0,5.4,5.6,4.8,4.7,25.0,24.5,22.2,21.7,5.5,5.4,4.9,4.8,20.6,LOW,LOW,LOW,LOW,N,27.6,24.4
2026-06-23 23:00,23,0,1,-0.2588,0.9659,0.7818,0.6235,0,0,0,Clear,1.0,5.5,5.4,4.9,4.8,6.1,5.8,4.9,4.9,1.3,1.3,1.1,1.1,4.8,LOW,LOW,LOW,LOW,N,28.7,23.3
2026-06-23 23:15,23,15,1,-0.1951,0.9808,0.7818,0.6235,0,0,0,Rain,1.25,1.3,1.3,1.1,1.1,7.6,7.7,6.4,6.4,1.7,1.7,1.4,1.4,6.2,LOW,LOW,LOW,LOW,N,28.4,23.6
2026-06-23 23:30,23,30,1,-0.1305,0.9914,0.7818,0.6235,0,0,0,Clear,1.0,1.7,1.7,1.4,1.4,5.8,6.0,5.0,4.9,1.3,1.3,1.1,1.1,4.8,LOW,LOW,LOW,LOW,N,28.3,23.7
2026-06-23 23:45,23,45,1,-0.0654,0.9979,0.7818,0.6235,0,0,0,Rain,1.25,1.3,1.3,1.1,1.1,7.5,7.5,6.5,6.0,1.6,1.6,1.4,1.3,5.9,LOW,LOW,LOW,LOW,N,28.1,23.9
2026-06-24 00:00,0,0,2,0.0,1.0,0.9749,-0.2225,0,0,0,Clear,1.0,1.6,1.6,1.4,1.3,6.0,5.9,5.2,5.2,1.3,1.3,1.1,1.1,4.8,LOW,LOW,LOW,LOW,N,27.8,24.2
2026-06-24 00:15,0,15,2,0.0654,0.9979,0.9749,-0.2225,0,0,0,Clear,1.0,1.3,1.3,1.1,1.1,5.8,6.2,5.1,5.2,1.3,1.4,1.1,1.1,4.9,LOW,LOW,LOW,LOW,S,28.1,23.9
2026-06-24 00:30,0,30,2,0.1305,0.9914,0.9749,-0.2225,0,0,0,Clear,1.0,1.3,1.4,1.1,1.1,6.1,6.2,4.8,4.8,1.3,1.4,1.1,1.1,4.9,LOW,LOW,LOW,LOW,S,29.3,22.7
2026-06-24 00:45,0,45,2,0.1951,0.9808,0.9749,-0.2225,0,0,0,Clear,1.0,1.3,1.4,1.1,1.1,6.0,5.7,5.0,5.0,1.3,1.3,1.1,1.1,4.8,LOW,LOW,LOW,LOW,N,28.2,23.8
2026-06-24 01:00,1,0,2,0.2588,0.9659,0.9749,-0.2225,0,0,0,Clear,1.0,1.3,1.3,1.1,1.1,6.3,5.8,4.8,5.1,1.4,1.3,1.1,1.1,4.9,LOW,LOW,LOW,LOW,N,28.7,23.3
2026-06-24 01:15,1,15,2,0.3214,0.9469,0.9749,-0.2225,0,0,0,Clear,1.0,1.4,1.3,1.1,1.1,6.1,5.9,5.2,4.8,1.3,1.3,1.1,1.1,4.8,LOW,LOW,LOW,LOW,N,28.2,23.8
2026-06-24 01:30,1,30,2,0.3827,0.9239,0.9749,-0.2225,0,0,0,Clear,1.0,1.3,1.3,1.1,1.1,5.8,5.9,4.9,5.0,1.3,1.3,1.1,1.1,4.8,LOW,LOW,LOW,LOW,N,28.2,23.8
2026-06-24 01:45,1,45,2,0.4423,0.8969,0.9749,-0.2225,0,0,0,Clear,1.0,1.3,1.3,1.1,1.1,6.1,5.9,4.9,4.9,1.3,1.3,1.1,1.1,4.8,LOW,LOW,LOW,LOW,N,28.7,23.3
2026-06-24 02:00,2,0,2,0.5,0.866,0.9749,-0.2225,0,0,0,Clear,1.0,1.3,1.3,1.1,1.1,6.1,6.0,4.8,5.1,1.3,1.3,1.1,1.1,4.8,LOW,LOW,LOW,LOW,N,28.5,23.5
2026-06-24 02:15,2,15,2,0.5556,0.8315,0.9749,-0.2225,0,0,0,Heavy Rain,1.5,1.3,1.3,1.1,1.1,9.2,8.7,7.9,7.2,2.0,1.9,1.7,1.6,7.2,LOW,LOW,LOW,LOW,N,28.1,23.9
2026-06-24 02:30,2,30,2,0.6088,0.7934,0.9749,-0.2225,0,0,0,Clear,1.0,2.0,1.9,1.7,1.6,6.1,5.9,4.9,5.2,1.3,1.3,1.1,1.1,4.8,LOW,LOW,LOW,LOW,N,28.2,23.8
2026-06-24 02:45,2,45,2,0.6593,0.7518,0.9749,-0.2225,0,0,0,Clear,1.0,1.3,1.3,1.1,1.1,5.9,5.8,5.2,5.2,1.3,1.3,1.1,1.1,4.8,LOW,LOW,LOW,LOW,N,27.6,24.4
2026-06-24 03:00,3,0,2,0.7071,0.7071,0.9749,-0.2225,0,0,0,Clear,1.0,1.3,1.3,1.1,1.1,5.8,5.8,4.9,5.0,1.3,1.3,1.1,1.1,4.8,LOW,LOW,LOW,LOW,N,28.0,24.0
2026-06-24 03:15,3,15,2,0.7518,0.6593,0.9749,-0.2225,0,0,0,Clear,1.0,1.3,1.3,1.1,1.1,5.9,6.1,4.8,5.1,1.3,1.3,1.1,1.1,4.8,LOW,LOW,LOW,LOW,N,28.4,23.6
2026-06-24 03:30,3,30,2,0.7934,0.6088,0.9749,-0.2225,0,0,0,Clear,1.0,1.3,1.3,1.1,1.1,6.3,6.3,4.9,5.2,1.4,1.4,1.1,1.1,5.0,LOW,LOW,LOW,LOW,N,28.7,23.3
2026-06-24 03:45,3,45,2,0.8315,0.5556,0.9749,-0.2225,0,0,0,Clear,1.0,1.4,1.4,1.1,1.1,6.2,5.8,4.8,5.0,1.4,1.3,1.1,1.1,4.9,LOW,LOW,LOW,LOW,N,28.7,23.3
2026-06-24 04:00,4,0,2,0.866,0.5,0.9749,-0.2225,0,0,0,Clear,1.0,1.4,1.3,1.1,1.1,5.9,6.3,4.8,4.9,1.3,1.4,1.1,1.1,4.9,LOW,LOW,LOW,LOW,S,29.1,22.9
2026-06-24 04:15,4,15,2,0.8969,0.4423,0.9749,-0.2225,0,0,0,Clear,1.0,1.3,1.4,1.1,1.1,6.2,5.8,4.9,4.8,1.4,1.3,1.1,1.1,4.9,LOW,LOW,LOW,LOW,N,28.9,23.1
2026-06-24 04:30,4,30,2,0.9239,0.3827,0.9749,-0.2225,0,0,0,Clear,1.0,1.4,1.3,1.1,1.1,5.8,5.9,5.2,5.0,1.3,1.3,1.1,1.1,4.8,LOW,LOW,LOW,LOW,N,27.7,24.3
2026-06-24 04:45,4,45,2,0.9469,0.3214,0.9749,-0.2225,0,0,0,Clear,1.0,1.3,1.3,1.1,1.1,6.0,6.3,4.8,5.2,1.3,1.4,1.1,1.1,4.9,LOW,LOW,LOW,LOW,S,28.6,23.4
2026-06-24 05:00,5,0,2,0.9659,0.2588,0.9749,-0.2225,0,0,0,Clear,1.0,1.3,1.4,1.1,1.1,6.3,6.1,5.0,5.1,1.4,1.3,1.1,1.1,4.9,LOW,LOW,LOW,LOW,N,28.7,23.3
2026-06-24 05:15,5,15,2,0.9808,0.1951,0.9749,-0.2225,0,0,0,Clear,1.0,1.4,1.3,1.1,1.1,5.7,5.7,4.8,4.8,1.3,1.3,1.1,1.1,4.8,LOW,LOW,LOW,LOW,N,28.2,23.8
2026-06-24 05:30,5,30,2,0.9914,0.1305,0.9749,-0.2225,0,0,0,Rain,1.25,1.3,1.3,1.1,1.1,7.1,7.4,6.3,6.1,1.6,1.6,1.4,1.3,5.9,LOW,LOW,LOW,LOW,N,28.1,23.9
2026-06-24 05:45,5,45,2,0.9979,0.0654,0.9749,-0.2225,0,0,0,Clear,1.0,1.6,1.6,1.4,1.3,5.8,5.8,4.9,5.2,1.3,1.3,1.1,1.1,4.8,LOW,LOW,LOW,LOW,N,27.6,24.4
2026-06-24 06:00,6,0,2,1.0,0.0,0.9749,-0.2225,0,0,0,Rain,1.25,1.3,1.3,1.1,1.1,32.4,30.5,28.3,28.8,7.1,6.7,6.2,6.3,26.3,MEDIUM,MEDIUM,MEDIUM,MEDIUM,N,27.4,24.6
2026-06-24 06:15,6,15,2,0.9979,-0.0654,0.9749,-0.2225,0,0,0,Clear,1.0,7.1,6.7,6.2,6.3,24.9,24.6,22.6,22.8,5.5,5.4,5.0,5.0,20.9,LOW,LOW,LOW,LOW,N,27.1,24.9
2026-06-24 06:30,6,30,2,0.9914,-0.1305,0.9749,-0.2225,0,0,0,Clear,1.0,5.5,5.4,5.0,5.0,23.8,25.3,23.0,22.4,5.2,5.6,5.1,4.9,20.8,LOW,LOW,LOW,LOW,S,27.1,24.9
2026-06-24 06:45,6,45,2,0.9808,-0.1951,0.9749,-0.2225,0,0,0,Clear,1.0,5.2,5.6,5.1,4.9,25.3,25.2,22.0,22.7,5.6,5.5,4.8,5.0,20.9,LOW,LOW,LOW,LOW,N,27.5,24.5
2026-06-24 07:00,7,0,2,0.9659,-0.2588,0.9749,-0.2225,0,1,0,Clear,1.0,5.6,5.5,4.8,5.0,114.9,17.9,85.2,18.4,25.3,3.9,18.7,4.0,51.9,VERY_HIGH,LOW,HIGH,LOW,N,29.6,22.4
2026-06-24 07:15,7,15,2,0.9469,-0.3214,0.9749,-0.2225,0,1,0,Clear,1.0,25.3,3.9,18.7,4.0,112.8,18.5,82.1,17.1,24.8,4.1,18.1,3.8,50.8,VERY_HIGH,LOW,HIGH,LOW,N,29.9,22.1
2026-06-24 07:30,7,30,2,0.9239,-0.3827,0.9749,-0.2225,0,1,0,Heavy Rain,1.5,24.8,4.1,18.1,3.8,171.7,25.7,128.3,26.6,37.8,5.7,28.2,5.9,77.6,VERY_HIGH,LOW,VERY_HIGH,LOW,N,29.5,22.5
2026-06-24 07:45,7,45,2,0.8969,-0.4423,0.9749,-0.2225,0,1,0,Rain,1.25,37.8,5.7,28.2,5.9,134.5,23.3,107.5,23.1,29.6,5.1,23.6,5.1,63.4,VERY_HIGH,LOW,HIGH,LOW,N,28.7,23.3
2026-06-24 08:00,8,0,2,0.866,-0.5,0.9749,-0.2225,0,1,0,Heavy Rain,1.5,29.6,5.1,23.6,5.1,220.9,26.6,163.6,26.0,48.6,5.9,36.0,5.7,96.2,VERY_HIGH,LOW,VERY_HIGH,LOW,N,29.7,22.3
2026-06-24 08:15,8,15,2,0.8315,-0.5556,0.9749,-0.2225,0,1,0,Clear,1.0,48.6,5.9,36.0,5.7,149.1,18.6,116.0,18.0,32.8,4.1,25.5,4.0,66.4,VERY_HIGH,LOW,VERY_HIGH,LOW,N,29.1,22.9
2026-06-24 08:30,8,30,2,0.7934,-0.6088,0.9749,-0.2225,0,1,0,Clear,1.0,32.8,4.1,25.5,4.0,137.4,18.1,112.4,18.1,30.2,4.0,24.7,4.0,62.9,VERY_HIGH,LOW,VERY_HIGH,LOW,N,28.5,23.5
2026-06-24 08:45,8,45,2,0.7518,-0.6593,0.9749,-0.2225,0,1,0,Clear,1.0,30.2,4.0,24.7,4.0,141.1,18.6,105.8,17.3,31.0,4.1,23.3,3.8,62.2,VERY_HIGH,LOW,HIGH,LOW,N,29.6,22.4
2026-06-24 09:00,9,0,2,0.7071,-0.7071,0.9749,-0.2225,0,1,0,Clear,1.0,31.0,4.1,23.3,3.8,106.4,17.7,84.3,17.1,23.4,3.9,18.5,3.8,49.6,HIGH,LOW,HIGH,LOW,N,28.9,23.1
2026-06-24 09:15,9,15,2,0.6593,-0.7518,0.9749,-0.2225,0,1,0,Clear,1.0,23.4,3.9,18.5,3.8,109.7,17.4,88.8,17.8,24.1,3.8,19.5,3.9,51.3,VERY_HIGH,LOW,HIGH,LOW,N,28.6,23.4
2026-06-24 09:30,9,30,2,0.6088,-0.7934,0.9749,-0.2225,0,1,0,Clear,1.0,24.1,3.8,19.5,3.9,109.9,18.7,85.3,17.3,24.2,4.1,18.8,3.8,50.9,VERY_HIGH,LOW,HIGH,LOW,N,29.1,22.9
2026-06-24 09:45,9,45,2,0.5556,-0.8315,0.9749,-0.2225,0,1,0,Clear,1.0,24.2,4.1,18.8,3.8,108.3,18.6,85.5,18.4,23.8,4.1,18.8,4.0,50.7,HIGH,LOW,HIGH,LOW,N,28.9,23.1
2026-06-24 10:00,10,0,2,0.5,-0.866,0.9749,-0.2225,0,0,0,Clear,1.0,23.8,4.1,18.8,4.0,25.4,25.5,21.0,22.2,5.6,5.6,4.6,4.9,20.7,LOW,LOW,LOW,LOW,N,28.0,24.0
2026-06-24 10:15,10,15,2,0.4423,-0.8969,0.9749,-0.2225,0,0,0,Clear,1.0,5.6,5.6,4.6,4.9,24.5,23.9,21.5,21.1,5.4,5.3,4.7,4.6,20.0,LOW,LOW,LOW,LOW,N,27.7,24.3
2026-06-24 10:30,10,30,2,0.3827,-0.9239,0.9749,-0.2225,0,0,0,Clear,1.0,5.4,5.3,4.7,4.6,23.9,26.0,22.5,22.1,5.3,5.7,5.0,4.9,20.9,LOW,LOW,LOW,LOW,S,27.7,24.3
2026-06-24 10:45,10,45,2,0.3214,-0.9469,0.9749,-0.2225,0,0,0,Clear,1.0,5.3,5.7,5.0,4.9,25.4,26.1,22.1,22.0,5.6,5.7,4.9,4.8,21.0,LOW,LOW,LOW,LOW,S,28.1,23.9
2026-06-24 11:00,11,0,2,0.2588,-0.9659,0.9749,-0.2225,0,0,0,Clear,1.0,5.6,5.7,4.9,4.8,41.8,41.1,34.4,34.5,9.2,9.0,7.6,7.6,33.4,MEDIUM,MEDIUM,MEDIUM,MEDIUM,N,28.4,23.6
2026-06-24 11:15,11,15,2,0.1951,-0.9808,0.9749,-0.2225,0,0,0,Clear,1.0,9.2,9.0,7.6,7.6,40.1,39.9,33.6,34.7,8.8,8.8,7.4,7.6,32.6,MEDIUM,MEDIUM,MEDIUM,MEDIUM,N,28.0,24.0
2026-06-24 11:30,11,30,2,0.1305,-0.9914,0.9749,-0.2225,0,0,0,Clear,1.0,8.8,8.8,7.4,7.6,41.4,38.9,33.7,33.6,9.1,8.6,7.4,7.4,32.5,MEDIUM,MEDIUM,MEDIUM,MEDIUM,N,28.5,23.5
2026-06-24 11:45,11,45,2,0.0654,-0.9979,0.9749,-0.2225,0,0,0,Clear,1.0,9.1,8.6,7.4,7.4,41.4,39.3,33.4,36.3,9.1,8.6,7.3,8.0,33.0,MEDIUM,MEDIUM,MEDIUM,MEDIUM,N,27.8,24.2
2026-06-24 12:00,12,0,2,0.0,-1.0,0.9749,-0.2225,0,0,0,Clear,1.0,9.1,8.6,7.3,8.0,38.4,40.8,33.3,33.3,8.4,9.0,7.3,7.3,32.0,MEDIUM,MEDIUM,MEDIUM,MEDIUM,S,28.4,23.6
2026-06-24 12:15,12,15,2,-0.0654,-0.9979,0.9749,-0.2225,0,0,0,Clear,1.0,8.4,9.0,7.3,7.3,40.2,40.2,35.2,36.2,8.8,8.8,7.7,8.0,33.3,MEDIUM,MEDIUM,MEDIUM,MEDIUM,N,27.5,24.5
2026-06-24 12:30,12,30,2,-0.1305,-0.9914,0.9749,-0.2225,0,0,0,Clear,1.0,8.8,8.8,7.7,8.0,39.2,39.5,34.8,34.1,8.6,8.7,7.7,7.5,32.5,MEDIUM,MEDIUM,MEDIUM,MEDIUM,S,27.7,24.3
2026-06-24 12:45,12,45,2,-0.1951,-0.9808,0.9749,-0.2225,0,0,0,Clear,1.0,8.6,8.7,7.7,7.5,39.9,39.7,36.0,35.2,8.8,8.7,7.9,7.7,33.1,MEDIUM,MEDIUM,MEDIUM,MEDIUM,N,27.4,24.6
2026-06-24 13:00,13,0,2,-0.2588,-0.9659,0.9749,-0.2225,0,0,0,Clear,1.0,8.8,8.7,7.9,7.7,40.5,40.1,33.8,35.2,8.9,8.8,7.4,7.7,32.8,MEDIUM,MEDIUM,MEDIUM,MEDIUM,N,27.9,24.1
2026-06-24 13:15,13,15,2,-0.3214,-0.9469,0.9749,-0.2225,0,0,0,Clear,1.0,8.9,8.8,7.4,7.7,38.7,40.2,34.7,34.2,8.5,8.8,7.6,7.5,32.4,MEDIUM,MEDIUM,MEDIUM,MEDIUM,S,27.8,24.2
2026-06-24 13:30,13,30,2,-0.3827,-0.9239,0.9749,-0.2225,0,0,0,Clear,1.0,8.5,8.8,7.6,7.5,38.6,41.9,36.1,33.5,8.5,9.2,7.9,7.4,33.0,MEDIUM,MEDIUM,MEDIUM,MEDIUM,S,27.9,24.1
2026-06-24 13:45,13,45,2,-0.4423,-0.8969,0.9749,-0.2225,0,0,0,Clear,1.0,8.5,9.2,7.9,7.4,40.0,40.0,35.2,34.9,8.8,8.8,7.7,7.7,33.0,MEDIUM,MEDIUM,MEDIUM,MEDIUM,N,27.7,24.3
2026-06-24 14:00,14,0,2,-0.5,-0.866,0.9749,-0.2225,0,0,0,Clear,1.0,8.8,8.8,7.7,7.7,39.9,39.1,34.1,35.5,8.8,8.6,7.5,7.8,32.7,MEDIUM,MEDIUM,MEDIUM,MEDIUM,N,27.6,24.4
2026-06-24 14:15,14,15,2,-0.5556,-0.8315,0.9749,-0.2225,0,0,0,Clear,1.0,8.8,8.6,7.5,7.8,41.6,40.9,34.8,35.4,9.2,9.0,7.7,7.8,33.7,MEDIUM,MEDIUM,MEDIUM,MEDIUM,N,28.1,23.9
2026-06-24 14:30,14,30,2,-0.6088,-0.7934,0.9749,-0.2225,0,0,0,Clear,1.0,9.2,9.0,7.7,7.8,40.3,41.0,33.3,35.8,8.9,9.0,7.3,7.9,33.1,MEDIUM,MEDIUM,MEDIUM,MEDIUM,S,27.9,24.1
2026-06-24 14:45,14,45,2,-0.6593,-0.7518,0.9749,-0.2225,0,0,0,Clear,1.0,8.9,9.0,7.3,7.9,40.3,39.9,35.2,35.7,8.9,8.8,7.7,7.9,33.3,MEDIUM,MEDIUM,MEDIUM,MEDIUM,N,27.6,24.4
2026-06-24 15:00,15,0,2,-0.7071,-0.7071,0.9749,-0.2225,0,0,0,Clear,1.0,8.9,8.8,7.7,7.9,39.7,38.0,33.7,36.4,8.7,8.4,7.4,8.0,32.5,MEDIUM,MEDIUM,MEDIUM,MEDIUM,N,27.2,24.8
2026-06-24 15:15,15,15,2,-0.7518,-0.6593,0.9749,-0.2225,0,0,0,Clear,1.0,8.7,8.4,7.4,8.0,41.4,40.0,34.1,34.6,9.1,8.8,7.5,7.6,33.0,MEDIUM,MEDIUM,MEDIUM,MEDIUM,N,28.3,23.7
2026-06-24 15:30,15,30,2,-0.7934,-0.6088,0.9749,-0.2225,0,0,0,Rain,1.25,9.1,8.8,7.5,7.6,47.9,48.9,42.7,41.7,10.5,10.8,9.4,9.2,39.9,MEDIUM,MEDIUM,MEDIUM,MEDIUM,S,27.8,24.2
2026-06-24 15:45,15,45,2,-0.8315,-0.5556,0.9749,-0.2225,0,0,0,Clear,1.0,10.5,10.8,9.4,9.2,40.7,39.6,36.2,36.2,9.0,8.7,8.0,8.0,33.7,MEDIUM,MEDIUM,MEDIUM,MEDIUM,N,27.4,24.6
2026-06-24 16:00,16,0,2,-0.866,-0.5,0.9749,-0.2225,0,0,1,Clear,1.0,9.0,8.7,8.0,8.0,18.2,109.8,18.5,80.9,4.0,24.2,4.1,17.8,50.1,LOW,VERY_HIGH,LOW,HIGH,S,29.7,22.3
2026-06-24 16:15,16,15,2,-0.8969,-0.4423,0.9749,-0.2225,0,0,1,Clear,1.0,4.0,24.2,4.1,17.8,17.9,107.1,17.4,84.6,3.9,23.6,3.8,18.6,49.9,LOW,HIGH,LOW,HIGH,S,28.9,23.1
2026-06-24 16:30,16,30,2,-0.9239,-0.3827,0.9749,-0.2225,0,0,1,Rain,1.25,3.9,23.6,3.8,18.6,21.8,141.3,22.9,107.3,4.8,31.1,5.0,23.6,64.5,LOW,VERY_HIGH,LOW,HIGH,S,29.3,22.7
2026-06-24 16:45,16,45,2,-0.9469,-0.3214,0.9749,-0.2225,0,0,1,Clear,1.0,4.8,31.1,5.0,23.6,17.1,112.5,18.7,86.9,3.8,24.8,4.1,19.1,51.8,LOW,VERY_HIGH,LOW,HIGH,S,29.1,22.9
2026-06-24 17:00,17,0,2,-0.9659,-0.2588,0.9749,-0.2225,0,0,1,Heavy Rain,1.5,3.8,24.8,4.1,19.1,27.7,205.0,26.2,157.8,6.1,45.1,5.8,34.7,91.7,MEDIUM,VERY_HIGH,LOW,VERY_HIGH,S,29.3,22.7
2026-06-24 17:15,17,15,2,-0.9808,-0.1951,0.9749,-0.2225,0,0,1,Clear,1.0,6.1,45.1,5.8,34.7,18.7,134.4,17.5,105.1,4.1,29.6,3.9,23.1,60.7,LOW,VERY_HIGH,LOW,HIGH,S,29.1,22.9
2026-06-24 17:30,17,30,2,-0.9914,-0.1305,0.9749,-0.2225,0,0,1,Clear,1.0,4.1,29.6,3.9,23.1,17.2,138.1,17.6,105.8,3.8,30.4,3.9,23.3,61.4,LOW,VERY_HIGH,LOW,HIGH,S,29.3,22.7
2026-06-24 17:45,17,45,2,-0.9979,-0.0654,0.9749,-0.2225,0,0,1,Clear,1.0,3.8,30.4,3.9,23.3,17.8,132.7,17.8,105.2,3.9,29.2,3.9,23.1,60.1,LOW,VERY_HIGH,LOW,HIGH,S,28.9,23.1
2026-06-24 18:00,18,0,2,-1.0,-0.0,0.9749,-0.2225,0,0,1,Clear,1.0,3.9,29.2,3.9,23.1,17.4,135.2,18.3,99.2,3.8,29.7,4.0,21.8,59.3,LOW,VERY_HIGH,LOW,HIGH,S,29.8,22.2
2026-06-24 18:15,18,15,2,-0.9979,0.0654,0.9749,-0.2225,0,0,1,Clear,1.0,3.8,29.7,4.0,21.8,18.0,136.8,18.6,106.9,4.0,30.1,4.1,23.5,61.7,LOW,VERY_HIGH,LOW,HIGH,S,29.0,23.0
2026-06-24 18:30,18,30,2,-0.9914,0.1305,0.9749,-0.2225,0,0,1,Clear,1.0,4.0,30.1,4.1,23.5,18.1,135.9,18.3,105.9,4.0,29.9,4.0,23.3,61.2,LOW,VERY_HIGH,LOW,HIGH,S,29.1,22.9
2026-06-24 18:45,18,45,2,-0.9808,0.1951,0.9749,-0.2225,0,0,1,Clear,1.0,4.0,29.9,4.0,23.3,18.6,128.6,18.8,103.6,4.1,28.3,4.1,22.8,59.3,LOW,VERY_HIGH,LOW,HIGH,S,28.6,23.4
2026-06-24 19:00,19,0,2,-0.9659,0.2588,0.9749,-0.2225,0,0,1,Clear,1.0,4.1,28.3,4.1,22.8,18.7,106.6,17.2,84.9,4.1,23.5,3.8,18.7,50.1,LOW,HIGH,LOW,HIGH,S,28.8,23.2
2026-06-24 19:15,19,15,2,-0.9469,0.3214,0.9749,-0.2225,0,0,1,Clear,1.0,4.1,23.5,3.8,18.7,17.8,112.2,18.1,88.2,3.9,24.7,4.0,19.4,52.0,LOW,VERY_HIGH,LOW,HIGH,S,28.9,23.1
2026-06-24 19:30,19,30,2,-0.9239,0.3827,0.9749,-0.2225,0,0,1,Clear,1.0,3.9,24.7,4.0,19.4,18.8,104.9,17.3,86.9,4.1,23.1,3.8,19.1,50.1,LOW,HIGH,LOW,HIGH,S,28.4,23.6
2026-06-24 19:45,19,45,2,-0.8969,0.4423,0.9749,-0.2225,0,0,1,Clear,1.0,4.1,23.1,3.8,19.1,17.3,110.7,17.9,84.5,3.8,24.4,3.9,18.6,50.7,LOW,VERY_HIGH,LOW,HIGH,S,29.3,22.7
2026-06-24 20:00,20,0,2,-0.866,0.5,0.9749,-0.2225,0,0,0,Clear,1.0,3.8,24.4,3.9,18.6,25.9,24.3,22.9,21.3,5.7,5.3,5.0,4.7,20.7,LOW,LOW,LOW,LOW,N,27.6,24.4
2026-06-24 20:15,20,15,2,-0.8315,0.5556,0.9749,-0.2225,0,0,0,Clear,1.0,5.7,5.3,5.0,4.7,24.1,25.4,22.2,22.6,5.3,5.6,4.9,5.0,20.8,LOW,LOW,LOW,LOW,S,27.4,24.6
2026-06-24 20:30,20,30,2,-0.7934,0.6088,0.9749,-0.2225,0,0,0,Clear,1.0,5.3,5.6,4.9,5.0,23.9,25.6,22.2,21.1,5.3,5.6,4.9,4.6,20.4,LOW,LOW,LOW,LOW,S,27.8,24.2
2026-06-24 20:45,20,45,2,-0.7518,0.6593,0.9749,-0.2225,0,0,0,Clear,1.0,5.3,5.6,4.9,4.6,23.8,23.9,22.6,22.2,5.2,5.3,5.0,4.9,20.4,LOW,LOW,LOW,LOW,S,26.8,25.2
2026-06-24 21:00,21,0,2,-0.7071,0.7071,0.9749,-0.2225,0,0,0,Clear,1.0,5.2,5.3,5.0,4.9,25.8,26.0,22.6,22.7,5.7,5.7,5.0,5.0,21.4,LOW,LOW,LOW,LOW,N,27.8,24.2
2026-06-24 21:15,21,15,2,-0.6593,0.7518,0.9749,-0.2225,0,0,0,Rain,1.25,5.7,5.7,5.0,5.0,31.0,31.8,26.8,27.5,6.8,7.0,5.9,6.0,25.7,MEDIUM,MEDIUM,LOW,MEDIUM,S,27.9,24.1
2026-06-24 21:30,21,30,2,-0.6088,0.7934,0.9749,-0.2225,0,0,0,Clear,1.0,6.8,7.0,5.9,6.0,24.6,25.8,22.6,21.2,5.4,5.7,5.0,4.7,20.8,LOW,LOW,LOW,LOW,S,27.8,24.2
2026-06-24 21:45,21,45,2,-0.5556,0.8315,0.9749,-0.2225,0,0,0,Clear,1.0,5.4,5.7,5.0,4.7,24.4,24.7,21.3,22.5,5.4,5.4,4.7,5.0,20.5,LOW,LOW,LOW,LOW,N,27.4,24.6
2026-06-24 22:00,22,0,2,-0.5,0.866,0.9749,-0.2225,0,0,0,Heavy Rain,1.5,5.4,5.4,4.7,5.0,35.8,37.0,32.9,34.1,7.9,8.1,7.2,7.5,30.7,MEDIUM,MEDIUM,MEDIUM,MEDIUM,S,27.1,24.9
2026-06-24 22:15,22,15,2,-0.4423,0.8969,0.9749,-0.2225,0,0,0,Clear,1.0,7.9,8.1,7.2,7.5,25.8,24.6,21.5,22.6,5.7,5.4,4.7,5.0,20.8,LOW,LOW,LOW,LOW,N,27.7,24.3
2026-06-24 22:30,22,30,2,-0.3827,0.9239,0.9749,-0.2225,0,0,0,Clear,1.0,5.7,5.4,4.7,5.0,23.8,25.2,22.4,21.7,5.2,5.5,4.9,4.8,20.4,LOW,LOW,LOW,LOW,S,27.4,24.6
2026-06-24 22:45,22,45,2,-0.3214,0.9469,0.9749,-0.2225,0,0,0,Clear,1.0,5.2,5.5,4.9,4.8,25.9,26.2,21.1,22.2,5.7,5.8,4.6,4.9,21.0,LOW,LOW,LOW,LOW,S,28.3,23.7
2026-06-24 23:00,23,0,2,-0.2588,0.9659,0.9749,-0.2225,0,0,0,Rain,1.25,5.7,5.8,4.6,4.9,7.5,7.4,6.2,6.5,1.6,1.6,1.4,1.4,6.0,LOW,LOW,LOW,LOW,N,28.0,24.0
2026-06-24 23:15,23,15,2,-0.1951,0.9808,0.9749,-0.2225,0,0,0,Clear,1.0,1.6,1.6,1.4,1.4,5.9,6.0,4.8,5.2,1.3,1.3,1.1,1.1,4.8,LOW,LOW,LOW,LOW,N,28.1,23.9
2026-06-24 23:30,23,30,2,-0.1305,0.9914,0.9749,-0.2225,0,0,0,Clear,1.0,1.3,1.3,1.1,1.1,5.7,5.7,5.1,5.1,1.3,1.3,1.1,1.1,4.8,LOW,LOW,LOW,LOW,N,27.4,24.6
2026-06-24 23:45,23,45,2,-0.0654,0.9979,0.9749,-0.2225,0,0,0,Clear,1.0,1.3,1.3,1.1,1.1,6.0,6.3,4.8,5.2,1.3,1.4,1.1,1.1,4.9,LOW,LOW,LOW,LOW,S,28.6,23.4
2026-06-25 00:00,0,0,3,0.0,1.0,0.4339,-0.901,0,0,0,Clear,1.0,1.3,1.4,1.1,1.1,6.1,6.2,4.8,5.2,1.3,1.4,1.1,1.1,4.9,LOW,LOW,LOW,LOW,S,28.5,23.5
2026-06-25 00:15,0,15,3,0.0654,0.9979,0.4339,-0.901,0,0,0,Clear,1.0,1.3,1.4,1.1,1.1,6.3,5.9,5.2,4.9,1.4,1.3,1.1,1.1,4.9,LOW,LOW,LOW,LOW,N,28.5,23.5
2026-06-25 00:30,0,30,3,0.1305,0.9914,0.4339,-0.901,0,0,0,Clear,1.0,1.4,1.3,1.1,1.1,6.0,6.1,5.0,4.9,1.3,1.3,1.1,1.1,4.8,LOW,LOW,LOW,LOW,N,28.6,23.4
2026-06-25 00:45,0,45,3,0.1951,0.9808,0.4339,-0.901,0,0,0,Clear,1.0,1.3,1.3,1.1,1.1,6.2,6.3,5.0,5.0,1.4,1.4,1.1,1.1,5.0,LOW,LOW,LOW,LOW,N,28.9,23.1
2026-06-25 01:00,1,0,3,0.2588,0.9659,0.4339,-0.901,0,0,0,Clear,1.0,1.4,1.4,1.1,1.1,6.2,5.9,5.2,5.0,1.4,1.3,1.1,1.1,4.9,LOW,LOW,LOW,LOW,N,28.2,23.8
2026-06-25 01:15,1,15,3,0.3214,0.9469,0.4339,-0.901,0,0,0,Clear,1.0,1.4,1.3,1.1,1.1,5.8,5.8,4.8,4.9,1.3,1.3,1.1,1.1,4.8,LOW,LOW,LOW,LOW,N,28.3,23.7
2026-06-25 01:30,1,30,3,0.3827,0.9239,0.4339,-0.901,0,0,0,Rain,1.25,1.3,1.3,1.1,1.1,7.2,7.7,6.1,6.5,1.6,1.7,1.3,1.4,6.0,LOW,LOW,LOW,LOW,S,28.2,23.8
2026-06-25 01:45,1,45,3,0.4423,0.8969,0.4339,-0.901,0,0,0,Clear,1.0,1.6,1.7,1.3,1.4,5.7,5.8,4.9,4.8,1.3,1.3,1.1,1.1,4.8,LOW,LOW,LOW,LOW,N,28.2,23.8
2026-06-25 02:00,2,0,3,0.5,0.866,0.4339,-0.901,0,0,0,Clear,1.0,1.3,1.3,1.1,1.1,5.8,6.2,5.1,5.0,1.3,1.4,1.1,1.1,4.9,LOW,LOW,LOW,LOW,S,28.4,23.6
2026-06-25 02:15,2,15,3,0.5556,0.8315,0.4339,-0.901,0,0,0,Clear,1.0,1.3,1.4,1.1,1.1,5.8,6.0,4.8,5.1,1.3,1.3,1.1,1.1,4.8,LOW,LOW,LOW,LOW,N,28.2,23.8
2026-06-25 02:30,2,30,3,0.6088,0.7934,0.4339,-0.901,0,0,0,Clear,1.0,1.3,1.3,1.1,1.1,6.1,5.8,5.0,5.2,1.3,1.3,1.1,1.1,4.8,LOW,LOW,LOW,LOW,N,28.0,24.0
2026-06-25 02:45,2,45,3,0.6593,0.7518,0.4339,-0.901,0,0,0,Clear,1.0,1.3,1.3,1.1,1.1,6.2,5.8,5.2,4.9,1.4,1.3,1.1,1.1,4.9,LOW,LOW,LOW,LOW,N,28.3,23.7
2026-06-25 03:00,3,0,3,0.7071,0.7071,0.4339,-0.901,0,0,0,Clear,1.0,1.4,1.3,1.1,1.1,5.7,6.2,4.9,5.0,1.3,1.4,1.1,1.1,4.9,LOW,LOW,LOW,LOW,S,28.6,23.4
2026-06-25 03:15,3,15,3,0.7518,0.6593,0.4339,-0.901,0,0,0,Clear,1.0,1.3,1.4,1.1,1.1,6.1,6.2,5.0,4.9,1.3,1.4,1.1,1.1,4.9,LOW,LOW,LOW,LOW,S,28.8,23.2
2026-06-25 03:30,3,30,3,0.7934,0.6088,0.4339,-0.901,0,0,0,Rain,1.25,1.3,1.4,1.1,1.1,7.8,7.3,6.5,6.3,1.7,1.6,1.4,1.4,6.1,LOW,LOW,LOW,LOW,N,28.3,23.7
2026-06-25 03:45,3,45,3,0.8315,0.5556,0.4339,-0.901,0,0,0,Clear,1.0,1.7,1.6,1.4,1.4,6.3,5.9,5.2,4.9,1.4,1.3,1.1,1.1,4.9,LOW,LOW,LOW,LOW,N,28.5,23.5
2026-06-25 04:00,4,0,3,0.866,0.5,0.4339,-0.901,0,0,0,Rain,1.25,1.4,1.3,1.1,1.1,7.4,7.6,6.5,6.2,1.6,1.7,1.4,1.4,6.1,LOW,LOW,LOW,LOW,S,28.1,23.9
2026-06-25 04:15,4,15,3,0.8969,0.4423,0.4339,-0.901,0,0,0,Clear,1.0,1.6,1.7,1.4,1.4,6.2,5.8,5.0,5.1,1.4,1.3,1.1,1.1,4.9,LOW,LOW,LOW,LOW,N,28.4,23.6
2026-06-25 04:30,4,30,3,0.9239,0.3827,0.4339,-0.901,0,0,0,Clear,1.0,1.4,1.3,1.1,1.1,6.0,6.1,5.0,4.8,1.3,1.3,1.1,1.1,4.8,LOW,LOW,LOW,LOW,N,28.7,23.3
2026-06-25 04:45,4,45,3,0.9469,0.3214,0.4339,-0.901,0,0,0,Clear,1.0,1.3,1.3,1.1,1.1,6.3,6.2,4.8,5.1,1.4,1.4,1.1,1.1,5.0,LOW,LOW,LOW,LOW,N,28.9,23.1
2026-06-25 05:00,5,0,3,0.9659,0.2588,0.4339,-0.901,0,0,0,Clear,1.0,1.4,1.4,1.1,1.1,5.7,6.2,5.1,4.9,1.3,1.4,1.1,1.1,4.9,LOW,LOW,LOW,LOW,S,28.4,23.6
2026-06-25 05:15,5,15,3,0.9808,0.1951,0.4339,-0.901,0,0,0,Clear,1.0,1.3,1.4,1.1,1.1,6.3,6.2,5.2,5.2,1.4,1.4,1.1,1.1,5.0,LOW,LOW,LOW,LOW,N,28.4,23.6
2026-06-25 05:30,5,30,3,0.9914,0.1305,0.4339,-0.901,0,0,0,Rain,1.25,1.4,1.4,1.1,1.1,7.5,7.4,6.3,6.3,1.6,1.6,1.4,1.4,6.0,LOW,LOW,LOW,LOW,N,28.2,23.8
2026-06-25 05:45,5,45,3,0.9979,0.0654,0.4339,-0.901,0,0,0,Rain,1.25,1.6,1.6,1.4,1.4,7.5,7.2,6.1,6.5,1.6,1.6,1.3,1.4,5.9,LOW,LOW,LOW,LOW,N,27.9,24.1
2026-06-25 06:00,6,0,3,1.0,0.0,0.4339,-0.901,0,0,0,Clear,1.0,1.6,1.6,1.3,1.4,25.0,24.1,21.1,21.4,5.5,5.3,4.6,4.7,20.1,LOW,LOW,LOW,LOW,N,27.9,24.1
2026-06-25 06:15,6,15,3,0.9979,-0.0654,0.4339,-0.901,0,0,0,Rain,1.25,5.5,5.3,4.6,4.7,29.9,32.0,27.7,26.7,6.6,7.0,6.1,5.9,25.6,MEDIUM,MEDIUM,MEDIUM,LOW,S,27.8,24.2
2026-06-25 06:30,6,30,3,0.9914,-0.1305,0.4339,-0.901,0,0,0,Clear,1.0,6.6,7.0,6.1,5.9,26.0,24.7,22.2,22.7,5.7,5.4,4.9,5.0,21.0,LOW,LOW,LOW,LOW,N,27.7,24.3
2026-06-25 06:45,6,45,3,0.9808,-0.1951,0.4339,-0.901,0,0,0,Clear,1.0,5.7,5.4,4.9,5.0,25.9,25.3,22.3,21.5,5.7,5.6,4.9,4.7,20.9,LOW,LOW,LOW,LOW,N,28.0,24.0
2026-06-25 07:00,7,0,3,0.9659,-0.2588,0.4339,-0.901,0,1,0,Clear,1.0,5.7,5.6,4.9,4.7,115.1,18.6,88.8,18.5,25.3,4.1,19.5,4.1,53.0,VERY_HIGH,LOW,HIGH,LOW,N,29.2,22.8
2026-06-25 07:15,7,15,3,0.9469,-0.3214,0.4339,-0.901,0,1,0,Rain,1.25,25.3,4.1,19.5,4.1,138.3,21.4,106.8,22.6,30.4,4.7,23.5,5.0,63.6,VERY_HIGH,LOW,HIGH,LOW,N,29.1,22.9
2026-06-25 07:30,7,30,3,0.9239,-0.3827,0.4339,-0.901,0,1,0,Clear,1.0,30.4,4.7,23.5,5.0,111.7,18.3,81.9,17.8,24.6,4.0,18.0,3.9,50.5,VERY_HIGH,LOW,HIGH,LOW,N,29.8,22.2
2026-06-25 07:45,7,45,3,0.8969,-0.4423,0.4339,-0.901,0,1,0,Rain,1.25,24.6,4.0,18.0,3.9,139.5,22.0,102.8,22.8,30.7,4.8,22.6,5.0,63.1,VERY_HIGH,LOW,HIGH,LOW,N,29.7,22.3
2026-06-25 08:00,8,0,3,0.866,-0.5,0.4339,-0.901,0,1,0,Clear,1.0,30.7,4.8,22.6,5.0,149.2,17.4,114.7,18.6,32.8,3.8,25.2,4.1,65.9,VERY_HIGH,LOW,VERY_HIGH,LOW,N,29.2,22.8
2026-06-25 08:15,8,15,3,0.8315,-0.5556,0.4339,-0.901,0,1,0,Clear,1.0,32.8,3.8,25.2,4.1,137.3,17.4,111.4,17.5,30.2,3.8,24.5,3.9,62.4,VERY_HIGH,LOW,VERY_HIGH,LOW,N,28.6,23.4
2026-06-25 08:30,8,30,3,0.7934,-0.6088,0.4339,-0.901,0,1,0,Clear,1.0,30.2,3.8,24.5,3.9,137.8,18.5,109.1,17.2,30.3,4.1,24.0,3.8,62.2,VERY_HIGH,LOW,VERY_HIGH,LOW,N,28.9,23.1
2026-06-25 08:45,8,45,3,0.7518,-0.6593,0.4339,-0.901,0,1,0,Clear,1.0,30.3,4.1,24.0,3.8,147.6,18.2,109.5,17.3,32.5,4.0,24.1,3.8,64.4,VERY_HIGH,LOW,VERY_HIGH,LOW,N,29.7,22.3
2026-06-25 09:00,9,0,3,0.7071,-0.7071,0.4339,-0.901,0,1,0,Rain,1.25,32.5,4.0,24.1,3.8,139.8,21.4,109.8,23.1,30.8,4.7,24.2,5.1,64.8,VERY_HIGH,LOW,VERY_HIGH,LOW,N,28.9,23.1
2026-06-25 09:15,9,15,3,0.6593,-0.7518,0.4339,-0.901,0,1,0,Clear,1.0,30.8,4.7,24.2,5.1,105.8,18.4,89.0,18.5,23.3,4.0,19.6,4.1,51.0,HIGH,LOW,HIGH,LOW,N,28.1,23.9
2026-06-25 09:30,9,30,3,0.6088,-0.7934,0.4339,-0.901,0,1,0,Heavy Rain,1.5,23.3,4.0,19.6,4.1,163.5,28.3,124.3,27.1,36.0,6.2,27.3,6.0,75.5,VERY_HIGH,MEDIUM,VERY_HIGH,MEDIUM,N,29.4,22.6
2026-06-25 09:45,9,45,3,0.5556,-0.8315,0.4339,-0.901,0,1,0,Clear,1.0,36.0,6.2,27.3,6.0,105.1,18.7,89.2,18.2,23.1,4.1,19.6,4.0,50.8,HIGH,LOW,HIGH,LOW,N,28.0,24.0
2026-06-25 10:00,10,0,3,0.5,-0.866,0.4339,-0.901,0,0,0,Heavy Rain,1.5,23.1,4.1,19.6,4.0,38.7,39.1,33.2,32.3,8.5,8.6,7.3,7.1,31.5,MEDIUM,MEDIUM,MEDIUM,MEDIUM,S,28.2,23.8
2026-06-25 10:15,10,15,3,0.4423,-0.8969,0.4339,-0.901,0,0,0,Clear,1.0,8.5,8.6,7.3,7.1,25.7,25.4,22.1,22.1,5.7,5.6,4.9,4.9,21.1,LOW,LOW,LOW,LOW,N,27.9,24.1
2026-06-25 10:30,10,30,3,0.3827,-0.9239,0.4339,-0.901,0,0,0,Clear,1.0,5.7,5.6,4.9,4.9,26.1,26.1,21.9,22.4,5.7,5.7,4.8,4.9,21.1,LOW,LOW,LOW,LOW,N,28.1,23.9
2026-06-25 10:45,10,45,3,0.3214,-0.9469,0.4339,-0.901,0,0,0,Clear,1.0,5.7,5.7,4.8,4.9,24.1,25.5,21.4,22.9,5.3,5.6,4.7,5.0,20.6,LOW,LOW,LOW,LOW,S,27.4,24.6
2026-06-25 11:00,11,0,3,0.2588,-0.9659,0.4339,-0.901,0,0,0,Rain,1.25,5.3,5.6,4.7,5.0,49.6,52.5,45.8,44.9,10.9,11.6,10.1,9.9,42.5,MEDIUM,MEDIUM,MEDIUM,MEDIUM,S,27.7,24.3
2026-06-25 11:15,11,15,3,0.1951,-0.9808,0.4339,-0.901,0,0,0,Clear,1.0,10.9,11.6,10.1,9.9,41.5,41.7,33.6,34.4,9.1,9.2,7.4,7.6,33.3,MEDIUM,MEDIUM,MEDIUM,MEDIUM,S,28.6,23.4
2026-06-25 11:30,11,30,3,0.1305,-0.9914,0.4339,-0.901,0,0,0,Clear,1.0,9.1,9.2,7.4,7.6,38.2,40.1,34.3,33.9,8.4,8.8,7.5,7.5,32.2,MEDIUM,MEDIUM,MEDIUM,MEDIUM,S,27.9,24.1
2026-06-25 11:45,11,45,3,0.0654,-0.9979,0.4339,-0.901,0,0,0,Clear,1.0,8.4,8.8,7.5,7.5,39.0,38.9,35.4,36.1,8.6,8.6,7.8,7.9,32.9,MEDIUM,MEDIUM,MEDIUM,MEDIUM,N,27.1,24.9
2026-06-25 12:00,12,0,3,0.0,-1.0,0.4339,-0.901,0,0,0,Clear,1.0,8.6,8.6,7.8,7.9,41.6,40.6,34.1,35.4,9.2,8.9,7.5,7.8,33.4,MEDIUM,MEDIUM,MEDIUM,MEDIUM,N,28.1,23.9
2026-06-25 12:15,12,15,3,-0.0654,-0.9979,0.4339,-0.901,0,0,0,Clear,1.0,9.2,8.9,7.5,7.8,41.3,41.7,36.6,36.6,9.1,9.2,8.1,8.1,34.5,MEDIUM,MEDIUM,MEDIUM,MEDIUM,S,27.7,24.3
2026-06-25 12:30,12,30,3,-0.1305,-0.9914,0.4339,-0.901,0,0,0,Clear,1.0,9.1,9.2,8.1,8.1,41.4,40.0,35.0,34.3,9.1,8.8,7.7,7.5,33.1,MEDIUM,MEDIUM,MEDIUM,MEDIUM,N,28.1,23.9
2026-06-25 12:45,12,45,3,-0.1951,-0.9808,0.4339,-0.901,0,0,0,Clear,1.0,9.1,8.8,7.7,7.5,39.9,41.7,35.1,35.3,8.8,9.2,7.7,7.8,33.5,MEDIUM,MEDIUM,MEDIUM,MEDIUM,S,28.0,24.0
2026-06-25 13:00,13,0,3,-0.2588,-0.9659,0.4339,-0.901,0,0,0,Clear,1.0,8.8,9.2,7.7,7.8,41.9,40.1,36.5,36.0,9.2,8.8,8.0,7.9,33.9,MEDIUM,MEDIUM,MEDIUM,MEDIUM,N,27.7,24.3
2026-06-25 13:15,13,15,3,-0.3214,-0.9469,0.4339,-0.901,0,0,0,Rain,1.25,9.2,8.8,8.0,7.9,48.5,49.3,41.8,45.8,10.7,10.8,9.2,10.1,40.8,MEDIUM,MEDIUM,MEDIUM,MEDIUM,S,27.2,24.8
2026-06-25 13:30,13,30,3,-0.3827,-0.9239,0.4339,-0.901,0,0,0,Rain,1.25,10.7,10.8,9.2,10.1,48.2,49.0,41.7,42.1,10.6,10.8,9.2,9.3,39.9,MEDIUM,MEDIUM,MEDIUM,MEDIUM,S,27.9,24.1
2026-06-25 13:45,13,45,3,-0.4423,-0.8969,0.4339,-0.901,0,0,0,Clear,1.0,10.6,10.8,9.2,9.3,41.5,40.4,36.4,34.3,9.1,8.9,8.0,7.5,33.5,MEDIUM,MEDIUM,MEDIUM,MEDIUM,N,27.8,24.2
2026-06-25 14:00,14,0,3,-0.5,-0.866,0.4339,-0.901,0,0,0,Clear,1.0,9.1,8.9,8.0,7.5,39.5,38.8,35.2,34.8,8.7,8.5,7.7,7.7,32.6,MEDIUM,MEDIUM,MEDIUM,MEDIUM,N,27.5,24.5
2026-06-25 14:15,14,15,3,-0.5556,-0.8315,0.4339,-0.901,0,0,0,Clear,1.0,8.7,8.5,7.7,7.7,39.8,38.4,36.0,35.4,8.8,8.4,7.9,7.8,32.9,MEDIUM,MEDIUM,MEDIUM,MEDIUM,N,27.2,24.8
2026-06-25 14:30,14,30,3,-0.6088,-0.7934,0.4339,-0.901,0,0,0,Clear,1.0,8.8,8.4,7.9,7.8,40.1,41.6,35.5,36.7,8.8,9.2,7.8,8.1,33.9,MEDIUM,MEDIUM,MEDIUM,MEDIUM,S,27.6,24.4
2026-06-25 14:45,14,45,3,-0.6593,-0.7518,0.4339,-0.901,0,0,0,Clear,1.0,8.8,9.2,7.8,8.1,38.9,40.9,33.3,36.3,8.6,9.0,7.3,8.0,32.9,MEDIUM,MEDIUM,MEDIUM,MEDIUM,S,27.7,24.3
2026-06-25 15:00,15,0,3,-0.7071,-0.7071,0.4339,-0.901,0,0,0,Clear,1.0,8.6,9.0,7.3,8.0,41.5,41.5,35.9,36.0,9.1,9.1,7.9,7.9,34.0,MEDIUM,MEDIUM,MEDIUM,MEDIUM,N,27.9,24.1
2026-06-25 15:15,15,15,3,-0.7518,-0.6593,0.4339,-0.901,0,0,0,Clear,1.0,9.1,9.1,7.9,7.9,38.7,41.5,36.1,35.5,8.5,9.1,7.9,7.8,33.3,MEDIUM,MEDIUM,MEDIUM,MEDIUM,S,27.6,24.4
2026-06-25 15:30,15,30,3,-0.7934,-0.6088,0.4339,-0.901,0,0,0,Rain,1.25,8.5,9.1,7.9,7.8,49.8,48.1,41.8,42.6,11.0,10.6,9.2,9.4,40.2,MEDIUM,MEDIUM,MEDIUM,MEDIUM,N,28.0,24.0
2026-06-25 15:45,15,45,3,-0.8315,-0.5556,0.4339,-0.901,0,0,0,Clear,1.0,11.0,10.6,9.2,9.4,39.7,41.9,34.4,34.4,8.7,9.2,7.6,7.6,33.1,MEDIUM,MEDIUM,MEDIUM,MEDIUM,S,28.4,23.6
2026-06-25 16:00,16,0,3,-0.866,-0.5,0.4339,-0.901,0,0,1,Clear,1.0,8.7,9.2,7.6,7.6,18.5,105.2,17.3,83.2,4.1,23.1,3.8,18.3,49.3,LOW,HIGH,LOW,HIGH,S,28.9,23.1
2026-06-25 16:15,16,15,3,-0.8969,-0.4423,0.4339,-0.901,0,0,1,Clear,1.0,4.1,23.1,3.8,18.3,17.9,104.8,18.3,84.0,3.9,23.1,4.0,18.5,49.5,LOW,HIGH,LOW,HIGH,S,28.7,23.3
2026-06-25 16:30,16,30,3,-0.9239,-0.3827,0.4339,-0.901,0,0,1,Clear,1.0,3.9,23.1,4.0,18.5,17.2,106.8,17.6,86.3,3.8,23.5,3.9,19.0,50.2,LOW,HIGH,LOW,HIGH,S,28.6,23.4
2026-06-25 16:45,16,45,3,-0.9469,-0.3214,0.4339,-0.901,0,0,1,Clear,1.0,3.8,23.5,3.9,19.0,17.1,108.6,17.6,83.9,3.8,23.9,3.9,18.5,50.1,LOW,HIGH,LOW,HIGH,S,29.1,22.9
2026-06-25 17:00,17,0,3,-0.9659,-0.2588,0.4339,-0.901,0,0,1,Clear,1.0,3.8,23.9,3.9,18.5,18.2,136.2,18.2,99.9,4.0,30.0,4.0,22.0,60.0,LOW,VERY_HIGH,LOW,HIGH,S,29.8,22.2
2026-06-25 17:15,17,15,3,-0.9808,-0.1951,0.4339,-0.901,0,0,1,Clear,1.0,4.0,30.0,4.0,22.0,17.8,134.0,18.6,104.8,3.9,29.5,4.1,23.1,60.6,LOW,VERY_HIGH,LOW,HIGH,S,29.0,23.0
2026-06-25 17:30,17,30,3,-0.9914,-0.1305,0.4339,-0.901,0,0,1,Clear,1.0,3.9,29.5,4.1,23.1,17.6,136.9,18.3,97.8,3.9,30.1,4.0,21.5,59.5,LOW,VERY_HIGH,LOW,HIGH,S,30.1,21.9
2026-06-25 17:45,17,45,3,-0.9979,-0.0654,0.4339,-0.901,0,0,1,Clear,1.0,3.9,30.1,4.0,21.5,17.5,129.5,17.6,105.1,3.9,28.5,3.9,23.1,59.4,LOW,VERY_HIGH,LOW,HIGH,S,28.6,23.4
2026-06-25 18:00,18,0,3,-1.0,-0.0,0.4339,-0.901,0,0,1,Clear,1.0,3.9,28.5,3.9,23.1,17.2,137.9,17.9,106.8,3.8,30.3,3.9,23.5,61.5,LOW,VERY_HIGH,LOW,HIGH,S,29.1,22.9
2026-06-25 18:15,18,15,3,-0.9979,0.0654,0.4339,-0.901,0,0,1,Clear,1.0,3.8,30.3,3.9,23.5,17.3,138.5,18.9,98.6,3.8,30.5,4.2,21.7,60.2,LOW,VERY_HIGH,LOW,HIGH,S,30.1,21.9
2026-06-25 18:30,18,30,3,-0.9914,0.1305,0.4339,-0.901,0,0,1,Rain,1.25,3.8,30.5,4.2,21.7,21.9,158.3,22.9,131.0,4.8,34.8,5.0,28.8,73.4,LOW,VERY_HIGH,LOW,VERY_HIGH,S,28.3,23.7
2026-06-25 18:45,18,45,3,-0.9808,0.1951,0.4339,-0.901,0,0,1,Clear,1.0,4.8,34.8,5.0,28.8,17.2,126.6,17.2,106.5,3.8,27.9,3.8,23.4,58.9,LOW,VERY_HIGH,LOW,HIGH,S,28.1,23.9
2026-06-25 19:00,19,0,3,-0.9659,0.2588,0.4339,-0.901,0,0,1,Clear,1.0,3.8,27.9,3.8,23.4,18.8,111.5,18.1,88.1,4.1,24.5,4.0,19.4,52.0,LOW,VERY_HIGH,LOW,HIGH,S,28.9,23.1
2026-06-25 19:15,19,15,3,-0.9469,0.3214,0.4339,-0.901,0,0,1,Clear,1.0,4.1,24.5,4.0,19.4,18.1,105.2,18.6,84.4,4.0,23.1,4.1,18.6,49.8,LOW,HIGH,LOW,HIGH,S,28.6,23.4
2026-06-25 19:30,19,30,3,-0.9239,0.3827,0.4339,-0.901,0,0,1,Clear,1.0,4.0,23.1,4.1,18.6,18.4,109.8,18.1,84.3,4.0,24.2,4.0,18.5,50.7,LOW,VERY_HIGH,LOW,HIGH,S,29.2,22.8
2026-06-25 19:45,19,45,3,-0.8969,0.4423,0.4339,-0.901,0,0,1,Clear,1.0,4.0,24.2,4.0,18.5,17.7,109.8,17.6,82.4,3.9,24.2,3.9,18.1,50.1,LOW,VERY_HIGH,LOW,HIGH,S,29.5,22.5
2026-06-25 20:00,20,0,3,-0.866,0.5,0.4339,-0.901,0,0,0,Clear,1.0,3.9,24.2,3.9,18.1,24.6,24.1,22.2,21.5,5.4,5.3,4.9,4.7,20.3,LOW,LOW,LOW,LOW,N,27.4,24.6
2026-06-25 20:15,20,15,3,-0.8315,0.5556,0.4339,-0.901,0,0,0,Clear,1.0,5.4,5.3,4.9,4.7,24.4,24.7,21.4,21.8,5.4,5.4,4.7,4.8,20.3,LOW,LOW,LOW,LOW,N,27.6,24.4
2026-06-25 20:30,20,30,3,-0.7934,0.6088,0.4339,-0.901,0,0,0,Clear,1.0,5.4,5.4,4.7,4.8,24.7,24.2,21.3,22.2,5.4,5.3,4.7,4.9,20.3,LOW,LOW,LOW,LOW,N,27.5,24.5
2026-06-25 20:45,20,45,3,-0.7518,0.6593,0.4339,-0.901,0,0,0,Clear,1.0,5.4,5.3,4.7,4.9,24.2,24.8,22.8,22.7,5.3,5.5,5.0,5.0,20.8,LOW,LOW,LOW,LOW,S,27.0,25.0
2026-06-25 21:00,21,0,3,-0.7071,0.7071,0.4339,-0.901,0,0,0,Clear,1.0,5.3,5.5,5.0,5.0,25.0,24.5,20.9,21.4,5.5,5.4,4.6,4.7,20.2,LOW,LOW,LOW,LOW,N,28.0,24.0
2026-06-25 21:15,21,15,3,-0.6593,0.7518,0.4339,-0.901,0,0,0,Clear,1.0,5.5,5.4,4.6,4.7,24.8,24.8,22.1,21.9,5.5,5.5,4.9,4.8,20.7,LOW,LOW,LOW,LOW,N,27.5,24.5
2026-06-25 21:30,21,30,3,-0.6088,0.7934,0.4339,-0.901,0,0,0,Clear,1.0,5.5,5.5,4.9,4.8,25.4,24.3,21.6,22.7,5.6,5.3,4.8,5.0,20.7,LOW,LOW,LOW,LOW,N,27.5,24.5
2026-06-25 21:45,21,45,3,-0.5556,0.8315,0.4339,-0.901,0,0,0,Clear,1.0,5.6,5.3,4.8,5.0,24.6,23.9,21.9,21.3,5.4,5.3,4.8,4.7,20.2,LOW,LOW,LOW,LOW,N,27.5,24.5
2026-06-25 22:00,22,0,3,-0.5,0.866,0.4339,-0.901,0,0,0,Rain,1.25,5.4,5.3,4.8,4.7,32.4,31.1,28.7,28.6,7.1,6.8,6.3,6.3,26.5,MEDIUM,MEDIUM,MEDIUM,MEDIUM,N,27.5,24.5
2026-06-25 22:15,22,15,3,-0.4423,0.8969,0.4339,-0.901,0,0,0,Clear,1.0,7.1,6.8,6.3,6.3,25.2,25.5,22.1,21.3,5.5,5.6,4.9,4.7,20.7,LOW,LOW,LOW,LOW,S,27.9,24.1
2026-06-25 22:30,22,30,3,-0.3827,0.9239,0.4339,-0.901,0,0,0,Clear,1.0,5.5,5.6,4.9,4.7,24.5,25.7,21.6,22.1,5.4,5.7,4.8,4.9,20.8,LOW,LOW,LOW,LOW,S,27.9,24.1
2026-06-25 22:45,22,45,3,-0.3214,0.9469,0.4339,-0.901,0,0,0,Clear,1.0,5.4,5.7,4.8,4.9,25.8,25.7,21.4,21.9,5.7,5.7,4.7,4.8,20.9,LOW,LOW,LOW,LOW,N,28.2,23.8
2026-06-25 23:00,23,0,3,-0.2588,0.9659,0.4339,-0.901,0,0,0,Clear,1.0,5.7,5.7,4.7,4.8,6.1,5.8,5.0,4.8,1.3,1.3,1.1,1.1,4.8,LOW,LOW,LOW,LOW,N,28.5,23.5
2026-06-25 23:15,23,15,3,-0.1951,0.9808,0.4339,-0.901,0,0,0,Clear,1.0,1.3,1.3,1.1,1.1,5.7,5.9,5.1,5.0,1.3,1.3,1.1,1.1,4.8,LOW,LOW,LOW,LOW,N,27.8,24.2
2026-06-25 23:30,23,30,3,-0.1305,0.9914,0.4339,-0.901,0,0,0,Heavy Rain,1.5,1.3,1.3,1.1,1.1,8.9,9.3,7.2,7.8,2.0,2.0,1.6,1.7,7.3,LOW,LOW,LOW,LOW,N,28.4,23.6
2026-06-25 23:45,23,45,3,-0.0654,0.9979,0.4339,-0.901,0,0,0,Clear,1.0,2.0,2.0,1.6,1.7,6.2,5.7,5.1,5.2,1.4,1.3,1.1,1.1,4.9,LOW,LOW,LOW,LOW,N,28.1,23.9
2026-06-26 00:00,0,0,4,0.0,1.0,-0.4339,-0.901,0,0,0,Clear,1.0,1.4,1.3,1.1,1.1,6.2,6.0,4.9,5.1,1.4,1.3,1.1,1.1,4.9,LOW,LOW,LOW,LOW,N,28.6,23.4
2026-06-26 00:15,0,15,4,0.0654,0.9979,-0.4339,-0.901,0,0,0,Clear,1.0,1.4,1.3,1.1,1.1,6.2,6.2,5.2,4.8,1.4,1.4,1.1,1.1,5.0,LOW,LOW,LOW,LOW,N,28.5,23.5
2026-06-26 00:30,0,30,4,0.1305,0.9914,-0.4339,-0.901,0,0,0,Rain,1.25,1.4,1.4,1.1,1.1,7.3,7.3,6.2,6.1,1.6,1.6,1.4,1.3,5.9,LOW,LOW,LOW,LOW,N,28.2,23.8
2026-06-26 00:45,0,45,4,0.1951,0.9808,-0.4339,-0.901,0,0,0,Heavy Rain,1.5,1.6,1.6,1.4,1.3,9.3,9.2,7.1,7.5,2.0,2.0,1.6,1.6,7.2,LOW,LOW,LOW,LOW,N,28.9,23.1
2026-06-26 01:00,1,0,4,0.2588,0.9659,-0.4339,-0.901,0,0,0,Clear,1.0,2.0,2.0,1.6,1.6,6.2,5.9,5.2,5.0,1.4,1.3,1.1,1.1,4.9,LOW,LOW,LOW,LOW,N,28.2,23.8
2026-06-26 01:15,1,15,4,0.3214,0.9469,-0.4339,-0.901,0,0,0,Clear,1.0,1.4,1.3,1.1,1.1,6.3,6.2,5.2,5.1,1.4,1.4,1.1,1.1,5.0,LOW,LOW,LOW,LOW,N,28.5,23.5
2026-06-26 01:30,1,30,4,0.3827,0.9239,-0.4339,-0.901,0,0,0,Clear,1.0,1.4,1.4,1.1,1.1,6.0,6.0,5.1,4.8,1.3,1.3,1.1,1.1,4.8,LOW,LOW,LOW,LOW,N,28.3,23.7
2026-06-26 01:45,1,45,4,0.4423,0.8969,-0.4339,-0.901,0,0,0,Clear,1.0,1.3,1.3,1.1,1.1,6.2,6.0,5.1,4.8,1.4,1.3,1.1,1.1,4.9,LOW,LOW,LOW,LOW,N,28.6,23.4
2026-06-26 02:00,2,0,4,0.5,0.866,-0.4339,-0.901,0,0,0,Clear,1.0,1.4,1.3,1.1,1.1,6.3,5.8,5.1,5.1,1.4,1.3,1.1,1.1,4.9,LOW,LOW,LOW,LOW,N,28.5,23.5
2026-06-26 02:15,2,15,4,0.5556,0.8315,-0.4339,-0.901,0,0,0,Clear,1.0,1.4,1.3,1.1,1.1,6.3,5.8,5.0,5.2,1.4,1.3,1.1,1.1,4.9,LOW,LOW,LOW,LOW,N,28.3,23.7
2026-06-26 02:30,2,30,4,0.6088,0.7934,-0.4339,-0.901,0,0,0,Clear,1.0,1.4,1.3,1.1,1.1,5.9,5.8,4.9,5.1,1.3,1.3,1.1,1.1,4.8,LOW,LOW,LOW,LOW,N,28.0,24.0
2026-06-26 02:45,2,45,4,0.6593,0.7518,-0.4339,-0.901,0,0,0,Clear,1.0,1.3,1.3,1.1,1.1,5.8,5.8,5.1,4.8,1.3,1.3,1.1,1.1,4.8,LOW,LOW,LOW,LOW,N,27.9,24.1
2026-06-26 03:00,3,0,4,0.7071,0.7071,-0.4339,-0.901,0,0,0,Clear,1.0,1.3,1.3,1.1,1.1,6.0,5.8,4.9,5.1,1.3,1.3,1.1,1.1,4.8,LOW,LOW,LOW,LOW,N,28.1,23.9
2026-06-26 03:15,3,15,4,0.7518,0.6593,-0.4339,-0.901,0,0,0,Rain,1.25,1.3,1.3,1.1,1.1,7.8,7.7,6.5,6.1,1.7,1.7,1.4,1.3,6.1,LOW,LOW,LOW,LOW,N,28.5,23.5
2026-06-26 03:30,3,30,4,0.7934,0.6088,-0.4339,-0.901,0,0,0,Clear,1.0,1.7,1.7,1.4,1.3,6.2,6.2,5.0,5.0,1.4,1.4,1.1,1.1,5.0,LOW,LOW,LOW,LOW,N,28.8,23.2
2026-06-26 03:45,3,45,4,0.8315,0.5556,-0.4339,-0.901,0,0,0,Rain,1.25,1.4,1.4,1.1,1.1,7.7,7.6,6.5,6.1,1.7,1.7,1.4,1.3,6.1,LOW,LOW,LOW,LOW,N,28.4,23.6
2026-06-26 04:00,4,0,4,0.866,0.5,-0.4339,-0.901,0,0,0,Clear,1.0,1.7,1.7,1.4,1.3,6.0,5.8,4.8,5.2,1.3,1.3,1.1,1.1,4.8,LOW,LOW,LOW,LOW,N,28.0,24.0
2026-06-26 04:15,4,15,4,0.8969,0.4423,-0.4339,-0.901,0,0,0,Clear,1.0,1.3,1.3,1.1,1.1,5.7,5.8,4.9,4.8,1.3,1.3,1.1,1.1,4.8,LOW,LOW,LOW,LOW,N,28.2,23.8
2026-06-26 04:30,4,30,4,0.9239,0.3827,-0.4339,-0.901,0,0,0,Clear,1.0,1.3,1.3,1.1,1.1,6.2,6.2,4.8,4.8,1.4,1.4,1.1,1.1,5.0,LOW,LOW,LOW,LOW,N,29.3,22.7
2026-06-26 04:45,4,45,4,0.9469,0.3214,-0.4339,-0.901,0,0,0,Clear,1.0,1.4,1.4,1.1,1.1,5.9,5.9,4.9,4.8,1.3,1.3,1.1,1.1,4.8,LOW,LOW,LOW,LOW,N,28.5,23.5
2026-06-26 05:00,5,0,4,0.9659,0.2588,-0.4339,-0.901,0,0,0,Clear,1.0,1.3,1.3,1.1,1.1,6.1,6.2,4.9,5.2,1.3,1.4,1.1,1.1,4.9,LOW,LOW,LOW,LOW,S,28.4,23.6
2026-06-26 05:15,5,15,4,0.9808,0.1951,-0.4339,-0.901,0,0,0,Clear,1.0,1.3,1.4,1.1,1.1,5.9,6.2,4.9,4.9,1.3,1.4,1.1,1.1,4.9,LOW,LOW,LOW,LOW,S,28.9,23.1
2026-06-26 05:30,5,30,4,0.9914,0.1305,-0.4339,-0.901,0,0,0,Clear,1.0,1.3,1.4,1.1,1.1,6.0,6.1,5.2,5.0,1.3,1.3,1.1,1.1,4.8,LOW,LOW,LOW,LOW,N,28.1,23.9
2026-06-26 05:45,5,45,4,0.9979,0.0654,-0.4339,-0.901,0,0,0,Clear,1.0,1.3,1.3,1.1,1.1,6.3,6.0,5.0,4.8,1.4,1.3,1.1,1.1,4.9,LOW,LOW,LOW,LOW,N,29.0,23.0
2026-06-26 06:00,6,0,4,1.0,0.0,-0.4339,-0.901,0,0,0,Rain,1.25,1.4,1.3,1.1,1.1,30.0,30.0,27.9,26.5,6.6,6.6,6.1,5.8,25.1,MEDIUM,MEDIUM,MEDIUM,LOW,N,27.1,24.9
2026-06-26 06:15,6,15,4,0.9979,-0.0654,-0.4339,-0.901,0,0,0,Clear,1.0,6.6,6.6,6.1,5.8,24.4,26.1,21.1,22.3,5.4,5.7,4.6,4.9,20.6,LOW,LOW,LOW,LOW,S,28.0,24.0
2026-06-26 06:30,6,30,4,0.9914,-0.1305,-0.4339,-0.901,0,0,0,Clear,1.0,5.4,5.7,4.6,4.9,26.2,25.0,22.6,21.6,5.8,5.5,5.0,4.8,21.1,LOW,LOW,LOW,LOW,N,27.9,24.1
2026-06-26 06:45,6,45,4,0.9808,-0.1951,-0.4339,-0.901,0,0,0,Clear,1.0,5.8,5.5,5.0,4.8,25.4,25.3,22.1,21.3,5.6,5.6,4.9,4.7,20.8,LOW,LOW,LOW,LOW,N,27.9,24.1
2026-06-26 07:00,7,0,4,0.9659,-0.2588,-0.4339,-0.901,0,1,0,Clear,1.0,5.6,5.6,4.9,4.7,105.3,18.4,82.5,18.4,23.2,4.0,18.1,4.0,49.3,HIGH,LOW,HIGH,LOW,N,29.0,23.0
2026-06-26 07:15,7,15,4,0.9469,-0.3214,-0.4339,-0.901,0,1,0,Clear,1.0,23.2,4.0,18.1,4.0,114.2,18.1,85.8,17.3,25.1,4.0,18.9,3.8,51.8,VERY_HIGH,LOW,HIGH,LOW,N,29.5,22.5
2026-06-26 07:30,7,30,4,0.9239,-0.3827,-0.4339,-0.901,0,1,0,Heavy Rain,1.5,25.1,4.0,18.9,3.8,162.0,26.0,128.2,26.0,35.6,5.7,28.2,5.7,75.2,VERY_HIGH,LOW,VERY_HIGH,LOW,N,28.8,23.2
2026-06-26 07:45,7,45,4,0.8969,-0.4423,-0.4339,-0.901,0,1,0,Clear,1.0,35.6,5.7,28.2,5.7,114.2,18.3,81.1,17.9,25.1,4.0,17.8,3.9,50.8,VERY_HIGH,LOW,HIGH,LOW,N,30.2,21.8
2026-06-26 08:00,8,0,4,0.866,-0.5,-0.4339,-0.901,0,1,0,Clear,1.0,25.1,4.0,17.8,3.9,150.1,17.7,107.2,18.3,33.0,3.9,23.6,4.0,64.5,VERY_HIGH,LOW,HIGH,LOW,N,30.1,21.9
2026-06-26 08:15,8,15,4,0.8315,-0.5556,-0.4339,-0.901,0,1,0,Clear,1.0,33.0,3.9,23.6,4.0,137.3,18.2,106.3,17.4,30.2,4.0,23.4,3.8,61.4,VERY_HIGH,LOW,HIGH,LOW,N,29.2,22.8
2026-06-26 08:30,8,30,4,0.7934,-0.6088,-0.4339,-0.901,0,1,0,Clear,1.0,30.2,4.0,23.4,3.8,145.8,17.2,114.0,18.5,32.1,3.8,25.1,4.1,65.1,VERY_HIGH,LOW,VERY_HIGH,LOW,N,29.0,23.0
2026-06-26 08:45,8,45,4,0.7518,-0.6593,-0.4339,-0.901,0,1,0,Clear,1.0,32.1,3.8,25.1,4.1,138.9,17.4,114.7,17.5,30.6,3.8,25.2,3.9,63.5,VERY_HIGH,LOW,VERY_HIGH,LOW,N,28.4,23.6
2026-06-26 09:00,9,0,4,0.7071,-0.7071,-0.4339,-0.901,0,1,0,Clear,1.0,30.6,3.8,25.2,3.9,109.9,18.3,80.8,17.8,24.2,4.0,17.8,3.9,49.9,VERY_HIGH,LOW,HIGH,LOW,N,29.7,22.3
2026-06-26 09:15,9,15,4,0.6593,-0.7518,-0.4339,-0.901,0,1,0,Clear,1.0,24.2,4.0,17.8,3.9,109.7,17.8,84.0,17.2,24.1,3.9,18.5,3.8,50.3,VERY_HIGH,LOW,HIGH,LOW,N,29.3,22.7
2026-06-26 09:30,9,30,4,0.6088,-0.7934,-0.4339,-0.901,0,1,0,Rain,1.25,24.1,3.9,18.5,3.8,137.5,22.9,109.9,22.8,30.2,5.0,24.2,5.0,64.4,VERY_HIGH,LOW,VERY_HIGH,LOW,N,28.7,23.3
2026-06-26 09:45,9,45,4,0.5556,-0.8315,-0.4339,-0.901,0,1,0,Clear,1.0,30.2,5.0,24.2,5.0,104.6,17.4,86.9,17.9,23.0,3.8,19.1,3.9,49.8,HIGH,LOW,HIGH,LOW,N,28.2,23.8
2026-06-26 10:00,10,0,4,0.5,-0.866,-0.4339,-0.901,0,0,0,Clear,1.0,23.0,3.8,19.1,3.9,26.2,24.6,21.5,22.1,5.8,5.4,4.7,4.9,20.8,LOW,LOW,LOW,LOW,N,28.1,23.9
2026-06-26 10:15,10,15,4,0.4423,-0.8969,-0.4339,-0.901,0,0,0,Clear,1.0,5.8,5.4,4.7,4.9,26.2,26.0,23.0,21.8,5.8,5.7,5.1,4.8,21.4,LOW,LOW,LOW,LOW,N,27.8,24.2
2026-06-26 10:30,10,30,4,0.3827,-0.9239,-0.4339,-0.901,0,0,0,Clear,1.0,5.8,5.7,5.1,4.8,24.2,26.2,21.4,22.2,5.3,5.8,4.7,4.9,20.7,LOW,LOW,LOW,LOW,S,28.0,24.0
2026-06-26 10:45,10,45,4,0.3214,-0.9469,-0.4339,-0.901,0,0,0,Clear,1.0,5.3,5.8,4.7,4.9,23.8,25.5,21.2,21.7,5.2,5.6,4.7,4.8,20.3,LOW,LOW,LOW,LOW,S,27.9,24.1
2026-06-26 11:00,11,0,4,0.2588,-0.9659,-0.4339,-0.901,0,0,0,Clear,1.0,5.2,5.6,4.7,4.8,41.0,39.5,36.7,33.7,9.0,8.7,8.1,7.4,33.2,MEDIUM,MEDIUM,MEDIUM,MEDIUM,N,27.6,24.4
2026-06-26 11:15,11,15,4,0.1951,-0.9808,-0.4339,-0.901,0,0,0,Rain,1.25,9.0,8.7,8.1,7.4,48.1,48.2,41.8,45.1,10.6,10.6,9.2,9.9,40.3,MEDIUM,MEDIUM,MEDIUM,MEDIUM,N,27.1,24.9
2026-06-26 11:30,11,30,4,0.1305,-0.9914,-0.4339,-0.901,0,0,0,Clear,1.0,10.6,10.6,9.2,9.9,39.5,41.7,35.5,34.3,8.7,9.2,7.8,7.5,33.2,MEDIUM,MEDIUM,MEDIUM,MEDIUM,S,28.0,24.0
2026-06-26 11:45,11,45,4,0.0654,-0.9979,-0.4339,-0.901,0,0,0,Rain,1.25,8.7,9.2,7.8,7.5,48.2,50.9,45.3,43.8,10.6,11.2,10.0,9.6,41.4,MEDIUM,MEDIUM,MEDIUM,MEDIUM,S,27.4,24.6
2026-06-26 12:00,12,0,4,0.0,-1.0,-0.4339,-0.901,0,0,0,Clear,1.0,10.6,11.2,10.0,9.6,40.9,38.7,36.4,34.7,9.0,8.5,8.0,7.6,33.1,MEDIUM,MEDIUM,MEDIUM,MEDIUM,N,27.5,24.5
2026-06-26 12:15,12,15,4,-0.0654,-0.9979,-0.4339,-0.901,0,0,0,Clear,1.0,9.0,8.5,8.0,7.6,39.5,41.4,35.9,35.2,8.7,9.1,7.9,7.7,33.4,MEDIUM,MEDIUM,MEDIUM,MEDIUM,S,27.8,24.2
2026-06-26 12:30,12,30,4,-0.1305,-0.9914,-0.4339,-0.901,0,0,0,Clear,1.0,8.7,9.1,7.9,7.7,40.9,38.5,34.6,34.2,9.0,8.5,7.6,7.5,32.6,MEDIUM,MEDIUM,MEDIUM,MEDIUM,N,28.0,24.0
2026-06-26 12:45,12,45,4,-0.1951,-0.9808,-0.4339,-0.901,0,0,0,Clear,1.0,9.0,8.5,7.6,7.5,41.2,41.3,35.2,35.8,9.1,9.1,7.7,7.9,33.8,MEDIUM,MEDIUM,MEDIUM,MEDIUM,N,27.9,24.1
2026-06-26 13:00,13,0,4,-0.2588,-0.9659,-0.4339,-0.901,0,0,0,Clear,1.0,9.1,9.1,7.7,7.9,39.0,41.2,35.1,36.4,8.6,9.1,7.7,8.0,33.4,MEDIUM,MEDIUM,MEDIUM,MEDIUM,S,27.5,24.5
2026-06-26 13:15,13,15,4,-0.3214,-0.9469,-0.4339,-0.901,0,0,0,Clear,1.0,8.6,9.1,7.7,8.0,40.4,38.7,35.4,33.9,8.9,8.5,7.8,7.5,32.7,MEDIUM,MEDIUM,MEDIUM,MEDIUM,N,27.7,24.3
2026-06-26 13:30,13,30,4,-0.3827,-0.9239,-0.4339,-0.901,0,0,0,Clear,1.0,8.9,8.5,7.8,7.5,38.7,40.1,35.3,34.6,8.5,8.8,7.8,7.6,32.7,MEDIUM,MEDIUM,MEDIUM,MEDIUM,S,27.6,24.4
2026-06-26 13:45,13,45,4,-0.4423,-0.8969,-0.4339,-0.901,0,0,0,Clear,1.0,8.5,8.8,7.8,7.6,40.9,41.1,36.0,33.4,9.0,9.0,7.9,7.3,33.2,MEDIUM,MEDIUM,MEDIUM,MEDIUM,N,27.9,24.1
2026-06-26 14:00,14,0,4,-0.5,-0.866,-0.4339,-0.901,0,0,0,Clear,1.0,9.0,9.0,7.9,7.3,39.9,39.8,33.4,34.9,8.8,8.8,7.3,7.7,32.6,MEDIUM,MEDIUM,MEDIUM,MEDIUM,N,27.9,24.1
2026-06-26 14:15,14,15,4,-0.5556,-0.8315,-0.4339,-0.901,0,0,0,Clear,1.0,8.8,8.8,7.3,7.7,40.6,41.2,33.3,33.8,8.9,9.1,7.3,7.4,32.7,MEDIUM,MEDIUM,MEDIUM,MEDIUM,S,28.6,23.4
2026-06-26 14:30,14,30,4,-0.6088,-0.7934,-0.4339,-0.901,0,0,0,Clear,1.0,8.9,9.1,7.3,7.4,40.8,38.5,35.0,36.0,9.0,8.5,7.7,7.9,33.1,MEDIUM,MEDIUM,MEDIUM,MEDIUM,N,27.5,24.5
2026-06-26 14:45,14,45,4,-0.6593,-0.7518,-0.4339,-0.901,0,0,0,Clear,1.0,9.0,8.5,7.7,7.9,40.5,39.3,35.0,36.6,8.9,8.6,7.7,8.1,33.3,MEDIUM,MEDIUM,MEDIUM,MEDIUM,N,27.4,24.6
2026-06-26 15:00,15,0,4,-0.7071,-0.7071,-0.4339,-0.901,0,0,0,Clear,1.0,8.9,8.6,7.7,8.1,40.9,41.4,33.3,35.1,9.0,9.1,7.3,7.7,33.1,MEDIUM,MEDIUM,MEDIUM,MEDIUM,S,28.3,23.7
2026-06-26 15:15,15,15,4,-0.7518,-0.6593,-0.4339,-0.901,0,0,0,Clear,1.0,9.0,9.1,7.3,7.7,38.6,40.9,33.4,36.4,8.5,9.0,7.3,8.0,32.8,MEDIUM,MEDIUM,MEDIUM,MEDIUM,S,27.6,24.4
2026-06-26 15:30,15,30,4,-0.7934,-0.6088,-0.4339,-0.901,0,0,0,Heavy Rain,1.5,8.5,9.0,7.3,8.0,60.4,62.6,50.2,51.9,13.3,13.8,11.0,11.4,49.5,MEDIUM,MEDIUM,MEDIUM,MEDIUM,S,28.4,23.6
2026-06-26 15:45,15,45,4,-0.8315,-0.5556,-0.4339,-0.901,0,0,0,Clear,1.0,13.3,13.8,11.0,11.4,38.4,41.2,33.8,34.3,8.4,9.1,7.4,7.5,32.4,MEDIUM,MEDIUM,MEDIUM,MEDIUM,S,28.2,23.8
2026-06-26 16:00,16,0,4,-0.866,-0.5,-0.4339,-0.901,0,0,1,Clear,1.0,8.4,9.1,7.4,7.5,17.5,105.3,18.2,88.9,3.9,23.2,4.0,19.6,50.7,LOW,HIGH,LOW,HIGH,S,28.0,24.0
2026-06-26 16:15,16,15,4,-0.8969,-0.4423,-0.4339,-0.901,0,0,1,Clear,1.0,3.9,23.2,4.0,19.6,17.4,111.6,18.8,81.2,3.8,24.6,4.1,17.9,50.4,LOW,VERY_HIGH,LOW,HIGH,S,29.8,22.2
2026-06-26 16:30,16,30,4,-0.9239,-0.3827,-0.4339,-0.901,0,0,1,Clear,1.0,3.8,24.6,4.1,17.9,17.9,112.0,17.5,84.8,3.9,24.6,3.9,18.7,51.1,LOW,VERY_HIGH,LOW,HIGH,S,29.4,22.6
2026-06-26 16:45,16,45,4,-0.9469,-0.3214,-0.4339,-0.901,0,0,1,Rain,1.25,3.9,24.6,3.9,18.7,22.8,130.9,21.7,103.3,5.0,28.8,4.8,22.7,61.3,LOW,VERY_HIGH,LOW,HIGH,S,28.9,23.1
2026-06-26 17:00,17,0,4,-0.9659,-0.2588,-0.4339,-0.901,0,0,1,Clear,1.0,5.0,28.8,4.8,22.7,18.4,127.4,18.5,102.1,4.0,28.0,4.1,22.5,58.6,LOW,VERY_HIGH,LOW,HIGH,S,28.7,23.3
2026-06-26 17:15,17,15,4,-0.9808,-0.1951,-0.4339,-0.901,0,0,1,Clear,1.0,4.0,28.0,4.1,22.5,18.8,129.9,18.6,106.8,4.1,28.6,4.1,23.5,60.3,LOW,VERY_HIGH,LOW,HIGH,S,28.4,23.6
2026-06-26 17:30,17,30,4,-0.9914,-0.1305,-0.4339,-0.901,0,0,1,Clear,1.0,4.1,28.6,4.1,23.5,18.1,133.2,18.0,105.5,4.0,29.3,4.0,23.2,60.5,LOW,VERY_HIGH,LOW,HIGH,S,28.9,23.1
2026-06-26 17:45,17,45,4,-0.9979,-0.0654,-0.4339,-0.901,0,0,1,Heavy Rain,1.5,4.0,29.3,4.0,23.2,28.0,195.3,26.3,150.4,6.2,43.0,5.8,33.1,88.1,MEDIUM,VERY_HIGH,LOW,VERY_HIGH,S,29.2,22.8
2026-06-26 18:00,18,0,4,-1.0,-0.0,-0.4339,-0.901,0,0,1,Clear,1.0,6.2,43.0,5.8,33.1,17.2,137.6,17.7,97.6,3.8,30.3,3.9,21.5,59.5,LOW,VERY_HIGH,LOW,HIGH,S,30.2,21.8
2026-06-26 18:15,18,15,4,-0.9979,0.0654,-0.4339,-0.901,0,0,1,Clear,1.0,3.8,30.3,3.9,21.5,17.7,133.0,18.0,105.3,3.9,29.3,4.0,23.2,60.4,LOW,VERY_HIGH,LOW,HIGH,S,28.9,23.1
2026-06-26 18:30,18,30,4,-0.9914,0.1305,-0.4339,-0.901,0,0,1,Clear,1.0,3.9,29.3,4.0,23.2,17.2,130.8,18.7,99.7,3.8,28.8,4.1,21.9,58.6,LOW,VERY_HIGH,LOW,HIGH,S,29.3,22.7
2026-06-26 18:45,18,45,4,-0.9808,0.1951,-0.4339,-0.901,0,0,1,Clear,1.0,3.8,28.8,4.1,21.9,18.3,126.2,18.1,98.9,4.0,27.8,4.0,21.8,57.6,LOW,VERY_HIGH,LOW,HIGH,S,29.0,23.0
2026-06-26 19:00,19,0,4,-0.9659,0.2588,-0.4339,-0.901,0,0,1,Clear,1.0,4.0,27.8,4.0,21.8,18.2,106.7,18.9,86.9,4.0,23.5,4.2,19.1,50.8,LOW,HIGH,LOW,HIGH,S,28.5,23.5
2026-06-26 19:15,19,15,4,-0.9469,0.3214,-0.4339,-0.901,0,0,1,Clear,1.0,4.0,23.5,4.2,19.1,17.8,105.2,18.4,84.8,3.9,23.1,4.0,18.7,49.7,LOW,HIGH,LOW,HIGH,S,28.6,23.4
2026-06-26 19:30,19,30,4,-0.9239,0.3827,-0.4339,-0.901,0,0,1,Clear,1.0,3.9,23.1,4.0,18.7,17.1,105.4,17.7,85.2,3.8,23.2,3.9,18.7,49.6,LOW,HIGH,LOW,HIGH,S,28.6,23.4
2026-06-26 19:45,19,45,4,-0.8969,0.4423,-0.4339,-0.901,0,0,1,Clear,1.0,3.8,23.2,3.9,18.7,18.7,106.5,17.4,82.6,4.1,23.4,3.8,18.2,49.5,LOW,HIGH,LOW,HIGH,S,29.1,22.9
2026-06-26 20:00,20,0,4,-0.866,0.5,-0.4339,-0.901,0,0,0,Clear,1.0,4.1,23.4,3.8,18.2,25.2,23.8,22.8,22.0,5.5,5.2,5.0,4.8,20.5,LOW,LOW,LOW,LOW,N,27.2,24.8
2026-06-26 20:15,20,15,4,-0.8315,0.5556,-0.4339,-0.901,0,0,0,Clear,1.0,5.5,5.2,5.0,4.8,23.9,25.6,22.5,22.3,5.3,5.6,5.0,4.9,20.8,LOW,LOW,LOW,LOW,S,27.5,24.5
2026-06-26 20:30,20,30,4,-0.7934,0.6088,-0.4339,-0.901,0,0,0,Clear,1.0,5.3,5.6,5.0,4.9,23.9,24.5,22.0,21.5,5.3,5.4,4.8,4.7,20.2,LOW,LOW,LOW,LOW,S,27.4,24.6
2026-06-26 20:45,20,45,4,-0.7518,0.6593,-0.4339,-0.901,0,0,0,Clear,1.0,5.3,5.4,4.8,4.7,23.8,24.7,22.7,21.1,5.2,5.4,5.0,4.6,20.2,LOW,LOW,LOW,LOW,S,27.2,24.8
2026-06-26 21:00,21,0,4,-0.7071,0.7071,-0.4339,-0.901,0,0,0,Rain,1.25,5.2,5.4,5.0,4.6,31.0,31.2,26.8,27.1,6.8,6.9,5.9,6.0,25.6,MEDIUM,MEDIUM,LOW,MEDIUM,S,27.8,24.2
2026-06-26 21:15,21,15,4,-0.6593,0.7518,-0.4339,-0.901,0,0,0,Clear,1.0,6.8,6.9,5.9,6.0,24.3,26.0,22.7,21.0,5.3,5.7,5.0,4.6,20.6,LOW,LOW,LOW,LOW,S,27.8,24.2
2026-06-26 21:30,21,30,4,-0.6088,0.7934,-0.4339,-0.901,0,0,0,Clear,1.0,5.3,5.7,5.0,4.6,24.9,25.7,22.7,21.0,5.5,5.7,5.0,4.6,20.8,LOW,LOW,LOW,LOW,S,27.8,24.2
2026-06-26 21:45,21,45,4,-0.5556,0.8315,-0.4339,-0.901,0,0,0,Clear,1.0,5.5,5.7,5.0,4.6,23.9,24.1,21.1,22.6,5.3,5.3,4.6,5.0,20.2,LOW,LOW,LOW,LOW,N,27.0,25.0
2026-06-26 22:00,22,0,4,-0.5,0.866,-0.4339,-0.901,0,0,0,Clear,1.0,5.3,5.3,4.6,5.0,24.0,26.0,22.6,20.9,5.3,5.7,5.0,4.6,20.6,LOW,LOW,LOW,LOW,S,27.8,24.2
2026-06-26 22:15,22,15,4,-0.4423,0.8969,-0.4339,-0.901,0,0,0,Rain,1.25,5.3,5.7,5.0,4.6,30.0,30.6,27.3,27.8,6.6,6.7,6.0,6.1,25.4,MEDIUM,MEDIUM,MEDIUM,MEDIUM,S,27.2,24.8
2026-06-26 22:30,22,30,4,-0.3827,0.9239,-0.4339,-0.901,0,0,0,Rain,1.25,6.6,6.7,6.0,6.1,32.5,29.9,27.3,28.1,7.2,6.6,6.0,6.2,26.0,MEDIUM,MEDIUM,MEDIUM,MEDIUM,N,27.7,24.3
2026-06-26 22:45,22,45,4,-0.3214,0.9469,-0.4339,-0.901,0,0,0,Rain,1.25,7.2,6.6,6.0,6.2,32.4,32.2,26.2,26.7,7.1,7.1,5.8,5.9,25.9,MEDIUM,MEDIUM,LOW,LOW,N,28.5,23.5
2026-06-26 23:00,23,0,4,-0.2588,0.9659,-0.4339,-0.901,0,0,0,Clear,1.0,7.1,7.1,5.8,5.9,6.2,5.7,4.8,4.9,1.4,1.3,1.1,1.1,4.9,LOW,LOW,LOW,LOW,N,28.8,23.2
2026-06-26 23:15,23,15,4,-0.1951,0.9808,-0.4339,-0.901,0,0,0,Clear,1.0,1.4,1.3,1.1,1.1,6.0,5.8,5.2,5.2,1.3,1.3,1.1,1.1,4.8,LOW,LOW,LOW,LOW,N,27.7,24.3
2026-06-26 23:30,23,30,4,-0.1305,0.9914,-0.4339,-0.901,0,0,0,Clear,1.0,1.3,1.3,1.1,1.1,6.0,6.0,5.0,5.1,1.3,1.3,1.1,1.1,4.8,LOW,LOW,LOW,LOW,N,28.2,23.8
2026-06-26 23:45,23,45,4,-0.0654,0.9979,-0.4339,-0.901,0,0,0,Clear,1.0,1.3,1.3,1.1,1.1,5.8,6.2,5.2,4.9,1.3,1.4,1.1,1.1,4.9,LOW,LOW,LOW,LOW,S,28.3,23.7
2026-06-27 00:00,0,0,5,0.0,1.0,-0.9749,-0.2225,1,0,0,Clear,1.0,1.3,1.4,1.1,1.1,6.1,5.9,5.1,4.9,1.3,1.3,1.1,1.1,4.8,LOW,LOW,LOW,LOW,N,28.3,23.7
2026-06-27 00:15,0,15,5,0.0654,0.9979,-0.9749,-0.2225,1,0,0,Clear,1.0,1.3,1.3,1.1,1.1,5.9,5.7,5.2,5.0,1.3,1.3,1.1,1.1,4.8,LOW,LOW,LOW,LOW,N,27.7,24.3
2026-06-27 00:30,0,30,5,0.1305,0.9914,-0.9749,-0.2225,1,0,0,Heavy Rain,1.5,1.3,1.3,1.1,1.1,9.2,9.3,7.8,7.5,2.0,2.0,1.7,1.6,7.3,LOW,LOW,LOW,LOW,N,28.4,23.6
2026-06-27 00:45,0,45,5,0.1951,0.9808,-0.9749,-0.2225,1,0,0,Clear,1.0,2.0,2.0,1.7,1.6,6.1,6.1,5.0,5.1,1.3,1.3,1.1,1.1,4.8,LOW,LOW,LOW,LOW,N,28.4,23.6
2026-06-27 01:00,1,0,5,0.2588,0.9659,-0.9749,-0.2225,1,0,0,Clear,1.0,1.3,1.3,1.1,1.1,5.7,6.3,4.8,5.1,1.3,1.4,1.1,1.1,4.9,LOW,LOW,LOW,LOW,S,28.6,23.4
2026-06-27 01:15,1,15,5,0.3214,0.9469,-0.9749,-0.2225,1,0,0,Rain,1.25,1.3,1.4,1.1,1.1,7.3,7.6,6.5,6.5,1.6,1.7,1.4,1.4,6.1,LOW,LOW,LOW,LOW,S,27.9,24.1
2026-06-27 01:30,1,30,5,0.3827,0.9239,-0.9749,-0.2225,1,0,0,Rain,1.25,1.6,1.7,1.4,1.4,7.7,7.6,6.2,6.1,1.7,1.7,1.4,1.3,6.1,LOW,LOW,LOW,LOW,N,28.8,23.2
2026-06-27 01:45,1,45,5,0.4423,0.8969,-0.9749,-0.2225,1,0,0,Clear,1.0,1.7,1.7,1.4,1.3,5.9,6.0,4.8,5.2,1.3,1.3,1.1,1.1,4.8,LOW,LOW,LOW,LOW,N,28.1,23.9
2026-06-27 02:00,2,0,5,0.5,0.866,-0.9749,-0.2225,1,0,0,Clear,1.0,1.3,1.3,1.1,1.1,6.0,6.1,4.9,5.2,1.3,1.3,1.1,1.1,4.8,LOW,LOW,LOW,LOW,N,28.2,23.8
2026-06-27 02:15,2,15,5,0.5556,0.8315,-0.9749,-0.2225,1,0,0,Clear,1.0,1.3,1.3,1.1,1.1,5.9,6.2,5.2,5.1,1.3,1.4,1.1,1.1,4.9,LOW,LOW,LOW,LOW,S,28.2,23.8
2026-06-27 02:30,2,30,5,0.6088,0.7934,-0.9749,-0.2225,1,0,0,Clear,1.0,1.3,1.4,1.1,1.1,5.7,6.3,4.8,5.2,1.3,1.4,1.1,1.1,4.9,LOW,LOW,LOW,LOW,S,28.4,23.6
2026-06-27 02:45,2,45,5,0.6593,0.7518,-0.9749,-0.2225,1,0,0,Clear,1.0,1.3,1.4,1.1,1.1,6.2,5.8,5.2,5.0,1.4,1.3,1.1,1.1,4.9,LOW,LOW,LOW,LOW,N,28.2,23.8
2026-06-27 03:00,3,0,5,0.7071,0.7071,-0.9749,-0.2225,1,0,0,Clear,1.0,1.4,1.3,1.1,1.1,6.2,6.0,4.9,4.8,1.4,1.3,1.1,1.1,4.9,LOW,LOW,LOW,LOW,N,29.0,23.0
2026-06-27 03:15,3,15,5,0.7518,0.6593,-0.9749,-0.2225,1,0,0,Clear,1.0,1.4,1.3,1.1,1.1,6.2,6.1,5.1,4.8,1.4,1.3,1.1,1.1,4.9,LOW,LOW,LOW,LOW,N,28.7,23.3
2026-06-27 03:30,3,30,5,0.7934,0.6088,-0.9749,-0.2225,1,0,0,Clear,1.0,1.4,1.3,1.1,1.1,5.8,6.2,5.2,5.1,1.3,1.4,1.1,1.1,4.9,LOW,LOW,LOW,LOW,S,28.1,23.9
2026-06-27 03:45,3,45,5,0.8315,0.5556,-0.9749,-0.2225,1,0,0,Clear,1.0,1.3,1.4,1.1,1.1,6.2,6.0,5.0,5.1,1.4,1.3,1.1,1.1,4.9,LOW,LOW,LOW,LOW,N,28.5,23.5
2026-06-27 04:00,4,0,5,0.866,0.5,-0.9749,-0.2225,1,0,0,Rain,1.25,1.4,1.3,1.1,1.1,7.8,7.7,6.2,6.0,1.7,1.7,1.4,1.3,6.1,LOW,LOW,LOW,LOW,N,29.0,23.0
2026-06-27 04:15,4,15,5,0.8969,0.4423,-0.9749,-0.2225,1,0,0,Clear,1.0,1.7,1.7,1.4,1.3,6.1,6.2,5.0,5.0,1.3,1.4,1.1,1.1,4.9,LOW,LOW,LOW,LOW,S,28.7,23.3
2026-06-27 04:30,4,30,5,0.9239,0.3827,-0.9749,-0.2225,1,0,0,Clear,1.0,1.3,1.4,1.1,1.1,6.1,6.2,5.2,4.8,1.3,1.4,1.1,1.1,4.9,LOW,LOW,LOW,LOW,S,28.5,23.5
2026-06-27 04:45,4,45,5,0.9469,0.3214,-0.9749,-0.2225,1,0,0,Clear,1.0,1.3,1.4,1.1,1.1,6.1,5.9,4.9,4.9,1.3,1.3,1.1,1.1,4.8,LOW,LOW,LOW,LOW,N,28.7,23.3
2026-06-27 05:00,5,0,5,0.9659,0.2588,-0.9749,-0.2225,1,0,0,Clear,1.0,1.3,1.3,1.1,1.1,6.2,5.8,4.9,4.8,1.4,1.3,1.1,1.1,4.9,LOW,LOW,LOW,LOW,N,28.9,23.1
2026-06-27 05:15,5,15,5,0.9808,0.1951,-0.9749,-0.2225,1,0,0,Clear,1.0,1.4,1.3,1.1,1.1,6.1,6.3,5.0,5.1,1.3,1.4,1.1,1.1,4.9,LOW,LOW,LOW,LOW,S,28.7,23.3
2026-06-27 05:30,5,30,5,0.9914,0.1305,-0.9749,-0.2225,1,0,0,Rain,1.25,1.3,1.4,1.1,1.1,7.3,7.4,6.2,6.2,1.6,1.6,1.4,1.4,6.0,LOW,LOW,LOW,LOW,N,28.2,23.8
2026-06-27 05:45,5,45,5,0.9979,0.0654,-0.9749,-0.2225,1,0,0,Clear,1.0,1.6,1.6,1.4,1.4,6.3,6.1,5.1,4.9,1.4,1.3,1.1,1.1,4.9,LOW,LOW,LOW,LOW,N,28.8,23.2
2026-06-27 06:00,6,0,5,1.0,0.0,-0.9749,-0.2225,1,0,0,Rain,1.25,1.4,1.3,1.1,1.1,27.1,28.0,23.9,25.8,6.0,6.2,5.3,5.7,23.2,MEDIUM,MEDIUM,LOW,LOW,S,27.2,24.8
2026-06-27 06:15,6,15,5,0.9979,-0.0654,-0.9749,-0.2225,1,0,0,Clear,1.0,6.0,6.2,5.3,5.7,22.3,21.5,19.3,20.5,4.9,4.7,4.2,4.5,18.3,LOW,LOW,LOW,LOW,N,27.2,24.8
2026-06-27 06:30,6,30,5,0.9914,-0.1305,-0.9749,-0.2225,1,0,0,Clear,1.0,4.9,4.7,4.2,4.5,22.5,21.4,19.6,19.3,5.0,4.7,4.3,4.2,18.2,LOW,LOW,LOW,LOW,N,27.7,24.3
2026-06-27 06:45,6,45,5,0.9808,-0.1951,-0.9749,-0.2225,1,0,0,Clear,1.0,5.0,4.7,4.3,4.2,21.0,22.6,20.4,20.4,4.6,5.0,4.5,4.5,18.6,LOW,LOW,LOW,LOW,S,27.1,24.9
2026-06-27 07:00,7,0,5,0.9659,-0.2588,-0.9749,-0.2225,1,0,0,Clear,1.0,4.6,5.0,4.5,4.5,22.1,21.5,20.1,19.5,4.9,4.7,4.4,4.3,18.3,LOW,LOW,LOW,LOW,N,27.2,24.8
2026-06-27 07:15,7,15,5,0.9469,-0.3214,-0.9749,-0.2225,1,0,0,Clear,1.0,4.9,4.7,4.4,4.3,22.7,21.9,19.9,20.5,5.0,4.8,4.4,4.5,18.7,LOW,LOW,LOW,LOW,N,27.3,24.7
2026-06-27 07:30,7,30,5,0.9239,-0.3827,-0.9749,-0.2225,1,0,0,Clear,1.0,5.0,4.8,4.4,4.5,21.0,21.1,19.9,20.6,4.6,4.6,4.4,4.5,18.1,LOW,LOW,LOW,LOW,N,26.4,25.6
2026-06-27 07:45,7,45,5,0.8969,-0.4423,-0.9749,-0.2225,1,0,0,Clear,1.0,4.6,4.6,4.4,4.5,22.0,22.0,20.0,19.5,4.8,4.8,4.4,4.3,18.3,LOW,LOW,LOW,LOW,N,27.3,24.7
2026-06-27 08:00,8,0,5,0.866,-0.5,-0.9749,-0.2225,1,0,0,Clear,1.0,4.8,4.8,4.4,4.3,22.1,21.6,20.1,20.0,4.9,4.8,4.4,4.4,18.5,LOW,LOW,LOW,LOW,N,27.2,24.8
2026-06-27 08:15,8,15,5,0.8315,-0.5556,-0.9749,-0.2225,1,0,0,Clear,1.0,4.9,4.8,4.4,4.4,22.2,21.5,20.4,19.7,4.9,4.7,4.5,4.3,18.4,LOW,LOW,LOW,LOW,N,27.1,24.9
2026-06-27 08:30,8,30,5,0.7934,-0.6088,-0.9749,-0.2225,1,0,0,Clear,1.0,4.9,4.7,4.5,4.3,22.5,21.9,19.9,20.8,5.0,4.8,4.4,4.6,18.8,LOW,LOW,LOW,LOW,N,27.1,24.9
2026-06-27 08:45,8,45,5,0.7518,-0.6593,-0.9749,-0.2225,1,0,0,Rain,1.25,5.0,4.8,4.4,4.6,27.2,28.3,25.6,24.9,6.0,6.2,5.6,5.5,23.3,MEDIUM,MEDIUM,LOW,LOW,S,27.3,24.7
2026-06-27 09:00,9,0,5,0.7071,-0.7071,-0.9749,-0.2225,1,0,0,Clear,1.0,6.0,6.2,5.6,5.5,21.4,22.3,20.9,20.0,4.7,4.9,4.6,4.4,18.6,LOW,LOW,LOW,LOW,S,26.9,25.1
2026-06-27 09:15,9,15,5,0.6593,-0.7518,-0.9749,-0.2225,1,0,0,Clear,1.0,4.7,4.9,4.6,4.4,22.4,22.6,19.5,19.3,4.9,5.0,4.3,4.2,18.4,LOW,LOW,LOW,LOW,S,27.9,24.1
2026-06-27 09:30,9,30,5,0.6088,-0.7934,-0.9749,-0.2225,1,0,0,Clear,1.0,4.9,5.0,4.3,4.2,23.1,22.6,19.4,19.2,5.1,5.0,4.3,4.2,18.6,LOW,LOW,LOW,LOW,N,28.2,23.8
2026-06-27 09:45,9,45,5,0.5556,-0.8315,-0.9749,-0.2225,1,0,0,Rain,1.25,5.1,5.0,4.3,4.2,26.1,26.7,24.2,24.3,5.7,5.9,5.3,5.3,22.2,LOW,LOW,LOW,LOW,S,27.2,24.8
2026-06-27 10:00,10,0,5,0.5,-0.866,-0.9749,-0.2225,1,0,0,Clear,1.0,5.7,5.9,5.3,5.3,38.7,36.7,35.1,35.0,8.5,8.1,7.7,7.7,32.0,MEDIUM,MEDIUM,MEDIUM,MEDIUM,N,27.1,24.9
2026-06-27 10:15,10,15,5,0.4423,-0.8969,-0.9749,-0.2225,1,0,0,Clear,1.0,8.5,8.1,7.7,7.7,42.1,37.6,35.1,33.3,9.3,8.3,7.7,7.3,32.6,MEDIUM,MEDIUM,MEDIUM,MEDIUM,N,28.2,23.8
2026-06-27 10:30,10,30,5,0.3827,-0.9239,-0.9749,-0.2225,1,0,0,Clear,1.0,9.3,8.3,7.7,7.3,39.3,37.3,38.4,34.3,8.6,8.2,8.4,7.5,32.7,MEDIUM,MEDIUM,MEDIUM,MEDIUM,N,26.5,25.5
2026-06-27 10:45,10,45,5,0.3214,-0.9469,-0.9749,-0.2225,1,0,0,Rain,1.25,8.6,8.2,8.4,7.5,49.6,48.8,47.7,44.5,10.9,10.7,10.5,9.8,41.9,MEDIUM,MEDIUM,MEDIUM,MEDIUM,N,26.7,25.3
2026-06-27 11:00,11,0,5,0.2588,-0.9659,-0.9749,-0.2225,1,0,0,Clear,1.0,10.9,10.7,10.5,9.8,37.7,44.3,33.3,39.7,8.3,9.7,7.3,8.7,34.0,MEDIUM,MEDIUM,MEDIUM,MEDIUM,S,27.5,24.5
2026-06-27 11:15,11,15,5,0.1951,-0.9808,-0.9749,-0.2225,1,0,0,Clear,1.0,8.3,9.7,7.3,8.7,37.4,43.2,34.1,39.9,8.2,9.5,7.5,8.8,34.0,MEDIUM,MEDIUM,MEDIUM,MEDIUM,S,27.1,24.9
2026-06-27 11:30,11,30,5,0.1305,-0.9914,-0.9749,-0.2225,1,0,0,Clear,1.0,8.2,9.5,7.5,8.8,37.7,43.2,35.5,38.0,8.3,9.5,7.8,8.4,34.0,MEDIUM,MEDIUM,MEDIUM,MEDIUM,S,27.5,24.5
2026-06-27 11:45,11,45,5,0.0654,-0.9979,-0.9749,-0.2225,1,0,0,Clear,1.0,8.3,9.5,7.8,8.4,35.6,44.1,33.5,38.2,7.8,9.7,7.4,8.4,33.3,MEDIUM,MEDIUM,MEDIUM,MEDIUM,S,27.6,24.4
2026-06-27 12:00,12,0,5,0.0,-1.0,-0.9749,-0.2225,1,0,0,Clear,1.0,7.8,9.7,7.4,8.4,38.9,51.0,36.2,45.5,8.6,11.2,8.0,10.0,37.8,MEDIUM,MEDIUM,MEDIUM,MEDIUM,S,27.4,24.6
2026-06-27 12:15,12,15,5,-0.0654,-0.9979,-0.9749,-0.2225,1,0,0,Clear,1.0,8.6,11.2,8.0,10.0,40.1,50.4,38.1,43.1,8.8,11.1,8.4,9.5,37.8,MEDIUM,MEDIUM,MEDIUM,MEDIUM,S,27.7,24.3
2026-06-27 12:30,12,30,5,-0.1305,-0.9914,-0.9749,-0.2225,1,0,0,Clear,1.0,8.8,11.1,8.4,9.5,42.5,51.5,35.5,44.7,9.4,11.3,7.8,9.8,38.3,MEDIUM,MEDIUM,MEDIUM,MEDIUM,S,27.9,24.1
2026-06-27 12:45,12,45,5,-0.1951,-0.9808,-0.9749,-0.2225,1,0,0,Clear,1.0,9.4,11.3,7.8,9.8,40.5,50.7,35.0,45.5,8.9,11.2,7.7,10.0,37.8,MEDIUM,MEDIUM,MEDIUM,MEDIUM,S,27.5,24.5
2026-06-27 13:00,13,0,5,-0.2588,-0.9659,-0.9749,-0.2225,1,0,0,Heavy Rain,1.5,8.9,11.2,7.7,10.0,75.6,79.2,64.9,65.1,16.6,17.4,14.3,14.3,62.6,HIGH,HIGH,HIGH,HIGH,S,28.4,23.6
2026-06-27 13:15,13,15,5,-0.3214,-0.9469,-0.9749,-0.2225,1,0,0,Clear,1.0,16.6,17.4,14.3,14.3,49.4,52.7,41.4,45.4,10.9,11.6,9.1,10.0,41.6,MEDIUM,MEDIUM,MEDIUM,MEDIUM,S,28.0,24.0
2026-06-27 13:30,13,30,5,-0.3827,-0.9239,-0.9749,-0.2225,1,0,0,Clear,1.0,10.9,11.6,9.1,10.0,49.5,49.8,42.2,46.0,10.9,11.0,9.3,10.1,41.3,MEDIUM,MEDIUM,MEDIUM,MEDIUM,S,27.3,24.7
2026-06-27 13:45,13,45,5,-0.4423,-0.8969,-0.9749,-0.2225,1,0,0,Heavy Rain,1.5,10.9,11.0,9.3,10.1,75.8,75.0,64.8,69.1,16.7,16.5,14.3,15.2,62.7,HIGH,HIGH,HIGH,HIGH,N,27.4,24.6
2026-06-27 14:00,14,0,5,-0.5,-0.866,-0.9749,-0.2225,1,0,0,Heavy Rain,1.5,16.7,16.5,14.3,15.2,81.9,71.8,71.1,58.8,18.0,15.8,15.6,12.9,62.3,HIGH,HIGH,HIGH,MEDIUM,N,28.0,24.0
2026-06-27 14:15,14,15,5,-0.5556,-0.8315,-0.9749,-0.2225,1,0,0,Clear,1.0,18.0,15.8,15.6,12.9,53.3,46.3,47.2,42.5,11.7,10.2,10.4,9.4,41.7,MEDIUM,MEDIUM,MEDIUM,MEDIUM,N,27.5,24.5
2026-06-27 14:30,14,30,5,-0.6088,-0.7934,-0.9749,-0.2225,1,0,0,Clear,1.0,11.7,10.2,10.4,9.4,54.8,45.9,46.5,40.3,12.1,10.1,10.2,8.9,41.3,MEDIUM,MEDIUM,MEDIUM,MEDIUM,N,28.0,24.0
2026-06-27 14:45,14,45,5,-0.6593,-0.7518,-0.9749,-0.2225,1,0,0,Clear,1.0,12.1,10.1,10.2,8.9,53.3,47.5,45.6,41.7,11.7,10.4,10.0,9.2,41.3,MEDIUM,MEDIUM,MEDIUM,MEDIUM,N,27.9,24.1
2026-06-27 15:00,15,0,5,-0.7071,-0.7071,-0.9749,-0.2225,1,0,0,Clear,1.0,11.7,10.4,10.0,9.2,52.4,40.4,45.2,34.3,11.5,8.9,9.9,7.5,37.8,MEDIUM,MEDIUM,MEDIUM,MEDIUM,N,28.0,24.0
2026-06-27 15:15,15,15,5,-0.7518,-0.6593,-0.9749,-0.2225,1,0,0,Clear,1.0,11.5,8.9,9.9,7.5,49.2,39.5,43.6,34.9,10.8,8.7,9.6,7.7,36.8,MEDIUM,MEDIUM,MEDIUM,MEDIUM,N,27.6,24.4
2026-06-27 15:30,15,30,5,-0.7934,-0.6088,-0.9749,-0.2225,1,0,0,Clear,1.0,10.8,8.7,9.6,7.7,48.3,40.7,45.6,37.2,10.6,9.0,10.0,8.2,37.8,MEDIUM,MEDIUM,MEDIUM,MEDIUM,N,26.8,25.2
2026-06-27 15:45,15,45,5,-0.8315,-0.5556,-0.9749,-0.2225,1,0,0,Clear,1.0,10.6,9.0,10.0,8.2,51.9,38.0,44.1,33.7,11.4,8.4,9.7,7.4,36.9,MEDIUM,MEDIUM,MEDIUM,MEDIUM,N,28.0,24.0
2026-06-27 16:00,16,0,5,-0.866,-0.5,-0.9749,-0.2225,1,0,0,Clear,1.0,11.4,8.4,9.7,7.4,42.2,37.7,39.4,35.8,9.3,8.3,8.7,7.9,34.2,MEDIUM,MEDIUM,MEDIUM,MEDIUM,N,26.8,25.2
2026-06-27 16:15,16,15,5,-0.8969,-0.4423,-0.9749,-0.2225,1,0,0,Clear,1.0,9.3,8.3,8.7,7.9,44.2,39.2,37.8,36.0,9.7,8.6,8.3,7.9,34.5,MEDIUM,MEDIUM,MEDIUM,MEDIUM,N,27.8,24.2
2026-06-27 16:30,16,30,5,-0.9239,-0.3827,-0.9749,-0.2225,1,0,0,Clear,1.0,9.7,8.6,8.3,7.9,43.2,38.9,37.2,35.7,9.5,8.6,8.2,7.9,34.2,MEDIUM,MEDIUM,MEDIUM,MEDIUM,N,27.7,24.3
2026-06-27 16:45,16,45,5,-0.9469,-0.3214,-0.9749,-0.2225,1,0,0,Clear,1.0,9.5,8.6,8.2,7.9,40.8,36.9,38.3,35.7,9.0,8.1,8.4,7.9,33.4,MEDIUM,MEDIUM,MEDIUM,MEDIUM,N,26.7,25.3
2026-06-27 17:00,17,0,5,-0.9659,-0.2588,-0.9749,-0.2225,1,0,0,Clear,1.0,9.0,8.1,8.4,7.9,36.1,42.0,34.2,36.9,7.9,9.2,7.5,8.1,32.7,MEDIUM,MEDIUM,MEDIUM,MEDIUM,S,27.4,24.6
2026-06-27 17:15,17,15,5,-0.9808,-0.1951,-0.9749,-0.2225,1,0,0,Clear,1.0,7.9,9.2,7.5,8.1,35.4,43.2,33.9,38.4,7.8,9.5,7.5,8.4,33.2,MEDIUM,MEDIUM,MEDIUM,MEDIUM,S,27.3,24.7
2026-06-27 17:30,17,30,5,-0.9914,-0.1305,-0.9749,-0.2225,1,0,0,Clear,1.0,7.8,9.5,7.5,8.4,38.1,43.0,35.8,37.3,8.4,9.5,7.9,8.2,34.0,MEDIUM,MEDIUM,MEDIUM,MEDIUM,S,27.6,24.4
2026-06-27 17:45,17,45,5,-0.9979,-0.0654,-0.9749,-0.2225,1,0,0,Clear,1.0,8.4,9.5,7.9,8.2,37.5,43.2,34.0,39.5,8.2,9.5,7.5,8.7,33.9,MEDIUM,MEDIUM,MEDIUM,MEDIUM,S,27.2,24.8
2026-06-27 18:00,18,0,5,-1.0,-0.0,-0.9749,-0.2225,1,0,0,Clear,1.0,8.2,9.5,7.5,8.7,21.5,22.6,19.6,20.5,4.7,5.0,4.3,4.5,18.5,LOW,LOW,LOW,LOW,S,27.3,24.7
2026-06-27 18:15,18,15,5,-0.9979,0.0654,-0.9749,-0.2225,1,0,0,Clear,1.0,4.7,5.0,4.3,4.5,22.6,22.9,19.2,20.9,5.0,5.0,4.2,4.6,18.8,LOW,LOW,LOW,LOW,N,27.4,24.6
2026-06-27 18:30,18,30,5,-0.9914,0.1305,-0.9749,-0.2225,1,0,0,Clear,1.0,5.0,5.0,4.2,4.6,21.5,21.1,19.5,20.7,4.7,4.6,4.3,4.6,18.2,LOW,LOW,LOW,LOW,N,26.6,25.4
2026-06-27 18:45,18,45,5,-0.9808,0.1951,-0.9749,-0.2225,1,0,0,Clear,1.0,4.7,4.6,4.3,4.6,22.2,23.1,20.4,20.9,4.9,5.1,4.5,4.6,19.1,LOW,LOW,LOW,LOW,S,27.2,24.8
2026-06-27 19:00,19,0,5,-0.9659,0.2588,-0.9749,-0.2225,1,0,0,Clear,1.0,4.9,5.1,4.5,4.6,21.6,23.0,20.7,19.7,4.8,5.1,4.6,4.3,18.8,LOW,LOW,LOW,LOW,S,27.3,24.7
2026-06-27 19:15,19,15,5,-0.9469,0.3214,-0.9749,-0.2225,1,0,0,Clear,1.0,4.8,5.1,4.6,4.3,21.5,21.8,19.0,19.3,4.7,4.8,4.2,4.2,17.9,LOW,LOW,LOW,LOW,S,27.6,24.4
2026-06-27 19:30,19,30,5,-0.9239,0.3827,-0.9749,-0.2225,1,0,0,Clear,1.0,4.7,4.8,4.2,4.2,21.1,23.1,19.9,19.8,4.6,5.1,4.4,4.4,18.5,LOW,LOW,LOW,LOW,S,27.7,24.3
2026-06-27 19:45,19,45,5,-0.8969,0.4423,-0.9749,-0.2225,1,0,0,Clear,1.0,4.6,5.1,4.4,4.4,21.5,20.9,19.2,20.4,4.7,4.6,4.2,4.5,18.0,LOW,LOW,LOW,LOW,N,26.8,25.2
2026-06-27 20:00,20,0,5,-0.866,0.5,-0.9749,-0.2225,1,0,0,Clear,1.0,4.7,4.6,4.2,4.5,21.3,22.6,19.2,20.0,4.7,5.0,4.2,4.4,18.3,LOW,LOW,LOW,LOW,S,27.5,24.5
2026-06-27 20:15,20,15,5,-0.8315,0.5556,-0.9749,-0.2225,1,0,0,Clear,1.0,4.7,5.0,4.2,4.4,21.5,21.4,19.5,19.4,4.7,4.7,4.3,4.3,18.0,LOW,LOW,LOW,LOW,N,27.3,24.7
2026-06-27 20:30,20,30,5,-0.7934,0.6088,-0.9749,-0.2225,1,0,0,Clear,1.0,4.7,4.7,4.3,4.3,21.8,20.9,19.9,19.1,4.8,4.6,4.4,4.2,18.0,LOW,LOW,LOW,LOW,N,27.2,24.8
2026-06-27 20:45,20,45,5,-0.7518,0.6593,-0.9749,-0.2225,1,0,0,Clear,1.0,4.8,4.6,4.4,4.2,22.8,22.8,19.6,19.0,5.0,5.0,4.3,4.2,18.5,LOW,LOW,LOW,LOW,N,28.1,23.9
2026-06-27 21:00,21,0,5,-0.7071,0.7071,-0.9749,-0.2225,1,0,0,Clear,1.0,5.0,5.0,4.3,4.2,23.1,21.6,20.4,19.7,5.1,4.8,4.5,4.3,18.7,LOW,LOW,LOW,LOW,N,27.5,24.5
2026-06-27 21:15,21,15,5,-0.6593,0.7518,-0.9749,-0.2225,1,0,0,Clear,1.0,5.1,4.8,4.5,4.3,22.6,23.0,19.5,20.5,5.0,5.1,4.3,4.5,18.9,LOW,LOW,LOW,LOW,S,27.6,24.4
2026-06-27 21:30,21,30,5,-0.6088,0.7934,-0.9749,-0.2225,1,0,0,Clear,1.0,5.0,5.1,4.3,4.5,21.2,21.1,19.3,20.3,4.7,4.6,4.2,4.5,18.0,LOW,LOW,LOW,LOW,N,26.7,25.3
2026-06-27 21:45,21,45,5,-0.5556,0.8315,-0.9749,-0.2225,1,0,0,Rain,1.25,4.7,4.6,4.2,4.5,27.3,28.0,24.9,23.9,6.0,6.2,5.5,5.3,23.0,MEDIUM,MEDIUM,LOW,LOW,S,27.6,24.4
2026-06-27 22:00,22,0,5,-0.5,0.866,-0.9749,-0.2225,1,0,0,Clear,1.0,6.0,6.2,5.5,5.3,22.2,21.8,19.8,19.9,4.9,4.8,4.4,4.4,18.5,LOW,LOW,LOW,LOW,N,27.4,24.6
2026-06-27 22:15,22,15,5,-0.4423,0.8969,-0.9749,-0.2225,1,0,0,Clear,1.0,4.9,4.8,4.4,4.4,22.1,22.1,19.7,19.3,4.9,4.9,4.3,4.2,18.3,LOW,LOW,LOW,LOW,N,27.6,24.4
2026-06-27 22:30,22,30,5,-0.3827,0.9239,-0.9749,-0.2225,1,0,0,Clear,1.0,4.9,4.9,4.3,4.2,22.6,22.5,20.1,19.5,5.0,5.0,4.4,4.3,18.7,LOW,LOW,LOW,LOW,N,27.6,24.4
2026-06-27 22:45,22,45,5,-0.3214,0.9469,-0.9749,-0.2225,1,0,0,Clear,1.0,5.0,5.0,4.4,4.3,22.6,21.5,19.0,21.0,5.0,4.7,4.2,4.6,18.5,LOW,LOW,LOW,LOW,N,27.1,24.9
2026-06-27 23:00,23,0,5,-0.2588,0.9659,-0.9749,-0.2225,1,0,0,Heavy Rain,1.5,5.0,4.7,4.2,4.6,8.8,9.0,7.4,7.7,1.9,2.0,1.6,1.7,7.2,LOW,LOW,LOW,LOW,S,28.1,23.9
2026-06-27 23:15,23,15,5,-0.1951,0.9808,-0.9749,-0.2225,1,0,0,Clear,1.0,1.9,2.0,1.6,1.7,5.9,5.8,5.0,4.9,1.3,1.3,1.1,1.1,4.8,LOW,LOW,LOW,LOW,N,28.2,23.8
2026-06-27 23:30,23,30,5,-0.1305,0.9914,-0.9749,-0.2225,1,0,0,Clear,1.0,1.3,1.3,1.1,1.1,5.9,6.2,4.8,5.0,1.3,1.4,1.1,1.1,4.9,LOW,LOW,LOW,LOW,S,28.8,23.2
2026-06-27 23:45,23,45,5,-0.0654,0.9979,-0.9749,-0.2225,1,0,0,Clear,1.0,1.3,1.4,1.1,1.1,6.0,5.8,5.0,4.8,1.3,1.3,1.1,1.1,4.8,LOW,LOW,LOW,LOW,N,28.4,23.6
2026-06-28 00:00,0,0,6,0.0,1.0,-0.7818,0.6235,1,0,0,Clear,1.0,1.3,1.3,1.1,1.1,6.0,5.9,5.2,4.9,1.3,1.3,1.1,1.1,4.8,LOW,LOW,LOW,LOW,N,28.0,24.0
2026-06-28 00:15,0,15,6,0.0654,0.9979,-0.7818,0.6235,1,0,0,Clear,1.0,1.3,1.3,1.1,1.1,5.8,6.0,4.8,4.8,1.3,1.3,1.1,1.1,4.8,LOW,LOW,LOW,LOW,N,28.8,23.2
2026-06-28 00:30,0,30,6,0.1305,0.9914,-0.7818,0.6235,1,0,0,Clear,1.0,1.3,1.3,1.1,1.1,5.8,6.0,4.8,5.0,1.3,1.3,1.1,1.1,4.8,LOW,LOW,LOW,LOW,N,28.4,23.6
2026-06-28 00:45,0,45,6,0.1951,0.9808,-0.7818,0.6235,1,0,0,Clear,1.0,1.3,1.3,1.1,1.1,6.0,6.2,5.0,4.8,1.3,1.4,1.1,1.1,4.9,LOW,LOW,LOW,LOW,S,28.8,23.2
2026-06-28 01:00,1,0,6,0.2588,0.9659,-0.7818,0.6235,1,0,0,Clear,1.0,1.3,1.4,1.1,1.1,6.1,6.3,5.1,5.0,1.3,1.4,1.1,1.1,4.9,LOW,LOW,LOW,LOW,S,28.7,23.3
2026-06-28 01:15,1,15,6,0.3214,0.9469,-0.7818,0.6235,1,0,0,Clear,1.0,1.3,1.4,1.1,1.1,6.0,5.8,5.0,5.1,1.3,1.3,1.1,1.1,4.8,LOW,LOW,LOW,LOW,N,28.1,23.9
2026-06-28 01:30,1,30,6,0.3827,0.9239,-0.7818,0.6235,1,0,0,Clear,1.0,1.3,1.3,1.1,1.1,6.2,6.3,5.1,4.8,1.4,1.4,1.1,1.1,5.0,LOW,LOW,LOW,LOW,N,28.9,23.1
2026-06-28 01:45,1,45,6,0.4423,0.8969,-0.7818,0.6235,1,0,0,Clear,1.0,1.4,1.4,1.1,1.1,5.7,6.0,5.1,5.2,1.3,1.3,1.1,1.1,4.8,LOW,LOW,LOW,LOW,N,27.8,24.2
2026-06-28 02:00,2,0,6,0.5,0.866,-0.7818,0.6235,1,0,0,Clear,1.0,1.3,1.3,1.1,1.1,6.0,6.0,4.8,4.8,1.3,1.3,1.1,1.1,4.8,LOW,LOW,LOW,LOW,N,28.9,23.1
2026-06-28 02:15,2,15,6,0.5556,0.8315,-0.7818,0.6235,1,0,0,Rain,1.25,1.3,1.3,1.1,1.1,7.2,7.3,6.0,6.4,1.6,1.6,1.3,1.4,5.9,LOW,LOW,LOW,LOW,N,27.9,24.1
2026-06-28 02:30,2,30,6,0.6088,0.7934,-0.7818,0.6235,1,0,0,Clear,1.0,1.6,1.6,1.3,1.4,5.8,6.0,4.8,4.9,1.3,1.3,1.1,1.1,4.8,LOW,LOW,LOW,LOW,N,28.6,23.4
2026-06-28 02:45,2,45,6,0.6593,0.7518,-0.7818,0.6235,1,0,0,Clear,1.0,1.3,1.3,1.1,1.1,6.1,5.7,4.8,5.2,1.3,1.3,1.1,1.1,4.8,LOW,LOW,LOW,LOW,N,28.1,23.9
2026-06-28 03:00,3,0,6,0.7071,0.7071,-0.7818,0.6235,1,0,0,Clear,1.0,1.3,1.3,1.1,1.1,6.1,5.8,5.0,5.2,1.3,1.3,1.1,1.1,4.8,LOW,LOW,LOW,LOW,N,28.0,24.0
2026-06-28 03:15,3,15,6,0.7518,0.6593,-0.7818,0.6235,1,0,0,Clear,1.0,1.3,1.3,1.1,1.1,6.3,5.8,5.2,5.1,1.4,1.3,1.1,1.1,4.9,LOW,LOW,LOW,LOW,N,28.3,23.7
2026-06-28 03:30,3,30,6,0.7934,0.6088,-0.7818,0.6235,1,0,0,Clear,1.0,1.4,1.3,1.1,1.1,6.2,6.2,5.1,4.9,1.4,1.4,1.1,1.1,5.0,LOW,LOW,LOW,LOW,N,28.7,23.3
2026-06-28 03:45,3,45,6,0.8315,0.5556,-0.7818,0.6235,1,0,0,Clear,1.0,1.4,1.4,1.1,1.1,5.8,5.8,5.1,5.0,1.3,1.3,1.1,1.1,4.8,LOW,LOW,LOW,LOW,N,27.7,24.3
2026-06-28 04:00,4,0,6,0.866,0.5,-0.7818,0.6235,1,0,0,Clear,1.0,1.3,1.3,1.1,1.1,6.0,6.0,5.1,5.1,1.3,1.3,1.1,1.1,4.8,LOW,LOW,LOW,LOW,N,28.1,23.9
2026-06-28 04:15,4,15,6,0.8969,0.4423,-0.7818,0.6235,1,0,0,Clear,1.0,1.3,1.3,1.1,1.1,5.7,5.8,5.0,4.9,1.3,1.3,1.1,1.1,4.8,LOW,LOW,LOW,LOW,N,27.9,24.1
2026-06-28 04:30,4,30,6,0.9239,0.3827,-0.7818,0.6235,1,0,0,Clear,1.0,1.3,1.3,1.1,1.1,6.1,6.1,5.1,4.8,1.3,1.3,1.1,1.1,4.8,LOW,LOW,LOW,LOW,N,28.5,23.5
2026-06-28 04:45,4,45,6,0.9469,0.3214,-0.7818,0.6235,1,0,0,Rain,1.25,1.3,1.3,1.1,1.1,7.9,7.4,6.2,6.1,1.7,1.6,1.4,1.3,6.0,LOW,LOW,LOW,LOW,N,29.0,23.0
2026-06-28 05:00,5,0,6,0.9659,0.2588,-0.7818,0.6235,1,0,0,Clear,1.0,1.7,1.6,1.4,1.3,5.8,6.1,5.1,4.9,1.3,1.3,1.1,1.1,4.8,LOW,LOW,LOW,LOW,N,28.3,23.7
2026-06-28 05:15,5,15,6,0.9808,0.1951,-0.7818,0.6235,1,0,0,Rain,1.25,1.3,1.3,1.1,1.1,7.5,7.6,6.3,6.2,1.6,1.7,1.4,1.4,6.1,LOW,LOW,LOW,LOW,S,28.4,23.6
2026-06-28 05:30,5,30,6,0.9914,0.1305,-0.7818,0.6235,1,0,0,Rain,1.25,1.6,1.7,1.4,1.4,7.6,7.3,6.1,6.1,1.7,1.6,1.3,1.3,5.9,LOW,LOW,LOW,LOW,N,28.7,23.3
2026-06-28 05:45,5,45,6,0.9979,0.0654,-0.7818,0.6235,1,0,0,Clear,1.0,1.7,1.6,1.3,1.3,5.7,6.0,4.8,4.8,1.3,1.3,1.1,1.1,4.8,LOW,LOW,LOW,LOW,N,28.7,23.3
2026-06-28 06:00,6,0,6,1.0,0.0,-0.7818,0.6235,1,0,0,Clear,1.0,1.3,1.3,1.1,1.1,22.2,23.0,19.4,19.8,4.9,5.1,4.3,4.4,18.7,LOW,LOW,LOW,LOW,S,27.9,24.1
2026-06-28 06:15,6,15,6,0.9979,-0.0654,-0.7818,0.6235,1,0,0,Clear,1.0,4.9,5.1,4.3,4.4,21.3,22.1,19.3,20.9,4.7,4.9,4.2,4.6,18.4,LOW,LOW,LOW,LOW,S,26.9,25.1
2026-06-28 06:30,6,30,6,0.9914,-0.1305,-0.7818,0.6235,1,0,0,Clear,1.0,4.7,4.9,4.2,4.6,21.7,21.5,20.5,20.1,4.8,4.7,4.5,4.4,18.4,LOW,LOW,LOW,LOW,N,26.8,25.2
2026-06-28 06:45,6,45,6,0.9808,-0.1951,-0.7818,0.6235,1,0,0,Heavy Rain,1.5,4.8,4.7,4.5,4.4,32.9,33.2,30.6,30.2,7.2,7.3,6.7,6.6,27.8,MEDIUM,MEDIUM,MEDIUM,MEDIUM,S,27.1,24.9
2026-06-28 07:00,7,0,6,0.9659,-0.2588,-0.7818,0.6235,1,0,0,Clear,1.0,7.2,7.3,6.7,6.6,21.9,21.1,19.4,19.6,4.8,4.6,4.3,4.3,18.0,LOW,LOW,LOW,LOW,N,27.4,24.6
2026-06-28 07:15,7,15,6,0.9469,-0.3214,-0.7818,0.6235,1,0,0,Clear,1.0,4.8,4.6,4.3,4.3,22.4,21.1,20.8,20.5,4.9,4.6,4.6,4.5,18.6,LOW,LOW,LOW,LOW,N,26.8,25.2
2026-06-28 07:30,7,30,6,0.9239,-0.3827,-0.7818,0.6235,1,0,0,Clear,1.0,4.9,4.6,4.6,4.5,22.2,22.6,19.8,20.0,4.9,5.0,4.4,4.4,18.7,LOW,LOW,LOW,LOW,S,27.6,24.4
2026-06-28 07:45,7,45,6,0.8969,-0.4423,-0.7818,0.6235,1,0,0,Clear,1.0,4.9,5.0,4.4,4.4,23.0,21.6,21.0,20.6,5.1,4.8,4.6,4.5,19.0,LOW,LOW,LOW,LOW,N,27.0,25.0
2026-06-28 08:00,8,0,6,0.866,-0.5,-0.7818,0.6235,1,0,0,Clear,1.0,5.1,4.8,4.6,4.5,21.8,21.3,20.6,19.4,4.8,4.7,4.5,4.3,18.3,LOW,LOW,LOW,LOW,N,26.9,25.1
2026-06-28 08:15,8,15,6,0.8315,-0.5556,-0.7818,0.6235,1,0,0,Clear,1.0,4.8,4.7,4.5,4.3,21.0,21.8,19.9,19.9,4.6,4.8,4.4,4.4,18.2,LOW,LOW,LOW,LOW,S,27.1,24.9
2026-06-28 08:30,8,30,6,0.7934,-0.6088,-0.7818,0.6235,1,0,0,Clear,1.0,4.6,4.8,4.4,4.4,21.0,22.5,20.0,20.4,4.6,5.0,4.4,4.5,18.5,LOW,LOW,LOW,LOW,S,27.1,24.9
2026-06-28 08:45,8,45,6,0.7518,-0.6593,-0.7818,0.6235,1,0,0,Clear,1.0,4.6,5.0,4.4,4.5,21.6,23.0,19.2,19.6,4.8,5.1,4.2,4.3,18.4,LOW,LOW,LOW,LOW,S,27.9,24.1
2026-06-28 09:00,9,0,6,0.7071,-0.7071,-0.7818,0.6235,1,0,0,Clear,1.0,4.8,5.1,4.2,4.3,22.6,22.1,19.4,19.5,5.0,4.9,4.3,4.3,18.5,LOW,LOW,LOW,LOW,N,27.9,24.1
2026-06-28 09:15,9,15,6,0.6593,-0.7518,-0.7818,0.6235,1,0,0,Clear,1.0,5.0,4.9,4.3,4.3,21.3,21.7,20.3,19.2,4.7,4.8,4.5,4.2,18.2,LOW,LOW,LOW,LOW,S,27.0,25.0
2026-06-28 09:30,9,30,6,0.6088,-0.7934,-0.7818,0.6235,1,0,0,Clear,1.0,4.7,4.8,4.5,4.2,21.8,22.5,20.9,19.3,4.8,5.0,4.6,4.2,18.6,LOW,LOW,LOW,LOW,S,27.1,24.9
2026-06-28 09:45,9,45,6,0.5556,-0.8315,-0.7818,0.6235,1,0,0,Clear,1.0,4.8,5.0,4.6,4.2,21.2,22.9,19.1,19.2,4.7,5.0,4.2,4.2,18.1,LOW,LOW,LOW,LOW,S,28.1,23.9
2026-06-28 10:00,10,0,6,0.5,-0.866,-0.7818,0.6235,1,0,0,Clear,1.0,4.7,5.0,4.2,4.2,41.4,36.9,36.9,33.3,9.1,8.1,8.1,7.3,32.6,MEDIUM,MEDIUM,MEDIUM,MEDIUM,N,27.5,24.5
2026-06-28 10:15,10,15,6,0.4423,-0.8969,-0.7818,0.6235,1,0,0,Clear,1.0,9.1,8.1,8.1,7.3,41.4,40.1,35.9,33.7,9.1,8.8,7.9,7.4,33.2,MEDIUM,MEDIUM,MEDIUM,MEDIUM,N,28.0,24.0
2026-06-28 10:30,10,30,6,0.3827,-0.9239,-0.7818,0.6235,1,0,0,Clear,1.0,9.1,8.8,7.9,7.4,40.3,39.0,37.9,36.5,8.9,8.6,8.3,8.0,33.8,MEDIUM,MEDIUM,MEDIUM,MEDIUM,N,26.8,25.2
2026-06-28 10:45,10,45,6,0.3214,-0.9469,-0.7818,0.6235,1,0,0,Rain,1.25,8.9,8.6,8.3,8.0,49.6,49.3,46.6,45.1,10.9,10.8,10.3,9.9,41.9,MEDIUM,MEDIUM,MEDIUM,MEDIUM,N,26.9,25.1
2026-06-28 11:00,11,0,6,0.2588,-0.9659,-0.7818,0.6235,1,0,0,Heavy Rain,1.5,10.9,10.8,10.3,9.9,55.8,67.4,53.1,60.3,12.3,14.8,11.7,13.3,52.1,MEDIUM,HIGH,MEDIUM,MEDIUM,S,27.3,24.7
2026-06-28 11:15,11,15,6,0.1951,-0.9808,-0.7818,0.6235,1,0,0,Clear,1.0,12.3,14.8,11.7,13.3,36.9,44.7,34.9,41.5,8.1,9.8,7.7,9.1,34.7,MEDIUM,MEDIUM,MEDIUM,MEDIUM,S,26.9,25.1
2026-06-28 11:30,11,30,6,0.1305,-0.9914,-0.7818,0.6235,1,0,0,Clear,1.0,8.1,9.8,7.7,9.1,37.5,43.7,35.3,39.5,8.2,9.6,7.8,8.7,34.3,MEDIUM,MEDIUM,MEDIUM,MEDIUM,S,27.2,24.8
2026-06-28 11:45,11,45,6,0.0654,-0.9979,-0.7818,0.6235,1,0,0,Clear,1.0,8.2,9.6,7.8,8.7,38.3,44.1,32.9,39.6,8.4,9.7,7.2,8.7,34.0,MEDIUM,MEDIUM,MEDIUM,MEDIUM,S,27.5,24.5
2026-06-28 12:00,12,0,6,0.0,-1.0,-0.7818,0.6235,1,0,0,Clear,1.0,8.4,9.7,7.2,8.7,42.6,52.0,35.2,47.0,9.4,11.4,7.7,10.3,38.8,MEDIUM,MEDIUM,MEDIUM,MEDIUM,S,27.6,24.4
2026-06-28 12:15,12,15,6,-0.0654,-0.9979,-0.7818,0.6235,1,0,0,Clear,1.0,9.4,11.4,7.7,10.3,39.7,53.0,37.5,46.3,8.7,11.7,8.2,10.2,38.8,MEDIUM,MEDIUM,MEDIUM,MEDIUM,S,27.5,24.5
2026-06-28 12:30,12,30,6,-0.1305,-0.9914,-0.7818,0.6235,1,0,0,Clear,1.0,8.7,11.7,8.2,10.2,41.7,50.2,35.8,47.2,9.2,11.0,7.9,10.4,38.5,MEDIUM,MEDIUM,MEDIUM,MEDIUM,S,27.1,24.9
2026-06-28 12:45,12,45,6,-0.1951,-0.9808,-0.7818,0.6235,1,0,0,Rain,1.25,9.2,11.0,7.9,10.4,51.3,67.2,45.5,58.9,11.3,14.8,10.0,13.0,49.1,MEDIUM,HIGH,MEDIUM,MEDIUM,S,27.7,24.3
2026-06-28 13:00,13,0,6,-0.2588,-0.9659,-0.7818,0.6235,1,0,0,Clear,1.0,11.3,14.8,10.0,13.0,49.6,52.3,43.7,43.3,10.9,11.5,9.6,9.5,41.5,MEDIUM,MEDIUM,MEDIUM,MEDIUM,S,28.2,23.8
2026-06-28 13:15,13,15,6,-0.3214,-0.9469,-0.7818,0.6235,1,0,0,Clear,1.0,10.9,11.5,9.6,9.5,47.2,54.2,41.5,47.1,10.4,11.9,9.1,10.4,41.8,MEDIUM,MEDIUM,MEDIUM,MEDIUM,S,27.8,24.2
2026-06-28 13:30,13,30,6,-0.3827,-0.9239,-0.7818,0.6235,1,0,0,Clear,1.0,10.4,11.9,9.1,10.4,46.4,51.6,43.4,45.7,10.2,11.4,9.5,10.1,41.2,MEDIUM,MEDIUM,MEDIUM,MEDIUM,S,27.4,24.6
2026-06-28 13:45,13,45,6,-0.4423,-0.8969,-0.7818,0.6235,1,0,0,Clear,1.0,10.2,11.4,9.5,10.1,50.0,49.9,44.5,45.8,11.0,11.0,9.8,10.1,41.9,MEDIUM,MEDIUM,MEDIUM,MEDIUM,N,27.2,24.8
2026-06-28 14:00,14,0,6,-0.5,-0.866,-0.7818,0.6235,1,0,0,Clear,1.0,11.0,11.0,9.8,10.1,54.7,46.2,45.7,38.8,12.0,10.2,10.1,8.5,40.8,MEDIUM,MEDIUM,MEDIUM,MEDIUM,N,28.3,23.7
2026-06-28 14:15,14,15,6,-0.5556,-0.8315,-0.7818,0.6235,1,0,0,Clear,1.0,12.0,10.2,10.1,8.5,52.3,46.9,46.9,41.6,11.5,10.3,10.3,9.2,41.3,MEDIUM,MEDIUM,MEDIUM,MEDIUM,N,27.4,24.6
2026-06-28 14:30,14,30,6,-0.6088,-0.7934,-0.7818,0.6235,1,0,0,Clear,1.0,11.5,10.3,10.3,9.2,51.1,47.3,44.8,38.9,11.2,10.4,9.9,8.6,40.1,MEDIUM,MEDIUM,MEDIUM,MEDIUM,N,27.9,24.1
2026-06-28 14:45,14,45,6,-0.6593,-0.7518,-0.7818,0.6235,1,0,0,Clear,1.0,11.2,10.4,9.9,8.6,51.8,44.5,45.3,41.6,11.4,9.8,10.0,9.2,40.4,MEDIUM,MEDIUM,MEDIUM,MEDIUM,N,27.5,24.5
2026-06-28 15:00,15,0,6,-0.7071,-0.7071,-0.7818,0.6235,1,0,0,Clear,1.0,11.4,9.8,10.0,9.2,49.7,38.5,43.3,35.1,10.9,8.5,9.5,7.7,36.6,MEDIUM,MEDIUM,MEDIUM,MEDIUM,N,27.7,24.3
2026-06-28 15:15,15,15,6,-0.7518,-0.6593,-0.7818,0.6235,1,0,0,Heavy Rain,1.5,10.9,8.5,9.5,7.7,71.9,55.5,64.2,54.3,15.8,12.2,14.1,11.9,54.0,HIGH,MEDIUM,HIGH,MEDIUM,N,27.2,24.8
2026-06-28 15:30,15,30,6,-0.7934,-0.6088,-0.7818,0.6235,1,0,0,Rain,1.25,15.8,12.2,14.1,11.9,64.0,48.7,54.5,44.5,14.1,10.7,12.0,9.8,46.6,HIGH,MEDIUM,MEDIUM,MEDIUM,N,27.9,24.1
2026-06-28 15:45,15,45,6,-0.8315,-0.5556,-0.7818,0.6235,1,0,0,Clear,1.0,14.1,10.7,12.0,9.8,51.6,39.6,43.4,36.9,11.4,8.7,9.5,8.1,37.7,MEDIUM,MEDIUM,MEDIUM,MEDIUM,N,28.0,24.0
2026-06-28 16:00,16,0,6,-0.866,-0.5,-0.7818,0.6235,1,0,0,Clear,1.0,11.4,8.7,9.5,8.1,42.3,36.4,38.5,33.0,9.3,8.0,8.5,7.3,33.1,MEDIUM,MEDIUM,MEDIUM,MEDIUM,N,27.2,24.8
2026-06-28 16:15,16,15,6,-0.8969,-0.4423,-0.7818,0.6235,1,0,0,Clear,1.0,9.3,8.0,8.5,7.3,43.7,38.9,40.0,33.9,9.6,8.6,8.8,7.5,34.5,MEDIUM,MEDIUM,MEDIUM,MEDIUM,N,27.3,24.7
2026-06-28 16:30,16,30,6,-0.9239,-0.3827,-0.7818,0.6235,1,0,0,Clear,1.0,9.6,8.6,8.8,7.5,44.3,37.7,39.9,33.9,9.7,8.3,8.8,7.5,34.3,MEDIUM,MEDIUM,MEDIUM,MEDIUM,N,27.4,24.6
2026-06-28 16:45,16,45,6,-0.9469,-0.3214,-0.7818,0.6235,1,0,0,Heavy Rain,1.5,9.7,8.3,8.8,7.5,65.8,55.6,57.8,50.1,14.5,12.2,12.7,11.0,50.4,HIGH,MEDIUM,MEDIUM,MEDIUM,N,27.6,24.4
2026-06-28 17:00,17,0,6,-0.9659,-0.2588,-0.7818,0.6235,1,0,0,Clear,1.0,14.5,12.2,12.7,11.0,36.5,41.6,35.7,38.9,8.0,9.2,7.9,8.6,33.7,MEDIUM,MEDIUM,MEDIUM,MEDIUM,S,26.7,25.3
2026-06-28 17:15,17,15,6,-0.9808,-0.1951,-0.7818,0.6235,1,0,0,Clear,1.0,8.0,9.2,7.9,8.6,35.6,42.7,32.6,38.9,7.8,9.4,7.2,8.6,33.0,MEDIUM,MEDIUM,MEDIUM,MEDIUM,S,27.2,24.8
2026-06-28 17:30,17,30,6,-0.9914,-0.1305,-0.7818,0.6235,1,0,0,Clear,1.0,7.8,9.4,7.2,8.6,37.0,43.4,32.9,39.1,8.1,9.5,7.2,8.6,33.4,MEDIUM,MEDIUM,MEDIUM,MEDIUM,S,27.4,24.6
2026-06-28 17:45,17,45,6,-0.9979,-0.0654,-0.7818,0.6235,1,0,0,Rain,1.25,8.1,9.5,7.2,8.6,48.9,51.5,41.5,46.9,10.8,11.3,9.1,10.3,41.5,MEDIUM,MEDIUM,MEDIUM,MEDIUM,S,27.4,24.6
2026-06-28 18:00,18,0,6,-1.0,-0.0,-0.7818,0.6235,1,0,0,Clear,1.0,10.8,11.3,9.1,10.3,22.3,21.5,19.9,19.8,4.9,4.7,4.4,4.4,18.4,LOW,LOW,LOW,LOW,N,27.4,24.6
2026-06-28 18:15,18,15,6,-0.9979,0.0654,-0.7818,0.6235,1,0,0,Clear,1.0,4.9,4.7,4.4,4.4,22.0,21.0,19.8,20.9,4.8,4.6,4.4,4.6,18.4,LOW,LOW,LOW,LOW,N,26.7,25.3
2026-06-28 18:30,18,30,6,-0.9914,0.1305,-0.7818,0.6235,1,0,0,Clear,1.0,4.8,4.6,4.4,4.6,21.4,22.8,19.8,20.6,4.7,5.0,4.4,4.5,18.6,LOW,LOW,LOW,LOW,S,27.2,24.8
2026-06-28 18:45,18,45,6,-0.9808,0.1951,-0.7818,0.6235,1,0,0,Rain,1.25,4.7,5.0,4.4,4.5,27.3,28.9,26.0,25.1,6.0,6.4,5.7,5.5,23.6,MEDIUM,MEDIUM,LOW,LOW,S,27.3,24.7
2026-06-28 19:00,19,0,6,-0.9659,0.2588,-0.7818,0.6235,1,0,0,Clear,1.0,6.0,6.4,5.7,5.5,21.2,20.9,20.0,20.6,4.7,4.6,4.4,4.5,18.2,LOW,LOW,LOW,LOW,N,26.4,25.6
2026-06-28 19:15,19,15,6,-0.9469,0.3214,-0.7818,0.6235,1,0,0,Clear,1.0,4.7,4.6,4.4,4.5,22.2,21.2,19.3,20.3,4.9,4.7,4.2,4.5,18.3,LOW,LOW,LOW,LOW,N,27.2,24.8
2026-06-28 19:30,19,30,6,-0.9239,0.3827,-0.7818,0.6235,1,0,0,Clear,1.0,4.9,4.7,4.2,4.5,21.5,21.3,19.7,20.1,4.7,4.7,4.3,4.4,18.1,LOW,LOW,LOW,LOW,N,26.9,25.1
2026-06-28 19:45,19,45,6,-0.8969,0.4423,-0.7818,0.6235,1,0,0,Clear,1.0,4.7,4.7,4.3,4.4,21.5,21.7,19.7,19.3,4.7,4.8,4.3,4.2,18.0,LOW,LOW,LOW,LOW,S,27.3,24.7
2026-06-28 20:00,20,0,6,-0.866,0.5,-0.7818,0.6235,1,0,0,Clear,1.0,4.7,4.8,4.3,4.2,22.6,21.3,19.4,20.7,5.0,4.7,4.3,4.6,18.6,LOW,LOW,LOW,LOW,N,27.2,24.8
2026-06-28 20:15,20,15,6,-0.8315,0.5556,-0.7818,0.6235,1,0,0,Rain,1.25,5.0,4.7,4.3,4.6,27.7,28.8,23.8,24.3,6.1,6.3,5.2,5.3,22.9,MEDIUM,MEDIUM,LOW,LOW,S,28.1,23.9
2026-06-28 20:30,20,30,6,-0.7934,0.6088,-0.7818,0.6235,1,0,0,Clear,1.0,6.1,6.3,5.2,5.3,23.1,21.1,19.3,19.1,5.1,4.6,4.2,4.2,18.1,LOW,LOW,LOW,LOW,N,28.1,23.9
2026-06-28 20:45,20,45,6,-0.7518,0.6593,-0.7818,0.6235,1,0,0,Heavy Rain,1.5,5.1,4.6,4.2,4.2,32.8,32.4,29.8,31.1,7.2,7.1,6.6,6.8,27.7,MEDIUM,MEDIUM,MEDIUM,MEDIUM,N,26.8,25.2
2026-06-28 21:00,21,0,6,-0.7071,0.7071,-0.7818,0.6235,1,0,0,Clear,1.0,7.2,7.1,6.6,6.8,21.2,21.8,19.0,19.8,4.7,4.8,4.2,4.4,18.1,LOW,LOW,LOW,LOW,S,27.3,24.7
2026-06-28 21:15,21,15,6,-0.6593,0.7518,-0.7818,0.6235,1,0,0,Clear,1.0,4.7,4.8,4.2,4.4,22.0,22.0,19.0,19.9,4.8,4.8,4.2,4.4,18.2,LOW,LOW,LOW,LOW,N,27.5,24.5
2026-06-28 21:30,21,30,6,-0.6088,0.7934,-0.7818,0.6235,1,0,0,Clear,1.0,4.8,4.8,4.2,4.4,22.9,21.2,19.5,20.3,5.0,4.7,4.3,4.5,18.5,LOW,LOW,LOW,LOW,N,27.4,24.6
2026-06-28 21:45,21,45,6,-0.5556,0.8315,-0.7818,0.6235,1,0,0,Clear,1.0,5.0,4.7,4.3,4.5,22.7,22.1,20.5,20.3,5.0,4.9,4.5,4.5,18.9,LOW,LOW,LOW,LOW,N,27.3,24.7
2026-06-28 22:00,22,0,6,-0.5,0.866,-0.7818,0.6235,1,0,0,Clear,1.0,5.0,4.9,4.5,4.5,21.3,21.6,20.3,19.5,4.7,4.8,4.5,4.3,18.3,LOW,LOW,LOW,LOW,S,26.9,25.1
2026-06-28 22:15,22,15,6,-0.4423,0.8969,-0.7818,0.6235,1,0,0,Clear,1.0,4.7,4.8,4.5,4.3,21.4,21.1,20.0,20.2,4.7,4.6,4.4,4.4,18.1,LOW,LOW,LOW,LOW,N,26.7,25.3
2026-06-28 22:30,22,30,6,-0.3827,0.9239,-0.7818,0.6235,1,0,0,Clear,1.0,4.7,4.6,4.4,4.4,22.0,22.5,20.5,19.7,4.8,5.0,4.5,4.3,18.6,LOW,LOW,LOW,LOW,S,27.3,24.7
2026-06-28 22:45,22,45,6,-0.3214,0.9469,-0.7818,0.6235,1,0,0,Clear,1.0,4.8,5.0,4.5,4.3,22.1,21.2,19.6,20.6,4.9,4.7,4.3,4.5,18.4,LOW,LOW,LOW,LOW,N,26.9,25.1
2026-06-28 23:00,23,0,6,-0.2588,0.9659,-0.7818,0.6235,1,0,0,Clear,1.0,4.9,4.7,4.3,4.5,6.2,6.1,4.8,4.9,1.4,1.3,1.1,1.1,4.9,LOW,LOW,LOW,LOW,N,29.1,22.9
2026-06-28 23:15,23,15,6,-0.1951,0.9808,-0.7818,0.6235,1,0,0,Clear,1.0,1.4,1.3,1.1,1.1,6.0,6.3,4.8,5.1,1.3,1.4,1.1,1.1,4.9,LOW,LOW,LOW,LOW,S,28.8,23.2
2026-06-28 23:30,23,30,6,-0.1305,0.9914,-0.7818,0.6235,1,0,0,Clear,1.0,1.3,1.4,1.1,1.1,5.7,6.3,4.8,5.0,1.3,1.4,1.1,1.1,4.9,LOW,LOW,LOW,LOW,S,28.8,23.2
2026-06-28 23:45,23,45,6,-0.0654,0.9979,-0.7818,0.6235,1,0,0,Clear,1.0,1.3,1.4,1.1,1.1,5.8,6.1,4.8,5.2,1.3,1.3,1.1,1.1,4.8,LOW,LOW,LOW,LOW,N,28.2,23.8
2026-06-29 00:00,0,0,0,0.0,1.0,0.0,1.0,0,0,0,Clear,1.0,1.3,1.3,1.1,1.1,6.2,6.1,4.8,5.1,1.4,1.3,1.1,1.1,4.9,LOW,LOW,LOW,LOW,N,28.7,23.3
2026-06-29 00:15,0,15,0,0.0654,0.9979,0.0,1.0,0,0,0,Clear,1.0,1.4,1.3,1.1,1.1,6.0,6.3,5.0,5.1,1.3,1.4,1.1,1.1,4.9,LOW,LOW,LOW,LOW,S,28.6,23.4
2026-06-29 00:30,0,30,0,0.1305,0.9914,0.0,1.0,0,0,0,Clear,1.0,1.3,1.4,1.1,1.1,5.9,6.1,4.9,5.2,1.3,1.3,1.1,1.1,4.8,LOW,LOW,LOW,LOW,N,28.2,23.8
2026-06-29 00:45,0,45,0,0.1951,0.9808,0.0,1.0,0,0,0,Rain,1.25,1.3,1.3,1.1,1.1,7.2,7.3,6.0,6.1,1.6,1.6,1.3,1.3,5.8,LOW,LOW,LOW,LOW,N,28.3,23.7
2026-06-29 01:00,1,0,0,0.2588,0.9659,0.0,1.0,0,0,0,Rain,1.25,1.6,1.6,1.3,1.3,7.1,7.9,6.2,6.0,1.6,1.7,1.4,1.3,6.0,LOW,LOW,LOW,LOW,S,28.9,23.1
2026-06-29 01:15,1,15,0,0.3214,0.9469,0.0,1.0,0,0,0,Clear,1.0,1.6,1.7,1.4,1.3,5.9,6.1,5.1,5.2,1.3,1.3,1.1,1.1,4.8,LOW,LOW,LOW,LOW,N,28.0,24.0
2026-06-29 01:30,1,30,0,0.3827,0.9239,0.0,1.0,0,0,0,Clear,1.0,1.3,1.3,1.1,1.1,6.3,5.8,4.9,5.0,1.4,1.3,1.1,1.1,4.9,LOW,LOW,LOW,LOW,N,28.8,23.2
2026-06-29 01:45,1,45,0,0.4423,0.8969,0.0,1.0,0,0,0,Rain,1.25,1.4,1.3,1.1,1.1,7.8,7.5,6.0,5.9,1.7,1.6,1.3,1.3,5.9,LOW,LOW,LOW,LOW,N,29.3,22.7
2026-06-29 02:00,2,0,0,0.5,0.866,0.0,1.0,0,0,0,Clear,1.0,1.7,1.6,1.3,1.3,6.2,5.9,5.2,5.1,1.4,1.3,1.1,1.1,4.9,LOW,LOW,LOW,LOW,N,28.2,23.8
2026-06-29 02:15,2,15,0,0.5556,0.8315,0.0,1.0,0,0,0,Clear,1.0,1.4,1.3,1.1,1.1,5.9,6.3,5.2,5.1,1.3,1.4,1.1,1.1,4.9,LOW,LOW,LOW,LOW,S,28.3,23.7
2026-06-29 02:30,2,30,0,0.6088,0.7934,0.0,1.0,0,0,0,Clear,1.0,1.3,1.4,1.1,1.1,6.1,6.2,4.8,4.8,1.3,1.4,1.1,1.1,4.9,LOW,LOW,LOW,LOW,S,29.3,22.7
2026-06-29 02:45,2,45,0,0.6593,0.7518,0.0,1.0,0,0,0,Clear,1.0,1.3,1.4,1.1,1.1,5.9,6.0,5.1,5.2,1.3,1.3,1.1,1.1,4.8,LOW,LOW,LOW,LOW,N,27.9,24.1
2026-06-29 03:00,3,0,0,0.7071,0.7071,0.0,1.0,0,0,0,Clear,1.0,1.3,1.3,1.1,1.1,6.2,6.0,4.9,4.8,1.4,1.3,1.1,1.1,4.9,LOW,LOW,LOW,LOW,N,29.0,23.0
2026-06-29 03:15,3,15,0,0.7518,0.6593,0.0,1.0,0,0,0,Clear,1.0,1.4,1.3,1.1,1.1,6.2,6.1,4.8,5.2,1.4,1.3,1.1,1.1,4.9,LOW,LOW,LOW,LOW,N,28.5,23.5
2026-06-29 03:30,3,30,0,0.7934,0.6088,0.0,1.0,0,0,0,Rain,1.25,1.4,1.3,1.1,1.1,7.6,7.6,6.2,6.5,1.7,1.7,1.4,1.4,6.2,LOW,LOW,LOW,LOW,N,28.2,23.8
2026-06-29 03:45,3,45,0,0.8315,0.5556,0.0,1.0,0,0,0,Heavy Rain,1.5,1.7,1.7,1.4,1.4,9.4,8.7,7.8,7.7,2.1,1.9,1.7,1.7,7.4,LOW,LOW,LOW,LOW,N,28.2,23.8
2026-06-29 04:00,4,0,0,0.866,0.5,0.0,1.0,0,0,0,Heavy Rain,1.5,2.1,1.9,1.7,1.7,8.8,9.3,7.5,7.4,1.9,2.0,1.6,1.6,7.1,LOW,LOW,LOW,LOW,S,28.6,23.4
2026-06-29 04:15,4,15,0,0.8969,0.4423,0.0,1.0,0,0,0,Clear,1.0,1.9,2.0,1.6,1.6,6.0,6.1,5.0,5.0,1.3,1.3,1.1,1.1,4.8,LOW,LOW,LOW,LOW,N,28.5,23.5
2026-06-29 04:30,4,30,0,0.9239,0.3827,0.0,1.0,0,0,0,Clear,1.0,1.3,1.3,1.1,1.1,5.7,6.1,5.2,5.1,1.3,1.3,1.1,1.1,4.8,LOW,LOW,LOW,LOW,N,27.9,24.1
2026-06-29 04:45,4,45,0,0.9469,0.3214,0.0,1.0,0,0,0,Clear,1.0,1.3,1.3,1.1,1.1,6.2,6.3,4.9,4.9,1.4,1.4,1.1,1.1,5.0,LOW,LOW,LOW,LOW,N,29.2,22.8
2026-06-29 05:00,5,0,0,0.9659,0.2588,0.0,1.0,0,0,0,Clear,1.0,1.4,1.4,1.1,1.1,6.0,5.7,4.8,5.1,1.3,1.3,1.1,1.1,4.8,LOW,LOW,LOW,LOW,N,28.1,23.9
2026-06-29 05:15,5,15,0,0.9808,0.1951,0.0,1.0,0,0,0,Clear,1.0,1.3,1.3,1.1,1.1,5.9,6.0,4.8,5.0,1.3,1.3,1.1,1.1,4.8,LOW,LOW,LOW,LOW,N,28.4,23.6
2026-06-29 05:30,5,30,0,0.9914,0.1305,0.0,1.0,0,0,0,Clear,1.0,1.3,1.3,1.1,1.1,6.0,5.8,4.9,5.0,1.3,1.3,1.1,1.1,4.8,LOW,LOW,LOW,LOW,N,28.3,23.7
2026-06-29 05:45,5,45,0,0.9979,0.0654,0.0,1.0,0,0,0,Clear,1.0,1.3,1.3,1.1,1.1,6.0,5.7,5.1,5.0,1.3,1.3,1.1,1.1,4.8,LOW,LOW,LOW,LOW,N,28.0,24.0
2026-06-29 06:00,6,0,0,1.0,0.0,0.0,1.0,0,0,0,Clear,1.0,1.3,1.3,1.1,1.1,25.8,24.4,22.0,21.1,5.7,5.4,4.8,4.6,20.5,LOW,LOW,LOW,LOW,N,28.0,24.0
2026-06-29 06:15,6,15,0,0.9979,-0.0654,0.0,1.0,0,0,0,Clear,1.0,5.7,5.4,4.8,4.6,25.4,23.8,22.9,21.1,5.6,5.2,5.0,4.6,20.4,LOW,LOW,LOW,LOW,N,27.4,24.6
2026-06-29 06:30,6,30,0,0.9914,-0.1305,0.0,1.0,0,0,0,Clear,1.0,5.6,5.2,5.0,4.6,24.2,25.2,21.9,22.9,5.3,5.5,4.8,5.0,20.6,LOW,LOW,LOW,LOW,S,27.3,24.7
2026-06-29 06:45,6,45,0,0.9808,-0.1951,0.0,1.0,0,0,0,Clear,1.0,5.3,5.5,4.8,5.0,25.3,26.1,21.0,21.6,5.6,5.7,4.6,4.8,20.7,LOW,LOW,LOW,LOW,S,28.4,23.6
2026-06-29 07:00,7,0,0,0.9659,-0.2588,0.0,1.0,0,1,0,Clear,1.0,5.6,5.7,4.6,4.8,109.5,17.7,86.4,17.6,24.1,3.9,19.0,3.9,50.9,VERY_HIGH,LOW,HIGH,LOW,N,28.9,23.1
2026-06-29 07:15,7,15,0,0.9469,-0.3214,0.0,1.0,0,1,0,Rain,1.25,24.1,3.9,19.0,3.9,136.9,21.9,101.2,22.3,30.1,4.8,22.3,4.9,62.1,VERY_HIGH,LOW,HIGH,LOW,N,29.6,22.4
2026-06-29 07:30,7,30,0,0.9239,-0.3827,0.0,1.0,0,1,0,Clear,1.0,30.1,4.8,22.3,4.9,115.3,17.4,85.6,18.4,25.4,3.8,18.8,4.0,52.0,VERY_HIGH,LOW,HIGH,LOW,N,29.6,22.4
2026-06-29 07:45,7,45,0,0.8969,-0.4423,0.0,1.0,0,1,0,Clear,1.0,25.4,3.8,18.8,4.0,106.6,18.4,88.1,17.8,23.5,4.0,19.4,3.9,50.8,HIGH,LOW,HIGH,LOW,N,28.3,23.7
2026-06-29 08:00,8,0,0,0.866,-0.5,0.0,1.0,0,1,0,Rain,1.25,23.5,4.0,19.4,3.9,179.8,23.6,143.4,22.3,39.6,5.2,31.5,4.9,81.2,VERY_HIGH,LOW,VERY_HIGH,LOW,N,28.8,23.2
2026-06-29 08:15,8,15,0,0.8315,-0.5556,0.0,1.0,0,1,0,Clear,1.0,39.6,5.2,31.5,4.9,139.1,17.6,110.9,18.7,30.6,3.9,24.4,4.1,63.0,VERY_HIGH,LOW,VERY_HIGH,LOW,N,28.8,23.2
2026-06-29 08:30,8,30,0,0.7934,-0.6088,0.0,1.0,0,1,0,Clear,1.0,30.6,3.9,24.4,4.1,144.7,17.3,108.1,18.4,31.8,3.8,23.8,4.0,63.4,VERY_HIGH,LOW,HIGH,LOW,N,29.5,22.5
2026-06-29 08:45,8,45,0,0.7518,-0.6593,0.0,1.0,0,1,0,Clear,1.0,31.8,3.8,23.8,4.0,149.0,18.6,107.4,18.9,32.8,4.1,23.6,4.2,64.7,VERY_HIGH,LOW,HIGH,LOW,N,30.0,22.0
2026-06-29 09:00,9,0,0,0.7071,-0.7071,0.0,1.0,0,1,0,Clear,1.0,32.8,4.1,23.6,4.2,104.9,17.9,84.4,18.5,23.1,3.9,18.6,4.1,49.7,HIGH,LOW,HIGH,LOW,N,28.6,23.4
2026-06-29 09:15,9,15,0,0.6593,-0.7518,0.0,1.0,0,1,0,Clear,1.0,23.1,3.9,18.6,4.1,112.5,17.8,83.6,17.7,24.8,3.9,18.4,3.9,51.0,VERY_HIGH,LOW,HIGH,LOW,N,29.6,22.4
2026-06-29 09:30,9,30,0,0.6088,-0.7934,0.0,1.0,0,1,0,Rain,1.25,24.8,3.9,18.4,3.9,141.4,22.6,108.5,22.5,31.1,5.0,23.9,5.0,65.0,VERY_HIGH,LOW,HIGH,LOW,N,29.2,22.8
2026-06-29 09:45,9,45,0,0.5556,-0.8315,0.0,1.0,0,1,0,Heavy Rain,1.5,31.1,5.0,23.9,5.0,167.5,27.6,121.7,26.3,36.9,6.1,26.8,5.8,75.6,VERY_HIGH,MEDIUM,VERY_HIGH,LOW,N,29.9,22.1
2026-06-29 10:00,10,0,0,0.5,-0.866,0.0,1.0,0,0,0,Clear,1.0,36.9,6.1,26.8,5.8,25.3,24.5,21.0,21.9,5.6,5.4,4.6,4.8,20.4,LOW,LOW,LOW,LOW,N,27.9,24.1
2026-06-29 10:15,10,15,0,0.4423,-0.8969,0.0,1.0,0,0,0,Clear,1.0,5.6,5.4,4.6,4.8,24.0,25.8,21.2,21.1,5.3,5.7,4.7,4.6,20.3,LOW,LOW,LOW,LOW,S,28.3,23.7
2026-06-29 10:30,10,30,0,0.3827,-0.9239,0.0,1.0,0,0,0,Clear,1.0,5.3,5.7,4.7,4.6,24.5,24.4,21.1,21.8,5.4,5.4,4.6,4.8,20.2,LOW,LOW,LOW,LOW,N,27.6,24.4
2026-06-29 10:45,10,45,0,0.3214,-0.9469,0.0,1.0,0,0,0,Clear,1.0,5.4,5.4,4.6,4.8,25.7,24.2,21.3,22.3,5.7,5.3,4.7,4.9,20.6,LOW,LOW,LOW,LOW,N,27.8,24.2
2026-06-29 11:00,11,0,0,0.2588,-0.9659,0.0,1.0,0,0,0,Rain,1.25,5.7,5.3,4.7,4.9,51.3,51.5,42.7,42.0,11.3,11.3,9.4,9.2,41.2,MEDIUM,MEDIUM,MEDIUM,MEDIUM,N,28.5,23.5
2026-06-29 11:15,11,15,0,0.1951,-0.9808,0.0,1.0,0,0,0,Clear,1.0,11.3,11.3,9.4,9.2,38.9,41.0,35.9,35.4,8.6,9.0,7.9,7.8,33.3,MEDIUM,MEDIUM,MEDIUM,MEDIUM,S,27.6,24.4
2026-06-29 11:30,11,30,0,0.1305,-0.9914,0.0,1.0,0,0,0,Rain,1.25,8.6,9.0,7.9,7.8,52.1,50.7,43.0,44.8,11.5,11.2,9.5,9.9,42.1,MEDIUM,MEDIUM,MEDIUM,MEDIUM,N,28.0,24.0
2026-06-29 11:45,11,45,0,0.0654,-0.9979,0.0,1.0,0,0,0,Clear,1.0,11.5,11.2,9.5,9.9,40.3,40.7,35.1,33.5,8.9,9.0,7.7,7.4,33.0,MEDIUM,MEDIUM,MEDIUM,MEDIUM,S,28.0,24.0
2026-06-29 12:00,12,0,0,0.0,-1.0,0.0,1.0,0,0,0,Rain,1.25,8.9,9.0,7.7,7.4,48.8,49.8,44.8,42.8,10.7,11.0,9.9,9.4,41.0,MEDIUM,MEDIUM,MEDIUM,MEDIUM,S,27.5,24.5
2026-06-29 12:15,12,15,0,-0.0654,-0.9979,0.0,1.0,0,0,0,Clear,1.0,10.7,11.0,9.9,9.4,41.7,39.3,35.9,35.7,9.2,8.6,7.9,7.9,33.6,MEDIUM,MEDIUM,MEDIUM,MEDIUM,N,27.8,24.2
2026-06-29 12:30,12,30,0,-0.1305,-0.9914,0.0,1.0,0,0,0,Heavy Rain,1.5,9.2,8.6,7.9,7.9,58.2,62.4,55.0,51.9,12.8,13.7,12.1,11.4,50.0,MEDIUM,MEDIUM,MEDIUM,MEDIUM,S,27.6,24.4
2026-06-29 12:45,12,45,0,-0.1951,-0.9808,0.0,1.0,0,0,0,Rain,1.25,12.8,13.7,12.1,11.4,47.6,50.0,43.1,43.2,10.5,11.0,9.5,9.5,40.5,MEDIUM,MEDIUM,MEDIUM,MEDIUM,S,27.7,24.3
2026-06-29 13:00,13,0,0,-0.2588,-0.9659,0.0,1.0,0,0,0,Clear,1.0,10.5,11.0,9.5,9.5,38.3,38.0,35.6,35.8,8.4,8.4,7.8,7.9,32.5,MEDIUM,MEDIUM,MEDIUM,MEDIUM,N,26.9,25.1
2026-06-29 13:15,13,15,0,-0.3214,-0.9469,0.0,1.0,0,0,0,Heavy Rain,1.5,8.4,8.4,7.8,7.9,59.3,60.4,50.7,51.8,13.0,13.3,11.2,11.4,48.9,MEDIUM,MEDIUM,MEDIUM,MEDIUM,S,28.0,24.0
2026-06-29 13:30,13,30,0,-0.3827,-0.9239,0.0,1.0,0,0,0,Rain,1.25,13.0,13.3,11.2,11.4,49.3,48.7,44.4,45.0,10.8,10.7,9.8,9.9,41.2,MEDIUM,MEDIUM,MEDIUM,MEDIUM,N,27.2,24.8
2026-06-29 13:45,13,45,0,-0.4423,-0.8969,0.0,1.0,0,0,0,Clear,1.0,10.8,10.7,9.8,9.9,38.1,40.0,34.2,35.3,8.4,8.8,7.5,7.8,32.5,MEDIUM,MEDIUM,MEDIUM,MEDIUM,S,27.6,24.4
2026-06-29 14:00,14,0,0,-0.5,-0.866,0.0,1.0,0,0,0,Clear,1.0,8.4,8.8,7.5,7.8,40.3,40.1,35.6,34.0,8.9,8.8,7.8,7.5,33.0,MEDIUM,MEDIUM,MEDIUM,MEDIUM,N,27.7,24.3
2026-06-29 14:15,14,15,0,-0.5556,-0.8315,0.0,1.0,0,0,0,Clear,1.0,8.9,8.8,7.8,7.5,40.4,41.2,34.5,36.6,8.9,9.1,7.6,8.1,33.7,MEDIUM,MEDIUM,MEDIUM,MEDIUM,S,27.7,24.3
2026-06-29 14:30,14,30,0,-0.6088,-0.7934,0.0,1.0,0,0,0,Rain,1.25,8.9,9.1,7.6,8.1,51.1,52.2,43.8,42.7,11.2,11.5,9.6,9.4,41.7,MEDIUM,MEDIUM,MEDIUM,MEDIUM,S,28.3,23.7
2026-06-29 14:45,14,45,0,-0.6593,-0.7518,0.0,1.0,0,0,0,Clear,1.0,11.2,11.5,9.6,9.4,38.3,39.4,33.9,34.9,8.4,8.7,7.5,7.7,32.3,MEDIUM,MEDIUM,MEDIUM,MEDIUM,S,27.6,24.4
2026-06-29 15:00,15,0,0,-0.7071,-0.7071,0.0,1.0,0,0,0,Clear,1.0,8.4,8.7,7.5,7.7,39.9,41.6,35.1,34.1,8.8,9.2,7.7,7.5,33.2,MEDIUM,MEDIUM,MEDIUM,MEDIUM,S,28.2,23.8
2026-06-29 15:15,15,15,0,-0.7518,-0.6593,0.0,1.0,0,0,0,Clear,1.0,8.8,9.2,7.7,7.5,39.6,41.6,35.9,34.0,8.7,9.2,7.9,7.5,33.3,MEDIUM,MEDIUM,MEDIUM,MEDIUM,S,27.9,24.1
2026-06-29 15:30,15,30,0,-0.7934,-0.6088,0.0,1.0,0,0,0,Clear,1.0,8.7,9.2,7.9,7.5,38.6,38.6,34.7,36.2,8.5,8.5,7.6,8.0,32.6,MEDIUM,MEDIUM,MEDIUM,MEDIUM,N,27.0,25.0
2026-06-29 15:45,15,45,0,-0.8315,-0.5556,0.0,1.0,0,0,0,Clear,1.0,8.5,8.5,7.6,8.0,40.4,39.9,36.6,35.3,8.9,8.8,8.1,7.8,33.6,MEDIUM,MEDIUM,MEDIUM,MEDIUM,N,27.4,24.6
2026-06-29 16:00,16,0,0,-0.866,-0.5,0.0,1.0,0,0,1,Clear,1.0,8.9,8.8,8.1,7.8,17.9,114.8,18.1,86.2,3.9,25.3,4.0,19.0,52.2,LOW,VERY_HIGH,LOW,HIGH,S,29.5,22.5
2026-06-29 16:15,16,15,0,-0.8969,-0.4423,0.0,1.0,0,0,1,Heavy Rain,1.5,3.9,25.3,4.0,19.0,26.8,166.8,27.5,133.3,5.9,36.7,6.0,29.3,77.9,LOW,VERY_HIGH,MEDIUM,VERY_HIGH,S,28.7,23.3
2026-06-29 16:30,16,30,0,-0.9239,-0.3827,0.0,1.0,0,0,1,Clear,1.0,5.9,36.7,6.0,29.3,18.5,105.1,17.8,88.4,4.1,23.1,3.9,19.4,50.5,LOW,HIGH,LOW,HIGH,S,28.1,23.9
2026-06-29 16:45,16,45,0,-0.9469,-0.3214,0.0,1.0,0,0,1,Clear,1.0,4.1,23.1,3.9,19.4,17.7,114.7,17.4,86.7,3.9,25.2,3.8,19.1,52.0,LOW,VERY_HIGH,LOW,HIGH,S,29.4,22.6
2026-06-29 17:00,17,0,0,-0.9659,-0.2588,0.0,1.0,0,0,1,Clear,1.0,3.9,25.2,3.8,19.1,18.8,131.2,17.2,100.6,4.1,28.9,3.8,22.1,58.9,LOW,VERY_HIGH,LOW,HIGH,S,29.3,22.7
2026-06-29 17:15,17,15,0,-0.9808,-0.1951,0.0,1.0,0,0,1,Clear,1.0,4.1,28.9,3.8,22.1,17.7,129.9,17.8,104.3,3.9,28.6,3.9,22.9,59.3,LOW,VERY_HIGH,LOW,HIGH,S,28.7,23.3
2026-06-29 17:30,17,30,0,-0.9914,-0.1305,0.0,1.0,0,0,1,Clear,1.0,3.9,28.6,3.9,22.9,18.8,130.8,17.5,98.8,4.1,28.8,3.9,21.7,58.5,LOW,VERY_HIGH,LOW,HIGH,S,29.5,22.5
2026-06-29 17:45,17,45,0,-0.9979,-0.0654,0.0,1.0,0,0,1,Rain,1.25,4.1,28.8,3.9,21.7,22.4,168.7,22.7,130.3,4.9,37.1,5.0,28.7,75.7,LOW,VERY_HIGH,LOW,VERY_HIGH,S,29.2,22.8
2026-06-29 18:00,18,0,0,-1.0,-0.0,0.0,1.0,0,0,1,Clear,1.0,4.9,37.1,5.0,28.7,18.6,125.9,18.9,106.4,4.1,27.7,4.2,23.4,59.4,LOW,VERY_HIGH,LOW,HIGH,S,28.1,23.9
2026-06-29 18:15,18,15,0,-0.9979,0.0654,0.0,1.0,0,0,1,Clear,1.0,4.1,27.7,4.2,23.4,17.7,134.1,17.8,104.8,3.9,29.5,3.9,23.1,60.4,LOW,VERY_HIGH,LOW,HIGH,S,29.0,23.0
2026-06-29 18:30,18,30,0,-0.9914,0.1305,0.0,1.0,0,0,1,Clear,1.0,3.9,29.5,3.9,23.1,18.7,134.3,17.5,99.4,4.1,29.5,3.9,21.9,59.4,LOW,VERY_HIGH,LOW,HIGH,S,29.7,22.3
2026-06-29 18:45,18,45,0,-0.9808,0.1951,0.0,1.0,0,0,1,Clear,1.0,4.1,29.5,3.9,21.9,17.5,137.5,17.6,104.2,3.9,30.2,3.9,22.9,60.9,LOW,VERY_HIGH,LOW,HIGH,S,29.4,22.6
2026-06-29 19:00,19,0,0,-0.9659,0.2588,0.0,1.0,0,0,1,Clear,1.0,3.9,30.2,3.9,22.9,17.5,109.9,17.6,88.8,3.9,24.2,3.9,19.5,51.5,LOW,VERY_HIGH,LOW,HIGH,S,28.6,23.4
2026-06-29 19:15,19,15,0,-0.9469,0.3214,0.0,1.0,0,0,1,Clear,1.0,3.9,24.2,3.9,19.5,17.4,112.0,17.1,84.3,3.8,24.6,3.8,18.5,50.7,LOW,VERY_HIGH,LOW,HIGH,S,29.5,22.5
2026-06-29 19:30,19,30,0,-0.9239,0.3827,0.0,1.0,0,0,1,Clear,1.0,3.8,24.6,3.8,18.5,18.9,114.5,18.2,87.0,4.2,25.2,4.0,19.1,52.5,LOW,VERY_HIGH,LOW,HIGH,S,29.4,22.6
2026-06-29 19:45,19,45,0,-0.8969,0.4423,0.0,1.0,0,0,1,Clear,1.0,4.2,25.2,4.0,19.1,17.2,106.4,18.8,82.8,3.8,23.4,4.1,18.2,49.5,LOW,HIGH,LOW,HIGH,S,29.0,23.0
2026-06-29 20:00,20,0,0,-0.866,0.5,0.0,1.0,0,0,0,Clear,1.0,3.8,23.4,4.1,18.2,25.8,24.2,22.0,22.9,5.7,5.3,4.8,5.0,20.8,LOW,LOW,LOW,LOW,N,27.5,24.5
2026-06-29 20:15,20,15,0,-0.8315,0.5556,0.0,1.0,0,0,0,Clear,1.0,5.7,5.3,4.8,5.0,25.2,25.3,21.6,20.9,5.5,5.6,4.8,4.6,20.5,LOW,LOW,LOW,LOW,S,28.1,23.9
2026-06-29 20:30,20,30,0,-0.7934,0.6088,0.0,1.0,0,0,0,Clear,1.0,5.5,5.6,4.8,4.6,24.2,24.9,21.4,22.0,5.3,5.5,4.7,4.8,20.3,LOW,LOW,LOW,LOW,S,27.6,24.4
2026-06-29 20:45,20,45,0,-0.7518,0.6593,0.0,1.0,0,0,0,Clear,1.0,5.3,5.5,4.7,4.8,25.9,25.8,21.1,21.2,5.7,5.7,4.6,4.7,20.7,LOW,LOW,LOW,LOW,N,28.6,23.4
2026-06-29 21:00,21,0,0,-0.7071,0.7071,0.0,1.0,0,0,0,Clear,1.0,5.7,5.7,4.6,4.7,23.8,25.5,22.7,22.3,5.2,5.6,5.0,4.9,20.7,LOW,LOW,LOW,LOW,S,27.3,24.7
2026-06-29 21:15,21,15,0,-0.6593,0.7518,0.0,1.0,0,0,0,Clear,1.0,5.2,5.6,5.0,4.9,25.8,24.0,21.9,22.3,5.7,5.3,4.8,4.9,20.7,LOW,LOW,LOW,LOW,N,27.7,24.3
2026-06-29 21:30,21,30,0,-0.6088,0.7934,0.0,1.0,0,0,0,Rain,1.25,5.7,5.3,4.8,4.9,30.1,32.5,26.1,26.7,6.6,7.2,5.7,5.9,25.4,MEDIUM,MEDIUM,LOW,LOW,S,28.4,23.6
2026-06-29 21:45,21,45,0,-0.5556,0.8315,0.0,1.0,0,0,0,Clear,1.0,6.6,7.2,5.7,5.9,26.1,24.9,21.5,22.5,5.7,5.5,4.7,5.0,20.9,LOW,LOW,LOW,LOW,N,27.9,24.1
2026-06-29 22:00,22,0,0,-0.5,0.866,0.0,1.0,0,0,0,Clear,1.0,5.7,5.5,4.7,5.0,24.2,24.5,23.0,23.0,5.3,5.4,5.1,5.1,20.9,LOW,LOW,LOW,LOW,S,26.8,25.2
2026-06-29 22:15,22,15,0,-0.4423,0.8969,0.0,1.0,0,0,0,Clear,1.0,5.3,5.4,5.1,5.1,25.5,26.2,22.8,23.0,5.6,5.8,5.0,5.1,21.5,LOW,LOW,LOW,LOW,S,27.6,24.4
2026-06-29 22:30,22,30,0,-0.3827,0.9239,0.0,1.0,0,0,0,Clear,1.0,5.6,5.8,5.0,5.1,25.0,25.3,22.3,21.8,5.5,5.6,4.9,4.8,20.8,LOW,LOW,LOW,LOW,S,27.7,24.3
2026-06-29 22:45,22,45,0,-0.3214,0.9469,0.0,1.0,0,0,0,Clear,1.0,5.5,5.6,4.9,4.8,24.1,25.5,22.6,22.6,5.3,5.6,5.0,5.0,20.9,LOW,LOW,LOW,LOW,S,27.4,24.6
2026-06-29 23:00,23,0,0,-0.2588,0.9659,0.0,1.0,0,0,0,Clear,1.0,5.3,5.6,5.0,5.0,5.7,6.0,5.1,4.9,1.3,1.3,1.1,1.1,4.8,LOW,LOW,LOW,LOW,N,28.1,23.9
2026-06-29 23:15,23,15,0,-0.1951,0.9808,0.0,1.0,0,0,0,Clear,1.0,1.3,1.3,1.1,1.1,6.3,6.1,5.0,5.2,1.4,1.3,1.1,1.1,4.9,LOW,LOW,LOW,LOW,N,28.5,23.5
2026-06-29 23:30,23,30,0,-0.1305,0.9914,0.0,1.0,0,0,0,Clear,1.0,1.4,1.3,1.1,1.1,5.9,6.0,5.2,5.2,1.3,1.3,1.1,1.1,4.8,LOW,LOW,LOW,LOW,N,27.8,24.2
2026-06-29 23:45,23,45,0,-0.0654,0.9979,0.0,1.0,0,0,0,Clear,1.0,1.3,1.3,1.1,1.1,5.9,6.2,5.0,5.0,1.3,1.4,1.1,1.1,4.9,LOW,LOW,LOW,LOW,S,28.6,23.4
2026-06-30 00:00,0,0,1,0.0,1.0,0.7818,0.6235,0,0,0,Clear,1.0,1.3,1.4,1.1,1.1,6.0,6.3,4.9,5.1,1.3,1.4,1.1,1.1,4.9,LOW,LOW,LOW,LOW,S,28.7,23.3
2026-06-30 00:15,0,15,1,0.0654,0.9979,0.7818,0.6235,0,0,0,Clear,1.0,1.3,1.4,1.1,1.1,6.0,6.3,5.0,5.1,1.3,1.4,1.1,1.1,4.9,LOW,LOW,LOW,LOW,S,28.6,23.4
2026-06-30 00:30,0,30,1,0.1305,0.9914,0.7818,0.6235,0,0,0,Clear,1.0,1.3,1.4,1.1,1.1,6.0,6.1,5.1,4.9,1.3,1.3,1.1,1.1,4.8,LOW,LOW,LOW,LOW,N,28.4,23.6
2026-06-30 00:45,0,45,1,0.1951,0.9808,0.7818,0.6235,0,0,0,Clear,1.0,1.3,1.3,1.1,1.1,5.8,5.8,5.1,5.1,1.3,1.3,1.1,1.1,4.8,LOW,LOW,LOW,LOW,N,27.7,24.3
2026-06-30 01:00,1,0,1,0.2588,0.9659,0.7818,0.6235,0,0,0,Clear,1.0,1.3,1.3,1.1,1.1,6.0,5.7,5.2,5.0,1.3,1.3,1.1,1.1,4.8,LOW,LOW,LOW,LOW,N,27.8,24.2
2026-06-30 01:15,1,15,1,0.3214,0.9469,0.7818,0.6235,0,0,0,Heavy Rain,1.5,1.3,1.3,1.1,1.1,8.9,9.1,7.8,7.7,2.0,2.0,1.7,1.7,7.4,LOW,LOW,LOW,LOW,N,28.0,24.0
2026-06-30 01:30,1,30,1,0.3827,0.9239,0.7818,0.6235,0,0,0,Clear,1.0,2.0,2.0,1.7,1.7,6.1,5.9,5.2,5.1,1.3,1.3,1.1,1.1,4.8,LOW,LOW,LOW,LOW,N,28.0,24.0
2026-06-30 01:45,1,45,1,0.4423,0.8969,0.7818,0.6235,0,0,0,Heavy Rain,1.5,1.3,1.3,1.1,1.1,9.3,9.1,7.7,7.3,2.0,2.0,1.7,1.6,7.3,LOW,LOW,LOW,LOW,N,28.5,23.5
2026-06-30 02:00,2,0,1,0.5,0.866,0.7818,0.6235,0,0,0,Rain,1.25,2.0,2.0,1.7,1.6,7.2,7.3,6.5,6.1,1.6,1.6,1.4,1.3,5.9,LOW,LOW,LOW,LOW,N,27.7,24.3
2026-06-30 02:15,2,15,1,0.5556,0.8315,0.7818,0.6235,0,0,0,Rain,1.25,1.6,1.6,1.4,1.3,7.8,7.4,6.5,6.5,1.7,1.6,1.4,1.4,6.1,LOW,LOW,LOW,LOW,N,28.2,23.8
2026-06-30 02:30,2,30,1,0.6088,0.7934,0.7818,0.6235,0,0,0,Clear,1.0,1.7,1.6,1.4,1.4,6.0,6.2,5.2,4.9,1.3,1.4,1.1,1.1,4.9,LOW,LOW,LOW,LOW,S,28.4,23.6
2026-06-30 02:45,2,45,1,0.6593,0.7518,0.7818,0.6235,0,0,0,Clear,1.0,1.3,1.4,1.1,1.1,5.8,6.2,4.8,5.0,1.3,1.4,1.1,1.1,4.9,LOW,LOW,LOW,LOW,S,28.7,23.3
2026-06-30 03:00,3,0,1,0.7071,0.7071,0.7818,0.6235,0,0,0,Clear,1.0,1.3,1.4,1.1,1.1,6.2,5.9,5.1,4.8,1.4,1.3,1.1,1.1,4.9,LOW,LOW,LOW,LOW,N,28.6,23.4
2026-06-30 03:15,3,15,1,0.7518,0.6593,0.7818,0.6235,0,0,0,Rain,1.25,1.4,1.3,1.1,1.1,7.5,7.2,6.2,6.4,1.6,1.6,1.4,1.4,6.0,LOW,LOW,LOW,LOW,N,28.0,24.0
2026-06-30 03:30,3,30,1,0.7934,0.6088,0.7818,0.6235,0,0,0,Clear,1.0,1.6,1.6,1.4,1.4,5.9,6.2,5.0,4.9,1.3,1.4,1.1,1.1,4.9,LOW,LOW,LOW,LOW,S,28.7,23.3
2026-06-30 03:45,3,45,1,0.8315,0.5556,0.7818,0.6235,0,0,0,Clear,1.0,1.3,1.4,1.1,1.1,6.2,6.0,5.2,5.1,1.4,1.3,1.1,1.1,4.9,LOW,LOW,LOW,LOW,N,28.2,23.8
2026-06-30 04:00,4,0,1,0.866,0.5,0.7818,0.6235,0,0,0,Clear,1.0,1.4,1.3,1.1,1.1,6.1,5.9,5.1,4.8,1.3,1.3,1.1,1.1,4.8,LOW,LOW,LOW,LOW,N,28.4,23.6
2026-06-30 04:15,4,15,1,0.8969,0.4423,0.7818,0.6235,0,0,0,Clear,1.0,1.3,1.3,1.1,1.1,6.0,5.9,4.8,4.9,1.3,1.3,1.1,1.1,4.8,LOW,LOW,LOW,LOW,N,28.6,23.4
2026-06-30 04:30,4,30,1,0.9239,0.3827,0.7818,0.6235,0,0,0,Clear,1.0,1.3,1.3,1.1,1.1,6.1,6.3,5.2,5.2,1.3,1.4,1.1,1.1,4.9,LOW,LOW,LOW,LOW,S,28.4,23.6
2026-06-30 04:45,4,45,1,0.9469,0.3214,0.7818,0.6235,0,0,0,Clear,1.0,1.3,1.4,1.1,1.1,6.0,6.1,5.2,4.8,1.3,1.3,1.1,1.1,4.8,LOW,LOW,LOW,LOW,N,28.3,23.7
2026-06-30 05:00,5,0,1,0.9659,0.2588,0.7818,0.6235,0,0,0,Clear,1.0,1.3,1.3,1.1,1.1,6.2,6.1,5.1,5.2,1.4,1.3,1.1,1.1,4.9,LOW,LOW,LOW,LOW,N,28.3,23.7
2026-06-30 05:15,5,15,1,0.9808,0.1951,0.7818,0.6235,0,0,0,Rain,1.25,1.4,1.3,1.1,1.1,7.3,7.6,6.1,6.2,1.6,1.7,1.3,1.4,6.0,LOW,LOW,LOW,LOW,S,28.6,23.4
2026-06-30 05:30,5,30,1,0.9914,0.1305,0.7818,0.6235,0,0,0,Clear,1.0,1.6,1.7,1.3,1.4,6.1,5.8,4.9,5.2,1.3,1.3,1.1,1.1,4.8,LOW,LOW,LOW,LOW,N,28.1,23.9
2026-06-30 05:45,5,45,1,0.9979,0.0654,0.7818,0.6235,0,0,0,Clear,1.0,1.3,1.3,1.1,1.1,6.1,5.8,4.9,4.8,1.3,1.3,1.1,1.1,4.8,LOW,LOW,LOW,LOW,N,28.7,23.3
2026-06-30 06:00,6,0,1,1.0,0.0,0.7818,0.6235,0,0,0,Rain,1.25,1.3,1.3,1.1,1.1,30.1,31.7,27.6,26.3,6.6,7.0,6.1,5.8,25.5,MEDIUM,MEDIUM,MEDIUM,LOW,S,27.8,24.2
2026-06-30 06:15,6,15,1,0.9979,-0.0654,0.7818,0.6235,0,0,0,Clear,1.0,6.6,7.0,6.1,5.8,25.2,24.6,22.9,21.8,5.5,5.4,5.0,4.8,20.7,LOW,LOW,LOW,LOW,N,27.3,24.7
2026-06-30 06:30,6,30,1,0.9914,-0.1305,0.7818,0.6235,0,0,0,Clear,1.0,5.5,5.4,5.0,4.8,26.0,24.4,22.8,21.4,5.7,5.4,5.0,4.7,20.8,LOW,LOW,LOW,LOW,N,27.7,24.3
2026-06-30 06:45,6,45,1,0.9808,-0.1951,0.7818,0.6235,0,0,0,Clear,1.0,5.7,5.4,5.0,4.7,25.3,24.8,23.1,23.0,5.6,5.5,5.1,5.1,21.3,LOW,LOW,LOW,LOW,N,27.1,24.9
2026-06-30 07:00,7,0,1,0.9659,-0.2588,0.7818,0.6235,0,1,0,Clear,1.0,5.6,5.5,5.1,5.1,104.8,18.3,81.2,17.7,23.1,4.0,17.9,3.9,48.9,HIGH,LOW,HIGH,LOW,N,29.1,22.9
2026-06-30 07:15,7,15,1,0.9469,-0.3214,0.7818,0.6235,0,1,0,Clear,1.0,23.1,4.0,17.9,3.9,109.1,18.0,83.9,17.4,24.0,4.0,18.5,3.8,50.3,VERY_HIGH,LOW,HIGH,LOW,N,29.2,22.8
2026-06-30 07:30,7,30,1,0.9239,-0.3827,0.7818,0.6235,0,1,0,Rain,1.25,24.0,4.0,18.5,3.8,135.7,22.6,106.6,22.4,29.9,5.0,23.5,4.9,63.3,VERY_HIGH,LOW,HIGH,LOW,N,28.9,23.1
2026-06-30 07:45,7,45,1,0.8969,-0.4423,0.7818,0.6235,0,1,0,Clear,1.0,29.9,5.0,23.5,4.9,115.3,18.4,82.2,17.3,25.4,4.0,18.1,3.8,51.3,VERY_HIGH,LOW,HIGH,LOW,N,30.1,21.9
2026-06-30 08:00,8,0,1,0.866,-0.5,0.7818,0.6235,0,1,0,Clear,1.0,25.4,4.0,18.1,3.8,141.0,17.2,106.0,18.5,31.0,3.8,23.3,4.1,62.2,VERY_HIGH,LOW,HIGH,LOW,N,29.5,22.5
2026-06-30 08:15,8,15,1,0.8315,-0.5556,0.7818,0.6235,0,1,0,Clear,1.0,31.0,3.8,23.3,4.1,143.0,17.5,109.4,17.7,31.5,3.9,24.1,3.9,63.4,VERY_HIGH,LOW,VERY_HIGH,LOW,N,29.3,22.7
2026-06-30 08:30,8,30,1,0.7934,-0.6088,0.7818,0.6235,0,1,0,Clear,1.0,31.5,3.9,24.1,3.9,140.1,18.9,106.0,18.3,30.8,4.2,23.3,4.0,62.3,VERY_HIGH,LOW,HIGH,LOW,N,29.4,22.6
2026-06-30 08:45,8,45,1,0.7518,-0.6593,0.7818,0.6235,0,1,0,Clear,1.0,30.8,4.2,23.3,4.0,144.4,17.4,108.2,17.8,31.8,3.8,23.8,3.9,63.3,VERY_HIGH,LOW,HIGH,LOW,N,29.5,22.5
2026-06-30 09:00,9,0,1,0.7071,-0.7071,0.7818,0.6235,0,1,0,Rain,1.25,31.8,3.8,23.8,3.9,140.6,21.9,109.5,23.4,30.9,4.8,24.1,5.1,64.9,VERY_HIGH,LOW,VERY_HIGH,LOW,N,29.0,23.0
2026-06-30 09:15,9,15,1,0.6593,-0.7518,0.7818,0.6235,0,1,0,Clear,1.0,30.9,4.8,24.1,5.1,105.0,18.1,83.7,18.5,23.1,4.0,18.4,4.1,49.6,HIGH,LOW,HIGH,LOW,N,28.7,23.3
2026-06-30 09:30,9,30,1,0.6088,-0.7934,0.7818,0.6235,0,1,0,Rain,1.25,23.1,4.0,18.4,4.1,133.9,22.4,102.0,22.0,29.5,4.9,22.4,4.8,61.6,VERY_HIGH,LOW,HIGH,LOW,N,29.3,22.7
2026-06-30 09:45,9,45,1,0.5556,-0.8315,0.7818,0.6235,0,1,0,Clear,1.0,29.5,4.9,22.4,4.8,113.4,17.8,84.5,17.6,24.9,3.9,18.6,3.9,51.3,VERY_HIGH,LOW,HIGH,LOW,N,29.6,22.4
2026-06-30 10:00,10,0,1,0.5,-0.866,0.7818,0.6235,0,0,0,Clear,1.0,24.9,3.9,18.6,3.9,25.1,24.5,21.0,22.4,5.5,5.4,4.6,4.9,20.4,LOW,LOW,LOW,LOW,N,27.6,24.4
2026-06-30 10:15,10,15,1,0.4423,-0.8969,0.7818,0.6235,0,0,0,Clear,1.0,5.5,5.4,4.6,4.9,24.9,26.1,20.9,22.3,5.5,5.7,4.6,4.9,20.7,LOW,LOW,LOW,LOW,S,28.1,23.9
2026-06-30 10:30,10,30,1,0.3827,-0.9239,0.7818,0.6235,0,0,0,Clear,1.0,5.5,5.7,4.6,4.9,26.1,25.0,21.9,20.9,5.7,5.5,4.8,4.6,20.6,LOW,LOW,LOW,LOW,N,28.3,23.7
2026-06-30 10:45,10,45,1,0.3214,-0.9469,0.7818,0.6235,0,0,0,Clear,1.0,5.7,5.5,4.8,4.6,24.2,23.8,22.6,21.1,5.3,5.2,5.0,4.6,20.1,LOW,LOW,LOW,LOW,N,27.1,24.9
2026-06-30 11:00,11,0,1,0.2588,-0.9659,0.7818,0.6235,0,0,0,Rain,1.25,5.3,5.2,5.0,4.6,50.3,48.1,41.7,44.0,11.1,10.6,9.2,9.7,40.6,MEDIUM,MEDIUM,MEDIUM,MEDIUM,N,27.8,24.2
2026-06-30 11:15,11,15,1,0.1951,-0.9808,0.7818,0.6235,0,0,0,Clear,1.0,11.1,10.6,9.2,9.7,41.2,38.2,35.6,34.9,9.1,8.4,7.8,7.7,33.0,MEDIUM,MEDIUM,MEDIUM,MEDIUM,N,27.7,24.3
2026-06-30 11:30,11,30,1,0.1305,-0.9914,0.7818,0.6235,0,0,0,Clear,1.0,9.1,8.4,7.8,7.7,38.8,38.9,36.5,35.1,8.5,8.6,8.0,7.7,32.8,MEDIUM,MEDIUM,MEDIUM,MEDIUM,S,26.9,25.1
2026-06-30 11:45,11,45,1,0.0654,-0.9979,0.7818,0.6235,0,0,0,Clear,1.0,8.5,8.6,8.0,7.7,40.8,39.8,34.4,36.2,9.0,8.8,7.6,8.0,33.4,MEDIUM,MEDIUM,MEDIUM,MEDIUM,N,27.6,24.4
2026-06-30 12:00,12,0,1,0.0,-1.0,0.7818,0.6235,0,0,0,Clear,1.0,9.0,8.8,7.6,8.0,38.2,41.0,35.7,33.9,8.4,9.0,7.9,7.5,32.8,MEDIUM,MEDIUM,MEDIUM,MEDIUM,S,27.7,24.3
2026-06-30 12:15,12,15,1,-0.0654,-0.9979,0.7818,0.6235,0,0,0,Clear,1.0,8.4,9.0,7.9,7.5,38.8,38.3,34.7,33.7,8.5,8.4,7.6,7.4,31.9,MEDIUM,MEDIUM,MEDIUM,MEDIUM,N,27.5,24.5
2026-06-30 12:30,12,30,1,-0.1305,-0.9914,0.7818,0.6235,0,0,0,Clear,1.0,8.5,8.4,7.6,7.4,40.1,38.3,36.7,35.8,8.8,8.4,8.1,7.9,33.2,MEDIUM,MEDIUM,MEDIUM,MEDIUM,N,27.1,24.9
2026-06-30 12:45,12,45,1,-0.1951,-0.9808,0.7818,0.6235,0,0,0,Clear,1.0,8.8,8.4,8.1,7.9,38.7,41.2,34.7,36.2,8.5,9.1,7.6,8.0,33.2,MEDIUM,MEDIUM,MEDIUM,MEDIUM,S,27.6,24.4
2026-06-30 13:00,13,0,1,-0.2588,-0.9659,0.7818,0.6235,0,0,0,Clear,1.0,8.5,9.1,7.6,8.0,41.8,40.5,33.6,34.3,9.2,8.9,7.4,7.5,33.0,MEDIUM,MEDIUM,MEDIUM,MEDIUM,N,28.5,23.5
2026-06-30 13:15,13,15,1,-0.3214,-0.9469,0.7818,0.6235,0,0,0,Clear,1.0,9.2,8.9,7.4,7.5,39.7,39.2,33.9,34.6,8.7,8.6,7.5,7.6,32.4,MEDIUM,MEDIUM,MEDIUM,MEDIUM,N,27.8,24.2
2026-06-30 13:30,13,30,1,-0.3827,-0.9239,0.7818,0.6235,0,0,0,Clear,1.0,8.7,8.6,7.5,7.6,39.3,40.7,36.7,34.6,8.6,9.0,8.1,7.6,33.3,MEDIUM,MEDIUM,MEDIUM,MEDIUM,S,27.4,24.6
2026-06-30 13:45,13,45,1,-0.4423,-0.8969,0.7818,0.6235,0,0,0,Clear,1.0,8.6,9.0,8.1,7.6,41.8,40.2,35.0,34.2,9.2,8.8,7.7,7.5,33.2,MEDIUM,MEDIUM,MEDIUM,MEDIUM,N,28.3,23.7
2026-06-30 14:00,14,0,1,-0.5,-0.866,0.7818,0.6235,0,0,0,Clear,1.0,9.2,8.8,7.7,7.5,41.3,38.7,33.5,34.5,9.1,8.5,7.4,7.6,32.6,MEDIUM,MEDIUM,MEDIUM,MEDIUM,N,28.2,23.8
2026-06-30 14:15,14,15,1,-0.5556,-0.8315,0.7818,0.6235,0,0,0,Rain,1.25,9.1,8.5,7.4,7.6,51.0,51.9,42.4,43.2,11.2,11.4,9.3,9.5,41.4,MEDIUM,MEDIUM,MEDIUM,MEDIUM,S,28.4,23.6
2026-06-30 14:30,14,30,1,-0.6088,-0.7934,0.7818,0.6235,0,0,0,Clear,1.0,11.2,11.4,9.3,9.5,41.3,41.0,34.5,34.5,9.1,9.0,7.6,7.6,33.3,MEDIUM,MEDIUM,MEDIUM,MEDIUM,N,28.3,23.7
2026-06-30 14:45,14,45,1,-0.6593,-0.7518,0.7818,0.6235,0,0,0,Clear,1.0,9.1,9.0,7.6,7.6,40.1,41.1,36.3,34.7,8.8,9.0,8.0,7.6,33.4,MEDIUM,MEDIUM,MEDIUM,MEDIUM,S,27.7,24.3
2026-06-30 15:00,15,0,1,-0.7071,-0.7071,0.7818,0.6235,0,0,0,Clear,1.0,8.8,9.0,8.0,7.6,41.7,40.4,35.7,33.4,9.2,8.9,7.9,7.3,33.3,MEDIUM,MEDIUM,MEDIUM,MEDIUM,N,28.1,23.9
2026-06-30 15:15,15,15,1,-0.7518,-0.6593,0.7818,0.6235,0,0,0,Clear,1.0,9.2,8.9,7.9,7.3,39.2,39.6,34.1,33.4,8.6,8.7,7.5,7.3,32.1,MEDIUM,MEDIUM,MEDIUM,MEDIUM,S,28.0,24.0
2026-06-30 15:30,15,30,1,-0.7934,-0.6088,0.7818,0.6235,0,0,0,Clear,1.0,8.6,8.7,7.5,7.3,40.8,41.5,36.6,36.4,9.0,9.1,8.1,8.0,34.2,MEDIUM,MEDIUM,MEDIUM,MEDIUM,S,27.6,24.4
2026-06-30 15:45,15,45,1,-0.8315,-0.5556,0.7818,0.6235,0,0,0,Clear,1.0,9.0,9.1,8.1,8.0,39.9,39.9,35.7,34.8,8.8,8.8,7.9,7.7,33.2,MEDIUM,MEDIUM,MEDIUM,MEDIUM,N,27.5,24.5
2026-06-30 16:00,16,0,1,-0.866,-0.5,0.7818,0.6235,0,0,1,Clear,1.0,8.8,8.8,7.9,7.7,18.4,106.8,18.8,83.2,4.0,23.5,4.1,18.3,49.9,LOW,HIGH,LOW,HIGH,S,29.0,23.0
2026-06-30 16:15,16,15,1,-0.8969,-0.4423,0.7818,0.6235,0,0,1,Clear,1.0,4.0,23.5,4.1,18.3,17.7,107.7,18.5,88.6,3.9,23.7,4.1,19.5,51.2,LOW,HIGH,LOW,HIGH,S,28.3,23.7
2026-06-30 16:30,16,30,1,-0.9239,-0.3827,0.7818,0.6235,0,0,1,Clear,1.0,3.9,23.7,4.1,19.5,18.4,105.9,18.3,85.7,4.0,23.3,4.0,18.9,50.2,LOW,HIGH,LOW,HIGH,S,28.6,23.4
2026-06-30 16:45,16,45,1,-0.9469,-0.3214,0.7818,0.6235,0,0,1,Clear,1.0,4.0,23.3,4.0,18.9,18.9,114.2,18.1,80.8,4.2,25.1,4.0,17.8,51.1,LOW,VERY_HIGH,LOW,HIGH,S,30.2,21.8
2026-06-30 17:00,17,0,1,-0.9659,-0.2588,0.7818,0.6235,0,0,1,Clear,1.0,4.2,25.1,4.0,17.8,17.4,134.8,18.5,103.0,3.8,29.7,4.1,22.7,60.3,LOW,VERY_HIGH,LOW,HIGH,S,29.3,22.7
2026-06-30 17:15,17,15,1,-0.9808,-0.1951,0.7818,0.6235,0,0,1,Clear,1.0,3.8,29.7,4.1,22.7,18.2,129.2,17.2,101.4,4.0,28.4,3.8,22.3,58.5,LOW,VERY_HIGH,LOW,HIGH,S,29.0,23.0
2026-06-30 17:30,17,30,1,-0.9914,-0.1305,0.7818,0.6235,0,0,1,Clear,1.0,4.0,28.4,3.8,22.3,18.5,138.4,18.4,103.8,4.1,30.4,4.0,22.8,61.3,LOW,VERY_HIGH,LOW,HIGH,S,29.5,22.5
2026-06-30 17:45,17,45,1,-0.9979,-0.0654,0.7818,0.6235,0,0,1,Clear,1.0,4.1,30.4,4.0,22.8,17.1,133.6,17.2,106.8,3.8,29.4,3.8,23.5,60.5,LOW,VERY_HIGH,LOW,HIGH,S,28.8,23.2
2026-06-30 18:00,18,0,1,-1.0,-0.0,0.7818,0.6235,0,0,1,Clear,1.0,3.8,29.4,3.8,23.5,18.1,131.3,17.9,98.8,4.0,28.9,3.9,21.7,58.5,LOW,VERY_HIGH,LOW,HIGH,S,29.5,22.5
2026-06-30 18:15,18,15,1,-0.9979,0.0654,0.7818,0.6235,0,0,1,Clear,1.0,4.0,28.9,3.9,21.7,17.2,129.1,17.8,101.8,3.8,28.4,3.9,22.4,58.5,LOW,VERY_HIGH,LOW,HIGH,S,28.9,23.1
2026-06-30 18:30,18,30,1,-0.9914,0.1305,0.7818,0.6235,0,0,1,Clear,1.0,3.8,28.4,3.9,22.4,18.8,137.2,17.8,104.6,4.1,30.2,3.9,23.0,61.2,LOW,VERY_HIGH,LOW,HIGH,S,29.4,22.6
2026-06-30 18:45,18,45,1,-0.9808,0.1951,0.7818,0.6235,0,0,1,Clear,1.0,4.1,30.2,3.9,23.0,17.2,129.8,18.8,106.9,3.8,28.6,4.1,23.5,60.0,LOW,VERY_HIGH,LOW,HIGH,S,28.3,23.7
2026-06-30 19:00,19,0,1,-0.9659,0.2588,0.7818,0.6235,0,0,1,Clear,1.0,3.8,28.6,4.1,23.5,17.7,106.7,17.6,85.4,3.9,23.5,3.9,18.8,50.1,LOW,HIGH,LOW,HIGH,S,28.7,23.3
2026-06-30 19:15,19,15,1,-0.9469,0.3214,0.7818,0.6235,0,0,1,Clear,1.0,3.9,23.5,3.9,18.8,18.7,110.0,18.8,81.2,4.1,24.2,4.1,17.9,50.3,LOW,VERY_HIGH,LOW,HIGH,S,29.7,22.3
2026-06-30 19:30,19,30,1,-0.9239,0.3827,0.7818,0.6235,0,0,1,Clear,1.0,4.1,24.2,4.1,17.9,17.7,105.6,18.3,85.0,3.9,23.2,4.0,18.7,49.8,LOW,HIGH,LOW,HIGH,S,28.6,23.4
2026-06-30 19:45,19,45,1,-0.8969,0.4423,0.7818,0.6235,0,0,1,Clear,1.0,3.9,23.2,4.0,18.7,17.3,108.2,17.8,85.6,3.8,23.8,3.9,18.8,50.3,LOW,HIGH,LOW,HIGH,S,28.8,23.2
2026-06-30 20:00,20,0,1,-0.866,0.5,0.7818,0.6235,0,0,0,Clear,1.0,3.8,23.8,3.9,18.8,25.4,25.6,22.4,22.7,5.6,5.6,4.9,5.0,21.1,LOW,LOW,LOW,LOW,N,27.6,24.4
2026-06-30 20:15,20,15,1,-0.8315,0.5556,0.7818,0.6235,0,0,0,Clear,1.0,5.6,5.6,4.9,5.0,24.3,25.0,22.9,22.9,5.3,5.5,5.0,5.0,20.8,LOW,LOW,LOW,LOW,S,27.0,25.0
2026-06-30 20:30,20,30,1,-0.7934,0.6088,0.7818,0.6235,0,0,0,Heavy Rain,1.5,5.3,5.5,5.0,5.0,36.1,37.4,31.7,33.1,7.9,8.2,7.0,7.3,30.4,MEDIUM,MEDIUM,MEDIUM,MEDIUM,S,27.6,24.4
2026-06-30 20:45,20,45,1,-0.7518,0.6593,0.7818,0.6235,0,0,0,Clear,1.0,7.9,8.2,7.0,7.3,24.2,25.3,22.7,23.0,5.3,5.6,5.0,5.1,21.0,LOW,LOW,LOW,LOW,S,27.1,24.9
2026-06-30 21:00,21,0,1,-0.7071,0.7071,0.7818,0.6235,0,0,0,Clear,1.0,5.3,5.6,5.0,5.1,25.5,24.3,23.1,21.1,5.6,5.3,5.1,4.6,20.6,LOW,LOW,LOW,LOW,N,27.4,24.6
2026-06-30 21:15,21,15,1,-0.6593,0.7518,0.7818,0.6235,0,0,0,Clear,1.0,5.6,5.3,5.1,4.6,24.6,23.8,22.0,21.7,5.4,5.2,4.8,4.8,20.2,LOW,LOW,LOW,LOW,N,27.4,24.6
2026-06-30 21:30,21,30,1,-0.6088,0.7934,0.7818,0.6235,0,0,0,Rain,1.25,5.4,5.2,4.8,4.8,31.1,31.5,28.5,27.9,6.8,6.9,6.3,6.1,26.1,MEDIUM,MEDIUM,MEDIUM,MEDIUM,S,27.3,24.7
2026-06-30 21:45,21,45,1,-0.5556,0.8315,0.7818,0.6235,0,0,0,Clear,1.0,6.8,6.9,6.3,6.1,25.5,26.2,21.3,22.2,5.6,5.8,4.7,4.9,21.0,LOW,LOW,LOW,LOW,S,28.2,23.8
2026-06-30 22:00,22,0,1,-0.5,0.866,0.7818,0.6235,0,0,0,Clear,1.0,5.6,5.8,4.7,4.9,26.1,24.8,21.9,21.9,5.7,5.5,4.8,4.8,20.8,LOW,LOW,LOW,LOW,N,28.1,23.9
2026-06-30 22:15,22,15,1,-0.4423,0.8969,0.7818,0.6235,0,0,0,Clear,1.0,5.7,5.5,4.8,4.8,23.8,25.2,22.0,22.1,5.2,5.5,4.8,4.9,20.4,LOW,LOW,LOW,LOW,S,27.5,24.5
2026-06-30 22:30,22,30,1,-0.3827,0.9239,0.7818,0.6235,0,0,0,Clear,1.0,5.2,5.5,4.8,4.9,23.8,24.2,21.7,21.5,5.2,5.3,4.8,4.7,20.0,LOW,LOW,LOW,LOW,S,27.4,24.6
2026-06-30 22:45,22,45,1,-0.3214,0.9469,0.7818,0.6235,0,0,0,Clear,1.0,5.2,5.3,4.8,4.7,25.8,24.9,22.7,20.9,5.7,5.5,5.0,4.6,20.8,LOW,LOW,LOW,LOW,N,27.8,24.2
2026-06-30 23:00,23,0,1,-0.2588,0.9659,0.7818,0.6235,0,0,0,Clear,1.0,5.7,5.5,5.0,4.6,5.7,6.2,4.9,5.2,1.3,1.4,1.1,1.1,4.9,LOW,LOW,LOW,LOW,S,28.2,23.8
2026-06-30 23:15,23,15,1,-0.1951,0.9808,0.7818,0.6235,0,0,0,Clear,1.0,1.3,1.4,1.1,1.1,5.8,5.8,5.0,5.2,1.3,1.3,1.1,1.1,4.8,LOW,LOW,LOW,LOW,N,27.5,24.5
2026-06-30 23:30,23,30,1,-0.1305,0.9914,0.7818,0.6235,0,0,0,Clear,1.0,1.3,1.3,1.1,1.1,5.8,6.1,5.0,5.2,1.3,1.3,1.1,1.1,4.8,LOW,LOW,LOW,LOW,N,28.0,24.0
2026-06-30 23:45,23,45,1,-0.0654,0.9979,0.7818,0.6235,0,0,0,Clear,1.0,1.3,1.3,1.1,1.1,5.8,6.2,5.0,5.2,1.3,1.4,1.1,1.1,4.9,LOW,LOW,LOW,LOW,S,28.2,23.8
2026-07-01 00:00,0,0,2,0.0,1.0,0.9749,-0.2225,0,0,0,Clear,1.0,1.3,1.4,1.1,1.1,5.8,6.2,5.0,4.9,1.3,1.4,1.1,1.1,4.9,LOW,LOW,LOW,LOW,S,28.6,23.4
2026-07-01 00:15,0,15,2,0.0654,0.9979,0.9749,-0.2225,0,0,0,Clear,1.0,1.3,1.4,1.1,1.1,6.0,6.1,5.2,5.0,1.3,1.3,1.1,1.1,4.8,LOW,LOW,LOW,LOW,N,28.1,23.9
2026-07-01 00:30,0,30,2,0.1305,0.9914,0.9749,-0.2225,0,0,0,Heavy Rain,1.5,1.3,1.3,1.1,1.1,8.6,8.7,7.3,7.6,1.9,1.9,1.6,1.7,7.1,LOW,LOW,LOW,LOW,N,27.8,24.2
2026-07-01 00:45,0,45,2,0.1951,0.9808,0.9749,-0.2225,0,0,0,Clear,1.0,1.9,1.9,1.6,1.7,6.3,5.8,5.1,4.9,1.4,1.3,1.1,1.1,4.9,LOW,LOW,LOW,LOW,N,28.6,23.4
2026-07-01 01:00,1,0,2,0.2588,0.9659,0.9749,-0.2225,0,0,0,Clear,1.0,1.4,1.3,1.1,1.1,5.8,5.8,5.0,5.2,1.3,1.3,1.1,1.1,4.8,LOW,LOW,LOW,LOW,N,27.5,24.5
2026-07-01 01:15,1,15,2,0.3214,0.9469,0.9749,-0.2225,0,0,0,Clear,1.0,1.3,1.3,1.1,1.1,5.8,5.9,5.1,5.1,1.3,1.3,1.1,1.1,4.8,LOW,LOW,LOW,LOW,N,27.8,24.2
2026-07-01 01:30,1,30,2,0.3827,0.9239,0.9749,-0.2225,0,0,0,Clear,1.0,1.3,1.3,1.1,1.1,6.0,6.0,5.0,5.0,1.3,1.3,1.1,1.1,4.8,LOW,LOW,LOW,LOW,N,28.4,23.6
2026-07-01 01:45,1,45,2,0.4423,0.8969,0.9749,-0.2225,0,0,0,Clear,1.0,1.3,1.3,1.1,1.1,6.1,5.8,5.2,5.2,1.3,1.3,1.1,1.1,4.8,LOW,LOW,LOW,LOW,N,27.9,24.1
2026-07-01 02:00,2,0,2,0.5,0.866,0.9749,-0.2225,0,0,0,Clear,1.0,1.3,1.3,1.1,1.1,6.2,5.8,4.8,4.9,1.4,1.3,1.1,1.1,4.9,LOW,LOW,LOW,LOW,N,28.9,23.1
2026-07-01 02:15,2,15,2,0.5556,0.8315,0.9749,-0.2225,0,0,0,Rain,1.25,1.4,1.3,1.1,1.1,7.3,7.1,6.3,6.3,1.6,1.6,1.4,1.4,6.0,LOW,LOW,LOW,LOW,N,27.8,24.2
2026-07-01 02:30,2,30,2,0.6088,0.7934,0.9749,-0.2225,0,0,0,Clear,1.0,1.6,1.6,1.4,1.4,5.7,6.1,4.9,4.8,1.3,1.3,1.1,1.1,4.8,LOW,LOW,LOW,LOW,N,28.7,23.3
2026-07-01 02:45,2,45,2,0.6593,0.7518,0.9749,-0.2225,0,0,0,Clear,1.0,1.3,1.3,1.1,1.1,6.1,6.0,5.0,4.8,1.3,1.3,1.1,1.1,4.8,LOW,LOW,LOW,LOW,N,28.7,23.3
2026-07-01 03:00,3,0,2,0.7071,0.7071,0.9749,-0.2225,0,0,0,Clear,1.0,1.3,1.3,1.1,1.1,6.2,5.7,4.9,5.1,1.4,1.3,1.1,1.1,4.9,LOW,LOW,LOW,LOW,N,28.4,23.6
2026-07-01 03:15,3,15,2,0.7518,0.6593,0.9749,-0.2225,0,0,0,Clear,1.0,1.4,1.3,1.1,1.1,6.0,6.0,4.9,4.9,1.3,1.3,1.1,1.1,4.8,LOW,LOW,LOW,LOW,N,28.6,23.4
2026-07-01 03:30,3,30,2,0.7934,0.6088,0.9749,-0.2225,0,0,0,Clear,1.0,1.3,1.3,1.1,1.1,6.0,6.0,4.9,5.0,1.3,1.3,1.1,1.1,4.8,LOW,LOW,LOW,LOW,N,28.4,23.6
2026-07-01 03:45,3,45,2,0.8315,0.5556,0.9749,-0.2225,0,0,0,Clear,1.0,1.3,1.3,1.1,1.1,6.1,6.2,4.8,5.0,1.3,1.4,1.1,1.1,4.9,LOW,LOW,LOW,LOW,S,28.9,23.1
2026-07-01 04:00,4,0,2,0.866,0.5,0.9749,-0.2225,0,0,0,Rain,1.25,1.3,1.4,1.1,1.1,7.8,7.4,6.1,6.4,1.7,1.6,1.3,1.4,6.0,LOW,LOW,LOW,LOW,N,28.5,23.5
2026-07-01 04:15,4,15,2,0.8969,0.4423,0.9749,-0.2225,0,0,0,Clear,1.0,1.7,1.6,1.3,1.4,6.2,6.0,5.0,5.2,1.4,1.3,1.1,1.1,4.9,LOW,LOW,LOW,LOW,N,28.3,23.7
2026-07-01 04:30,4,30,2,0.9239,0.3827,0.9749,-0.2225,0,0,0,Clear,1.0,1.4,1.3,1.1,1.1,5.7,5.9,5.0,5.0,1.3,1.3,1.1,1.1,4.8,LOW,LOW,LOW,LOW,N,28.0,24.0
2026-07-01 04:45,4,45,2,0.9469,0.3214,0.9749,-0.2225,0,0,0,Clear,1.0,1.3,1.3,1.1,1.1,6.1,6.0,4.8,4.9,1.3,1.3,1.1,1.1,4.8,LOW,LOW,LOW,LOW,N,28.8,23.2
2026-07-01 05:00,5,0,2,0.9659,0.2588,0.9749,-0.2225,0,0,0,Clear,1.0,1.3,1.3,1.1,1.1,6.0,5.8,4.9,5.0,1.3,1.3,1.1,1.1,4.8,LOW,LOW,LOW,LOW,N,28.3,23.7
2026-07-01 05:15,5,15,2,0.9808,0.1951,0.9749,-0.2225,0,0,0,Clear,1.0,1.3,1.3,1.1,1.1,5.8,5.9,5.1,5.1,1.3,1.3,1.1,1.1,4.8,LOW,LOW,LOW,LOW,N,27.8,24.2
2026-07-01 05:30,5,30,2,0.9914,0.1305,0.9749,-0.2225,0,0,0,Clear,1.0,1.3,1.3,1.1,1.1,6.3,6.3,4.9,5.2,1.4,1.4,1.1,1.1,5.0,LOW,LOW,LOW,LOW,N,28.7,23.3
2026-07-01 05:45,5,45,2,0.9979,0.0654,0.9749,-0.2225,0,0,0,Clear,1.0,1.4,1.4,1.1,1.1,5.8,6.1,4.8,5.2,1.3,1.3,1.1,1.1,4.8,LOW,LOW,LOW,LOW,N,28.2,23.8
2026-07-01 06:00,6,0,2,1.0,0.0,0.9749,-0.2225,0,0,0,Clear,1.0,1.3,1.3,1.1,1.1,24.8,24.3,22.3,22.8,5.5,5.3,4.9,5.0,20.7,LOW,LOW,LOW,LOW,N,27.1,24.9
2026-07-01 06:15,6,15,2,0.9979,-0.0654,0.9749,-0.2225,0,0,0,Clear,1.0,5.5,5.3,4.9,5.0,24.2,24.5,21.8,22.2,5.3,5.4,4.8,4.9,20.4,LOW,LOW,LOW,LOW,S,27.3,24.7
2026-07-01 06:30,6,30,2,0.9914,-0.1305,0.9749,-0.2225,0,0,0,Clear,1.0,5.3,5.4,4.8,4.9,24.1,24.8,22.2,22.8,5.3,5.5,4.9,5.0,20.7,LOW,LOW,LOW,LOW,S,27.1,24.9
2026-07-01 06:45,6,45,2,0.9808,-0.1951,0.9749,-0.2225,0,0,0,Clear,1.0,5.3,5.5,4.9,5.0,25.3,25.0,21.6,21.7,5.6,5.5,4.8,4.8,20.7,LOW,LOW,LOW,LOW,N,28.0,24.0
2026-07-01 07:00,7,0,2,0.9659,-0.2588,0.9749,-0.2225,0,1,0,Clear,1.0,5.6,5.5,4.8,4.8,110.6,18.3,82.5,17.8,24.3,4.0,18.1,3.9,50.3,VERY_HIGH,LOW,HIGH,LOW,N,29.6,22.4
2026-07-01 07:15,7,15,2,0.9469,-0.3214,0.9749,-0.2225,0,1,0,Clear,1.0,24.3,4.0,18.1,3.9,112.8,17.9,85.7,18.6,24.8,3.9,18.9,4.1,51.7,VERY_HIGH,LOW,HIGH,LOW,N,29.3,22.7
2026-07-01 07:30,7,30,2,0.9239,-0.3827,0.9749,-0.2225,0,1,0,Clear,1.0,24.8,3.9,18.9,4.1,112.0,18.4,86.5,18.0,24.6,4.0,19.0,4.0,51.6,VERY_HIGH,LOW,HIGH,LOW,N,29.2,22.8
2026-07-01 07:45,7,45,2,0.8969,-0.4423,0.9749,-0.2225,0,1,0,Heavy Rain,1.5,24.6,4.0,19.0,4.0,166.3,25.7,125.7,26.8,36.6,5.7,27.7,5.9,75.9,VERY_HIGH,LOW,VERY_HIGH,LOW,N,29.4,22.6
2026-07-01 08:00,8,0,2,0.866,-0.5,0.9749,-0.2225,0,1,0,Rain,1.25,36.6,5.7,27.7,5.9,181.7,22.6,139.0,21.4,40.0,5.0,30.6,4.7,80.3,VERY_HIGH,LOW,VERY_HIGH,LOW,N,29.3,22.7
2026-07-01 08:15,8,15,2,0.8315,-0.5556,0.9749,-0.2225,0,1,0,Clear,1.0,40.0,5.0,30.6,4.7,149.8,18.7,110.8,17.5,33.0,4.1,24.4,3.9,65.4,VERY_HIGH,LOW,VERY_HIGH,LOW,N,29.8,22.2
2026-07-01 08:30,8,30,2,0.7934,-0.6088,0.9749,-0.2225,0,1,0,Rain,1.25,33.0,4.1,24.4,3.9,182.0,21.9,138.5,23.3,40.0,4.8,30.5,5.1,80.4,VERY_HIGH,LOW,VERY_HIGH,LOW,N,29.3,22.7
2026-07-01 08:45,8,45,2,0.7518,-0.6593,0.9749,-0.2225,0,1,0,Clear,1.0,40.0,4.8,30.5,5.1,143.2,17.3,107.0,18.0,31.5,3.8,23.5,4.0,62.8,VERY_HIGH,LOW,HIGH,LOW,N,29.6,22.4
2026-07-01 09:00,9,0,2,0.7071,-0.7071,0.9749,-0.2225,0,1,0,Clear,1.0,31.5,3.8,23.5,4.0,113.1,17.4,86.0,18.0,24.9,3.8,18.9,4.0,51.6,VERY_HIGH,LOW,HIGH,LOW,N,29.3,22.7
2026-07-01 09:15,9,15,2,0.6593,-0.7518,0.9749,-0.2225,0,1,0,Clear,1.0,24.9,3.8,18.9,4.0,114.7,17.4,84.8,18.3,25.2,3.8,18.7,4.0,51.7,VERY_HIGH,LOW,HIGH,LOW,N,29.6,22.4
2026-07-01 09:30,9,30,2,0.6088,-0.7934,0.9749,-0.2225,0,1,0,Clear,1.0,25.2,3.8,18.7,4.0,114.5,17.4,83.9,18.0,25.2,3.8,18.5,4.0,51.5,VERY_HIGH,LOW,HIGH,LOW,N,29.7,22.3
2026-07-01 09:45,9,45,2,0.5556,-0.8315,0.9749,-0.2225,0,1,0,Rain,1.25,25.2,3.8,18.5,4.0,136.2,23.2,102.7,23.4,30.0,5.1,22.6,5.1,62.8,VERY_HIGH,LOW,HIGH,LOW,N,29.4,22.6
2026-07-01 10:00,10,0,2,0.5,-0.866,0.9749,-0.2225,0,0,0,Clear,1.0,30.0,5.1,22.6,5.1,25.0,24.5,22.3,22.7,5.5,5.4,4.9,5.0,20.8,LOW,LOW,LOW,LOW,N,27.2,24.8
2026-07-01 10:15,10,15,2,0.4423,-0.8969,0.9749,-0.2225,0,0,0,Clear,1.0,5.5,5.4,4.9,5.0,24.0,25.0,21.4,21.0,5.3,5.5,4.7,4.6,20.1,LOW,LOW,LOW,LOW,S,27.9,24.1
2026-07-01 10:30,10,30,2,0.3827,-0.9239,0.9749,-0.2225,0,0,0,Clear,1.0,5.3,5.5,4.7,4.6,24.3,24.4,21.0,21.7,5.3,5.4,4.6,4.8,20.1,LOW,LOW,LOW,LOW,S,27.6,24.4
2026-07-01 10:45,10,45,2,0.3214,-0.9469,0.9749,-0.2225,0,0,0,Clear,1.0,5.3,5.4,4.6,4.8,24.7,24.5,21.0,22.1,5.4,5.4,4.6,4.9,20.3,LOW,LOW,LOW,LOW,N,27.6,24.4
2026-07-01 11:00,11,0,2,0.2588,-0.9659,0.9749,-0.2225,0,0,0,Rain,1.25,5.4,5.4,4.6,4.9,49.9,48.7,43.2,43.4,11.0,10.7,9.5,9.5,40.7,MEDIUM,MEDIUM,MEDIUM,MEDIUM,N,27.7,24.3
2026-07-01 11:15,11,15,2,0.1951,-0.9808,0.9749,-0.2225,0,0,0,Clear,1.0,11.0,10.7,9.5,9.5,39.4,39.8,34.1,35.1,8.7,8.8,7.5,7.7,32.7,MEDIUM,MEDIUM,MEDIUM,MEDIUM,S,27.7,24.3
2026-07-01 11:30,11,30,2,0.1305,-0.9914,0.9749,-0.2225,0,0,0,Clear,1.0,8.7,8.8,7.5,7.7,39.7,41.0,34.9,35.7,8.7,9.0,7.7,7.9,33.3,MEDIUM,MEDIUM,MEDIUM,MEDIUM,S,27.8,24.2
2026-07-01 11:45,11,45,2,0.0654,-0.9979,0.9749,-0.2225,0,0,0,Clear,1.0,8.7,9.0,7.7,7.9,41.1,39.3,35.0,35.8,9.0,8.6,7.7,7.9,33.2,MEDIUM,MEDIUM,MEDIUM,MEDIUM,N,27.7,24.3
2026-07-01 12:00,12,0,2,0.0,-1.0,0.9749,-0.2225,0,0,0,Clear,1.0,9.0,8.6,7.7,7.9,39.9,39.8,36.1,35.7,8.8,8.8,7.9,7.9,33.4,MEDIUM,MEDIUM,MEDIUM,MEDIUM,N,27.3,24.7
2026-07-01 12:15,12,15,2,-0.0654,-0.9979,0.9749,-0.2225,0,0,0,Clear,1.0,8.8,8.8,7.9,7.9,40.4,42.0,34.1,36.4,8.9,9.2,7.5,8.0,33.6,MEDIUM,MEDIUM,MEDIUM,MEDIUM,S,27.9,24.1
2026-07-01 12:30,12,30,2,-0.1305,-0.9914,0.9749,-0.2225,0,0,0,Clear,1.0,8.9,9.2,7.5,8.0,38.1,40.0,35.3,33.5,8.4,8.8,7.8,7.4,32.4,MEDIUM,MEDIUM,MEDIUM,MEDIUM,S,27.6,24.4
2026-07-01 12:45,12,45,2,-0.1951,-0.9808,0.9749,-0.2225,0,0,0,Rain,1.25,8.4,8.8,7.8,7.4,49.2,51.6,43.1,43.9,10.8,11.4,9.5,9.7,41.4,MEDIUM,MEDIUM,MEDIUM,MEDIUM,S,28.0,24.0
2026-07-01 13:00,13,0,2,-0.2588,-0.9659,0.9749,-0.2225,0,0,0,Clear,1.0,10.8,11.4,9.5,9.7,38.4,38.2,34.8,34.0,8.4,8.4,7.7,7.5,32.0,MEDIUM,MEDIUM,MEDIUM,MEDIUM,N,27.3,24.7
2026-07-01 13:15,13,15,2,-0.3214,-0.9469,0.9749,-0.2225,0,0,0,Clear,1.0,8.4,8.4,7.7,7.5,39.9,40.9,36.1,33.7,8.8,9.0,7.9,7.4,33.1,MEDIUM,MEDIUM,MEDIUM,MEDIUM,S,27.8,24.2
2026-07-01 13:30,13,30,2,-0.3827,-0.9239,0.9749,-0.2225,0,0,0,Clear,1.0,8.8,9.0,7.9,7.4,40.6,41.3,36.1,35.8,8.9,9.1,7.9,7.9,33.8,MEDIUM,MEDIUM,MEDIUM,MEDIUM,S,27.7,24.3
2026-07-01 13:45,13,45,2,-0.4423,-0.8969,0.9749,-0.2225,0,0,0,Clear,1.0,8.9,9.1,7.9,7.9,41.3,41.4,33.8,34.9,9.1,9.1,7.4,7.7,33.3,MEDIUM,MEDIUM,MEDIUM,MEDIUM,N,28.3,23.7
2026-07-01 14:00,14,0,2,-0.5,-0.866,0.9749,-0.2225,0,0,0,Heavy Rain,1.5,9.1,9.1,7.4,7.7,61.6,57.3,52.2,53.4,13.6,12.6,11.5,11.7,49.4,MEDIUM,MEDIUM,MEDIUM,MEDIUM,N,27.7,24.3
2026-07-01 14:15,14,15,2,-0.5556,-0.8315,0.9749,-0.2225,0,0,0,Heavy Rain,1.5,13.6,12.6,11.5,11.7,58.4,57.0,52.4,54.9,12.8,12.5,11.5,12.1,48.9,MEDIUM,MEDIUM,MEDIUM,MEDIUM,N,26.9,25.1
2026-07-01 14:30,14,30,2,-0.6088,-0.7934,0.9749,-0.2225,0,0,0,Clear,1.0,12.8,12.5,11.5,12.1,40.2,39.4,33.7,35.5,8.8,8.7,7.4,7.8,32.7,MEDIUM,MEDIUM,MEDIUM,MEDIUM,N,27.7,24.3
2026-07-01 14:45,14,45,2,-0.6593,-0.7518,0.9749,-0.2225,0,0,0,Rain,1.25,8.8,8.7,7.4,7.8,51.4,48.2,41.8,41.9,11.3,10.6,9.2,9.2,40.3,MEDIUM,MEDIUM,MEDIUM,MEDIUM,N,28.4,23.6
2026-07-01 15:00,15,0,2,-0.7071,-0.7071,0.9749,-0.2225,0,0,0,Clear,1.0,11.3,10.6,9.2,9.2,39.8,39.9,35.3,33.4,8.8,8.8,7.8,7.3,32.7,MEDIUM,MEDIUM,MEDIUM,MEDIUM,N,27.8,24.2
2026-07-01 15:15,15,15,2,-0.7518,-0.6593,0.9749,-0.2225,0,0,0,Heavy Rain,1.5,8.8,8.8,7.8,7.3,58.7,61.5,54.7,52.1,12.9,13.5,12.0,11.5,49.9,MEDIUM,MEDIUM,MEDIUM,MEDIUM,S,27.5,24.5
2026-07-01 15:30,15,30,2,-0.7934,-0.6088,0.9749,-0.2225,0,0,0,Clear,1.0,12.9,13.5,12.0,11.5,42.0,40.4,34.2,35.9,9.2,8.9,7.5,7.9,33.5,MEDIUM,MEDIUM,MEDIUM,MEDIUM,N,28.1,23.9
2026-07-01 15:45,15,45,2,-0.8315,-0.5556,0.9749,-0.2225,0,0,0,Clear,1.0,9.2,8.9,7.5,7.9,38.8,39.3,34.2,35.1,8.5,8.6,7.5,7.7,32.3,MEDIUM,MEDIUM,MEDIUM,MEDIUM,S,27.5,24.5
2026-07-01 16:00,16,0,2,-0.866,-0.5,0.9749,-0.2225,0,0,1,Clear,1.0,8.5,8.6,7.5,7.7,18.0,115.0,18.7,85.1,4.0,25.3,4.1,18.7,52.1,LOW,VERY_HIGH,LOW,HIGH,S,29.6,22.4
2026-07-01 16:15,16,15,2,-0.8969,-0.4423,0.9749,-0.2225,0,0,1,Clear,1.0,4.0,25.3,4.1,18.7,18.0,113.5,18.0,87.5,4.0,25.0,4.0,19.2,52.2,LOW,VERY_HIGH,LOW,HIGH,S,29.2,22.8
2026-07-01 16:30,16,30,2,-0.9239,-0.3827,0.9749,-0.2225,0,0,1,Clear,1.0,4.0,25.0,4.0,19.2,17.7,114.8,17.6,81.1,3.9,25.3,3.9,17.8,50.9,LOW,VERY_HIGH,LOW,HIGH,S,30.2,21.8
2026-07-01 16:45,16,45,2,-0.9469,-0.3214,0.9749,-0.2225,0,0,1,Clear,1.0,3.9,25.3,3.9,17.8,17.3,108.5,18.8,88.3,3.8,23.9,4.1,19.4,51.2,LOW,HIGH,LOW,HIGH,S,28.4,23.6
2026-07-01 17:00,17,0,2,-0.9659,-0.2588,0.9749,-0.2225,0,0,1,Clear,1.0,3.8,23.9,4.1,19.4,18.8,125.8,18.2,99.6,4.1,27.7,4.0,21.9,57.7,LOW,VERY_HIGH,LOW,HIGH,S,28.9,23.1
2026-07-01 17:15,17,15,2,-0.9808,-0.1951,0.9749,-0.2225,0,0,1,Rain,1.25,4.1,27.7,4.0,21.9,22.7,161.1,23.5,128.9,5.0,35.4,5.2,28.4,74.0,LOW,VERY_HIGH,LOW,VERY_HIGH,S,28.7,23.3
2026-07-01 17:30,17,30,2,-0.9914,-0.1305,0.9749,-0.2225,0,0,1,Clear,1.0,5.0,35.4,5.2,28.4,17.2,132.7,18.0,100.1,3.8,29.2,4.0,22.0,59.0,LOW,VERY_HIGH,LOW,HIGH,S,29.4,22.6
2026-07-01 17:45,17,45,2,-0.9979,-0.0654,0.9749,-0.2225,0,0,1,Clear,1.0,3.8,29.2,4.0,22.0,18.3,132.3,17.2,104.2,4.0,29.1,3.8,22.9,59.8,LOW,VERY_HIGH,LOW,HIGH,S,29.0,23.0
2026-07-01 18:00,18,0,2,-1.0,-0.0,0.9749,-0.2225,0,0,1,Clear,1.0,4.0,29.1,3.8,22.9,18.0,128.6,17.4,98.3,4.0,28.3,3.8,21.6,57.7,LOW,VERY_HIGH,LOW,HIGH,S,29.3,22.7
2026-07-01 18:15,18,15,2,-0.9979,0.0654,0.9749,-0.2225,0,0,1,Clear,1.0,4.0,28.3,3.8,21.6,18.8,133.3,18.0,102.2,4.1,29.3,4.0,22.5,59.9,LOW,VERY_HIGH,LOW,HIGH,S,29.3,22.7
2026-07-01 18:30,18,30,2,-0.9914,0.1305,0.9749,-0.2225,0,0,1,Heavy Rain,1.5,4.1,29.3,4.0,22.5,27.8,192.0,27.7,150.7,6.1,42.2,6.1,33.2,87.6,MEDIUM,VERY_HIGH,MEDIUM,VERY_HIGH,S,29.0,23.0
2026-07-01 18:45,18,45,2,-0.9808,0.1951,0.9749,-0.2225,0,0,1,Clear,1.0,6.1,42.2,6.1,33.2,17.9,129.1,18.6,103.0,3.9,28.4,4.1,22.7,59.1,LOW,VERY_HIGH,LOW,HIGH,S,28.7,23.3
2026-07-01 19:00,19,0,2,-0.9659,0.2588,0.9749,-0.2225,0,0,1,Clear,1.0,3.9,28.4,4.1,22.7,18.8,112.1,17.4,85.6,4.1,24.7,3.8,18.8,51.4,LOW,VERY_HIGH,LOW,HIGH,S,29.3,22.7
2026-07-01 19:15,19,15,2,-0.9469,0.3214,0.9749,-0.2225,0,0,1,Clear,1.0,4.1,24.7,3.8,18.8,17.4,112.4,17.7,86.1,3.8,24.7,3.9,18.9,51.3,LOW,VERY_HIGH,LOW,HIGH,S,29.2,22.8
2026-07-01 19:30,19,30,2,-0.9239,0.3827,0.9749,-0.2225,0,0,1,Clear,1.0,3.8,24.7,3.9,18.9,17.4,113.2,17.6,81.9,3.8,24.9,3.9,18.0,50.6,LOW,VERY_HIGH,LOW,HIGH,S,29.9,22.1
2026-07-01 19:45,19,45,2,-0.8969,0.4423,0.9749,-0.2225,0,0,1,Clear,1.0,3.8,24.9,3.9,18.0,17.8,114.9,18.7,88.7,3.9,25.3,4.1,19.5,52.8,LOW,VERY_HIGH,LOW,HIGH,S,29.1,22.9
2026-07-01 20:00,20,0,2,-0.866,0.5,0.9749,-0.2225,0,0,0,Clear,1.0,3.9,25.3,4.1,19.5,24.5,26.2,21.3,22.9,5.4,5.8,4.7,5.0,20.9,LOW,LOW,LOW,LOW,S,27.8,24.2
2026-07-01 20:15,20,15,2,-0.8315,0.5556,0.9749,-0.2225,0,0,0,Clear,1.0,5.4,5.8,4.7,5.0,24.2,23.8,22.4,21.3,5.3,5.2,4.9,4.7,20.1,LOW,LOW,LOW,LOW,N,27.1,24.9
2026-07-01 20:30,20,30,2,-0.7934,0.6088,0.9749,-0.2225,0,0,0,Rain,1.25,5.3,5.2,4.9,4.7,32.4,30.4,27.1,28.2,7.1,6.7,6.0,6.2,26.0,MEDIUM,MEDIUM,MEDIUM,MEDIUM,N,27.7,24.3
2026-07-01 20:45,20,45,2,-0.7518,0.6593,0.9749,-0.2225,0,0,0,Clear,1.0,7.1,6.7,6.0,6.2,24.5,25.9,21.4,22.1,5.4,5.7,4.7,4.9,20.7,LOW,LOW,LOW,LOW,S,28.0,24.0
2026-07-01 21:00,21,0,2,-0.7071,0.7071,0.9749,-0.2225,0,0,0,Clear,1.0,5.4,5.7,4.7,4.9,25.2,25.9,22.7,22.6,5.5,5.7,5.0,5.0,21.2,LOW,LOW,LOW,LOW,S,27.6,24.4
2026-07-01 21:15,21,15,2,-0.6593,0.7518,0.9749,-0.2225,0,0,0,Rain,1.25,5.5,5.7,5.0,5.0,32.2,29.7,26.8,26.9,7.1,6.5,5.9,5.9,25.4,MEDIUM,MEDIUM,LOW,LOW,N,28.1,23.9
2026-07-01 21:30,21,30,2,-0.6088,0.7934,0.9749,-0.2225,0,0,0,Rain,1.25,7.1,6.5,5.9,5.9,31.0,30.0,26.6,26.7,6.8,6.6,5.9,5.9,25.2,MEDIUM,MEDIUM,LOW,LOW,N,27.8,24.2
2026-07-01 21:45,21,45,2,-0.5556,0.8315,0.9749,-0.2225,0,0,0,Rain,1.25,6.8,6.6,5.9,5.9,32.3,30.8,26.5,26.6,7.1,6.8,5.8,5.9,25.6,MEDIUM,MEDIUM,LOW,LOW,N,28.4,23.6
2026-07-01 22:00,22,0,2,-0.5,0.866,0.9749,-0.2225,0,0,0,Clear,1.0,7.1,6.8,5.8,5.9,23.8,26.1,21.7,22.7,5.2,5.7,4.8,5.0,20.7,LOW,LOW,LOW,LOW,S,27.7,24.3
2026-07-01 22:15,22,15,2,-0.4423,0.8969,0.9749,-0.2225,0,0,0,Clear,1.0,5.2,5.7,4.8,5.0,25.8,25.6,21.8,22.7,5.7,5.6,4.8,5.0,21.1,LOW,LOW,LOW,LOW,N,27.8,24.2
2026-07-01 22:30,22,30,2,-0.3827,0.9239,0.9749,-0.2225,0,0,0,Clear,1.0,5.7,5.6,4.8,5.0,24.6,25.9,23.1,23.0,5.4,5.7,5.1,5.1,21.3,LOW,LOW,LOW,LOW,S,27.3,24.7
2026-07-01 22:45,22,45,2,-0.3214,0.9469,0.9749,-0.2225,0,0,0,Clear,1.0,5.4,5.7,5.1,5.1,26.2,26.0,22.1,21.2,5.8,5.7,4.9,4.7,21.1,LOW,LOW,LOW,LOW,N,28.3,23.7
2026-07-01 23:00,23,0,2,-0.2588,0.9659,0.9749,-0.2225,0,0,0,Clear,1.0,5.8,5.7,4.9,4.7,6.1,6.0,4.9,4.8,1.3,1.3,1.1,1.1,4.8,LOW,LOW,LOW,LOW,N,28.8,23.2
2026-07-01 23:15,23,15,2,-0.1951,0.9808,0.9749,-0.2225,0,0,0,Clear,1.0,1.3,1.3,1.1,1.1,6.3,5.9,5.0,4.9,1.4,1.3,1.1,1.1,4.9,LOW,LOW,LOW,LOW,N,28.8,23.2
2026-07-01 23:30,23,30,2,-0.1305,0.9914,0.9749,-0.2225,0,0,0,Clear,1.0,1.4,1.3,1.1,1.1,6.0,6.2,4.8,5.2,1.3,1.4,1.1,1.1,4.9,LOW,LOW,LOW,LOW,S,28.4,23.6
2026-07-01 23:45,23,45,2,-0.0654,0.9979,0.9749,-0.2225,0,0,0,Clear,1.0,1.3,1.4,1.1,1.1,5.9,6.0,5.1,4.8,1.3,1.3,1.1,1.1,4.8,LOW,LOW,LOW,LOW,N,28.3,23.7
2026-07-02 00:00,0,0,3,0.0,1.0,0.4339,-0.901,0,0,0,Clear,1.0,1.3,1.3,1.1,1.1,5.9,6.2,5.1,4.8,1.3,1.4,1.1,1.1,4.9,LOW,LOW,LOW,LOW,S,28.6,23.4
2026-07-02 00:15,0,15,3,0.0654,0.9979,0.4339,-0.901,0,0,0,Rain,1.25,1.3,1.4,1.1,1.1,7.6,7.7,6.2,6.3,1.7,1.7,1.4,1.4,6.2,LOW,LOW,LOW,LOW,N,28.6,23.4
2026-07-02 00:30,0,30,3,0.1305,0.9914,0.4339,-0.901,0,0,0,Rain,1.25,1.7,1.7,1.4,1.4,7.5,7.8,6.3,6.1,1.6,1.7,1.4,1.3,6.0,LOW,LOW,LOW,LOW,S,28.7,23.3
2026-07-02 00:45,0,45,3,0.1951,0.9808,0.4339,-0.901,0,0,0,Clear,1.0,1.6,1.7,1.4,1.3,6.2,6.3,5.0,5.2,1.4,1.4,1.1,1.1,5.0,LOW,LOW,LOW,LOW,N,28.6,23.4
2026-07-02 01:00,1,0,3,0.2588,0.9659,0.4339,-0.901,0,0,0,Rain,1.25,1.4,1.4,1.1,1.1,7.8,7.4,6.2,6.3,1.7,1.6,1.4,1.4,6.1,LOW,LOW,LOW,LOW,N,28.6,23.4
2026-07-02 01:15,1,15,3,0.3214,0.9469,0.4339,-0.901,0,0,0,Clear,1.0,1.7,1.6,1.4,1.4,6.1,5.8,5.0,5.2,1.3,1.3,1.1,1.1,4.8,LOW,LOW,LOW,LOW,N,28.0,24.0
2026-07-02 01:30,1,30,3,0.3827,0.9239,0.4339,-0.901,0,0,0,Clear,1.0,1.3,1.3,1.1,1.1,6.3,6.2,5.1,4.9,1.4,1.4,1.1,1.1,5.0,LOW,LOW,LOW,LOW,N,28.8,23.2
2026-07-02 01:45,1,45,3,0.4423,0.8969,0.4339,-0.901,0,0,0,Clear,1.0,1.4,1.4,1.1,1.1,5.9,6.2,5.0,5.2,1.3,1.4,1.1,1.1,4.9,LOW,LOW,LOW,LOW,S,28.2,23.8
2026-07-02 02:00,2,0,3,0.5,0.866,0.4339,-0.901,0,0,0,Clear,1.0,1.3,1.4,1.1,1.1,5.9,5.8,4.9,4.8,1.3,1.3,1.1,1.1,4.8,LOW,LOW,LOW,LOW,N,28.4,23.6
2026-07-02 02:15,2,15,3,0.5556,0.8315,0.4339,-0.901,0,0,0,Heavy Rain,1.5,1.3,1.3,1.1,1.1,9.4,8.9,7.8,7.7,2.1,2.0,1.7,1.7,7.5,LOW,LOW,LOW,LOW,N,28.3,23.7
2026-07-02 02:30,2,30,3,0.6088,0.7934,0.4339,-0.901,0,0,0,Rain,1.25,2.1,2.0,1.7,1.7,7.6,7.7,6.2,6.3,1.7,1.7,1.4,1.4,6.2,LOW,LOW,LOW,LOW,N,28.6,23.4
2026-07-02 02:45,2,45,3,0.6593,0.7518,0.4339,-0.901,0,0,0,Clear,1.0,1.7,1.7,1.4,1.4,6.2,6.2,4.9,4.8,1.4,1.4,1.1,1.1,5.0,LOW,LOW,LOW,LOW,N,29.1,22.9
2026-07-02 03:00,3,0,3,0.7071,0.7071,0.4339,-0.901,0,0,0,Clear,1.0,1.4,1.4,1.1,1.1,6.2,6.2,5.1,4.9,1.4,1.4,1.1,1.1,5.0,LOW,LOW,LOW,LOW,N,28.7,23.3
2026-07-02 03:15,3,15,3,0.7518,0.6593,0.4339,-0.901,0,0,0,Rain,1.25,1.4,1.4,1.1,1.1,7.5,7.7,6.0,6.5,1.6,1.7,1.3,1.4,6.0,LOW,LOW,LOW,LOW,S,28.4,23.6
2026-07-02 03:30,3,30,3,0.7934,0.6088,0.4339,-0.901,0,0,0,Clear,1.0,1.6,1.7,1.3,1.4,6.3,6.0,4.8,4.8,1.4,1.3,1.1,1.1,4.9,LOW,LOW,LOW,LOW,N,29.4,22.6
2026-07-02 03:45,3,45,3,0.8315,0.5556,0.4339,-0.901,0,0,0,Clear,1.0,1.4,1.3,1.1,1.1,5.9,6.0,5.0,5.2,1.3,1.3,1.1,1.1,4.8,LOW,LOW,LOW,LOW,N,27.9,24.1
2026-07-02 04:00,4,0,3,0.866,0.5,0.4339,-0.901,0,0,0,Clear,1.0,1.3,1.3,1.1,1.1,6.1,6.0,5.1,4.8,1.3,1.3,1.1,1.1,4.8,LOW,LOW,LOW,LOW,N,28.5,23.5
2026-07-02 04:15,4,15,3,0.8969,0.4423,0.4339,-0.901,0,0,0,Clear,1.0,1.3,1.3,1.1,1.1,6.2,5.7,5.2,5.0,1.4,1.3,1.1,1.1,4.9,LOW,LOW,LOW,LOW,N,28.1,23.9
2026-07-02 04:30,4,30,3,0.9239,0.3827,0.4339,-0.901,0,0,0,Clear,1.0,1.4,1.3,1.1,1.1,5.9,5.9,5.2,4.8,1.3,1.3,1.1,1.1,4.8,LOW,LOW,LOW,LOW,N,27.9,24.1
2026-07-02 04:45,4,45,3,0.9469,0.3214,0.4339,-0.901,0,0,0,Clear,1.0,1.3,1.3,1.1,1.1,5.9,5.7,5.2,5.2,1.3,1.3,1.1,1.1,4.8,LOW,LOW,LOW,LOW,N,27.5,24.5
2026-07-02 05:00,5,0,3,0.9659,0.2588,0.4339,-0.901,0,0,0,Clear,1.0,1.3,1.3,1.1,1.1,6.2,5.9,4.9,4.8,1.4,1.3,1.1,1.1,4.9,LOW,LOW,LOW,LOW,N,29.0,23.0
2026-07-02 05:15,5,15,3,0.9808,0.1951,0.4339,-0.901,0,0,0,Clear,1.0,1.4,1.3,1.1,1.1,6.2,5.7,5.1,5.1,1.4,1.3,1.1,1.1,4.9,LOW,LOW,LOW,LOW,N,28.3,23.7
2026-07-02 05:30,5,30,3,0.9914,0.1305,0.4339,-0.901,0,0,0,Clear,1.0,1.4,1.3,1.1,1.1,5.9,6.0,4.8,4.9,1.3,1.3,1.1,1.1,4.8,LOW,LOW,LOW,LOW,N,28.6,23.4
2026-07-02 05:45,5,45,3,0.9979,0.0654,0.4339,-0.901,0,0,0,Clear,1.0,1.3,1.3,1.1,1.1,5.8,6.2,4.8,4.9,1.3,1.4,1.1,1.1,4.9,LOW,LOW,LOW,LOW,S,28.9,23.1
2026-07-02 06:00,6,0,3,1.0,0.0,0.4339,-0.901,0,0,0,Rain,1.25,1.3,1.4,1.1,1.1,32.2,32.4,27.8,26.9,7.1,7.1,6.1,5.9,26.2,MEDIUM,MEDIUM,MEDIUM,LOW,N,28.1,23.9
2026-07-02 06:15,6,15,3,0.9979,-0.0654,0.4339,-0.901,0,0,0,Clear,1.0,7.1,7.1,6.1,5.9,24.9,26.1,21.8,22.6,5.5,5.7,4.8,5.0,21.0,LOW,LOW,LOW,LOW,S,27.8,24.2
2026-07-02 06:30,6,30,3,0.9914,-0.1305,0.4339,-0.901,0,0,0,Rain,1.25,5.5,5.7,4.8,5.0,32.4,31.9,28.1,26.3,7.1,7.0,6.2,5.8,26.1,MEDIUM,MEDIUM,MEDIUM,LOW,N,28.0,24.0
2026-07-02 06:45,6,45,3,0.9808,-0.1951,0.4339,-0.901,0,0,0,Clear,1.0,7.1,7.0,6.2,5.8,24.6,26.1,21.9,22.7,5.4,5.7,4.8,5.0,20.9,LOW,LOW,LOW,LOW,S,27.7,24.3
2026-07-02 07:00,7,0,3,0.9659,-0.2588,0.4339,-0.901,0,1,0,Rain,1.25,5.4,5.7,4.8,5.0,144.3,22.5,110.3,21.6,31.7,5.0,24.3,4.8,65.8,VERY_HIGH,LOW,VERY_HIGH,LOW,N,29.3,22.7
2026-07-02 07:15,7,15,3,0.9469,-0.3214,0.4339,-0.901,0,1,0,Clear,1.0,31.7,5.0,24.3,4.8,109.8,17.6,87.5,18.8,24.2,3.9,19.2,4.1,51.4,VERY_HIGH,LOW,HIGH,LOW,N,28.7,23.3
2026-07-02 07:30,7,30,3,0.9239,-0.3827,0.4339,-0.901,0,1,0,Rain,1.25,24.2,3.9,19.2,4.1,134.4,22.3,108.1,22.1,29.6,4.9,23.8,4.9,63.2,VERY_HIGH,LOW,HIGH,LOW,N,28.7,23.3
2026-07-02 07:45,7,45,3,0.8969,-0.4423,0.4339,-0.901,0,1,0,Clear,1.0,29.6,4.9,23.8,4.9,107.5,18.8,88.7,17.6,23.6,4.1,19.5,3.9,51.1,HIGH,LOW,HIGH,LOW,N,28.4,23.6
2026-07-02 08:00,8,0,3,0.866,-0.5,0.4339,-0.901,0,1,0,Clear,1.0,23.6,4.1,19.5,3.9,145.2,18.2,107.6,17.4,31.9,4.0,23.7,3.8,63.4,VERY_HIGH,LOW,HIGH,LOW,N,29.7,22.3
2026-07-02 08:15,8,15,3,0.8315,-0.5556,0.4339,-0.901,0,1,0,Clear,1.0,31.9,4.0,23.7,3.8,142.9,17.6,113.2,18.0,31.4,3.9,24.9,4.0,64.2,VERY_HIGH,LOW,VERY_HIGH,LOW,N,28.9,23.1
2026-07-02 08:30,8,30,3,0.7934,-0.6088,0.4339,-0.901,0,1,0,Clear,1.0,31.4,3.9,24.9,4.0,147.3,17.5,110.4,17.4,32.4,3.9,24.3,3.8,64.4,VERY_HIGH,LOW,VERY_HIGH,LOW,N,29.6,22.4
2026-07-02 08:45,8,45,3,0.7518,-0.6593,0.4339,-0.901,0,1,0,Clear,1.0,32.4,3.9,24.3,3.8,139.3,17.2,114.4,17.3,30.6,3.8,25.2,3.8,63.4,VERY_HIGH,LOW,VERY_HIGH,LOW,N,28.4,23.6
2026-07-02 09:00,9,0,3,0.7071,-0.7071,0.4339,-0.901,0,1,0,Clear,1.0,30.6,3.8,25.2,3.8,106.9,18.8,86.7,17.4,23.5,4.1,19.1,3.8,50.5,HIGH,LOW,HIGH,LOW,N,28.6,23.4
2026-07-02 09:15,9,15,3,0.6593,-0.7518,0.4339,-0.901,0,1,0,Clear,1.0,23.5,4.1,19.1,3.8,105.5,17.9,87.2,18.4,23.2,3.9,19.2,4.0,50.3,HIGH,LOW,HIGH,LOW,N,28.3,23.7
2026-07-02 09:30,9,30,3,0.6088,-0.7934,0.4339,-0.901,0,1,0,Clear,1.0,23.2,3.9,19.2,4.0,112.6,18.1,84.2,17.8,24.8,4.0,18.5,3.9,51.2,VERY_HIGH,LOW,HIGH,LOW,N,29.5,22.5
2026-07-02 09:45,9,45,3,0.5556,-0.8315,0.4339,-0.901,0,1,0,Clear,1.0,24.8,4.0,18.5,3.9,112.9,18.7,84.3,17.5,24.8,4.1,18.5,3.9,51.3,VERY_HIGH,LOW,HIGH,LOW,N,29.6,22.4
2026-07-02 10:00,10,0,3,0.5,-0.866,0.4339,-0.901,0,0,0,Clear,1.0,24.8,4.1,18.5,3.9,24.9,23.8,22.2,22.4,5.5,5.2,4.9,4.9,20.5,LOW,LOW,LOW,LOW,N,27.3,24.7
2026-07-02 10:15,10,15,3,0.4423,-0.8969,0.4339,-0.901,0,0,0,Clear,1.0,5.5,5.2,4.9,4.9,25.9,24.4,21.7,22.8,5.7,5.4,4.8,5.0,20.9,LOW,LOW,LOW,LOW,N,27.6,24.4
2026-07-02 10:30,10,30,3,0.3827,-0.9239,0.4339,-0.901,0,0,0,Clear,1.0,5.7,5.4,4.8,5.0,24.3,26.1,20.9,22.9,5.3,5.7,4.6,5.0,20.6,LOW,LOW,LOW,LOW,S,27.8,24.2
2026-07-02 10:45,10,45,3,0.3214,-0.9469,0.4339,-0.901,0,0,0,Clear,1.0,5.3,5.7,4.6,5.0,24.0,24.6,21.5,22.1,5.3,5.4,4.7,4.9,20.3,LOW,LOW,LOW,LOW,S,27.4,24.6
2026-07-02 11:00,11,0,3,0.2588,-0.9659,0.4339,-0.901,0,0,0,Rain,1.25,5.3,5.4,4.7,4.9,51.4,49.3,43.4,42.3,11.3,10.8,9.5,9.3,40.9,MEDIUM,MEDIUM,MEDIUM,MEDIUM,N,28.1,23.9
2026-07-02 11:15,11,15,3,0.1951,-0.9808,0.4339,-0.901,0,0,0,Heavy Rain,1.5,11.3,10.8,9.5,9.3,59.3,59.7,50.8,51.9,13.0,13.1,11.2,11.4,48.7,MEDIUM,MEDIUM,MEDIUM,MEDIUM,S,27.9,24.1
2026-07-02 11:30,11,30,3,0.1305,-0.9914,0.4339,-0.901,0,0,0,Clear,1.0,13.0,13.1,11.2,11.4,40.9,39.8,35.9,36.1,9.0,8.8,7.9,7.9,33.6,MEDIUM,MEDIUM,MEDIUM,MEDIUM,N,27.5,24.5
2026-07-02 11:45,11,45,3,0.0654,-0.9979,0.4339,-0.901,0,0,0,Clear,1.0,9.0,8.8,7.9,7.9,39.7,39.0,34.0,36.2,8.7,8.6,7.5,8.0,32.8,MEDIUM,MEDIUM,MEDIUM,MEDIUM,N,27.3,24.7
2026-07-02 12:00,12,0,3,0.0,-1.0,0.4339,-0.901,0,0,0,Clear,1.0,8.7,8.6,7.5,8.0,41.3,40.2,35.7,34.5,9.1,8.8,7.9,7.6,33.4,MEDIUM,MEDIUM,MEDIUM,MEDIUM,N,27.9,24.1
2026-07-02 12:15,12,15,3,-0.0654,-0.9979,0.4339,-0.901,0,0,0,Rain,1.25,9.1,8.8,7.9,7.6,51.3,50.0,42.2,45.4,11.3,11.0,9.3,10.0,41.6,MEDIUM,MEDIUM,MEDIUM,MEDIUM,N,27.7,24.3
2026-07-02 12:30,12,30,3,-0.1305,-0.9914,0.4339,-0.901,0,0,0,Clear,1.0,11.3,11.0,9.3,10.0,38.4,40.0,34.9,36.4,8.4,8.8,7.7,8.0,32.9,MEDIUM,MEDIUM,MEDIUM,MEDIUM,S,27.2,24.8
2026-07-02 12:45,12,45,3,-0.1951,-0.9808,0.4339,-0.901,0,0,0,Clear,1.0,8.4,8.8,7.7,8.0,41.0,39.4,35.8,36.6,9.0,8.7,7.9,8.1,33.7,MEDIUM,MEDIUM,MEDIUM,MEDIUM,N,27.4,24.6
2026-07-02 13:00,13,0,3,-0.2588,-0.9659,0.4339,-0.901,0,0,0,Rain,1.25,9.0,8.7,7.9,8.1,51.7,51.7,41.7,41.6,11.4,11.4,9.2,9.2,41.2,MEDIUM,MEDIUM,MEDIUM,MEDIUM,N,28.8,23.2
2026-07-02 13:15,13,15,3,-0.3214,-0.9469,0.4339,-0.901,0,0,0,Rain,1.25,11.4,11.4,9.2,9.2,48.0,52.5,43.2,45.0,10.6,11.6,9.5,9.9,41.6,MEDIUM,MEDIUM,MEDIUM,MEDIUM,S,27.8,24.2
2026-07-02 13:30,13,30,3,-0.3827,-0.9239,0.4339,-0.901,0,0,0,Clear,1.0,10.6,11.6,9.5,9.9,41.6,40.9,35.5,35.6,9.2,9.0,7.8,7.8,33.8,MEDIUM,MEDIUM,MEDIUM,MEDIUM,N,28.0,24.0
2026-07-02 13:45,13,45,3,-0.4423,-0.8969,0.4339,-0.901,0,0,0,Clear,1.0,9.2,9.0,7.8,7.8,38.1,39.5,33.7,34.8,8.4,8.7,7.4,7.7,32.2,MEDIUM,MEDIUM,MEDIUM,MEDIUM,S,27.6,24.4
2026-07-02 14:00,14,0,3,-0.5,-0.866,0.4339,-0.901,0,0,0,Clear,1.0,8.4,8.7,7.4,7.7,40.7,40.9,36.2,35.8,9.0,9.0,8.0,7.9,33.9,MEDIUM,MEDIUM,MEDIUM,MEDIUM,N,27.6,24.4
2026-07-02 14:15,14,15,3,-0.5556,-0.8315,0.4339,-0.901,0,0,0,Clear,1.0,9.0,9.0,8.0,7.9,38.4,40.3,35.0,34.3,8.4,8.9,7.7,7.5,32.5,MEDIUM,MEDIUM,MEDIUM,MEDIUM,S,27.7,24.3
2026-07-02 14:30,14,30,3,-0.6088,-0.7934,0.4339,-0.901,0,0,0,Clear,1.0,8.4,8.9,7.7,7.5,39.1,38.0,33.6,35.4,8.6,8.4,7.4,7.8,32.2,MEDIUM,MEDIUM,MEDIUM,MEDIUM,N,27.4,24.6
2026-07-02 14:45,14,45,3,-0.6593,-0.7518,0.4339,-0.901,0,0,0,Clear,1.0,8.6,8.4,7.4,7.8,41.2,38.3,34.0,34.3,9.1,8.4,7.5,7.5,32.5,MEDIUM,MEDIUM,MEDIUM,MEDIUM,N,28.2,23.8
2026-07-02 15:00,15,0,3,-0.7071,-0.7071,0.4339,-0.901,0,0,0,Clear,1.0,9.1,8.4,7.5,7.5,42.0,40.8,34.7,33.3,9.2,9.0,7.6,7.3,33.1,MEDIUM,MEDIUM,MEDIUM,MEDIUM,N,28.5,23.5
2026-07-02 15:15,15,15,3,-0.7518,-0.6593,0.4339,-0.901,0,0,0,Clear,1.0,9.2,9.0,7.6,7.3,41.0,40.9,34.9,34.6,9.0,9.0,7.7,7.6,33.3,MEDIUM,MEDIUM,MEDIUM,MEDIUM,N,28.1,23.9
2026-07-02 15:30,15,30,3,-0.7934,-0.6088,0.4339,-0.901,0,0,0,Clear,1.0,9.0,9.0,7.7,7.6,41.2,41.2,35.4,35.8,9.1,9.1,7.8,7.9,33.9,MEDIUM,MEDIUM,MEDIUM,MEDIUM,N,27.9,24.1
2026-07-02 15:45,15,45,3,-0.8315,-0.5556,0.4339,-0.901,0,0,0,Rain,1.25,9.1,9.1,7.8,7.9,50.0,48.7,45.7,45.1,11.0,10.7,10.1,9.9,41.7,MEDIUM,MEDIUM,MEDIUM,MEDIUM,N,27.1,24.9
2026-07-02 16:00,16,0,3,-0.866,-0.5,0.4339,-0.901,0,0,1,Clear,1.0,11.0,10.7,10.1,9.9,17.6,107.5,18.1,83.8,3.9,23.6,4.0,18.4,49.9,LOW,HIGH,LOW,HIGH,S,29.0,23.0
2026-07-02 16:15,16,15,3,-0.8969,-0.4423,0.4339,-0.901,0,0,1,Clear,1.0,3.9,23.6,4.0,18.4,18.2,111.0,18.5,85.9,4.0,24.4,4.1,18.9,51.4,LOW,VERY_HIGH,LOW,HIGH,S,29.1,22.9
2026-07-02 16:30,16,30,3,-0.9239,-0.3827,0.4339,-0.901,0,0,1,Rain,1.25,4.0,24.4,4.1,18.9,22.3,133.6,22.1,105.8,4.9,29.4,4.9,23.3,62.5,LOW,VERY_HIGH,LOW,HIGH,S,28.8,23.2
2026-07-02 16:45,16,45,3,-0.9469,-0.3214,0.4339,-0.901,0,0,1,Clear,1.0,4.9,29.4,4.9,23.3,18.8,106.4,18.7,88.0,4.1,23.4,4.1,19.4,51.0,LOW,HIGH,LOW,HIGH,S,28.3,23.7
2026-07-02 17:00,17,0,3,-0.9659,-0.2588,0.4339,-0.901,0,0,1,Clear,1.0,4.1,23.4,4.1,19.4,17.5,132.4,17.4,97.0,3.9,29.1,3.8,21.3,58.1,LOW,VERY_HIGH,LOW,HIGH,S,29.8,22.2
2026-07-02 17:15,17,15,3,-0.9808,-0.1951,0.4339,-0.901,0,0,1,Heavy Rain,1.5,3.9,29.1,3.8,21.3,26.9,192.8,27.8,156.6,5.9,42.4,6.1,34.5,88.9,LOW,VERY_HIGH,MEDIUM,VERY_HIGH,S,28.5,23.5
2026-07-02 17:30,17,30,3,-0.9914,-0.1305,0.4339,-0.901,0,0,1,Clear,1.0,5.9,42.4,6.1,34.5,17.1,129.0,18.5,106.0,3.8,28.4,4.1,23.3,59.6,LOW,VERY_HIGH,LOW,HIGH,S,28.4,23.6
2026-07-02 17:45,17,45,3,-0.9979,-0.0654,0.4339,-0.901,0,0,1,Clear,1.0,3.8,28.4,4.1,23.3,18.7,129.7,18.8,103.4,4.1,28.5,4.1,22.7,59.4,LOW,VERY_HIGH,LOW,HIGH,S,28.8,23.2
2026-07-02 18:00,18,0,3,-1.0,-0.0,0.4339,-0.901,0,0,1,Clear,1.0,4.1,28.5,4.1,22.7,18.7,136.7,17.1,102.5,4.1,30.1,3.8,22.6,60.6,LOW,VERY_HIGH,LOW,HIGH,S,29.6,22.4
2026-07-02 18:15,18,15,3,-0.9979,0.0654,0.4339,-0.901,0,0,1,Rain,1.25,4.1,30.1,3.8,22.6,22.5,171.1,22.5,123.7,5.0,37.6,5.0,27.2,74.8,LOW,VERY_HIGH,LOW,VERY_HIGH,S,30.0,22.0
2026-07-02 18:30,18,30,3,-0.9914,0.1305,0.4339,-0.901,0,0,1,Rain,1.25,5.0,37.6,5.0,27.2,23.0,161.9,23.5,128.2,5.1,35.6,5.2,28.2,74.1,LOW,VERY_HIGH,LOW,VERY_HIGH,S,28.8,23.2
2026-07-02 18:45,18,45,3,-0.9808,0.1951,0.4339,-0.901,0,0,1,Clear,1.0,5.1,35.6,5.2,28.2,17.2,134.6,17.6,100.8,3.8,29.6,3.9,22.2,59.5,LOW,VERY_HIGH,LOW,HIGH,S,29.5,22.5
2026-07-02 19:00,19,0,3,-0.9659,0.2588,0.4339,-0.901,0,0,1,Clear,1.0,3.8,29.6,3.9,22.2,18.4,114.6,17.8,88.5,4.0,25.2,3.9,19.5,52.6,LOW,VERY_HIGH,LOW,HIGH,S,29.2,22.8
2026-07-02 19:15,19,15,3,-0.9469,0.3214,0.4339,-0.901,0,0,1,Clear,1.0,4.0,25.2,3.9,19.5,18.5,107.8,18.0,80.9,4.1,23.7,4.0,17.8,49.6,LOW,HIGH,LOW,HIGH,S,29.5,22.5
2026-07-02 19:30,19,30,3,-0.9239,0.3827,0.4339,-0.901,0,0,1,Heavy Rain,1.5,4.1,23.7,4.0,17.8,27.9,162.3,28.3,126.2,6.1,35.7,6.2,27.8,75.8,MEDIUM,VERY_HIGH,MEDIUM,VERY_HIGH,S,29.0,23.0
2026-07-02 19:45,19,45,3,-0.8969,0.4423,0.4339,-0.901,0,0,1,Clear,1.0,6.1,35.7,6.2,27.8,18.4,114.0,17.1,88.0,4.0,25.1,3.8,19.4,52.3,LOW,VERY_HIGH,LOW,HIGH,S,29.2,22.8
2026-07-02 20:00,20,0,3,-0.866,0.5,0.4339,-0.901,0,0,0,Clear,1.0,4.0,25.1,3.8,19.4,24.0,25.1,22.5,22.0,5.3,5.5,5.0,4.8,20.6,LOW,LOW,LOW,LOW,S,27.3,24.7
2026-07-02 20:15,20,15,3,-0.8315,0.5556,0.4339,-0.901,0,0,0,Clear,1.0,5.3,5.5,5.0,4.8,24.1,25.1,21.3,21.5,5.3,5.5,4.7,4.7,20.2,LOW,LOW,LOW,LOW,S,27.9,24.1
2026-07-02 20:30,20,30,3,-0.7934,0.6088,0.4339,-0.901,0,0,0,Rain,1.25,5.3,5.5,4.7,4.7,32.3,30.1,27.6,26.9,7.1,6.6,6.1,5.9,25.7,MEDIUM,MEDIUM,MEDIUM,LOW,N,27.9,24.1
2026-07-02 20:45,20,45,3,-0.7518,0.6593,0.4339,-0.901,0,0,0,Clear,1.0,7.1,6.6,6.1,5.9,25.8,24.9,22.6,22.7,5.7,5.5,5.0,5.0,21.2,LOW,LOW,LOW,LOW,N,27.6,24.4
2026-07-02 21:00,21,0,3,-0.7071,0.7071,0.4339,-0.901,0,0,0,Clear,1.0,5.7,5.5,5.0,5.0,25.0,23.9,21.0,21.6,5.5,5.3,4.6,4.8,20.2,LOW,LOW,LOW,LOW,N,27.8,24.2
2026-07-02 21:15,21,15,3,-0.6593,0.7518,0.4339,-0.901,0,0,0,Clear,1.0,5.5,5.3,4.6,4.8,24.6,24.2,21.8,22.9,5.4,5.3,4.8,5.0,20.5,LOW,LOW,LOW,LOW,N,27.0,25.0
2026-07-02 21:30,21,30,3,-0.6088,0.7934,0.4339,-0.901,0,0,0,Clear,1.0,5.4,5.3,4.8,5.0,23.8,24.3,22.8,21.8,5.2,5.3,5.0,4.8,20.3,LOW,LOW,LOW,LOW,S,26.9,25.1
2026-07-02 21:45,21,45,3,-0.5556,0.8315,0.4339,-0.901,0,0,0,Clear,1.0,5.2,5.3,5.0,4.8,25.8,25.4,21.0,22.9,5.7,5.6,4.6,5.0,20.9,LOW,LOW,LOW,LOW,N,27.8,24.2
2026-07-02 22:00,22,0,3,-0.5,0.866,0.4339,-0.901,0,0,0,Heavy Rain,1.5,5.7,5.6,4.6,5.0,36.4,37.0,32.5,34.3,8.0,8.1,7.2,7.5,30.8,MEDIUM,MEDIUM,MEDIUM,MEDIUM,S,27.1,24.9
2026-07-02 22:15,22,15,3,-0.4423,0.8969,0.4339,-0.901,0,0,0,Heavy Rain,1.5,8.0,8.1,7.2,7.5,36.4,35.6,31.5,32.8,8.0,7.8,6.9,7.2,29.9,MEDIUM,MEDIUM,MEDIUM,MEDIUM,N,27.4,24.6
2026-07-02 22:30,22,30,3,-0.3827,0.9239,0.4339,-0.901,0,0,0,Rain,1.25,8.0,7.8,6.9,7.2,31.8,29.8,27.6,27.9,7.0,6.6,6.1,6.1,25.8,MEDIUM,MEDIUM,MEDIUM,MEDIUM,N,27.5,24.5
2026-07-02 22:45,22,45,3,-0.3214,0.9469,0.4339,-0.901,0,0,0,Clear,1.0,7.0,6.6,6.1,6.1,24.7,24.4,21.5,22.2,5.4,5.4,4.7,4.9,20.4,LOW,LOW,LOW,LOW,N,27.5,24.5
2026-07-02 23:00,23,0,3,-0.2588,0.9659,0.4339,-0.901,0,0,0,Clear,1.0,5.4,5.4,4.7,4.9,5.8,6.0,4.8,4.9,1.3,1.3,1.1,1.1,4.8,LOW,LOW,LOW,LOW,N,28.6,23.4
2026-07-02 23:15,23,15,3,-0.1951,0.9808,0.4339,-0.901,0,0,0,Rain,1.25,1.3,1.3,1.1,1.1,7.6,7.2,6.4,6.4,1.7,1.6,1.4,1.4,6.1,LOW,LOW,LOW,LOW,N,28.1,23.9
2026-07-02 23:30,23,30,3,-0.1305,0.9914,0.4339,-0.901,0,0,0,Clear,1.0,1.7,1.6,1.4,1.4,6.2,6.1,4.8,5.0,1.4,1.3,1.1,1.1,4.9,LOW,LOW,LOW,LOW,N,28.9,23.1
2026-07-02 23:45,23,45,3,-0.0654,0.9979,0.4339,-0.901,0,0,0,Clear,1.0,1.4,1.3,1.1,1.1,6.1,5.8,5.1,4.9,1.3,1.3,1.1,1.1,4.8,LOW,LOW,LOW,LOW,N,28.3,23.7
2026-07-03 00:00,0,0,4,0.0,1.0,-0.4339,-0.901,0,0,0,Clear,1.0,1.3,1.3,1.1,1.1,5.7,6.3,4.8,5.0,1.3,1.4,1.1,1.1,4.9,LOW,LOW,LOW,LOW,S,28.8,23.2
2026-07-03 00:15,0,15,4,0.0654,0.9979,-0.4339,-0.901,0,0,0,Clear,1.0,1.3,1.4,1.1,1.1,5.9,6.2,5.0,5.1,1.3,1.4,1.1,1.1,4.9,LOW,LOW,LOW,LOW,S,28.4,23.6
2026-07-03 00:30,0,30,4,0.1305,0.9914,-0.4339,-0.901,0,0,0,Rain,1.25,1.3,1.4,1.1,1.1,7.4,7.2,6.2,6.1,1.6,1.6,1.4,1.3,5.9,LOW,LOW,LOW,LOW,N,28.3,23.7
2026-07-03 00:45,0,45,4,0.1951,0.9808,-0.4339,-0.901,0,0,0,Clear,1.0,1.6,1.6,1.4,1.3,5.7,6.2,4.9,4.9,1.3,1.4,1.1,1.1,4.9,LOW,LOW,LOW,LOW,S,28.8,23.2
2026-07-03 01:00,1,0,4,0.2588,0.9659,-0.4339,-0.901,0,0,0,Clear,1.0,1.3,1.4,1.1,1.1,5.9,6.0,4.8,4.8,1.3,1.3,1.1,1.1,4.8,LOW,LOW,LOW,LOW,N,28.8,23.2
2026-07-03 01:15,1,15,4,0.3214,0.9469,-0.4339,-0.901,0,0,0,Clear,1.0,1.3,1.3,1.1,1.1,5.8,5.7,5.1,5.2,1.3,1.3,1.1,1.1,4.8,LOW,LOW,LOW,LOW,N,27.4,24.6
2026-07-03 01:30,1,30,4,0.3827,0.9239,-0.4339,-0.901,0,0,0,Clear,1.0,1.3,1.3,1.1,1.1,6.0,5.8,5.2,4.8,1.3,1.3,1.1,1.1,4.8,LOW,LOW,LOW,LOW,N,28.0,24.0
2026-07-03 01:45,1,45,4,0.4423,0.8969,-0.4339,-0.901,0,0,0,Heavy Rain,1.5,1.3,1.3,1.1,1.1,8.7,8.6,7.6,7.2,1.9,1.9,1.7,1.6,7.1,LOW,LOW,LOW,LOW,N,27.9,24.1
2026-07-03 02:00,2,0,4,0.5,0.866,-0.4339,-0.901,0,0,0,Clear,1.0,1.9,1.9,1.7,1.6,6.0,6.1,5.0,4.8,1.3,1.3,1.1,1.1,4.8,LOW,LOW,LOW,LOW,N,28.7,23.3
2026-07-03 02:15,2,15,4,0.5556,0.8315,-0.4339,-0.901,0,0,0,Clear,1.0,1.3,1.3,1.1,1.1,6.0,5.8,5.1,5.2,1.3,1.3,1.1,1.1,4.8,LOW,LOW,LOW,LOW,N,27.8,24.2
2026-07-03 02:30,2,30,4,0.6088,0.7934,-0.4339,-0.901,0,0,0,Clear,1.0,1.3,1.3,1.1,1.1,5.7,6.0,4.8,5.0,1.3,1.3,1.1,1.1,4.8,LOW,LOW,LOW,LOW,N,28.3,23.7
2026-07-03 02:45,2,45,4,0.6593,0.7518,-0.4339,-0.901,0,0,0,Clear,1.0,1.3,1.3,1.1,1.1,6.1,5.8,4.8,5.0,1.3,1.3,1.1,1.1,4.8,LOW,LOW,LOW,LOW,N,28.5,23.5
2026-07-03 03:00,3,0,4,0.7071,0.7071,-0.4339,-0.901,0,0,0,Clear,1.0,1.3,1.3,1.1,1.1,6.1,6.1,5.1,5.2,1.3,1.3,1.1,1.1,4.8,LOW,LOW,LOW,LOW,N,28.1,23.9
2026-07-03 03:15,3,15,4,0.7518,0.6593,-0.4339,-0.901,0,0,0,Clear,1.0,1.3,1.3,1.1,1.1,5.7,6.1,4.8,4.8,1.3,1.3,1.1,1.1,4.8,LOW,LOW,LOW,LOW,N,28.9,23.1
2026-07-03 03:30,3,30,4,0.7934,0.6088,-0.4339,-0.901,0,0,0,Clear,1.0,1.3,1.3,1.1,1.1,6.1,5.9,4.8,4.8,1.3,1.3,1.1,1.1,4.8,LOW,LOW,LOW,LOW,N,29.0,23.0
2026-07-03 03:45,3,45,4,0.8315,0.5556,-0.4339,-0.901,0,0,0,Clear,1.0,1.3,1.3,1.1,1.1,6.0,5.7,5.2,4.9,1.3,1.3,1.1,1.1,4.8,LOW,LOW,LOW,LOW,N,27.9,24.1
2026-07-03 04:00,4,0,4,0.866,0.5,-0.4339,-0.901,0,0,0,Clear,1.0,1.3,1.3,1.1,1.1,6.0,6.0,4.8,4.9,1.3,1.3,1.1,1.1,4.8,LOW,LOW,LOW,LOW,N,28.7,23.3
2026-07-03 04:15,4,15,4,0.8969,0.4423,-0.4339,-0.901,0,0,0,Rain,1.25,1.3,1.3,1.1,1.1,7.5,7.5,6.4,6.5,1.6,1.6,1.4,1.4,6.0,LOW,LOW,LOW,LOW,N,27.9,24.1
2026-07-03 04:30,4,30,4,0.9239,0.3827,-0.4339,-0.901,0,0,0,Clear,1.0,1.6,1.6,1.4,1.4,5.8,5.8,5.2,5.1,1.3,1.3,1.1,1.1,4.8,LOW,LOW,LOW,LOW,N,27.5,24.5
2026-07-03 04:45,4,45,4,0.9469,0.3214,-0.4339,-0.901,0,0,0,Clear,1.0,1.3,1.3,1.1,1.1,5.9,6.1,5.0,4.9,1.3,1.3,1.1,1.1,4.8,LOW,LOW,LOW,LOW,N,28.5,23.5
2026-07-03 05:00,5,0,4,0.9659,0.2588,-0.4339,-0.901,0,0,0,Clear,1.0,1.3,1.3,1.1,1.1,6.1,5.9,5.0,4.9,1.3,1.3,1.1,1.1,4.8,LOW,LOW,LOW,LOW,N,28.5,23.5
2026-07-03 05:15,5,15,4,0.9808,0.1951,-0.4339,-0.901,0,0,0,Clear,1.0,1.3,1.3,1.1,1.1,5.7,6.1,5.1,4.8,1.3,1.3,1.1,1.1,4.8,LOW,LOW,LOW,LOW,N,28.3,23.7
2026-07-03 05:30,5,30,4,0.9914,0.1305,-0.4339,-0.901,0,0,0,Clear,1.0,1.3,1.3,1.1,1.1,6.1,6.3,4.9,5.1,1.3,1.4,1.1,1.1,4.9,LOW,LOW,LOW,LOW,S,28.8,23.2
2026-07-03 05:45,5,45,4,0.9979,0.0654,-0.4339,-0.901,0,0,0,Clear,1.0,1.3,1.4,1.1,1.1,6.1,6.1,4.8,5.1,1.3,1.3,1.1,1.1,4.8,LOW,LOW,LOW,LOW,N,28.5,23.5
2026-07-03 06:00,6,0,4,1.0,0.0,-0.4339,-0.901,0,0,0,Clear,1.0,1.3,1.3,1.1,1.1,24.1,25.7,23.0,22.6,5.3,5.7,5.1,5.0,21.1,LOW,LOW,LOW,LOW,S,27.3,24.7
2026-07-03 06:15,6,15,4,0.9979,-0.0654,-0.4339,-0.901,0,0,0,Clear,1.0,5.3,5.7,5.1,5.0,25.8,26.0,21.5,21.4,5.7,5.7,4.7,4.7,20.8,LOW,LOW,LOW,LOW,N,28.5,23.5
2026-07-03 06:30,6,30,4,0.9914,-0.1305,-0.4339,-0.901,0,0,0,Clear,1.0,5.7,5.7,4.7,4.7,24.7,26.2,21.4,22.9,5.4,5.8,4.7,5.0,20.9,LOW,LOW,LOW,LOW,S,27.8,24.2
2026-07-03 06:45,6,45,4,0.9808,-0.1951,-0.4339,-0.901,0,0,0,Clear,1.0,5.4,5.8,4.7,5.0,23.8,25.0,21.6,21.9,5.2,5.5,4.8,4.8,20.3,LOW,LOW,LOW,LOW,S,27.6,24.4
2026-07-03 07:00,7,0,4,0.9659,-0.2588,-0.4339,-0.901,0,1,0,Clear,1.0,5.2,5.5,4.8,4.8,108.2,17.4,81.0,17.2,23.8,3.8,17.8,3.8,49.2,HIGH,LOW,HIGH,LOW,N,29.5,22.5
2026-07-03 07:15,7,15,4,0.9469,-0.3214,-0.4339,-0.901,0,1,0,Clear,1.0,23.8,3.8,17.8,3.8,107.6,17.4,88.0,17.1,23.7,3.8,19.4,3.8,50.7,HIGH,LOW,HIGH,LOW,N,28.5,23.5
2026-07-03 07:30,7,30,4,0.9239,-0.3827,-0.4339,-0.901,0,1,0,Clear,1.0,23.7,3.8,19.4,3.8,108.2,17.5,81.8,17.8,23.8,3.9,18.0,3.9,49.6,HIGH,LOW,HIGH,LOW,N,29.4,22.6
2026-07-03 07:45,7,45,4,0.8969,-0.4423,-0.4339,-0.901,0,1,0,Clear,1.0,23.8,3.9,18.0,3.9,113.2,17.2,89.1,18.1,24.9,3.8,19.6,4.0,52.3,VERY_HIGH,LOW,HIGH,LOW,N,28.9,23.1
2026-07-03 08:00,8,0,4,0.866,-0.5,-0.4339,-0.901,0,1,0,Clear,1.0,24.9,3.8,19.6,4.0,139.8,18.3,112.4,18.6,30.8,4.0,24.7,4.1,63.6,VERY_HIGH,LOW,VERY_HIGH,LOW,N,28.7,23.3
2026-07-03 08:15,8,15,4,0.8315,-0.5556,-0.4339,-0.901,0,1,0,Rain,1.25,30.8,4.0,24.7,4.1,180.4,22.4,134.8,22.7,39.7,4.9,29.7,5.0,79.3,VERY_HIGH,LOW,VERY_HIGH,LOW,N,29.6,22.4
2026-07-03 08:30,8,30,4,0.7934,-0.6088,-0.4339,-0.901,0,1,0,Rain,1.25,39.7,4.9,29.7,5.0,176.9,22.1,144.6,23.4,38.9,4.9,31.8,5.1,80.7,VERY_HIGH,LOW,VERY_HIGH,LOW,N,28.5,23.5
2026-07-03 08:45,8,45,4,0.7518,-0.6593,-0.4339,-0.901,0,1,0,Clear,1.0,38.9,4.9,31.8,5.1,144.7,17.6,115.8,18.3,31.8,3.9,25.5,4.0,65.2,VERY_HIGH,LOW,VERY_HIGH,LOW,N,28.7,23.3
2026-07-03 09:00,9,0,4,0.7071,-0.7071,-0.4339,-0.901,0,1,0,Clear,1.0,31.8,3.9,25.5,4.0,105.4,18.7,81.9,17.5,23.2,4.1,18.0,3.9,49.2,HIGH,LOW,HIGH,LOW,N,29.1,22.9
2026-07-03 09:15,9,15,4,0.6593,-0.7518,-0.4339,-0.901,0,1,0,Rain,1.25,23.2,4.1,18.0,3.9,132.0,23.5,109.3,21.9,29.0,5.2,24.0,4.8,63.0,VERY_HIGH,LOW,VERY_HIGH,LOW,N,28.4,23.6
2026-07-03 09:30,9,30,4,0.6088,-0.7934,-0.4339,-0.901,0,1,0,Clear,1.0,29.0,5.2,24.0,4.8,114.8,17.4,81.7,18.3,25.3,3.8,18.0,4.0,51.1,VERY_HIGH,LOW,HIGH,LOW,N,30.1,21.9
2026-07-03 09:45,9,45,4,0.5556,-0.8315,-0.4339,-0.901,0,1,0,Clear,1.0,25.3,3.8,18.0,4.0,113.8,18.8,84.3,17.2,25.0,4.1,18.5,3.8,51.4,VERY_HIGH,LOW,HIGH,LOW,N,29.7,22.3
2026-07-03 10:00,10,0,4,0.5,-0.866,-0.4339,-0.901,0,0,0,Clear,1.0,25.0,4.1,18.5,3.8,24.2,26.2,21.8,21.3,5.3,5.8,4.8,4.7,20.6,LOW,LOW,LOW,LOW,S,28.2,23.8
2026-07-03 10:15,10,15,4,0.4423,-0.8969,-0.4339,-0.901,0,0,0,Clear,1.0,5.3,5.8,4.8,4.7,24.0,23.9,22.7,22.9,5.3,5.3,5.0,5.0,20.6,LOW,LOW,LOW,LOW,N,26.6,25.4
2026-07-03 10:30,10,30,4,0.3827,-0.9239,-0.4339,-0.901,0,0,0,Clear,1.0,5.3,5.3,5.0,5.0,23.8,24.3,23.0,22.4,5.2,5.3,5.1,4.9,20.5,LOW,LOW,LOW,LOW,S,26.7,25.3
2026-07-03 10:45,10,45,4,0.3214,-0.9469,-0.4339,-0.901,0,0,0,Clear,1.0,5.2,5.3,5.1,4.9,25.9,25.0,21.1,21.5,5.7,5.5,4.6,4.7,20.5,LOW,LOW,LOW,LOW,N,28.4,23.6
2026-07-03 11:00,11,0,4,0.2588,-0.9659,-0.4339,-0.901,0,0,0,Clear,1.0,5.7,5.5,4.6,4.7,40.0,40.9,33.6,34.8,8.8,9.0,7.4,7.7,32.9,MEDIUM,MEDIUM,MEDIUM,MEDIUM,S,28.1,23.9
2026-07-03 11:15,11,15,4,0.1951,-0.9808,-0.4339,-0.901,0,0,0,Heavy Rain,1.5,8.8,9.0,7.4,7.7,61.4,61.3,52.5,54.7,13.5,13.5,11.6,12.0,50.6,MEDIUM,MEDIUM,MEDIUM,MEDIUM,N,27.6,24.4
2026-07-03 11:30,11,30,4,0.1305,-0.9914,-0.4339,-0.901,0,0,0,Heavy Rain,1.5,13.5,13.5,11.6,12.0,60.6,58.2,51.2,50.3,13.3,12.8,11.3,11.1,48.5,MEDIUM,MEDIUM,MEDIUM,MEDIUM,N,28.1,23.9
2026-07-03 11:45,11,45,4,0.0654,-0.9979,-0.4339,-0.901,0,0,0,Clear,1.0,13.3,12.8,11.3,11.1,39.1,41.8,34.9,36.2,8.6,9.2,7.7,8.0,33.5,MEDIUM,MEDIUM,MEDIUM,MEDIUM,S,27.8,24.2
2026-07-03 12:00,12,0,4,0.0,-1.0,-0.4339,-0.901,0,0,0,Clear,1.0,8.6,9.2,7.7,8.0,40.6,40.7,33.9,35.6,8.9,9.0,7.5,7.8,33.2,MEDIUM,MEDIUM,MEDIUM,MEDIUM,S,27.9,24.1
2026-07-03 12:15,12,15,4,-0.0654,-0.9979,-0.4339,-0.901,0,0,0,Clear,1.0,8.9,9.0,7.5,7.8,38.7,40.4,35.7,34.7,8.5,8.9,7.9,7.6,32.9,MEDIUM,MEDIUM,MEDIUM,MEDIUM,S,27.6,24.4
2026-07-03 12:30,12,30,4,-0.1305,-0.9914,-0.4339,-0.901,0,0,0,Clear,1.0,8.5,8.9,7.9,7.6,41.8,39.5,36.1,33.3,9.2,8.7,7.9,7.3,33.1,MEDIUM,MEDIUM,MEDIUM,MEDIUM,N,28.0,24.0
2026-07-03 12:45,12,45,4,-0.1951,-0.9808,-0.4339,-0.901,0,0,0,Clear,1.0,9.2,8.7,7.9,7.3,38.5,39.0,33.7,36.5,8.5,8.6,7.4,8.0,32.5,MEDIUM,MEDIUM,MEDIUM,MEDIUM,S,27.1,24.9
2026-07-03 13:00,13,0,4,-0.2588,-0.9659,-0.4339,-0.901,0,0,0,Clear,1.0,8.5,8.6,7.4,8.0,41.2,39.2,34.5,36.4,9.1,8.6,7.6,8.0,33.3,MEDIUM,MEDIUM,MEDIUM,MEDIUM,N,27.6,24.4
2026-07-03 13:15,13,15,4,-0.3214,-0.9469,-0.4339,-0.901,0,0,0,Clear,1.0,9.1,8.6,7.6,8.0,39.0,38.7,34.0,35.4,8.6,8.5,7.5,7.8,32.4,MEDIUM,MEDIUM,MEDIUM,MEDIUM,N,27.4,24.6
2026-07-03 13:30,13,30,4,-0.3827,-0.9239,-0.4339,-0.901,0,0,0,Heavy Rain,1.5,8.6,8.5,7.5,7.8,59.0,61.7,53.4,52.4,13.0,13.6,11.7,11.5,49.8,MEDIUM,MEDIUM,MEDIUM,MEDIUM,S,27.8,24.2
2026-07-03 13:45,13,45,4,-0.4423,-0.8969,-0.4339,-0.901,0,0,0,Clear,1.0,13.0,13.6,11.7,11.5,40.4,41.7,33.4,33.8,8.9,9.2,7.3,7.4,32.8,MEDIUM,MEDIUM,MEDIUM,MEDIUM,S,28.7,23.3
2026-07-03 14:00,14,0,4,-0.5,-0.866,-0.4339,-0.901,0,0,0,Clear,1.0,8.9,9.2,7.3,7.4,41.8,38.4,35.1,35.8,9.2,8.4,7.7,7.9,33.2,MEDIUM,MEDIUM,MEDIUM,MEDIUM,N,27.8,24.2
2026-07-03 14:15,14,15,4,-0.5556,-0.8315,-0.4339,-0.901,0,0,0,Clear,1.0,9.2,8.4,7.7,7.9,41.4,40.7,34.6,36.0,9.1,9.0,7.6,7.9,33.6,MEDIUM,MEDIUM,MEDIUM,MEDIUM,N,27.9,24.1
2026-07-03 14:30,14,30,4,-0.6088,-0.7934,-0.4339,-0.901,0,0,0,Clear,1.0,9.1,9.0,7.6,7.9,39.9,39.5,34.0,34.3,8.8,8.7,7.5,7.5,32.5,MEDIUM,MEDIUM,MEDIUM,MEDIUM,N,28.0,24.0
2026-07-03 14:45,14,45,4,-0.6593,-0.7518,-0.4339,-0.901,0,0,0,Clear,1.0,8.8,8.7,7.5,7.5,41.9,39.6,35.4,36.2,9.2,8.7,7.8,8.0,33.7,MEDIUM,MEDIUM,MEDIUM,MEDIUM,N,27.8,24.2
2026-07-03 15:00,15,0,4,-0.7071,-0.7071,-0.4339,-0.901,0,0,0,Heavy Rain,1.5,9.2,8.7,7.8,8.0,62.4,61.0,53.0,52.9,13.7,13.4,11.7,11.6,50.4,MEDIUM,MEDIUM,MEDIUM,MEDIUM,N,28.0,24.0
2026-07-03 15:15,15,15,4,-0.7518,-0.6593,-0.4339,-0.901,0,0,0,Clear,1.0,13.7,13.4,11.7,11.6,38.1,39.7,35.8,34.0,8.4,8.7,7.9,7.5,32.5,MEDIUM,MEDIUM,MEDIUM,MEDIUM,S,27.4,24.6
2026-07-03 15:30,15,30,4,-0.7934,-0.6088,-0.4339,-0.901,0,0,0,Clear,1.0,8.4,8.7,7.9,7.5,39.6,39.6,35.6,36.7,8.7,8.7,7.8,8.1,33.3,MEDIUM,MEDIUM,MEDIUM,MEDIUM,N,27.1,24.9
2026-07-03 15:45,15,45,4,-0.8315,-0.5556,-0.4339,-0.901,0,0,0,Clear,1.0,8.7,8.7,7.8,8.1,41.9,39.4,36.7,35.8,9.2,8.7,8.1,7.9,33.9,MEDIUM,MEDIUM,MEDIUM,MEDIUM,N,27.6,24.4
2026-07-03 16:00,16,0,4,-0.866,-0.5,-0.4339,-0.901,0,0,1,Rain,1.25,9.2,8.7,8.1,7.9,22.5,132.0,23.4,110.7,5.0,29.0,5.1,24.4,63.5,LOW,VERY_HIGH,LOW,VERY_HIGH,S,28.1,23.9
2026-07-03 16:15,16,15,4,-0.8969,-0.4423,-0.4339,-0.901,0,0,1,Clear,1.0,5.0,29.0,5.1,24.4,17.7,109.5,17.2,82.6,3.9,24.1,3.8,18.2,50.0,LOW,VERY_HIGH,LOW,HIGH,S,29.4,22.6
2026-07-03 16:30,16,30,4,-0.9239,-0.3827,-0.4339,-0.901,0,0,1,Clear,1.0,3.9,24.1,3.8,18.2,17.8,106.5,17.6,82.7,3.9,23.4,3.9,18.2,49.4,LOW,HIGH,LOW,HIGH,S,29.1,22.9
2026-07-03 16:45,16,45,4,-0.9469,-0.3214,-0.4339,-0.901,0,0,1,Clear,1.0,3.9,23.4,3.9,18.2,17.8,111.4,17.5,88.4,3.9,24.5,3.9,19.4,51.7,LOW,VERY_HIGH,LOW,HIGH,S,28.8,23.2
2026-07-03 17:00,17,0,4,-0.9659,-0.2588,-0.4339,-0.901,0,0,1,Clear,1.0,3.9,24.5,3.9,19.4,17.1,137.3,17.2,97.6,3.8,30.2,3.8,21.5,59.3,LOW,VERY_HIGH,LOW,HIGH,S,30.2,21.8
2026-07-03 17:15,17,15,4,-0.9808,-0.1951,-0.4339,-0.901,0,0,1,Rain,1.25,3.8,30.2,3.8,21.5,21.9,170.1,22.2,127.4,4.8,37.4,4.9,28.0,75.1,LOW,VERY_HIGH,LOW,VERY_HIGH,S,29.5,22.5
2026-07-03 17:30,17,30,4,-0.9914,-0.1305,-0.4339,-0.901,0,0,1,Clear,1.0,4.8,37.4,4.9,28.0,18.2,134.1,17.9,97.7,4.0,29.5,3.9,21.5,58.9,LOW,VERY_HIGH,LOW,HIGH,S,29.9,22.1
2026-07-03 17:45,17,45,4,-0.9979,-0.0654,-0.4339,-0.901,0,0,1,Clear,1.0,4.0,29.5,3.9,21.5,17.3,131.5,17.9,98.3,3.8,28.9,3.9,21.6,58.2,LOW,VERY_HIGH,LOW,HIGH,S,29.5,22.5
2026-07-03 18:00,18,0,4,-1.0,-0.0,-0.4339,-0.901,0,0,1,Clear,1.0,3.8,28.9,3.9,21.6,17.3,134.4,17.5,103.3,3.8,29.6,3.9,22.7,60.0,LOW,VERY_HIGH,LOW,HIGH,S,29.2,22.8
2026-07-03 18:15,18,15,4,-0.9979,0.0654,-0.4339,-0.901,0,0,1,Clear,1.0,3.8,29.6,3.9,22.7,18.2,132.7,17.4,100.2,4.0,29.2,3.8,22.0,59.0,LOW,VERY_HIGH,LOW,HIGH,S,29.5,22.5
2026-07-03 18:30,18,30,4,-0.9914,0.1305,-0.4339,-0.901,0,0,1,Clear,1.0,4.0,29.2,3.8,22.0,17.3,132.5,18.9,101.0,3.8,29.1,4.2,22.2,59.3,LOW,VERY_HIGH,LOW,HIGH,S,29.3,22.7
2026-07-03 18:45,18,45,4,-0.9808,0.1951,-0.4339,-0.901,0,0,1,Clear,1.0,3.8,29.1,4.2,22.2,18.9,134.4,17.2,102.8,4.2,29.6,3.8,22.6,60.2,LOW,VERY_HIGH,LOW,HIGH,S,29.4,22.6
2026-07-03 19:00,19,0,4,-0.9659,0.2588,-0.4339,-0.901,0,0,1,Clear,1.0,4.2,29.6,3.8,22.6,18.3,108.6,18.0,81.3,4.0,23.9,4.0,17.9,49.8,LOW,HIGH,LOW,HIGH,S,29.5,22.5
2026-07-03 19:15,19,15,4,-0.9469,0.3214,-0.4339,-0.901,0,0,1,Clear,1.0,4.0,23.9,4.0,17.9,18.5,107.9,18.4,80.9,4.1,23.7,4.0,17.8,49.6,LOW,HIGH,LOW,HIGH,S,29.5,22.5
2026-07-03 19:30,19,30,4,-0.9239,0.3827,-0.4339,-0.901,0,0,1,Clear,1.0,4.1,23.7,4.0,17.8,18.4,110.1,18.4,86.1,4.0,24.2,4.0,18.9,51.1,LOW,VERY_HIGH,LOW,HIGH,S,29.0,23.0
2026-07-03 19:45,19,45,4,-0.8969,0.4423,-0.4339,-0.901,0,0,1,Clear,1.0,4.0,24.2,4.0,18.9,18.6,113.3,17.3,82.7,4.1,24.9,3.8,18.2,51.0,LOW,VERY_HIGH,LOW,HIGH,S,29.9,22.1
2026-07-03 20:00,20,0,4,-0.866,0.5,-0.4339,-0.901,0,0,0,Clear,1.0,4.1,24.9,3.8,18.2,25.2,25.4,21.6,22.6,5.5,5.6,4.8,5.0,20.9,LOW,LOW,LOW,LOW,S,27.6,24.4
2026-07-03 20:15,20,15,4,-0.8315,0.5556,-0.4339,-0.901,0,0,0,Clear,1.0,5.5,5.6,4.8,5.0,24.2,24.0,21.5,22.9,5.3,5.3,4.7,5.0,20.3,LOW,LOW,LOW,LOW,N,26.9,25.1
2026-07-03 20:30,20,30,4,-0.7934,0.6088,-0.4339,-0.901,0,0,0,Rain,1.25,5.3,5.3,4.7,5.0,30.4,31.2,27.4,26.9,6.7,6.9,6.0,5.9,25.5,MEDIUM,MEDIUM,MEDIUM,LOW,S,27.7,24.3
2026-07-03 20:45,20,45,4,-0.7518,0.6593,-0.4339,-0.901,0,0,0,Clear,1.0,6.7,6.9,6.0,5.9,24.3,24.2,21.4,22.1,5.3,5.3,4.7,4.9,20.2,LOW,LOW,LOW,LOW,N,27.3,24.7
2026-07-03 21:00,21,0,4,-0.7071,0.7071,-0.4339,-0.901,0,0,0,Clear,1.0,5.3,5.3,4.7,4.9,23.9,26.0,21.5,22.5,5.3,5.7,4.7,5.0,20.7,LOW,LOW,LOW,LOW,S,27.8,24.2
2026-07-03 21:15,21,15,4,-0.6593,0.7518,-0.4339,-0.901,0,0,0,Clear,1.0,5.3,5.7,4.7,5.0,24.7,24.2,21.8,22.7,5.4,5.3,4.8,5.0,20.5,LOW,LOW,LOW,LOW,N,27.2,24.8
2026-07-03 21:30,21,30,4,-0.6088,0.7934,-0.4339,-0.901,0,0,0,Clear,1.0,5.4,5.3,4.8,5.0,24.1,23.8,21.5,21.5,5.3,5.2,4.7,4.7,19.9,LOW,LOW,LOW,LOW,N,27.4,24.6
2026-07-03 21:45,21,45,4,-0.5556,0.8315,-0.4339,-0.901,0,0,0,Clear,1.0,5.3,5.2,4.7,4.7,25.7,25.8,21.5,21.7,5.7,5.7,4.7,4.8,20.9,LOW,LOW,LOW,LOW,N,28.3,23.7
2026-07-03 22:00,22,0,4,-0.5,0.866,-0.4339,-0.901,0,0,0,Clear,1.0,5.7,5.7,4.7,4.8,24.8,25.8,23.1,21.4,5.5,5.7,5.1,4.7,21.0,LOW,LOW,LOW,LOW,S,27.6,24.4
2026-07-03 22:15,22,15,4,-0.4423,0.8969,-0.4339,-0.901,0,0,0,Clear,1.0,5.5,5.7,5.1,4.7,24.6,25.3,23.1,22.8,5.4,5.6,5.1,5.0,21.1,LOW,LOW,LOW,LOW,S,27.1,24.9
2026-07-03 22:30,22,30,4,-0.3827,0.9239,-0.4339,-0.901,0,0,0,Clear,1.0,5.4,5.6,5.1,5.0,25.2,26.2,22.9,22.5,5.5,5.8,5.0,5.0,21.3,LOW,LOW,LOW,LOW,S,27.7,24.3
2026-07-03 22:45,22,45,4,-0.3214,0.9469,-0.4339,-0.901,0,0,0,Clear,1.0,5.5,5.8,5.0,5.0,25.6,24.2,22.0,21.5,5.6,5.3,4.8,4.7,20.4,LOW,LOW,LOW,LOW,N,27.9,24.1
2026-07-03 23:00,23,0,4,-0.2588,0.9659,-0.4339,-0.901,0,0,0,Clear,1.0,5.6,5.3,4.8,4.7,5.9,5.9,5.2,4.8,1.3,1.3,1.1,1.1,4.8,LOW,LOW,LOW,LOW,N,27.9,24.1
2026-07-03 23:15,23,15,4,-0.1951,0.9808,-0.4339,-0.901,0,0,0,Clear,1.0,1.3,1.3,1.1,1.1,6.3,6.0,5.0,5.1,1.4,1.3,1.1,1.1,4.9,LOW,LOW,LOW,LOW,N,28.6,23.4
2026-07-03 23:30,23,30,4,-0.1305,0.9914,-0.4339,-0.901,0,0,0,Clear,1.0,1.4,1.3,1.1,1.1,5.9,6.3,4.9,4.9,1.3,1.4,1.1,1.1,4.9,LOW,LOW,LOW,LOW,S,29.0,23.0
2026-07-03 23:45,23,45,4,-0.0654,0.9979,-0.4339,-0.901,0,0,0,Clear,1.0,1.3,1.4,1.1,1.1,5.9,5.8,5.0,4.8,1.3,1.3,1.1,1.1,4.8,LOW,LOW,LOW,LOW,N,28.2,23.8
2026-07-04 00:00,0,0,5,0.0,1.0,-0.9749,-0.2225,1,0,0,Heavy Rain,1.5,1.3,1.3,1.1,1.1,9.4,8.6,7.7,7.5,2.1,1.9,1.7,1.6,7.3,LOW,LOW,LOW,LOW,N,28.4,23.6
2026-07-04 00:15,0,15,5,0.0654,0.9979,-0.9749,-0.2225,1,0,0,Clear,1.0,2.1,1.9,1.7,1.6,5.9,6.1,5.2,4.9,1.3,1.3,1.1,1.1,4.8,LOW,LOW,LOW,LOW,N,28.2,23.8
2026-07-04 00:30,0,30,5,0.1305,0.9914,-0.9749,-0.2225,1,0,0,Rain,1.25,1.3,1.3,1.1,1.1,7.2,7.4,6.0,6.4,1.6,1.6,1.3,1.4,5.9,LOW,LOW,LOW,LOW,N,28.0,24.0
2026-07-04 00:45,0,45,5,0.1951,0.9808,-0.9749,-0.2225,1,0,0,Clear,1.0,1.6,1.6,1.3,1.4,6.0,5.9,5.2,4.8,1.3,1.3,1.1,1.1,4.8,LOW,LOW,LOW,LOW,N,28.1,23.9
2026-07-04 01:00,1,0,5,0.2588,0.9659,-0.9749,-0.2225,1,0,0,Clear,1.0,1.3,1.3,1.1,1.1,5.8,6.2,5.0,4.8,1.3,1.4,1.1,1.1,4.9,LOW,LOW,LOW,LOW,S,28.7,23.3
2026-07-04 01:15,1,15,5,0.3214,0.9469,-0.9749,-0.2225,1,0,0,Rain,1.25,1.3,1.4,1.1,1.1,7.5,7.8,6.2,6.5,1.6,1.7,1.4,1.4,6.1,LOW,LOW,LOW,LOW,S,28.4,23.6
2026-07-04 01:30,1,30,5,0.3827,0.9239,-0.9749,-0.2225,1,0,0,Clear,1.0,1.6,1.7,1.4,1.4,6.2,5.8,5.0,5.2,1.4,1.3,1.1,1.1,4.9,LOW,LOW,LOW,LOW,N,28.2,23.8
2026-07-04 01:45,1,45,5,0.4423,0.8969,-0.9749,-0.2225,1,0,0,Clear,1.0,1.4,1.3,1.1,1.1,6.1,6.1,4.8,4.9,1.3,1.3,1.1,1.1,4.8,LOW,LOW,LOW,LOW,N,28.9,23.1
2026-07-04 02:00,2,0,5,0.5,0.866,-0.9749,-0.2225,1,0,0,Clear,1.0,1.3,1.3,1.1,1.1,6.2,6.0,5.1,4.8,1.4,1.3,1.1,1.1,4.9,LOW,LOW,LOW,LOW,N,28.6,23.4
2026-07-04 02:15,2,15,5,0.5556,0.8315,-0.9749,-0.2225,1,0,0,Clear,1.0,1.4,1.3,1.1,1.1,6.0,5.9,5.1,4.9,1.3,1.3,1.1,1.1,4.8,LOW,LOW,LOW,LOW,N,28.2,23.8
2026-07-04 02:30,2,30,5,0.6088,0.7934,-0.9749,-0.2225,1,0,0,Clear,1.0,1.3,1.3,1.1,1.1,6.0,6.3,5.2,4.9,1.3,1.4,1.1,1.1,4.9,LOW,LOW,LOW,LOW,S,28.5,23.5
2026-07-04 02:45,2,45,5,0.6593,0.7518,-0.9749,-0.2225,1,0,0,Rain,1.25,1.3,1.4,1.1,1.1,7.2,7.5,6.4,6.4,1.6,1.6,1.4,1.4,6.0,LOW,LOW,LOW,LOW,N,27.9,24.1
2026-07-04 03:00,3,0,5,0.7071,0.7071,-0.9749,-0.2225,1,0,0,Heavy Rain,1.5,1.6,1.6,1.4,1.4,9.0,9.2,7.8,7.6,2.0,2.0,1.7,1.7,7.4,LOW,LOW,LOW,LOW,N,28.2,23.8
2026-07-04 03:15,3,15,5,0.7518,0.6593,-0.9749,-0.2225,1,0,0,Clear,1.0,2.0,2.0,1.7,1.7,6.1,6.0,5.0,5.0,1.3,1.3,1.1,1.1,4.8,LOW,LOW,LOW,LOW,N,28.5,23.5
2026-07-04 03:30,3,30,5,0.7934,0.6088,-0.9749,-0.2225,1,0,0,Rain,1.25,1.3,1.3,1.1,1.1,7.7,7.5,6.0,6.0,1.7,1.6,1.3,1.3,5.9,LOW,LOW,LOW,LOW,N,29.1,22.9
2026-07-04 03:45,3,45,5,0.8315,0.5556,-0.9749,-0.2225,1,0,0,Rain,1.25,1.7,1.6,1.3,1.3,7.6,7.3,6.2,6.1,1.7,1.6,1.4,1.3,6.0,LOW,LOW,LOW,LOW,N,28.6,23.4
2026-07-04 04:00,4,0,5,0.866,0.5,-0.9749,-0.2225,1,0,0,Clear,1.0,1.7,1.6,1.4,1.3,5.8,5.9,4.9,5.0,1.3,1.3,1.1,1.1,4.8,LOW,LOW,LOW,LOW,N,28.2,23.8
2026-07-04 04:15,4,15,5,0.8969,0.4423,-0.9749,-0.2225,1,0,0,Clear,1.0,1.3,1.3,1.1,1.1,6.0,6.0,5.2,4.9,1.3,1.3,1.1,1.1,4.8,LOW,LOW,LOW,LOW,N,28.1,23.9
2026-07-04 04:30,4,30,5,0.9239,0.3827,-0.9749,-0.2225,1,0,0,Clear,1.0,1.3,1.3,1.1,1.1,6.3,6.2,5.2,5.1,1.4,1.4,1.1,1.1,5.0,LOW,LOW,LOW,LOW,N,28.5,23.5
2026-07-04 04:45,4,45,5,0.9469,0.3214,-0.9749,-0.2225,1,0,0,Clear,1.0,1.4,1.4,1.1,1.1,5.9,6.2,5.2,4.8,1.3,1.4,1.1,1.1,4.9,LOW,LOW,LOW,LOW,S,28.4,23.6
2026-07-04 05:00,5,0,5,0.9659,0.2588,-0.9749,-0.2225,1,0,0,Clear,1.0,1.3,1.4,1.1,1.1,6.0,6.2,5.2,5.2,1.3,1.4,1.1,1.1,4.9,LOW,LOW,LOW,LOW,S,28.2,23.8
2026-07-04 05:15,5,15,5,0.9808,0.1951,-0.9749,-0.2225,1,0,0,Clear,1.0,1.3,1.4,1.1,1.1,6.0,6.2,5.2,4.8,1.3,1.4,1.1,1.1,4.9,LOW,LOW,LOW,LOW,S,28.4,23.6
2026-07-04 05:30,5,30,5,0.9914,0.1305,-0.9749,-0.2225,1,0,0,Clear,1.0,1.3,1.4,1.1,1.1,5.7,6.2,5.2,5.0,1.3,1.4,1.1,1.1,4.9,LOW,LOW,LOW,LOW,S,28.1,23.9
2026-07-04 05:45,5,45,5,0.9979,0.0654,-0.9749,-0.2225,1,0,0,Heavy Rain,1.5,1.3,1.4,1.1,1.1,9.2,9.2,7.3,7.4,2.0,2.0,1.6,1.6,7.2,LOW,LOW,LOW,LOW,N,28.9,23.1
2026-07-04 06:00,6,0,5,1.0,0.0,-0.9749,-0.2225,1,0,0,Clear,1.0,2.0,2.0,1.6,1.6,22.3,22.0,20.8,19.0,4.9,4.8,4.6,4.2,18.5,LOW,LOW,LOW,LOW,N,27.2,24.8
2026-07-04 06:15,6,15,5,0.9979,-0.0654,-0.9749,-0.2225,1,0,0,Clear,1.0,4.9,4.8,4.6,4.2,22.0,20.9,19.6,20.0,4.8,4.6,4.3,4.4,18.1,LOW,LOW,LOW,LOW,N,27.1,24.9
2026-07-04 06:30,6,30,5,0.9914,-0.1305,-0.9749,-0.2225,1,0,0,Clear,1.0,4.8,4.6,4.3,4.4,23.1,22.3,19.1,20.8,5.1,4.9,4.2,4.6,18.8,LOW,LOW,LOW,LOW,N,27.5,24.5
2026-07-04 06:45,6,45,5,0.9808,-0.1951,-0.9749,-0.2225,1,0,0,Clear,1.0,5.1,4.9,4.2,4.6,21.9,22.8,19.9,19.7,4.8,5.0,4.4,4.3,18.5,LOW,LOW,LOW,LOW,S,27.7,24.3
2026-07-04 07:00,7,0,5,0.9659,-0.2588,-0.9749,-0.2225,1,0,0,Clear,1.0,4.8,5.0,4.4,4.3,21.1,22.2,20.8,19.9,4.6,4.9,4.6,4.4,18.5,LOW,LOW,LOW,LOW,S,26.8,25.2
2026-07-04 07:15,7,15,5,0.9469,-0.3214,-0.9749,-0.2225,1,0,0,Clear,1.0,4.6,4.9,4.6,4.4,22.2,23.0,19.8,20.0,4.9,5.1,4.4,4.4,18.8,LOW,LOW,LOW,LOW,S,27.7,24.3
2026-07-04 07:30,7,30,5,0.9239,-0.3827,-0.9749,-0.2225,1,0,0,Clear,1.0,4.9,5.1,4.4,4.4,21.4,21.5,20.0,20.6,4.7,4.7,4.4,4.5,18.3,LOW,LOW,LOW,LOW,N,26.6,25.4
2026-07-04 07:45,7,45,5,0.8969,-0.4423,-0.9749,-0.2225,1,0,0,Clear,1.0,4.7,4.7,4.4,4.5,22.2,22.0,19.0,19.3,4.9,4.8,4.2,4.2,18.1,LOW,LOW,LOW,LOW,N,27.8,24.2
2026-07-04 08:00,8,0,5,0.866,-0.5,-0.9749,-0.2225,1,0,0,Clear,1.0,4.9,4.8,4.2,4.2,23.0,21.1,20.0,20.4,5.1,4.6,4.4,4.5,18.6,LOW,LOW,LOW,LOW,N,27.3,24.7
2026-07-04 08:15,8,15,5,0.8315,-0.5556,-0.9749,-0.2225,1,0,0,Clear,1.0,5.1,4.6,4.4,4.5,21.8,21.4,20.5,21.0,4.8,4.7,4.5,4.6,18.6,LOW,LOW,LOW,LOW,N,26.5,25.5
2026-07-04 08:30,8,30,5,0.7934,-0.6088,-0.9749,-0.2225,1,0,0,Clear,1.0,4.8,4.7,4.5,4.6,22.1,22.8,20.6,19.2,4.9,5.0,4.5,4.2,18.6,LOW,LOW,LOW,LOW,S,27.4,24.6
2026-07-04 08:45,8,45,5,0.7518,-0.6593,-0.9749,-0.2225,1,0,0,Clear,1.0,4.9,5.0,4.5,4.2,22.9,22.7,19.1,19.7,5.0,5.0,4.2,4.3,18.5,LOW,LOW,LOW,LOW,N,28.0,24.0
2026-07-04 09:00,9,0,5,0.7071,-0.7071,-0.9749,-0.2225,1,0,0,Clear,1.0,5.0,5.0,4.2,4.3,21.0,22.5,20.2,20.8,4.6,5.0,4.4,4.6,18.6,LOW,LOW,LOW,LOW,S,26.9,25.1
2026-07-04 09:15,9,15,5,0.6593,-0.7518,-0.9749,-0.2225,1,0,0,Clear,1.0,4.6,5.0,4.4,4.6,22.7,22.2,19.8,19.9,5.0,4.9,4.4,4.4,18.7,LOW,LOW,LOW,LOW,N,27.7,24.3
2026-07-04 09:30,9,30,5,0.6088,-0.7934,-0.9749,-0.2225,1,0,0,Clear,1.0,5.0,4.9,4.4,4.4,21.8,20.9,20.7,20.3,4.8,4.6,4.6,4.5,18.5,LOW,LOW,LOW,LOW,N,26.6,25.4
2026-07-04 09:45,9,45,5,0.5556,-0.8315,-0.9749,-0.2225,1,0,0,Clear,1.0,4.8,4.6,4.6,4.5,21.3,22.4,20.6,20.2,4.7,4.9,4.5,4.4,18.5,LOW,LOW,LOW,LOW,S,27.0,25.0
2026-07-04 10:00,10,0,5,0.5,-0.866,-0.9749,-0.2225,1,0,0,Clear,1.0,4.7,4.9,4.5,4.4,39.2,40.1,35.6,35.5,8.6,8.8,7.8,7.8,33.0,MEDIUM,MEDIUM,MEDIUM,MEDIUM,S,27.5,24.5
2026-07-04 10:15,10,15,5,0.4423,-0.8969,-0.9749,-0.2225,1,0,0,Clear,1.0,8.6,8.8,7.8,7.8,41.3,38.2,37.2,34.7,9.1,8.4,8.2,7.6,33.3,MEDIUM,MEDIUM,MEDIUM,MEDIUM,N,27.3,24.7
2026-07-04 10:30,10,30,5,0.3827,-0.9239,-0.9749,-0.2225,1,0,0,Clear,1.0,9.1,8.4,8.2,7.6,39.1,36.6,35.3,35.2,8.6,8.1,7.8,7.7,32.2,MEDIUM,MEDIUM,MEDIUM,MEDIUM,N,27.1,24.9
2026-07-04 10:45,10,45,5,0.3214,-0.9469,-0.9749,-0.2225,1,0,0,Rain,1.25,8.6,8.1,7.8,7.7,50.9,48.9,48.1,44.8,11.2,10.8,10.6,9.9,42.5,MEDIUM,MEDIUM,MEDIUM,MEDIUM,N,26.8,25.2
2026-07-04 11:00,11,0,5,0.2588,-0.9659,-0.9749,-0.2225,1,0,0,Clear,1.0,11.2,10.8,10.6,9.9,37.1,44.4,34.8,40.6,8.2,9.8,7.7,8.9,34.6,MEDIUM,MEDIUM,MEDIUM,MEDIUM,S,27.1,24.9
2026-07-04 11:15,11,15,5,0.1951,-0.9808,-0.9749,-0.2225,1,0,0,Heavy Rain,1.5,8.2,9.8,7.7,8.9,56.2,67.1,51.1,62.4,12.4,14.8,11.2,13.7,52.1,MEDIUM,HIGH,MEDIUM,MEDIUM,S,27.0,25.0
2026-07-04 11:30,11,30,5,0.1305,-0.9914,-0.9749,-0.2225,1,0,0,Clear,1.0,12.4,14.8,11.2,13.7,36.4,44.6,35.2,39.8,8.0,9.8,7.7,8.8,34.3,MEDIUM,MEDIUM,MEDIUM,MEDIUM,S,27.2,24.8
2026-07-04 11:45,11,45,5,0.0654,-0.9979,-0.9749,-0.2225,1,0,0,Clear,1.0,8.0,9.8,7.7,8.8,35.9,44.5,32.8,40.1,7.9,9.8,7.2,8.8,33.7,MEDIUM,MEDIUM,MEDIUM,MEDIUM,S,27.3,24.7
2026-07-04 12:00,12,0,5,0.0,-1.0,-0.9749,-0.2225,1,0,0,Heavy Rain,1.5,7.9,9.8,7.2,8.8,63.1,76.4,54.4,70.9,13.9,16.8,12.0,15.6,58.3,MEDIUM,HIGH,MEDIUM,HIGH,S,27.2,24.8
2026-07-04 12:15,12,15,5,-0.0654,-0.9979,-0.9749,-0.2225,1,0,0,Clear,1.0,13.9,16.8,12.0,15.6,39.0,51.8,36.9,46.7,8.6,11.4,8.1,10.3,38.4,MEDIUM,MEDIUM,MEDIUM,MEDIUM,S,27.2,24.8
2026-07-04 12:30,12,30,5,-0.1305,-0.9914,-0.9749,-0.2225,1,0,0,Heavy Rain,1.5,8.6,11.4,8.1,10.3,61.3,77.1,53.0,67.1,13.5,17.0,11.7,14.8,57.0,MEDIUM,HIGH,MEDIUM,HIGH,S,27.8,24.2
2026-07-04 12:45,12,45,5,-0.1951,-0.9808,-0.9749,-0.2225,1,0,0,Clear,1.0,13.5,17.0,11.7,14.8,39.3,54.0,35.3,43.4,8.6,11.9,7.8,9.5,37.8,MEDIUM,MEDIUM,MEDIUM,MEDIUM,S,28.5,23.5
2026-07-04 13:00,13,0,5,-0.2588,-0.9659,-0.9749,-0.2225,1,0,0,Clear,1.0,8.6,11.9,7.8,9.5,48.9,53.6,42.3,44.1,10.8,11.8,9.3,9.7,41.6,MEDIUM,MEDIUM,MEDIUM,MEDIUM,S,28.4,23.6
2026-07-04 13:15,13,15,5,-0.3214,-0.9469,-0.9749,-0.2225,1,0,0,Clear,1.0,10.8,11.8,9.3,9.7,46.9,51.8,42.2,45.3,10.3,11.4,9.3,10.0,41.0,MEDIUM,MEDIUM,MEDIUM,MEDIUM,S,27.7,24.3
2026-07-04 13:30,13,30,5,-0.3827,-0.9239,-0.9749,-0.2225,1,0,0,Clear,1.0,10.3,11.4,9.3,10.0,46.1,52.2,41.7,45.1,10.1,11.5,9.2,9.9,40.7,MEDIUM,MEDIUM,MEDIUM,MEDIUM,S,27.8,24.2
2026-07-04 13:45,13,45,5,-0.4423,-0.8969,-0.9749,-0.2225,1,0,0,Clear,1.0,10.1,11.5,9.2,9.9,47.2,51.1,41.6,44.3,10.4,11.2,9.2,9.7,40.5,MEDIUM,MEDIUM,MEDIUM,MEDIUM,S,27.8,24.2
2026-07-04 14:00,14,0,5,-0.5,-0.866,-0.9749,-0.2225,1,0,0,Clear,1.0,10.4,11.2,9.2,9.7,52.5,46.2,45.1,40.9,11.6,10.2,9.9,9.0,40.7,MEDIUM,MEDIUM,MEDIUM,MEDIUM,N,27.9,24.1
2026-07-04 14:15,14,15,5,-0.5556,-0.8315,-0.9749,-0.2225,1,0,0,Clear,1.0,11.6,10.2,9.9,9.0,53.8,45.0,45.2,39.4,11.8,9.9,9.9,8.7,40.3,MEDIUM,MEDIUM,MEDIUM,MEDIUM,N,28.1,23.9
2026-07-04 14:30,14,30,5,-0.6088,-0.7934,-0.9749,-0.2225,1,0,0,Rain,1.25,11.8,9.9,9.9,8.7,63.8,55.0,55.4,52.3,14.0,12.1,12.2,11.5,49.8,HIGH,MEDIUM,MEDIUM,MEDIUM,N,27.5,24.5
2026-07-04 14:45,14,45,5,-0.6593,-0.7518,-0.9749,-0.2225,1,0,0,Clear,1.0,14.0,12.1,12.2,11.5,54.6,47.3,47.5,39.9,12.0,10.4,10.4,8.8,41.6,MEDIUM,MEDIUM,MEDIUM,MEDIUM,N,27.9,24.1
2026-07-04 15:00,15,0,5,-0.7071,-0.7071,-0.9749,-0.2225,1,0,0,Rain,1.25,12.0,10.4,10.4,8.8,60.2,47.6,56.8,43.6,13.2,10.5,12.5,9.6,45.8,MEDIUM,MEDIUM,MEDIUM,MEDIUM,N,26.8,25.2
2026-07-04 15:15,15,15,5,-0.7518,-0.6593,-0.9749,-0.2225,1,0,0,Clear,1.0,13.2,10.5,12.5,9.6,48.7,40.1,45.3,35.8,10.7,8.8,10.0,7.9,37.4,MEDIUM,MEDIUM,MEDIUM,MEDIUM,N,27.1,24.9
2026-07-04 15:30,15,30,5,-0.7934,-0.6088,-0.9749,-0.2225,1,0,0,Clear,1.0,10.7,8.8,10.0,7.9,49.6,38.5,45.1,36.0,10.9,8.5,9.9,7.9,37.2,MEDIUM,MEDIUM,MEDIUM,MEDIUM,N,27.2,24.8
2026-07-04 15:45,15,45,5,-0.8315,-0.5556,-0.9749,-0.2225,1,0,0,Rain,1.25,10.9,8.5,9.9,7.9,60.5,46.3,55.6,45.5,13.3,10.2,12.2,10.0,45.7,MEDIUM,MEDIUM,MEDIUM,MEDIUM,N,26.9,25.1
2026-07-04 16:00,16,0,5,-0.866,-0.5,-0.9749,-0.2225,1,0,0,Clear,1.0,13.3,10.2,12.2,10.0,40.9,36.9,40.1,34.1,9.0,8.1,8.8,7.5,33.4,MEDIUM,MEDIUM,MEDIUM,MEDIUM,N,26.4,25.6
2026-07-04 16:15,16,15,5,-0.8969,-0.4423,-0.9749,-0.2225,1,0,0,Clear,1.0,9.0,8.1,8.8,7.5,42.8,38.7,37.5,35.3,9.4,8.5,8.2,7.8,33.9,MEDIUM,MEDIUM,MEDIUM,MEDIUM,N,27.6,24.4
2026-07-04 16:30,16,30,5,-0.9239,-0.3827,-0.9749,-0.2225,1,0,0,Clear,1.0,9.4,8.5,8.2,7.8,40.6,38.0,39.6,33.3,8.9,8.4,8.7,7.3,33.3,MEDIUM,MEDIUM,MEDIUM,MEDIUM,N,26.7,25.3
2026-07-04 16:45,16,45,5,-0.9469,-0.3214,-0.9749,-0.2225,1,0,0,Clear,1.0,8.9,8.4,8.7,7.3,41.9,38.0,37.4,32.7,9.2,8.4,8.2,7.2,33.0,MEDIUM,MEDIUM,MEDIUM,MEDIUM,N,27.6,24.4
2026-07-04 17:00,17,0,5,-0.9659,-0.2588,-0.9749,-0.2225,1,0,0,Heavy Rain,1.5,9.2,8.4,8.2,7.2,57.0,64.2,52.2,57.0,12.5,14.1,11.5,12.5,50.6,MEDIUM,HIGH,MEDIUM,MEDIUM,S,27.4,24.6
2026-07-04 17:15,17,15,5,-0.9808,-0.1951,-0.9749,-0.2225,1,0,0,Clear,1.0,12.5,14.1,11.5,12.5,36.1,41.3,33.8,36.7,7.9,9.1,7.4,8.1,32.5,MEDIUM,MEDIUM,MEDIUM,MEDIUM,S,27.4,24.6
2026-07-04 17:30,17,30,5,-0.9914,-0.1305,-0.9749,-0.2225,1,0,0,Clear,1.0,7.9,9.1,7.4,8.1,35.5,42.0,33.5,39.4,7.8,9.2,7.4,8.7,33.1,MEDIUM,MEDIUM,MEDIUM,MEDIUM,S,26.8,25.2
2026-07-04 17:45,17,45,5,-0.9979,-0.0654,-0.9749,-0.2225,1,0,0,Clear,1.0,7.8,9.2,7.4,8.7,37.0,41.0,34.8,38.4,8.1,9.0,7.7,8.4,33.2,MEDIUM,MEDIUM,MEDIUM,MEDIUM,S,26.8,25.2
2026-07-04 18:00,18,0,5,-1.0,-0.0,-0.9749,-0.2225,1,0,0,Rain,1.25,8.1,9.0,7.7,8.4,28.1,28.1,25.7,26.1,6.2,6.2,5.7,5.7,23.8,MEDIUM,MEDIUM,LOW,LOW,N,27.0,25.0
2026-07-04 18:15,18,15,5,-0.9979,0.0654,-0.9749,-0.2225,1,0,0,Clear,1.0,6.2,6.2,5.7,5.7,21.6,22.9,19.7,19.2,4.8,5.0,4.3,4.2,18.3,LOW,LOW,LOW,LOW,S,27.8,24.2
2026-07-04 18:30,18,30,5,-0.9914,0.1305,-0.9749,-0.2225,1,0,0,Clear,1.0,4.8,5.0,4.3,4.2,22.3,22.1,19.9,21.0,4.9,4.9,4.4,4.6,18.8,LOW,LOW,LOW,LOW,N,26.9,25.1
2026-07-04 18:45,18,45,5,-0.9808,0.1951,-0.9749,-0.2225,1,0,0,Clear,1.0,4.9,4.9,4.4,4.6,21.6,23.0,21.0,19.7,4.8,5.1,4.6,4.3,18.8,LOW,LOW,LOW,LOW,S,27.2,24.8
2026-07-04 19:00,19,0,5,-0.9659,0.2588,-0.9749,-0.2225,1,0,0,Clear,1.0,4.8,5.1,4.6,4.3,22.4,22.6,19.7,21.0,4.9,5.0,4.3,4.6,18.8,LOW,LOW,LOW,LOW,S,27.1,24.9
2026-07-04 19:15,19,15,5,-0.9469,0.3214,-0.9749,-0.2225,1,0,0,Rain,1.25,4.9,5.0,4.3,4.6,26.9,26.7,23.8,24.2,5.9,5.9,5.2,5.3,22.3,LOW,LOW,LOW,LOW,N,27.4,24.6
2026-07-04 19:30,19,30,5,-0.9239,0.3827,-0.9749,-0.2225,1,0,0,Heavy Rain,1.5,5.9,5.9,5.2,5.3,32.7,34.6,30.5,29.6,7.2,7.6,6.7,6.5,28.0,MEDIUM,MEDIUM,MEDIUM,MEDIUM,S,27.6,24.4
2026-07-04 19:45,19,45,5,-0.8969,0.4423,-0.9749,-0.2225,1,0,0,Clear,1.0,7.2,7.6,6.7,6.5,22.5,22.4,19.7,20.8,5.0,4.9,4.3,4.6,18.8,LOW,LOW,LOW,LOW,N,27.2,24.8
2026-07-04 20:00,20,0,5,-0.866,0.5,-0.9749,-0.2225,1,0,0,Clear,1.0,5.0,4.9,4.3,4.6,21.9,21.5,19.7,20.7,4.8,4.7,4.3,4.6,18.4,LOW,LOW,LOW,LOW,N,26.8,25.2
2026-07-04 20:15,20,15,5,-0.8315,0.5556,-0.9749,-0.2225,1,0,0,Clear,1.0,4.8,4.7,4.3,4.6,22.8,22.4,20.7,20.2,5.0,4.9,4.6,4.4,18.9,LOW,LOW,LOW,LOW,N,27.3,24.7
2026-07-04 20:30,20,30,5,-0.7934,0.6088,-0.9749,-0.2225,1,0,0,Clear,1.0,5.0,4.9,4.6,4.4,22.4,22.7,20.7,19.6,4.9,5.0,4.6,4.3,18.8,LOW,LOW,LOW,LOW,S,27.3,24.7
2026-07-04 20:45,20,45,5,-0.7518,0.6593,-0.9749,-0.2225,1,0,0,Clear,1.0,4.9,5.0,4.6,4.3,22.0,21.7,19.2,20.9,4.8,4.8,4.2,4.6,18.4,LOW,LOW,LOW,LOW,N,26.9,25.1
2026-07-04 21:00,21,0,5,-0.7071,0.7071,-0.9749,-0.2225,1,0,0,Clear,1.0,4.8,4.8,4.2,4.6,21.0,21.9,19.0,19.4,4.6,4.8,4.2,4.3,17.9,LOW,LOW,LOW,LOW,S,27.5,24.5
2026-07-04 21:15,21,15,5,-0.6593,0.7518,-0.9749,-0.2225,1,0,0,Rain,1.25,4.6,4.8,4.2,4.3,26.3,27.4,25.3,24.2,5.8,6.0,5.6,5.3,22.7,LOW,MEDIUM,LOW,LOW,S,27.0,25.0
2026-07-04 21:30,21,30,5,-0.6088,0.7934,-0.9749,-0.2225,1,0,0,Clear,1.0,5.8,6.0,5.6,5.3,22.7,22.2,19.1,19.4,5.0,4.9,4.2,4.3,18.4,LOW,LOW,LOW,LOW,N,28.0,24.0
2026-07-04 21:45,21,45,5,-0.5556,0.8315,-0.9749,-0.2225,1,0,0,Clear,1.0,5.0,4.9,4.2,4.3,21.1,20.9,20.6,20.0,4.6,4.6,4.5,4.4,18.1,LOW,LOW,LOW,LOW,N,26.4,25.6
2026-07-04 22:00,22,0,5,-0.5,0.866,-0.9749,-0.2225,1,0,0,Clear,1.0,4.6,4.6,4.5,4.4,21.8,21.2,20.8,20.4,4.8,4.7,4.6,4.5,18.6,LOW,LOW,LOW,LOW,N,26.6,25.4
2026-07-04 22:15,22,15,5,-0.4423,0.8969,-0.9749,-0.2225,1,0,0,Clear,1.0,4.8,4.7,4.6,4.5,21.6,21.8,19.1,20.3,4.8,4.8,4.2,4.5,18.3,LOW,LOW,LOW,LOW,N,27.1,24.9
2026-07-04 22:30,22,30,5,-0.3827,0.9239,-0.9749,-0.2225,1,0,0,Clear,1.0,4.8,4.8,4.2,4.5,22.8,22.1,19.9,19.5,5.0,4.9,4.4,4.3,18.6,LOW,LOW,LOW,LOW,N,27.7,24.3
2026-07-04 22:45,22,45,5,-0.3214,0.9469,-0.9749,-0.2225,1,0,0,Clear,1.0,5.0,4.9,4.4,4.3,21.7,22.0,19.7,19.4,4.8,4.8,4.3,4.3,18.2,LOW,LOW,LOW,LOW,N,27.4,24.6
2026-07-04 23:00,23,0,5,-0.2588,0.9659,-0.9749,-0.2225,1,0,0,Clear,1.0,4.8,4.8,4.3,4.3,6.2,5.8,4.8,5.2,1.4,1.3,1.1,1.1,4.9,LOW,LOW,LOW,LOW,N,28.3,23.7
2026-07-04 23:15,23,15,5,-0.1951,0.9808,-0.9749,-0.2225,1,0,0,Clear,1.0,1.4,1.3,1.1,1.1,6.2,6.1,4.8,4.8,1.4,1.3,1.1,1.1,4.9,LOW,LOW,LOW,LOW,N,29.3,22.7
2026-07-04 23:30,23,30,5,-0.1305,0.9914,-0.9749,-0.2225,1,0,0,Clear,1.0,1.4,1.3,1.1,1.1,6.3,5.9,5.0,5.1,1.4,1.3,1.1,1.1,4.9,LOW,LOW,LOW,LOW,N,28.6,23.4
2026-07-04 23:45,23,45,5,-0.0654,0.9979,-0.9749,-0.2225,1,0,0,Clear,1.0,1.4,1.3,1.1,1.1,5.9,6.0,4.9,5.2,1.3,1.3,1.1,1.1,4.8,LOW,LOW,LOW,LOW,N,28.0,24.0
2026-07-05 00:00,0,0,6,0.0,1.0,-0.7818,0.6235,1,0,0,Clear,1.0,1.3,1.3,1.1,1.1,6.2,6.2,4.9,5.2,1.4,1.4,1.1,1.1,5.0,LOW,LOW,LOW,LOW,N,28.5,23.5
2026-07-05 00:15,0,15,6,0.0654,0.9979,-0.7818,0.6235,1,0,0,Clear,1.0,1.4,1.4,1.1,1.1,6.2,6.1,4.9,5.1,1.4,1.3,1.1,1.1,4.9,LOW,LOW,LOW,LOW,N,28.6,23.4
2026-07-05 00:30,0,30,6,0.1305,0.9914,-0.7818,0.6235,1,0,0,Clear,1.0,1.4,1.3,1.1,1.1,5.9,5.8,5.1,4.8,1.3,1.3,1.1,1.1,4.8,LOW,LOW,LOW,LOW,N,28.0,24.0
2026-07-05 00:45,0,45,6,0.1951,0.9808,-0.7818,0.6235,1,0,0,Clear,1.0,1.3,1.3,1.1,1.1,5.9,5.8,4.9,5.0,1.3,1.3,1.1,1.1,4.8,LOW,LOW,LOW,LOW,N,28.2,23.8
2026-07-05 01:00,1,0,6,0.2588,0.9659,-0.7818,0.6235,1,0,0,Clear,1.0,1.3,1.3,1.1,1.1,6.3,6.1,5.2,5.1,1.4,1.3,1.1,1.1,4.9,LOW,LOW,LOW,LOW,N,28.4,23.6
2026-07-05 01:15,1,15,6,0.3214,0.9469,-0.7818,0.6235,1,0,0,Rain,1.25,1.4,1.3,1.1,1.1,7.7,7.7,6.0,6.5,1.7,1.7,1.3,1.4,6.1,LOW,LOW,LOW,LOW,N,28.5,23.5
2026-07-05 01:30,1,30,6,0.3827,0.9239,-0.7818,0.6235,1,0,0,Clear,1.0,1.7,1.7,1.3,1.4,6.1,6.3,5.1,5.0,1.3,1.4,1.1,1.1,4.9,LOW,LOW,LOW,LOW,S,28.7,23.3
2026-07-05 01:45,1,45,6,0.4423,0.8969,-0.7818,0.6235,1,0,0,Clear,1.0,1.3,1.4,1.1,1.1,5.8,6.3,4.8,5.2,1.3,1.4,1.1,1.1,4.9,LOW,LOW,LOW,LOW,S,28.5,23.5
2026-07-05 02:00,2,0,6,0.5,0.866,-0.7818,0.6235,1,0,0,Clear,1.0,1.3,1.4,1.1,1.1,5.9,5.9,4.8,4.8,1.3,1.3,1.1,1.1,4.8,LOW,LOW,LOW,LOW,N,28.7,23.3
2026-07-05 02:15,2,15,6,0.5556,0.8315,-0.7818,0.6235,1,0,0,Heavy Rain,1.5,1.3,1.3,1.1,1.1,9.1,8.8,7.5,7.3,2.0,1.9,1.6,1.6,7.1,LOW,LOW,LOW,LOW,N,28.5,23.5
2026-07-05 02:30,2,30,6,0.6088,0.7934,-0.7818,0.6235,1,0,0,Clear,1.0,2.0,1.9,1.6,1.6,6.2,6.2,5.2,5.1,1.4,1.4,1.1,1.1,5.0,LOW,LOW,LOW,LOW,N,28.3,23.7
2026-07-05 02:45,2,45,6,0.6593,0.7518,-0.7818,0.6235,1,0,0,Clear,1.0,1.4,1.4,1.1,1.1,5.7,5.8,5.2,5.1,1.3,1.3,1.1,1.1,4.8,LOW,LOW,LOW,LOW,N,27.4,24.6
2026-07-05 03:00,3,0,6,0.7071,0.7071,-0.7818,0.6235,1,0,0,Clear,1.0,1.3,1.3,1.1,1.1,6.0,5.7,4.8,5.1,1.3,1.3,1.1,1.1,4.8,LOW,LOW,LOW,LOW,N,28.1,23.9
2026-07-05 03:15,3,15,6,0.7518,0.6593,-0.7818,0.6235,1,0,0,Clear,1.0,1.3,1.3,1.1,1.1,6.3,6.2,5.0,5.2,1.4,1.4,1.1,1.1,5.0,LOW,LOW,LOW,LOW,N,28.6,23.4
2026-07-05 03:30,3,30,6,0.7934,0.6088,-0.7818,0.6235,1,0,0,Rain,1.25,1.4,1.4,1.1,1.1,7.2,7.8,6.3,6.0,1.6,1.7,1.4,1.3,6.0,LOW,LOW,LOW,LOW,S,28.7,23.3
2026-07-05 03:45,3,45,6,0.8315,0.5556,-0.7818,0.6235,1,0,0,Clear,1.0,1.6,1.7,1.4,1.3,5.9,6.1,4.9,4.8,1.3,1.3,1.1,1.1,4.8,LOW,LOW,LOW,LOW,N,28.8,23.2
2026-07-05 04:00,4,0,6,0.866,0.5,-0.7818,0.6235,1,0,0,Clear,1.0,1.3,1.3,1.1,1.1,5.9,6.2,5.0,5.2,1.3,1.4,1.1,1.1,4.9,LOW,LOW,LOW,LOW,S,28.2,23.8
2026-07-05 04:15,4,15,6,0.8969,0.4423,-0.7818,0.6235,1,0,0,Rain,1.25,1.3,1.4,1.1,1.1,7.6,7.3,6.2,6.5,1.7,1.6,1.4,1.4,6.1,LOW,LOW,LOW,LOW,N,28.1,23.9
2026-07-05 04:30,4,30,6,0.9239,0.3827,-0.7818,0.6235,1,0,0,Rain,1.25,1.7,1.6,1.4,1.4,7.1,7.8,6.4,6.5,1.6,1.7,1.4,1.4,6.1,LOW,LOW,LOW,LOW,S,28.1,23.9
2026-07-05 04:45,4,45,6,0.9469,0.3214,-0.7818,0.6235,1,0,0,Clear,1.0,1.6,1.7,1.4,1.4,6.2,6.0,4.9,4.9,1.4,1.3,1.1,1.1,4.9,LOW,LOW,LOW,LOW,N,28.9,23.1
2026-07-05 05:00,5,0,6,0.9659,0.2588,-0.7818,0.6235,1,0,0,Clear,1.0,1.4,1.3,1.1,1.1,6.2,6.1,5.0,4.9,1.4,1.3,1.1,1.1,4.9,LOW,LOW,LOW,LOW,N,28.8,23.2
2026-07-05 05:15,5,15,6,0.9808,0.1951,-0.7818,0.6235,1,0,0,Clear,1.0,1.4,1.3,1.1,1.1,6.1,5.9,4.8,5.0,1.3,1.3,1.1,1.1,4.8,LOW,LOW,LOW,LOW,N,28.6,23.4
2026-07-05 05:30,5,30,6,0.9914,0.1305,-0.7818,0.6235,1,0,0,Clear,1.0,1.3,1.3,1.1,1.1,5.7,5.8,4.8,5.2,1.3,1.3,1.1,1.1,4.8,LOW,LOW,LOW,LOW,N,27.6,24.4
2026-07-05 05:45,5,45,6,0.9979,0.0654,-0.7818,0.6235,1,0,0,Heavy Rain,1.5,1.3,1.3,1.1,1.1,9.0,9.4,7.7,7.4,2.0,2.1,1.7,1.6,7.4,LOW,LOW,LOW,LOW,S,28.6,23.4
2026-07-05 06:00,6,0,6,1.0,0.0,-0.7818,0.6235,1,0,0,Clear,1.0,2.0,2.1,1.7,1.6,22.8,21.1,19.0,20.9,5.0,4.6,4.2,4.6,18.4,LOW,LOW,LOW,LOW,N,27.2,24.8
2026-07-05 06:15,6,15,6,0.9979,-0.0654,-0.7818,0.6235,1,0,0,Clear,1.0,5.0,4.6,4.2,4.6,21.3,21.8,20.8,20.7,4.7,4.8,4.6,4.6,18.7,LOW,LOW,LOW,LOW,S,26.5,25.5
2026-07-05 06:30,6,30,6,0.9914,-0.1305,-0.7818,0.6235,1,0,0,Clear,1.0,4.7,4.8,4.6,4.6,21.3,21.8,20.9,19.6,4.7,4.8,4.6,4.3,18.4,LOW,LOW,LOW,LOW,S,26.7,25.3
2026-07-05 06:45,6,45,6,0.9808,-0.1951,-0.7818,0.6235,1,0,0,Clear,1.0,4.7,4.8,4.6,4.3,21.3,21.1,20.3,20.9,4.7,4.6,4.5,4.6,18.4,LOW,LOW,LOW,LOW,N,26.3,25.7
2026-07-05 07:00,7,0,6,0.9659,-0.2588,-0.7818,0.6235,1,0,0,Clear,1.0,4.7,4.6,4.5,4.6,22.2,21.1,19.6,20.4,4.9,4.6,4.3,4.5,18.3,LOW,LOW,LOW,LOW,N,27.1,24.9
2026-07-05 07:15,7,15,6,0.9469,-0.3214,-0.7818,0.6235,1,0,0,Clear,1.0,4.9,4.6,4.3,4.5,21.6,21.1,21.0,20.6,4.8,4.6,4.6,4.5,18.5,LOW,LOW,LOW,LOW,N,26.4,25.6
2026-07-05 07:30,7,30,6,0.9239,-0.3827,-0.7818,0.6235,1,0,0,Clear,1.0,4.8,4.6,4.6,4.5,22.4,21.5,19.4,20.6,4.9,4.7,4.3,4.5,18.4,LOW,LOW,LOW,LOW,N,27.1,24.9
2026-07-05 07:45,7,45,6,0.8969,-0.4423,-0.7818,0.6235,1,0,0,Clear,1.0,4.9,4.7,4.3,4.5,22.1,22.0,20.2,19.3,4.9,4.8,4.4,4.2,18.3,LOW,LOW,LOW,LOW,N,27.3,24.7
2026-07-05 08:00,8,0,6,0.866,-0.5,-0.7818,0.6235,1,0,0,Clear,1.0,4.9,4.8,4.4,4.2,20.9,21.0,19.5,19.1,4.6,4.6,4.3,4.2,17.7,LOW,LOW,LOW,LOW,N,27.0,25.0
2026-07-05 08:15,8,15,6,0.8315,-0.5556,-0.7818,0.6235,1,0,0,Clear,1.0,4.6,4.6,4.3,4.2,21.5,22.7,20.9,20.8,4.7,5.0,4.6,4.6,18.9,LOW,LOW,LOW,LOW,S,26.9,25.1
2026-07-05 08:30,8,30,6,0.7934,-0.6088,-0.7818,0.6235,1,0,0,Heavy Rain,1.5,4.7,5.0,4.6,4.6,34.2,32.0,30.7,29.3,7.5,7.0,6.8,6.4,27.7,MEDIUM,MEDIUM,MEDIUM,MEDIUM,N,27.3,24.7
2026-07-05 08:45,8,45,6,0.7518,-0.6593,-0.7818,0.6235,1,0,0,Clear,1.0,7.5,7.0,6.8,6.4,21.4,21.7,20.1,21.0,4.7,4.8,4.4,4.6,18.5,LOW,LOW,LOW,LOW,S,26.5,25.5
2026-07-05 09:00,9,0,6,0.7071,-0.7071,-0.7818,0.6235,1,0,0,Clear,1.0,4.7,4.8,4.4,4.6,21.8,22.1,20.6,20.2,4.8,4.9,4.5,4.4,18.6,LOW,LOW,LOW,LOW,S,26.9,25.1
2026-07-05 09:15,9,15,6,0.6593,-0.7518,-0.7818,0.6235,1,0,0,Clear,1.0,4.8,4.9,4.5,4.4,21.7,22.8,19.4,20.7,4.8,5.0,4.3,4.6,18.7,LOW,LOW,LOW,LOW,S,27.3,24.7
2026-07-05 09:30,9,30,6,0.6088,-0.7934,-0.7818,0.6235,1,0,0,Rain,1.25,4.8,5.0,4.3,4.6,27.8,26.9,25.8,26.2,6.1,5.9,5.7,5.8,23.5,MEDIUM,LOW,LOW,LOW,N,26.7,25.3
2026-07-05 09:45,9,45,6,0.5556,-0.8315,-0.7818,0.6235,1,0,0,Heavy Rain,1.5,6.1,5.9,5.7,5.8,33.8,31.6,29.0,29.8,7.4,7.0,6.4,6.6,27.4,MEDIUM,MEDIUM,MEDIUM,MEDIUM,N,27.5,24.5
2026-07-05 10:00,10,0,6,0.5,-0.866,-0.7818,0.6235,1,0,0,Clear,1.0,7.4,7.0,6.4,6.6,41.2,37.9,35.3,35.7,9.1,8.3,7.8,7.9,33.1,MEDIUM,MEDIUM,MEDIUM,MEDIUM,N,27.6,24.4
2026-07-05 10:15,10,15,6,0.4423,-0.8969,-0.7818,0.6235,1,0,0,Clear,1.0,9.1,8.3,7.8,7.9,42.0,39.7,35.3,36.0,9.2,8.7,7.8,7.9,33.6,MEDIUM,MEDIUM,MEDIUM,MEDIUM,N,27.9,24.1
2026-07-05 10:30,10,30,6,0.3827,-0.9239,-0.7818,0.6235,1,0,0,Rain,1.25,9.2,8.7,7.8,7.9,49.7,47.2,45.3,45.4,10.9,10.4,10.0,10.0,41.3,MEDIUM,MEDIUM,MEDIUM,MEDIUM,N,27.0,25.0
2026-07-05 10:45,10,45,6,0.3214,-0.9469,-0.7818,0.6235,1,0,0,Heavy Rain,1.5,10.9,10.4,10.0,10.0,59.1,54.9,56.9,50.0,13.0,12.1,12.5,11.0,48.6,MEDIUM,MEDIUM,MEDIUM,MEDIUM,N,26.7,25.3
2026-07-05 11:00,11,0,6,0.2588,-0.9659,-0.7818,0.6235,1,0,0,Clear,1.0,13.0,12.1,12.5,11.0,35.3,43.3,35.6,38.4,7.8,9.5,7.8,8.4,33.5,MEDIUM,MEDIUM,MEDIUM,MEDIUM,S,27.2,24.8
2026-07-05 11:15,11,15,6,0.1951,-0.9808,-0.7818,0.6235,1,0,0,Rain,1.25,7.8,9.5,7.8,8.4,47.6,53.7,44.3,50.3,10.5,11.8,9.7,11.1,43.1,MEDIUM,MEDIUM,MEDIUM,MEDIUM,S,26.9,25.1
2026-07-05 11:30,11,30,6,0.1305,-0.9914,-0.7818,0.6235,1,0,0,Rain,1.25,10.5,11.8,9.7,11.1,46.0,57.6,42.0,52.2,10.1,12.7,9.2,11.5,43.5,MEDIUM,MEDIUM,MEDIUM,MEDIUM,S,27.3,24.7
2026-07-05 11:45,11,45,6,0.0654,-0.9979,-0.7818,0.6235,1,0,0,Clear,1.0,10.1,12.7,9.2,11.5,38.6,43.9,33.3,40.2,8.5,9.7,7.3,8.8,34.3,MEDIUM,MEDIUM,MEDIUM,MEDIUM,S,27.3,24.7
2026-07-05 12:00,12,0,6,0.0,-1.0,-0.7818,0.6235,1,0,0,Clear,1.0,8.5,9.7,7.3,8.8,40.2,54.3,37.0,44.3,8.8,11.9,8.1,9.7,38.5,MEDIUM,MEDIUM,MEDIUM,MEDIUM,S,28.3,23.7
2026-07-05 12:15,12,15,6,-0.0654,-0.9979,-0.7818,0.6235,1,0,0,Rain,1.25,8.8,11.9,8.1,9.7,52.8,64.2,46.6,53.5,11.6,14.1,10.3,11.8,47.8,MEDIUM,HIGH,MEDIUM,MEDIUM,S,28.2,23.8
2026-07-05 12:30,12,30,6,-0.1305,-0.9914,-0.7818,0.6235,1,0,0,Clear,1.0,11.6,14.1,10.3,11.8,40.6,51.9,36.9,43.6,8.9,11.4,8.1,9.6,38.0,MEDIUM,MEDIUM,MEDIUM,MEDIUM,S,28.0,24.0
2026-07-05 12:45,12,45,6,-0.1951,-0.9808,-0.7818,0.6235,1,0,0,Clear,1.0,8.9,11.4,8.1,9.6,42.2,51.0,35.5,47.0,9.3,11.2,7.8,10.3,38.6,MEDIUM,MEDIUM,MEDIUM,MEDIUM,S,27.3,24.7
2026-07-05 13:00,13,0,6,-0.2588,-0.9659,-0.7818,0.6235,1,0,0,Heavy Rain,1.5,9.3,11.2,7.8,10.3,74.4,78.4,64.4,69.4,16.4,17.2,14.2,15.3,63.1,HIGH,HIGH,HIGH,HIGH,S,27.7,24.3
2026-07-05 13:15,13,15,6,-0.3214,-0.9469,-0.7818,0.6235,1,0,0,Clear,1.0,16.4,17.2,14.2,15.3,50.4,53.0,44.2,44.2,11.1,11.7,9.7,9.7,42.2,MEDIUM,MEDIUM,MEDIUM,MEDIUM,S,28.2,23.8
2026-07-05 13:30,13,30,6,-0.3827,-0.9239,-0.7818,0.6235,1,0,0,Rain,1.25,11.1,11.7,9.7,9.7,58.5,66.1,55.5,54.6,12.9,14.5,12.2,12.0,51.6,MEDIUM,HIGH,MEDIUM,MEDIUM,S,27.9,24.1
2026-07-05 13:45,13,45,6,-0.4423,-0.8969,-0.7818,0.6235,1,0,0,Rain,1.25,12.9,14.5,12.2,12.0,60.0,62.5,54.1,55.8,13.2,13.8,11.9,12.3,51.2,MEDIUM,MEDIUM,MEDIUM,MEDIUM,S,27.4,24.6
2026-07-05 14:00,14,0,6,-0.5,-0.866,-0.7818,0.6235,1,0,0,Clear,1.0,13.2,13.8,11.9,12.3,54.5,48.1,44.5,42.4,12.0,10.6,9.8,9.3,41.7,MEDIUM,MEDIUM,MEDIUM,MEDIUM,N,28.4,23.6
2026-07-05 14:15,14,15,6,-0.5556,-0.8315,-0.7818,0.6235,1,0,0,Clear,1.0,12.0,10.6,9.8,9.3,54.0,47.4,45.6,41.8,11.9,10.4,10.0,9.2,41.5,MEDIUM,MEDIUM,MEDIUM,MEDIUM,N,28.1,23.9
2026-07-05 14:30,14,30,6,-0.6088,-0.7934,-0.7818,0.6235,1,0,0,Clear,1.0,11.9,10.4,10.0,9.2,54.9,45.0,46.8,40.5,12.1,9.9,10.3,8.9,41.2,MEDIUM,MEDIUM,MEDIUM,MEDIUM,N,27.9,24.1
2026-07-05 14:45,14,45,6,-0.6593,-0.7518,-0.7818,0.6235,1,0,0,Heavy Rain,1.5,12.1,9.9,10.3,8.9,76.2,66.9,65.6,63.7,16.8,14.7,14.4,14.0,59.9,HIGH,HIGH,HIGH,HIGH,N,27.6,24.4
2026-07-05 15:00,15,0,6,-0.7071,-0.7071,-0.7818,0.6235,1,0,0,Rain,1.25,16.8,14.7,14.4,14.0,63.1,47.4,53.0,44.1,13.9,10.4,11.7,9.7,45.7,MEDIUM,MEDIUM,MEDIUM,MEDIUM,N,28.0,24.0
2026-07-05 15:15,15,15,6,-0.7518,-0.6593,-0.7818,0.6235,1,0,0,Clear,1.0,13.9,10.4,11.7,9.7,50.0,38.4,42.8,35.7,11.0,8.4,9.4,7.9,36.7,MEDIUM,MEDIUM,MEDIUM,MEDIUM,N,27.8,24.2
2026-07-05 15:30,15,30,6,-0.7934,-0.6088,-0.7818,0.6235,1,0,0,Rain,1.25,11.0,8.4,9.4,7.9,62.9,48.0,54.9,43.1,13.8,10.6,12.1,9.5,46.0,MEDIUM,MEDIUM,MEDIUM,MEDIUM,N,27.7,24.3
2026-07-05 15:45,15,45,6,-0.8315,-0.5556,-0.7818,0.6235,1,0,0,Clear,1.0,13.8,10.6,12.1,9.5,51.2,40.0,45.7,33.9,11.3,8.8,10.1,7.5,37.7,MEDIUM,MEDIUM,MEDIUM,MEDIUM,N,27.6,24.4
2026-07-05 16:00,16,0,6,-0.866,-0.5,-0.7818,0.6235,1,0,0,Clear,1.0,11.3,8.8,10.1,7.5,44.3,36.3,38.4,33.9,9.7,8.0,8.4,7.5,33.6,MEDIUM,MEDIUM,MEDIUM,MEDIUM,N,27.6,24.4
2026-07-05 16:15,16,15,6,-0.8969,-0.4423,-0.7818,0.6235,1,0,0,Rain,1.25,9.7,8.0,8.4,7.5,51.9,47.1,45.5,42.7,11.4,10.4,10.0,9.4,41.2,MEDIUM,MEDIUM,MEDIUM,MEDIUM,N,27.6,24.4
2026-07-05 16:30,16,30,6,-0.9239,-0.3827,-0.7818,0.6235,1,0,0,Clear,1.0,11.4,10.4,10.0,9.4,42.7,36.8,39.3,34.4,9.4,8.1,8.6,7.6,33.7,MEDIUM,MEDIUM,MEDIUM,MEDIUM,N,27.0,25.0
2026-07-05 16:45,16,45,6,-0.9469,-0.3214,-0.7818,0.6235,1,0,0,Clear,1.0,9.4,8.1,8.6,7.6,41.6,36.2,36.8,34.3,9.2,8.0,8.1,7.5,32.8,MEDIUM,MEDIUM,MEDIUM,MEDIUM,N,27.4,24.6
2026-07-05 17:00,17,0,6,-0.9659,-0.2588,-0.7818,0.6235,1,0,0,Clear,1.0,9.2,8.0,8.1,7.5,36.1,44.5,32.8,39.1,7.9,9.8,7.2,8.6,33.5,MEDIUM,MEDIUM,MEDIUM,MEDIUM,S,27.6,24.4
2026-07-05 17:15,17,15,6,-0.9808,-0.1951,-0.7818,0.6235,1,0,0,Clear,1.0,7.9,9.8,7.2,8.6,36.7,43.3,34.8,38.2,8.1,9.5,7.7,8.4,33.7,MEDIUM,MEDIUM,MEDIUM,MEDIUM,S,27.4,24.6
2026-07-05 17:30,17,30,6,-0.9914,-0.1305,-0.7818,0.6235,1,0,0,Rain,1.25,8.1,9.5,7.7,8.4,44.9,54.2,41.1,48.3,9.9,11.9,9.0,10.6,41.4,MEDIUM,MEDIUM,MEDIUM,MEDIUM,S,27.4,24.6
2026-07-05 17:45,17,45,6,-0.9979,-0.0654,-0.7818,0.6235,1,0,0,Clear,1.0,9.9,11.9,9.0,10.6,39.1,41.5,35.1,39.3,8.6,9.1,7.7,8.6,34.0,MEDIUM,MEDIUM,MEDIUM,MEDIUM,S,26.9,25.1
2026-07-05 18:00,18,0,6,-1.0,-0.0,-0.7818,0.6235,1,0,0,Heavy Rain,1.5,8.6,9.1,7.7,8.6,32.0,32.0,29.5,31.1,7.0,7.0,6.5,6.8,27.3,MEDIUM,MEDIUM,MEDIUM,MEDIUM,N,26.5,25.5
2026-07-05 18:15,18,15,6,-0.9979,0.0654,-0.7818,0.6235,1,0,0,Clear,1.0,7.0,7.0,6.5,6.8,21.0,21.4,19.4,19.6,4.6,4.7,4.3,4.3,17.9,LOW,LOW,LOW,LOW,S,27.1,24.9
2026-07-05 18:30,18,30,6,-0.9914,0.1305,-0.7818,0.6235,1,0,0,Rain,1.25,4.6,4.7,4.3,4.3,26.9,27.3,25.2,25.7,5.9,6.0,5.5,5.7,23.1,LOW,MEDIUM,LOW,LOW,S,26.8,25.2
2026-07-05 18:45,18,45,6,-0.9808,0.1951,-0.7818,0.6235,1,0,0,Clear,1.0,5.9,6.0,5.5,5.7,22.6,22.4,21.0,20.0,5.0,4.9,4.6,4.4,18.9,LOW,LOW,LOW,LOW,N,27.1,24.9
2026-07-05 19:00,19,0,6,-0.9659,0.2588,-0.7818,0.6235,1,0,0,Heavy Rain,1.5,5.0,4.9,4.6,4.4,31.6,32.6,29.1,30.1,7.0,7.2,6.4,6.6,27.2,MEDIUM,MEDIUM,MEDIUM,MEDIUM,S,27.0,25.0
2026-07-05 19:15,19,15,6,-0.9469,0.3214,-0.7818,0.6235,1,0,0,Clear,1.0,7.0,7.2,6.4,6.6,21.2,21.8,19.1,19.0,4.7,4.8,4.2,4.2,17.9,LOW,LOW,LOW,LOW,S,27.6,24.4
2026-07-05 19:30,19,30,6,-0.9239,0.3827,-0.7818,0.6235,1,0,0,Clear,1.0,4.7,4.8,4.2,4.2,21.1,22.7,20.6,20.9,4.6,5.0,4.5,4.6,18.7,LOW,LOW,LOW,LOW,S,26.9,25.1
2026-07-05 19:45,19,45,6,-0.8969,0.4423,-0.7818,0.6235,1,0,0,Clear,1.0,4.6,5.0,4.5,4.6,21.2,22.9,19.0,21.0,4.7,5.0,4.2,4.6,18.5,LOW,LOW,LOW,LOW,S,27.2,24.8
2026-07-05 20:00,20,0,6,-0.866,0.5,-0.7818,0.6235,1,0,0,Clear,1.0,4.7,5.0,4.2,4.6,21.7,21.1,20.7,20.1,4.8,4.6,4.6,4.4,18.4,LOW,LOW,LOW,LOW,N,26.6,25.4
2026-07-05 20:15,20,15,6,-0.8315,0.5556,-0.7818,0.6235,1,0,0,Clear,1.0,4.8,4.6,4.6,4.4,22.1,22.3,20.6,19.7,4.9,4.9,4.5,4.3,18.6,LOW,LOW,LOW,LOW,N,27.1,24.9
2026-07-05 20:30,20,30,6,-0.7934,0.6088,-0.7818,0.6235,1,0,0,Clear,1.0,4.9,4.9,4.5,4.3,22.2,22.9,20.0,20.2,4.9,5.0,4.4,4.4,18.7,LOW,LOW,LOW,LOW,S,27.6,24.4
2026-07-05 20:45,20,45,6,-0.7518,0.6593,-0.7818,0.6235,1,0,0,Clear,1.0,4.9,5.0,4.4,4.4,22.8,23.1,19.9,20.9,5.0,5.1,4.4,4.6,19.1,LOW,LOW,LOW,LOW,S,27.4,24.6
2026-07-05 21:00,21,0,6,-0.7071,0.7071,-0.7818,0.6235,1,0,0,Clear,1.0,5.0,5.1,4.4,4.6,22.8,23.0,20.0,20.8,5.0,5.1,4.4,4.6,19.1,LOW,LOW,LOW,LOW,S,27.4,24.6
2026-07-05 21:15,21,15,6,-0.6593,0.7518,-0.7818,0.6235,1,0,0,Clear,1.0,5.0,5.1,4.4,4.6,21.3,21.9,20.6,20.6,4.7,4.8,4.5,4.5,18.5,LOW,LOW,LOW,LOW,S,26.7,25.3
2026-07-05 21:30,21,30,6,-0.6088,0.7934,-0.7818,0.6235,1,0,0,Clear,1.0,4.7,4.8,4.5,4.5,22.1,22.9,20.0,20.5,4.9,5.0,4.4,4.5,18.8,LOW,LOW,LOW,LOW,S,27.4,24.6
2026-07-05 21:45,21,45,6,-0.5556,0.8315,-0.7818,0.6235,1,0,0,Clear,1.0,4.9,5.0,4.4,4.5,22.6,21.9,20.1,19.9,5.0,4.8,4.4,4.4,18.6,LOW,LOW,LOW,LOW,N,27.5,24.5
2026-07-05 22:00,22,0,6,-0.5,0.866,-0.7818,0.6235,1,0,0,Clear,1.0,5.0,4.8,4.4,4.4,21.7,22.3,19.2,19.1,4.8,4.9,4.2,4.2,18.1,LOW,LOW,LOW,LOW,S,27.9,24.1
2026-07-05 22:15,22,15,6,-0.4423,0.8969,-0.7818,0.6235,1,0,0,Clear,1.0,4.8,4.9,4.2,4.2,22.2,21.3,19.9,19.7,4.9,4.7,4.4,4.3,18.3,LOW,LOW,LOW,LOW,N,27.3,24.7
2026-07-05 22:30,22,30,6,-0.3827,0.9239,-0.7818,0.6235,1,0,0,Clear,1.0,4.9,4.7,4.4,4.3,22.9,23.0,19.9,20.6,5.0,5.1,4.4,4.5,19.0,LOW,LOW,LOW,LOW,S,27.5,24.5
2026-07-05 22:45,22,45,6,-0.3214,0.9469,-0.7818,0.6235,1,0,0,Clear,1.0,5.0,5.1,4.4,4.5,22.7,21.5,20.2,19.7,5.0,4.7,4.4,4.3,18.4,LOW,LOW,LOW,LOW,N,27.4,24.6
2026-07-05 23:00,23,0,6,-0.2588,0.9659,-0.7818,0.6235,1,0,0,Clear,1.0,5.0,4.7,4.4,4.3,5.7,6.3,5.0,5.1,1.3,1.4,1.1,1.1,4.9,LOW,LOW,LOW,LOW,S,28.5,23.5
2026-07-05 23:15,23,15,6,-0.1951,0.9808,-0.7818,0.6235,1,0,0,Clear,1.0,1.3,1.4,1.1,1.1,6.0,6.0,5.0,5.0,1.3,1.3,1.1,1.1,4.8,LOW,LOW,LOW,LOW,N,28.4,23.6
2026-07-05 23:30,23,30,6,-0.1305,0.9914,-0.7818,0.6235,1,0,0,Clear,1.0,1.3,1.3,1.1,1.1,6.2,6.1,5.1,5.2,1.4,1.3,1.1,1.1,4.9,LOW,LOW,LOW,LOW,N,28.3,23.7
2026-07-05 23:45,23,45,6,-0.0654,0.9979,-0.7818,0.6235,1,0,0,Clear,1.0,1.4,1.3,1.1,1.1,6.1,6.0,4.9,5.0,1.3,1.3,1.1,1.1,4.8,LOW,LOW,LOW,LOW,N,28.6,23.4
2026-07-06 00:00,0,0,0,0.0,1.0,0.0,1.0,0,0,0,Clear,1.0,1.3,1.3,1.1,1.1,5.8,6.3,5.1,4.8,1.3,1.4,1.1,1.1,4.9,LOW,LOW,LOW,LOW,S,28.7,23.3
2026-07-06 00:15,0,15,0,0.0654,0.9979,0.0,1.0,0,0,0,Clear,1.0,1.3,1.4,1.1,1.1,5.8,5.8,5.0,4.9,1.3,1.3,1.1,1.1,4.8,LOW,LOW,LOW,LOW,N,28.0,24.0
2026-07-06 00:30,0,30,0,0.1305,0.9914,0.0,1.0,0,0,0,Clear,1.0,1.3,1.3,1.1,1.1,5.9,6.2,5.0,5.0,1.3,1.4,1.1,1.1,4.9,LOW,LOW,LOW,LOW,S,28.6,23.4
2026-07-06 00:45,0,45,0,0.1951,0.9808,0.0,1.0,0,0,0,Clear,1.0,1.3,1.4,1.1,1.1,6.0,6.0,4.8,5.0,1.3,1.3,1.1,1.1,4.8,LOW,LOW,LOW,LOW,N,28.5,23.5
2026-07-06 01:00,1,0,0,0.2588,0.9659,0.0,1.0,0,0,0,Clear,1.0,1.3,1.3,1.1,1.1,5.8,6.0,5.1,4.8,1.3,1.3,1.1,1.1,4.8,LOW,LOW,LOW,LOW,N,28.2,23.8
2026-07-06 01:15,1,15,0,0.3214,0.9469,0.0,1.0,0,0,0,Clear,1.0,1.3,1.3,1.1,1.1,6.0,6.1,5.0,5.1,1.3,1.3,1.1,1.1,4.8,LOW,LOW,LOW,LOW,N,28.3,23.7
2026-07-06 01:30,1,30,0,0.3827,0.9239,0.0,1.0,0,0,0,Clear,1.0,1.3,1.3,1.1,1.1,6.1,5.8,4.9,5.0,1.3,1.3,1.1,1.1,4.8,LOW,LOW,LOW,LOW,N,28.5,23.5
2026-07-06 01:45,1,45,0,0.4423,0.8969,0.0,1.0,0,0,0,Clear,1.0,1.3,1.3,1.1,1.1,6.1,5.8,5.1,5.2,1.3,1.3,1.1,1.1,4.8,LOW,LOW,LOW,LOW,N,28.0,24.0
2026-07-06 02:00,2,0,0,0.5,0.866,0.0,1.0,0,0,0,Rain,1.25,1.3,1.3,1.1,1.1,7.4,7.3,6.6,6.0,1.6,1.6,1.5,1.3,6.0,LOW,LOW,LOW,LOW,N,27.7,24.3
2026-07-06 02:15,2,15,0,0.5556,0.8315,0.0,1.0,0,0,0,Clear,1.0,1.6,1.6,1.5,1.3,6.2,5.9,5.0,5.2,1.4,1.3,1.1,1.1,4.9,LOW,LOW,LOW,LOW,N,28.2,23.8
2026-07-06 02:30,2,30,0,0.6088,0.7934,0.0,1.0,0,0,0,Clear,1.0,1.4,1.3,1.1,1.1,5.9,6.0,4.9,5.1,1.3,1.3,1.1,1.1,4.8,LOW,LOW,LOW,LOW,N,28.2,23.8
2026-07-06 02:45,2,45,0,0.6593,0.7518,0.0,1.0,0,0,0,Rain,1.25,1.3,1.3,1.1,1.1,7.4,7.7,6.1,6.2,1.6,1.7,1.3,1.4,6.0,LOW,LOW,LOW,LOW,S,28.7,23.3
2026-07-06 03:00,3,0,0,0.7071,0.7071,0.0,1.0,0,0,0,Clear,1.0,1.6,1.7,1.3,1.4,6.3,6.0,4.8,5.0,1.4,1.3,1.1,1.1,4.9,LOW,LOW,LOW,LOW,N,29.0,23.0
2026-07-06 03:15,3,15,0,0.7518,0.6593,0.0,1.0,0,0,0,Clear,1.0,1.4,1.3,1.1,1.1,5.9,6.0,4.9,4.9,1.3,1.3,1.1,1.1,4.8,LOW,LOW,LOW,LOW,N,28.6,23.4
2026-07-06 03:30,3,30,0,0.7934,0.6088,0.0,1.0,0,0,0,Clear,1.0,1.3,1.3,1.1,1.1,5.9,6.0,5.2,5.1,1.3,1.3,1.1,1.1,4.8,LOW,LOW,LOW,LOW,N,27.9,24.1
2026-07-06 03:45,3,45,0,0.8315,0.5556,0.0,1.0,0,0,0,Clear,1.0,1.3,1.3,1.1,1.1,5.9,6.1,5.0,5.2,1.3,1.3,1.1,1.1,4.8,LOW,LOW,LOW,LOW,N,28.1,23.9
2026-07-06 04:00,4,0,0,0.866,0.5,0.0,1.0,0,0,0,Clear,1.0,1.3,1.3,1.1,1.1,6.1,6.1,4.8,5.2,1.3,1.3,1.1,1.1,4.8,LOW,LOW,LOW,LOW,N,28.3,23.7
2026-07-06 04:15,4,15,0,0.8969,0.4423,0.0,1.0,0,0,0,Clear,1.0,1.3,1.3,1.1,1.1,6.0,6.1,4.8,5.0,1.3,1.3,1.1,1.1,4.8,LOW,LOW,LOW,LOW,N,28.7,23.3
2026-07-06 04:30,4,30,0,0.9239,0.3827,0.0,1.0,0,0,0,Clear,1.0,1.3,1.3,1.1,1.1,5.7,5.8,5.2,4.9,1.3,1.3,1.1,1.1,4.8,LOW,LOW,LOW,LOW,N,27.6,24.4
2026-07-06 04:45,4,45,0,0.9469,0.3214,0.0,1.0,0,0,0,Clear,1.0,1.3,1.3,1.1,1.1,6.3,5.7,5.0,4.9,1.4,1.3,1.1,1.1,4.9,LOW,LOW,LOW,LOW,N,28.7,23.3
2026-07-06 05:00,5,0,0,0.9659,0.2588,0.0,1.0,0,0,0,Clear,1.0,1.4,1.3,1.1,1.1,5.7,6.3,4.8,4.8,1.3,1.4,1.1,1.1,4.9,LOW,LOW,LOW,LOW,S,29.2,22.8
2026-07-06 05:15,5,15,0,0.9808,0.1951,0.0,1.0,0,0,0,Clear,1.0,1.3,1.4,1.1,1.1,6.1,5.9,5.1,5.1,1.3,1.3,1.1,1.1,4.8,LOW,LOW,LOW,LOW,N,28.2,23.8
2026-07-06 05:30,5,30,0,0.9914,0.1305,0.0,1.0,0,0,0,Clear,1.0,1.3,1.3,1.1,1.1,5.9,6.2,5.2,5.2,1.3,1.4,1.1,1.1,4.9,LOW,LOW,LOW,LOW,S,28.1,23.9
2026-07-06 05:45,5,45,0,0.9979,0.0654,0.0,1.0,0,0,0,Clear,1.0,1.3,1.4,1.1,1.1,6.1,6.2,4.8,4.8,1.3,1.4,1.1,1.1,4.9,LOW,LOW,LOW,LOW,S,29.3,22.7
2026-07-06 06:00,6,0,0,1.0,0.0,0.0,1.0,0,0,0,Clear,1.0,1.3,1.4,1.1,1.1,24.4,23.8,21.9,21.4,5.4,5.2,4.8,4.7,20.1,LOW,LOW,LOW,LOW,N,27.4,24.6
2026-07-06 06:15,6,15,0,0.9979,-0.0654,0.0,1.0,0,0,0,Clear,1.0,5.4,5.2,4.8,4.7,24.8,24.1,21.2,21.9,5.5,5.3,4.7,4.8,20.3,LOW,LOW,LOW,LOW,N,27.6,24.4
2026-07-06 06:30,6,30,0,0.9914,-0.1305,0.0,1.0,0,0,0,Clear,1.0,5.5,5.3,4.7,4.8,25.1,24.1,22.9,21.3,5.5,5.3,5.0,4.7,20.5,LOW,LOW,LOW,LOW,N,27.3,24.7
2026-07-06 06:45,6,45,0,0.9808,-0.1951,0.0,1.0,0,0,0,Clear,1.0,5.5,5.3,5.0,4.7,25.7,25.0,21.6,21.1,5.7,5.5,4.8,4.6,20.6,LOW,LOW,LOW,LOW,N,28.2,23.8
2026-07-06 07:00,7,0,0,0.9659,-0.2588,0.0,1.0,0,1,0,Rain,1.25,5.7,5.5,4.8,4.6,131.5,22.2,101.9,21.5,28.9,4.9,22.4,4.7,60.9,VERY_HIGH,LOW,HIGH,LOW,N,29.1,22.9
2026-07-06 07:15,7,15,0,0.9469,-0.3214,0.0,1.0,0,1,0,Clear,1.0,28.9,4.9,22.4,4.7,106.1,17.5,82.0,18.6,23.3,3.9,18.0,4.1,49.3,HIGH,LOW,HIGH,LOW,N,29.1,22.9
2026-07-06 07:30,7,30,0,0.9239,-0.3827,0.0,1.0,0,1,0,Clear,1.0,23.3,3.9,18.0,4.1,114.4,18.5,86.1,18.4,25.2,4.1,18.9,4.0,52.2,VERY_HIGH,LOW,HIGH,LOW,N,29.5,22.5
2026-07-06 07:45,7,45,0,0.8969,-0.4423,0.0,1.0,0,1,0,Clear,1.0,25.2,4.1,18.9,4.0,111.8,17.4,85.3,17.7,24.6,3.8,18.8,3.9,51.1,VERY_HIGH,LOW,HIGH,LOW,N,29.3,22.7
2026-07-06 08:00,8,0,0,0.866,-0.5,0.0,1.0,0,1,0,Clear,1.0,24.6,3.8,18.8,3.9,148.1,17.6,112.5,18.8,32.6,3.9,24.8,4.1,65.4,VERY_HIGH,LOW,VERY_HIGH,LOW,N,29.3,22.7
2026-07-06 08:15,8,15,0,0.8315,-0.5556,0.0,1.0,0,1,0,Heavy Rain,1.5,32.6,3.9,24.8,4.1,204.5,27.3,166.9,28.2,45.0,6.0,36.7,6.2,93.9,VERY_HIGH,MEDIUM,VERY_HIGH,MEDIUM,N,28.5,23.5
2026-07-06 08:30,8,30,0,0.7934,-0.6088,0.0,1.0,0,1,0,Clear,1.0,45.0,6.0,36.7,6.2,147.3,18.1,105.4,18.1,32.4,4.0,23.2,4.0,63.6,VERY_HIGH,LOW,HIGH,LOW,N,30.1,21.9
2026-07-06 08:45,8,45,0,0.7518,-0.6593,0.0,1.0,0,1,0,Heavy Rain,1.5,32.4,4.0,23.2,4.0,204.9,27.1,165.6,27.5,45.1,6.0,36.4,6.0,93.5,VERY_HIGH,MEDIUM,VERY_HIGH,MEDIUM,N,28.6,23.4
2026-07-06 09:00,9,0,0,0.7071,-0.7071,0.0,1.0,0,1,0,Rain,1.25,45.1,6.0,36.4,6.0,143.1,22.5,109.7,21.9,31.5,5.0,24.1,4.8,65.4,VERY_HIGH,LOW,VERY_HIGH,LOW,N,29.3,22.7
2026-07-06 09:15,9,15,0,0.6593,-0.7518,0.0,1.0,0,1,0,Rain,1.25,31.5,5.0,24.1,4.8,143.8,23.5,108.4,21.9,31.6,5.2,23.8,4.8,65.4,VERY_HIGH,LOW,HIGH,LOW,N,29.5,22.5
2026-07-06 09:30,9,30,0,0.6088,-0.7934,0.0,1.0,0,1,0,Clear,1.0,31.6,5.2,23.8,4.8,113.1,17.9,88.9,18.8,24.9,3.9,19.6,4.1,52.5,VERY_HIGH,LOW,HIGH,LOW,N,28.9,23.1
2026-07-06 09:45,9,45,0,0.5556,-0.8315,0.0,1.0,0,1,0,Clear,1.0,24.9,3.9,19.6,4.1,112.9,17.6,82.9,17.8,24.8,3.9,18.2,3.9,50.8,VERY_HIGH,LOW,HIGH,LOW,N,29.7,22.3
2026-07-06 10:00,10,0,0,0.5,-0.866,0.0,1.0,0,0,0,Clear,1.0,24.8,3.9,18.2,3.9,24.6,25.7,22.3,22.5,5.4,5.7,4.9,5.0,21.0,LOW,LOW,LOW,LOW,S,27.6,24.4
2026-07-06 10:15,10,15,0,0.4423,-0.8969,0.0,1.0,0,0,0,Clear,1.0,5.4,5.7,4.9,5.0,24.7,26.1,21.4,22.8,5.4,5.7,4.7,5.0,20.8,LOW,LOW,LOW,LOW,S,27.8,24.2
2026-07-06 10:30,10,30,0,0.3827,-0.9239,0.0,1.0,0,0,0,Rain,1.25,5.4,5.7,4.7,5.0,29.7,32.6,28.4,28.1,6.5,7.2,6.2,6.2,26.1,MEDIUM,MEDIUM,MEDIUM,MEDIUM,S,27.5,24.5
2026-07-06 10:45,10,45,0,0.3214,-0.9469,0.0,1.0,0,0,0,Clear,1.0,6.5,7.2,6.2,6.2,25.3,25.7,21.9,21.9,5.6,5.7,4.8,4.8,20.9,LOW,LOW,LOW,LOW,S,28.0,24.0
2026-07-06 11:00,11,0,0,0.2588,-0.9659,0.0,1.0,0,0,0,Clear,1.0,5.6,5.7,4.8,4.8,39.2,38.6,33.4,34.9,8.6,8.5,7.3,7.7,32.1,MEDIUM,MEDIUM,MEDIUM,MEDIUM,N,27.6,24.4
2026-07-06 11:15,11,15,0,0.1951,-0.9808,0.0,1.0,0,0,0,Clear,1.0,8.6,8.5,7.3,7.7,39.0,39.8,35.5,34.2,8.6,8.8,7.8,7.5,32.7,MEDIUM,MEDIUM,MEDIUM,MEDIUM,S,27.5,24.5
2026-07-06 11:30,11,30,0,0.1305,-0.9914,0.0,1.0,0,0,0,Rain,1.25,8.6,8.8,7.8,7.5,51.5,52.2,45.2,45.1,11.3,11.5,9.9,9.9,42.6,MEDIUM,MEDIUM,MEDIUM,MEDIUM,S,27.8,24.2
2026-07-06 11:45,11,45,0,0.0654,-0.9979,0.0,1.0,0,0,0,Rain,1.25,11.3,11.5,9.9,9.9,48.7,50.7,42.5,44.9,10.7,11.2,9.3,9.9,41.1,MEDIUM,MEDIUM,MEDIUM,MEDIUM,S,27.6,24.4
2026-07-06 12:00,12,0,0,0.0,-1.0,0.0,1.0,0,0,0,Clear,1.0,10.7,11.2,9.3,9.9,39.2,41.3,35.8,35.9,8.6,9.1,7.9,7.9,33.5,MEDIUM,MEDIUM,MEDIUM,MEDIUM,S,27.7,24.3
2026-07-06 12:15,12,15,0,-0.0654,-0.9979,0.0,1.0,0,0,0,Clear,1.0,8.6,9.1,7.9,7.9,40.9,40.3,34.1,36.7,9.0,8.9,7.5,8.1,33.5,MEDIUM,MEDIUM,MEDIUM,MEDIUM,N,27.6,24.4
2026-07-06 12:30,12,30,0,-0.1305,-0.9914,0.0,1.0,0,0,0,Clear,1.0,9.0,8.9,7.5,8.1,38.5,40.7,34.5,33.8,8.5,9.0,7.6,7.4,32.5,MEDIUM,MEDIUM,MEDIUM,MEDIUM,S,28.0,24.0
2026-07-06 12:45,12,45,0,-0.1951,-0.9808,0.0,1.0,0,0,0,Clear,1.0,8.5,9.0,7.6,7.4,39.6,40.4,33.6,34.9,8.7,8.9,7.4,7.7,32.7,MEDIUM,MEDIUM,MEDIUM,MEDIUM,S,28.0,24.0
2026-07-06 13:00,13,0,0,-0.2588,-0.9659,0.0,1.0,0,0,0,Clear,1.0,8.7,8.9,7.4,7.7,38.0,41.4,35.3,33.4,8.4,9.1,7.8,7.3,32.6,MEDIUM,MEDIUM,MEDIUM,MEDIUM,S,28.0,24.0
2026-07-06 13:15,13,15,0,-0.3214,-0.9469,0.0,1.0,0,0,0,Clear,1.0,8.4,9.1,7.8,7.3,39.2,39.7,36.5,35.4,8.6,8.7,8.0,7.8,33.1,MEDIUM,MEDIUM,MEDIUM,MEDIUM,S,27.2,24.8
2026-07-06 13:30,13,30,0,-0.3827,-0.9239,0.0,1.0,0,0,0,Rain,1.25,8.6,8.7,8.0,7.8,48.6,52.0,41.8,43.9,10.7,11.4,9.2,9.7,41.0,MEDIUM,MEDIUM,MEDIUM,MEDIUM,S,28.1,23.9
2026-07-06 13:45,13,45,0,-0.4423,-0.8969,0.0,1.0,0,0,0,Clear,1.0,10.7,11.4,9.2,9.7,40.4,40.3,35.9,34.2,8.9,8.9,7.9,7.5,33.2,MEDIUM,MEDIUM,MEDIUM,MEDIUM,N,27.7,24.3
2026-07-06 14:00,14,0,0,-0.5,-0.866,0.0,1.0,0,0,0,Clear,1.0,8.9,8.9,7.9,7.5,38.4,39.5,36.4,36.3,8.4,8.7,8.0,8.0,33.1,MEDIUM,MEDIUM,MEDIUM,MEDIUM,S,27.0,25.0
2026-07-06 14:15,14,15,0,-0.5556,-0.8315,0.0,1.0,0,0,0,Clear,1.0,8.4,8.7,8.0,8.0,40.5,41.2,34.0,35.5,8.9,9.1,7.5,7.8,33.3,MEDIUM,MEDIUM,MEDIUM,MEDIUM,S,28.0,24.0
2026-07-06 14:30,14,30,0,-0.6088,-0.7934,0.0,1.0,0,0,0,Rain,1.25,8.9,9.1,7.5,7.8,50.4,47.6,43.5,44.1,11.1,10.5,9.6,9.7,40.9,MEDIUM,MEDIUM,MEDIUM,MEDIUM,N,27.6,24.4
2026-07-06 14:45,14,45,0,-0.6593,-0.7518,0.0,1.0,0,0,0,Clear,1.0,11.1,10.5,9.6,9.7,39.7,39.3,36.1,33.9,8.7,8.6,7.9,7.5,32.7,MEDIUM,MEDIUM,MEDIUM,MEDIUM,N,27.4,24.6
2026-07-06 15:00,15,0,0,-0.7071,-0.7071,0.0,1.0,0,0,0,Clear,1.0,8.7,8.6,7.9,7.5,39.5,38.1,36.7,33.5,8.7,8.4,8.1,7.4,32.6,MEDIUM,MEDIUM,MEDIUM,MEDIUM,N,27.1,24.9
2026-07-06 15:15,15,15,0,-0.7518,-0.6593,0.0,1.0,0,0,0,Clear,1.0,8.7,8.4,8.1,7.4,41.1,41.6,35.3,34.1,9.0,9.2,7.8,7.5,33.5,MEDIUM,MEDIUM,MEDIUM,MEDIUM,S,28.2,23.8
2026-07-06 15:30,15,30,0,-0.7934,-0.6088,0.0,1.0,0,0,0,Clear,1.0,9.0,9.2,7.8,7.5,39.7,38.9,35.5,35.6,8.7,8.6,7.8,7.8,32.9,MEDIUM,MEDIUM,MEDIUM,MEDIUM,N,27.4,24.6
2026-07-06 15:45,15,45,0,-0.8315,-0.5556,0.0,1.0,0,0,0,Clear,1.0,8.7,8.6,7.8,7.8,39.7,40.1,35.3,33.9,8.7,8.8,7.8,7.5,32.8,MEDIUM,MEDIUM,MEDIUM,MEDIUM,S,27.8,24.2
2026-07-06 16:00,16,0,0,-0.866,-0.5,0.0,1.0,0,0,1,Clear,1.0,8.7,8.8,7.8,7.5,18.1,104.7,17.3,85.8,4.0,23.0,3.8,18.9,49.7,LOW,HIGH,LOW,HIGH,S,28.5,23.5
2026-07-06 16:15,16,15,0,-0.8969,-0.4423,0.0,1.0,0,0,1,Clear,1.0,4.0,23.0,3.8,18.9,17.9,114.6,17.8,82.8,3.9,25.2,3.9,18.2,51.2,LOW,VERY_HIGH,LOW,HIGH,S,29.9,22.1
2026-07-06 16:30,16,30,0,-0.9239,-0.3827,0.0,1.0,0,0,1,Clear,1.0,3.9,25.2,3.9,18.2,17.4,114.0,18.5,85.3,3.8,25.1,4.1,18.8,51.8,LOW,VERY_HIGH,LOW,HIGH,S,29.5,22.5
2026-07-06 16:45,16,45,0,-0.9469,-0.3214,0.0,1.0,0,0,1,Rain,1.25,3.8,25.1,4.1,18.8,22.3,142.5,22.6,106.5,4.9,31.4,5.0,23.4,64.7,LOW,VERY_HIGH,LOW,HIGH,S,29.5,22.5
2026-07-06 17:00,17,0,0,-0.9659,-0.2588,0.0,1.0,0,0,1,Rain,1.25,4.9,31.4,5.0,23.4,22.5,171.6,22.8,123.5,5.0,37.8,5.0,27.2,75.0,LOW,VERY_HIGH,LOW,VERY_HIGH,S,30.0,22.0
2026-07-06 17:15,17,15,0,-0.9808,-0.1951,0.0,1.0,0,0,1,Clear,1.0,5.0,37.8,5.0,27.2,17.7,129.2,18.5,104.4,3.9,28.4,4.1,23.0,59.4,LOW,VERY_HIGH,LOW,HIGH,S,28.6,23.4
2026-07-06 17:30,17,30,0,-0.9914,-0.1305,0.0,1.0,0,0,1,Clear,1.0,3.9,28.4,4.1,23.0,18.1,136.6,17.5,100.3,4.0,30.1,3.9,22.1,60.1,LOW,VERY_HIGH,LOW,HIGH,S,29.8,22.2
2026-07-06 17:45,17,45,0,-0.9979,-0.0654,0.0,1.0,0,0,1,Clear,1.0,4.0,30.1,3.9,22.1,17.6,135.7,17.2,104.5,3.9,29.9,3.8,23.0,60.6,LOW,VERY_HIGH,LOW,HIGH,S,29.2,22.8
2026-07-06 18:00,18,0,0,-1.0,-0.0,0.0,1.0,0,0,1,Rain,1.25,3.9,29.9,3.8,23.0,23.2,162.6,22.4,130.6,5.1,35.8,4.9,28.7,74.5,LOW,VERY_HIGH,LOW,VERY_HIGH,S,28.7,23.3
2026-07-06 18:15,18,15,0,-0.9979,0.0654,0.0,1.0,0,0,1,Clear,1.0,5.1,35.8,4.9,28.7,18.5,138.2,18.1,102.5,4.1,30.4,4.0,22.6,61.1,LOW,VERY_HIGH,LOW,HIGH,S,29.7,22.3
2026-07-06 18:30,18,30,0,-0.9914,0.1305,0.0,1.0,0,0,1,Clear,1.0,4.1,30.4,4.0,22.6,18.4,131.7,17.2,105.8,4.0,29.0,3.8,23.3,60.1,LOW,VERY_HIGH,LOW,HIGH,S,28.7,23.3
2026-07-06 18:45,18,45,0,-0.9808,0.1951,0.0,1.0,0,0,1,Clear,1.0,4.0,29.0,3.8,23.3,18.4,132.0,18.2,98.2,4.0,29.0,4.0,21.6,58.6,LOW,VERY_HIGH,LOW,HIGH,S,29.6,22.4
2026-07-06 19:00,19,0,0,-0.9659,0.2588,0.0,1.0,0,0,1,Clear,1.0,4.0,29.0,4.0,21.6,17.4,115.4,18.4,83.6,3.8,25.4,4.0,18.4,51.6,LOW,VERY_HIGH,LOW,HIGH,S,29.9,22.1
2026-07-06 19:15,19,15,0,-0.9469,0.3214,0.0,1.0,0,0,1,Clear,1.0,3.8,25.4,4.0,18.4,17.2,106.9,18.1,86.0,3.8,23.5,4.0,18.9,50.2,LOW,HIGH,LOW,HIGH,S,28.6,23.4
2026-07-06 19:30,19,30,0,-0.9239,0.3827,0.0,1.0,0,0,1,Clear,1.0,3.8,23.5,4.0,18.9,17.2,110.8,18.2,85.7,3.8,24.4,4.0,18.9,51.1,LOW,VERY_HIGH,LOW,HIGH,S,29.1,22.9
2026-07-06 19:45,19,45,0,-0.8969,0.4423,0.0,1.0,0,0,1,Clear,1.0,3.8,24.4,4.0,18.9,17.8,112.6,17.8,82.9,3.9,24.8,3.9,18.2,50.8,LOW,VERY_HIGH,LOW,HIGH,S,29.7,22.3
2026-07-06 20:00,20,0,0,-0.866,0.5,0.0,1.0,0,0,0,Heavy Rain,1.5,3.9,24.8,3.9,18.2,36.9,38.3,33.7,34.5,8.1,8.4,7.4,7.6,31.5,MEDIUM,MEDIUM,MEDIUM,MEDIUM,S,27.3,24.7
2026-07-06 20:15,20,15,0,-0.8315,0.5556,0.0,1.0,0,0,0,Clear,1.0,8.1,8.4,7.4,7.6,24.1,23.9,22.8,21.5,5.3,5.3,5.0,4.7,20.3,LOW,LOW,LOW,LOW,N,26.9,25.1
2026-07-06 20:30,20,30,0,-0.7934,0.6088,0.0,1.0,0,0,0,Clear,1.0,5.3,5.3,5.0,4.7,24.3,25.9,21.3,21.2,5.3,5.7,4.7,4.7,20.4,LOW,LOW,LOW,LOW,S,28.3,23.7
2026-07-06 20:45,20,45,0,-0.7518,0.6593,0.0,1.0,0,0,0,Clear,1.0,5.3,5.7,4.7,4.7,24.3,24.8,22.2,22.9,5.3,5.5,4.9,5.0,20.7,LOW,LOW,LOW,LOW,S,27.1,24.9
2026-07-06 21:00,21,0,0,-0.7071,0.7071,0.0,1.0,0,0,0,Rain,1.25,5.3,5.5,4.9,5.0,30.6,32.1,26.2,27.9,6.7,7.1,5.8,6.1,25.7,MEDIUM,MEDIUM,LOW,MEDIUM,S,27.9,24.1
2026-07-06 21:15,21,15,0,-0.6593,0.7518,0.0,1.0,0,0,0,Rain,1.25,6.7,7.1,5.8,6.1,30.5,32.7,26.4,26.7,6.7,7.2,5.8,5.9,25.6,MEDIUM,MEDIUM,LOW,LOW,S,28.4,23.6
2026-07-06 21:30,21,30,0,-0.6088,0.7934,0.0,1.0,0,0,0,Clear,1.0,6.7,7.2,5.8,5.9,25.1,24.8,22.2,22.1,5.5,5.5,4.9,4.9,20.8,LOW,LOW,LOW,LOW,N,27.6,24.4
2026-07-06 21:45,21,45,0,-0.5556,0.8315,0.0,1.0,0,0,0,Heavy Rain,1.5,5.5,5.5,4.9,4.9,38.4,36.7,33.9,33.3,8.4,8.1,7.5,7.3,31.3,MEDIUM,MEDIUM,MEDIUM,MEDIUM,N,27.5,24.5
2026-07-06 22:00,22,0,0,-0.5,0.866,0.0,1.0,0,0,0,Clear,1.0,8.4,8.1,7.5,7.3,25.6,24.0,21.3,22.1,5.6,5.3,4.7,4.9,20.5,LOW,LOW,LOW,LOW,N,27.8,24.2
2026-07-06 22:15,22,15,0,-0.4423,0.8969,0.0,1.0,0,0,0,Clear,1.0,5.6,5.3,4.7,4.9,24.2,23.8,22.1,21.4,5.3,5.2,4.9,4.7,20.1,LOW,LOW,LOW,LOW,N,27.2,24.8
2026-07-06 22:30,22,30,0,-0.3827,0.9239,0.0,1.0,0,0,0,Rain,1.25,5.3,5.2,4.9,4.7,31.8,32.3,26.5,28.5,7.0,7.1,5.8,6.3,26.2,MEDIUM,MEDIUM,LOW,MEDIUM,S,27.8,24.2
2026-07-06 22:45,22,45,0,-0.3214,0.9469,0.0,1.0,0,0,0,Clear,1.0,7.0,7.1,5.8,6.3,24.8,24.6,21.0,21.9,5.5,5.4,4.6,4.8,20.3,LOW,LOW,LOW,LOW,N,27.7,24.3
2026-07-06 23:00,23,0,0,-0.2588,0.9659,0.0,1.0,0,0,0,Clear,1.0,5.5,5.4,4.6,4.8,6.3,6.2,5.1,5.0,1.4,1.4,1.1,1.1,5.0,LOW,LOW,LOW,LOW,N,28.7,23.3
2026-07-06 23:15,23,15,0,-0.1951,0.9808,0.0,1.0,0,0,0,Rain,1.25,1.4,1.4,1.1,1.1,7.8,7.2,6.0,6.3,1.7,1.6,1.3,1.4,6.0,LOW,LOW,LOW,LOW,N,28.7,23.3
2026-07-06 23:30,23,30,0,-0.1305,0.9914,0.0,1.0,0,0,0,Clear,1.0,1.7,1.6,1.3,1.4,5.8,6.2,5.2,5.2,1.3,1.4,1.1,1.1,4.9,LOW,LOW,LOW,LOW,S,28.1,23.9
2026-07-06 23:45,23,45,0,-0.0654,0.9979,0.0,1.0,0,0,0,Clear,1.0,1.3,1.4,1.1,1.1,6.0,5.8,5.1,4.9,1.3,1.3,1.1,1.1,4.8,LOW,LOW,LOW,LOW,N,28.1,23.9
2026-07-07 00:00,0,0,1,0.0,1.0,0.7818,0.6235,0,0,0,Clear,1.0,1.3,1.3,1.1,1.1,6.0,5.8,4.8,5.0,1.3,1.3,1.1,1.1,4.8,LOW,LOW,LOW,LOW,N,28.4,23.6
2026-07-07 00:15,0,15,1,0.0654,0.9979,0.7818,0.6235,0,0,0,Clear,1.0,1.3,1.3,1.1,1.1,6.3,6.1,5.2,4.8,1.4,1.3,1.1,1.1,4.9,LOW,LOW,LOW,LOW,N,28.6,23.4
2026-07-07 00:30,0,30,1,0.1305,0.9914,0.7818,0.6235,0,0,0,Clear,1.0,1.4,1.3,1.1,1.1,6.0,6.3,4.8,4.8,1.3,1.4,1.1,1.1,4.9,LOW,LOW,LOW,LOW,S,29.4,22.6
2026-07-07 00:45,0,45,1,0.1951,0.9808,0.7818,0.6235,0,0,0,Clear,1.0,1.3,1.4,1.1,1.1,6.0,6.0,5.1,4.9,1.3,1.3,1.1,1.1,4.8,LOW,LOW,LOW,LOW,N,28.2,23.8
2026-07-07 01:00,1,0,1,0.2588,0.9659,0.7818,0.6235,0,0,0,Clear,1.0,1.3,1.3,1.1,1.1,5.8,5.8,4.8,5.1,1.3,1.3,1.1,1.1,4.8,LOW,LOW,LOW,LOW,N,27.9,24.1
2026-07-07 01:15,1,15,1,0.3214,0.9469,0.7818,0.6235,0,0,0,Rain,1.25,1.3,1.3,1.1,1.1,7.6,7.4,6.0,6.4,1.7,1.6,1.3,1.4,6.0,LOW,LOW,LOW,LOW,N,28.4,23.6
2026-07-07 01:30,1,30,1,0.3827,0.9239,0.7818,0.6235,0,0,0,Clear,1.0,1.7,1.6,1.3,1.4,5.9,6.1,5.2,5.0,1.3,1.3,1.1,1.1,4.8,LOW,LOW,LOW,LOW,N,28.1,23.9
2026-07-07 01:45,1,45,1,0.4423,0.8969,0.7818,0.6235,0,0,0,Clear,1.0,1.3,1.3,1.1,1.1,6.0,6.1,4.9,4.9,1.3,1.3,1.1,1.1,4.8,LOW,LOW,LOW,LOW,N,28.8,23.2
2026-07-07 02:00,2,0,1,0.5,0.866,0.7818,0.6235,0,0,0,Clear,1.0,1.3,1.3,1.1,1.1,6.0,6.2,5.0,4.8,1.3,1.4,1.1,1.1,4.9,LOW,LOW,LOW,LOW,S,28.8,23.2
2026-07-07 02:15,2,15,1,0.5556,0.8315,0.7818,0.6235,0,0,0,Clear,1.0,1.3,1.4,1.1,1.1,6.0,6.2,4.9,5.0,1.3,1.4,1.1,1.1,4.9,LOW,LOW,LOW,LOW,S,28.7,23.3
2026-07-07 02:30,2,30,1,0.6088,0.7934,0.7818,0.6235,0,0,0,Clear,1.0,1.3,1.4,1.1,1.1,5.8,5.8,4.9,5.1,1.3,1.3,1.1,1.1,4.8,LOW,LOW,LOW,LOW,N,27.8,24.2
2026-07-07 02:45,2,45,1,0.6593,0.7518,0.7818,0.6235,0,0,0,Clear,1.0,1.3,1.3,1.1,1.1,5.8,6.1,5.1,4.9,1.3,1.3,1.1,1.1,4.8,LOW,LOW,LOW,LOW,N,28.3,23.7
2026-07-07 03:00,3,0,1,0.7071,0.7071,0.7818,0.6235,0,0,0,Clear,1.0,1.3,1.3,1.1,1.1,6.0,6.2,4.9,5.2,1.3,1.4,1.1,1.1,4.9,LOW,LOW,LOW,LOW,S,28.4,23.6
2026-07-07 03:15,3,15,1,0.7518,0.6593,0.7818,0.6235,0,0,0,Clear,1.0,1.3,1.4,1.1,1.1,5.9,6.1,5.1,5.0,1.3,1.3,1.1,1.1,4.8,LOW,LOW,LOW,LOW,N,28.3,23.7
2026-07-07 03:30,3,30,1,0.7934,0.6088,0.7818,0.6235,0,0,0,Clear,1.0,1.3,1.3,1.1,1.1,6.0,5.8,5.0,4.8,1.3,1.3,1.1,1.1,4.8,LOW,LOW,LOW,LOW,N,28.4,23.6
2026-07-07 03:45,3,45,1,0.8315,0.5556,0.7818,0.6235,0,0,0,Clear,1.0,1.3,1.3,1.1,1.1,5.9,6.1,5.1,4.8,1.3,1.3,1.1,1.1,4.8,LOW,LOW,LOW,LOW,N,28.4,23.6
2026-07-07 04:00,4,0,1,0.866,0.5,0.7818,0.6235,0,0,0,Clear,1.0,1.3,1.3,1.1,1.1,5.7,6.0,5.1,4.8,1.3,1.3,1.1,1.1,4.8,LOW,LOW,LOW,LOW,N,28.1,23.9
2026-07-07 04:15,4,15,1,0.8969,0.4423,0.7818,0.6235,0,0,0,Clear,1.0,1.3,1.3,1.1,1.1,6.3,6.0,5.2,4.9,1.4,1.3,1.1,1.1,4.9,LOW,LOW,LOW,LOW,N,28.5,23.5
2026-07-07 04:30,4,30,1,0.9239,0.3827,0.7818,0.6235,0,0,0,Clear,1.0,1.4,1.3,1.1,1.1,6.3,6.0,5.0,5.1,1.4,1.3,1.1,1.1,4.9,LOW,LOW,LOW,LOW,N,28.6,23.4
2026-07-07 04:45,4,45,1,0.9469,0.3214,0.7818,0.6235,0,0,0,Clear,1.0,1.4,1.3,1.1,1.1,6.2,6.1,4.9,4.8,1.4,1.3,1.1,1.1,4.9,LOW,LOW,LOW,LOW,N,29.1,22.9
2026-07-07 05:00,5,0,1,0.9659,0.2588,0.7818,0.6235,0,0,0,Clear,1.0,1.4,1.3,1.1,1.1,6.0,6.0,5.0,4.9,1.3,1.3,1.1,1.1,4.8,LOW,LOW,LOW,LOW,N,28.4,23.6
2026-07-07 05:15,5,15,1,0.9808,0.1951,0.7818,0.6235,0,0,0,Clear,1.0,1.3,1.3,1.1,1.1,6.1,5.7,5.2,4.9,1.3,1.3,1.1,1.1,4.8,LOW,LOW,LOW,LOW,N,28.0,24.0
2026-07-07 05:30,5,30,1,0.9914,0.1305,0.7818,0.6235,0,0,0,Clear,1.0,1.3,1.3,1.1,1.1,5.7,6.0,4.8,4.9,1.3,1.3,1.1,1.1,4.8,LOW,LOW,LOW,LOW,N,28.5,23.5
2026-07-07 05:45,5,45,1,0.9979,0.0654,0.7818,0.6235,0,0,0,Clear,1.0,1.3,1.3,1.1,1.1,5.7,5.9,5.2,4.9,1.3,1.3,1.1,1.1,4.8,LOW,LOW,LOW,LOW,N,27.7,24.3
2026-07-07 06:00,6,0,1,1.0,0.0,0.7818,0.6235,0,0,0,Rain,1.25,1.3,1.3,1.1,1.1,32.7,31.5,28.9,26.5,7.2,6.9,6.4,5.8,26.3,MEDIUM,MEDIUM,MEDIUM,LOW,N,27.8,24.2
2026-07-07 06:15,6,15,1,0.9979,-0.0654,0.7818,0.6235,0,0,0,Clear,1.0,7.2,6.9,6.4,5.8,24.7,25.0,22.6,22.1,5.4,5.5,5.0,4.9,20.8,LOW,LOW,LOW,LOW,S,27.3,24.7
2026-07-07 06:30,6,30,1,0.9914,-0.1305,0.7818,0.6235,0,0,0,Clear,1.0,5.4,5.5,5.0,4.9,26.1,25.4,21.4,21.5,5.7,5.6,4.7,4.7,20.7,LOW,LOW,LOW,LOW,N,28.4,23.6
2026-07-07 06:45,6,45,1,0.9808,-0.1951,0.7818,0.6235,0,0,0,Clear,1.0,5.7,5.6,4.7,4.7,25.1,25.9,22.5,23.0,5.5,5.7,5.0,5.1,21.3,LOW,LOW,LOW,LOW,S,27.5,24.5
2026-07-07 07:00,7,0,1,0.9659,-0.2588,0.7818,0.6235,0,1,0,Rain,1.25,5.5,5.7,5.0,5.1,142.3,22.0,105.7,23.2,31.3,4.8,23.3,5.1,64.5,VERY_HIGH,LOW,HIGH,LOW,N,29.6,22.4
2026-07-07 07:15,7,15,1,0.9469,-0.3214,0.7818,0.6235,0,1,0,Clear,1.0,31.3,4.8,23.3,5.1,106.9,17.8,85.4,17.4,23.5,3.9,18.8,3.8,50.0,HIGH,LOW,HIGH,LOW,N,28.7,23.3
2026-07-07 07:30,7,30,1,0.9239,-0.3827,0.7818,0.6235,0,1,0,Clear,1.0,23.5,3.9,18.8,3.8,105.7,17.6,82.7,18.4,23.3,3.9,18.2,4.0,49.4,HIGH,LOW,HIGH,LOW,N,28.9,23.1
2026-07-07 07:45,7,45,1,0.8969,-0.4423,0.7818,0.6235,0,1,0,Clear,1.0,23.3,3.9,18.2,4.0,105.2,18.4,86.9,17.8,23.1,4.0,19.1,3.9,50.1,HIGH,LOW,HIGH,LOW,N,28.4,23.6
2026-07-07 08:00,8,0,1,0.866,-0.5,0.7818,0.6235,0,1,0,Clear,1.0,23.1,4.0,19.1,3.9,142.3,18.3,113.7,17.2,31.3,4.0,25.0,3.8,64.1,VERY_HIGH,LOW,VERY_HIGH,LOW,N,28.8,23.2
2026-07-07 08:15,8,15,1,0.8315,-0.5556,0.7818,0.6235,0,1,0,Clear,1.0,31.3,4.0,25.0,3.8,141.9,18.9,108.5,17.4,31.2,4.2,23.9,3.8,63.1,VERY_HIGH,LOW,HIGH,LOW,N,29.4,22.6
2026-07-07 08:30,8,30,1,0.7934,-0.6088,0.7818,0.6235,0,1,0,Clear,1.0,31.2,4.2,23.9,3.8,146.4,18.6,111.3,18.6,32.2,4.1,24.5,4.1,64.9,VERY_HIGH,LOW,VERY_HIGH,LOW,N,29.4,22.6
2026-07-07 08:45,8,45,1,0.7518,-0.6593,0.7818,0.6235,0,1,0,Clear,1.0,32.2,4.1,24.5,4.1,150.1,18.8,112.3,18.3,33.0,4.1,24.7,4.0,65.8,VERY_HIGH,LOW,VERY_HIGH,LOW,N,29.6,22.4
2026-07-07 09:00,9,0,1,0.7071,-0.7071,0.7818,0.6235,0,1,0,Clear,1.0,33.0,4.1,24.7,4.0,115.0,18.4,88.1,18.6,25.3,4.0,19.4,4.1,52.8,VERY_HIGH,LOW,HIGH,LOW,N,29.2,22.8
2026-07-07 09:15,9,15,1,0.6593,-0.7518,0.7818,0.6235,0,1,0,Clear,1.0,25.3,4.0,19.4,4.1,114.6,18.0,83.8,17.4,25.2,4.0,18.4,3.8,51.4,VERY_HIGH,LOW,HIGH,LOW,N,29.8,22.2
2026-07-07 09:30,9,30,1,0.6088,-0.7934,0.7818,0.6235,0,1,0,Rain,1.25,25.2,4.0,18.4,3.8,139.1,23.1,110.4,21.7,30.6,5.1,24.3,4.8,64.8,VERY_HIGH,LOW,VERY_HIGH,LOW,N,28.9,23.1
2026-07-07 09:45,9,45,1,0.5556,-0.8315,0.7818,0.6235,0,1,0,Clear,1.0,30.6,5.1,24.3,4.8,109.7,17.2,81.3,18.8,24.1,3.8,17.9,4.1,49.9,VERY_HIGH,LOW,HIGH,LOW,N,29.6,22.4
2026-07-07 10:00,10,0,1,0.5,-0.866,0.7818,0.6235,0,0,0,Clear,1.0,24.1,3.8,17.9,4.1,26.2,23.8,21.4,21.1,5.8,5.2,4.7,4.6,20.3,LOW,LOW,LOW,LOW,N,28.4,23.6
2026-07-07 10:15,10,15,1,0.4423,-0.8969,0.7818,0.6235,0,0,0,Clear,1.0,5.8,5.2,4.7,4.6,24.7,25.5,22.1,21.9,5.4,5.6,4.9,4.8,20.7,LOW,LOW,LOW,LOW,S,27.8,24.2
2026-07-07 10:30,10,30,1,0.3827,-0.9239,0.7818,0.6235,0,0,0,Clear,1.0,5.4,5.6,4.9,4.8,24.4,24.8,21.8,21.6,5.4,5.5,4.8,4.8,20.5,LOW,LOW,LOW,LOW,S,27.7,24.3
2026-07-07 10:45,10,45,1,0.3214,-0.9469,0.7818,0.6235,0,0,0,Clear,1.0,5.4,5.5,4.8,4.8,25.8,25.1,22.4,22.5,5.7,5.5,4.9,5.0,21.1,LOW,LOW,LOW,LOW,N,27.7,24.3
2026-07-07 11:00,11,0,1,0.2588,-0.9659,0.7818,0.6235,0,0,0,Clear,1.0,5.7,5.5,4.9,5.0,38.1,40.4,35.0,33.5,8.4,8.9,7.7,7.4,32.4,MEDIUM,MEDIUM,MEDIUM,MEDIUM,S,27.8,24.2
2026-07-07 11:15,11,15,1,0.1951,-0.9808,0.7818,0.6235,0,0,0,Clear,1.0,8.4,8.9,7.7,7.4,38.5,40.0,34.9,33.6,8.5,8.8,7.7,7.4,32.4,MEDIUM,MEDIUM,MEDIUM,MEDIUM,S,27.8,24.2
2026-07-07 11:30,11,30,1,0.1305,-0.9914,0.7818,0.6235,0,0,0,Clear,1.0,8.5,8.8,7.7,7.4,41.3,39.7,36.2,33.7,9.1,8.7,8.0,7.4,33.2,MEDIUM,MEDIUM,MEDIUM,MEDIUM,N,27.8,24.2
2026-07-07 11:45,11,45,1,0.0654,-0.9979,0.7818,0.6235,0,0,0,Clear,1.0,9.1,8.7,8.0,7.4,39.6,39.9,34.0,34.9,8.7,8.8,7.5,7.7,32.7,MEDIUM,MEDIUM,MEDIUM,MEDIUM,S,27.8,24.2
2026-07-07 12:00,12,0,1,0.0,-1.0,0.7818,0.6235,0,0,0,Rain,1.25,8.7,8.8,7.5,7.7,49.8,49.7,44.3,42.6,11.0,10.9,9.7,9.4,41.0,MEDIUM,MEDIUM,MEDIUM,MEDIUM,N,27.6,24.4
2026-07-07 12:15,12,15,1,-0.0654,-0.9979,0.7818,0.6235,0,0,0,Clear,1.0,11.0,10.9,9.7,9.4,40.8,39.0,34.5,36.0,9.0,8.6,7.6,7.9,33.1,MEDIUM,MEDIUM,MEDIUM,MEDIUM,N,27.6,24.4
2026-07-07 12:30,12,30,1,-0.1305,-0.9914,0.7818,0.6235,0,0,0,Clear,1.0,9.0,8.6,7.6,7.9,40.4,40.9,36.2,36.1,8.9,9.0,8.0,7.9,33.8,MEDIUM,MEDIUM,MEDIUM,MEDIUM,S,27.6,24.4
2026-07-07 12:45,12,45,1,-0.1951,-0.9808,0.7818,0.6235,0,0,0,Clear,1.0,8.9,9.0,8.0,7.9,38.8,41.4,33.7,34.1,8.5,9.1,7.4,7.5,32.5,MEDIUM,MEDIUM,MEDIUM,MEDIUM,S,28.3,23.7
2026-07-07 13:00,13,0,1,-0.2588,-0.9659,0.7818,0.6235,0,0,0,Clear,1.0,8.5,9.1,7.4,7.5,40.0,39.9,35.8,35.2,8.8,8.8,7.9,7.7,33.2,MEDIUM,MEDIUM,MEDIUM,MEDIUM,N,27.5,24.5
2026-07-07 13:15,13,15,1,-0.3214,-0.9469,0.7818,0.6235,0,0,0,Clear,1.0,8.8,8.8,7.9,7.7,38.5,41.4,33.9,34.8,8.5,9.1,7.5,7.7,32.8,MEDIUM,MEDIUM,MEDIUM,MEDIUM,S,28.1,23.9
2026-07-07 13:30,13,30,1,-0.3827,-0.9239,0.7818,0.6235,0,0,0,Clear,1.0,8.5,9.1,7.5,7.7,38.8,40.6,34.7,36.6,8.5,8.9,7.6,8.1,33.1,MEDIUM,MEDIUM,MEDIUM,MEDIUM,S,27.4,24.6
2026-07-07 13:45,13,45,1,-0.4423,-0.8969,0.7818,0.6235,0,0,0,Clear,1.0,8.5,8.9,7.6,8.1,40.2,41.6,33.4,34.1,8.8,9.2,7.3,7.5,32.8,MEDIUM,MEDIUM,MEDIUM,MEDIUM,S,28.5,23.5
2026-07-07 14:00,14,0,1,-0.5,-0.866,0.7818,0.6235,0,0,0,Clear,1.0,8.8,9.2,7.3,7.5,39.1,38.9,35.4,35.6,8.6,8.6,7.8,7.8,32.8,MEDIUM,MEDIUM,MEDIUM,MEDIUM,N,27.2,24.8
2026-07-07 14:15,14,15,1,-0.5556,-0.8315,0.7818,0.6235,0,0,0,Clear,1.0,8.6,8.6,7.8,7.8,40.2,40.0,36.2,34.5,8.8,8.8,8.0,7.6,33.2,MEDIUM,MEDIUM,MEDIUM,MEDIUM,N,27.5,24.5
2026-07-07 14:30,14,30,1,-0.6088,-0.7934,0.7818,0.6235,0,0,0,Clear,1.0,8.8,8.8,8.0,7.6,38.1,39.5,35.3,35.7,8.4,8.7,7.8,7.9,32.8,MEDIUM,MEDIUM,MEDIUM,MEDIUM,S,27.2,24.8
2026-07-07 14:45,14,45,1,-0.6593,-0.7518,0.7818,0.6235,0,0,0,Clear,1.0,8.4,8.7,7.8,7.9,41.3,41.5,35.0,35.3,9.1,9.1,7.7,7.8,33.7,MEDIUM,MEDIUM,MEDIUM,MEDIUM,N,28.1,23.9
2026-07-07 15:00,15,0,1,-0.7071,-0.7071,0.7818,0.6235,0,0,0,Clear,1.0,9.1,9.1,7.7,7.8,38.7,40.2,33.6,33.9,8.5,8.8,7.4,7.5,32.2,MEDIUM,MEDIUM,MEDIUM,MEDIUM,S,28.1,23.9
2026-07-07 15:15,15,15,1,-0.7518,-0.6593,0.7818,0.6235,0,0,0,Clear,1.0,8.5,8.8,7.4,7.5,41.5,41.6,34.4,35.9,9.1,9.2,7.6,7.9,33.8,MEDIUM,MEDIUM,MEDIUM,MEDIUM,S,28.0,24.0
2026-07-07 15:30,15,30,1,-0.7934,-0.6088,0.7818,0.6235,0,0,0,Clear,1.0,9.1,9.2,7.6,7.9,39.4,40.9,33.8,34.2,8.7,9.0,7.4,7.5,32.6,MEDIUM,MEDIUM,MEDIUM,MEDIUM,S,28.2,23.8
2026-07-07 15:45,15,45,1,-0.8315,-0.5556,0.7818,0.6235,0,0,0,Clear,1.0,8.7,9.0,7.4,7.5,39.0,41.9,34.1,34.7,8.6,9.2,7.5,7.6,32.9,MEDIUM,MEDIUM,MEDIUM,MEDIUM,S,28.3,23.7
2026-07-07 16:00,16,0,1,-0.866,-0.5,0.7818,0.6235,0,0,1,Rain,1.25,8.6,9.2,7.5,7.6,21.5,134.9,22.6,111.1,4.7,29.7,5.0,24.4,63.8,LOW,VERY_HIGH,LOW,VERY_HIGH,S,28.3,23.7
2026-07-07 16:15,16,15,1,-0.8969,-0.4423,0.7818,0.6235,0,0,1,Clear,1.0,4.7,29.7,5.0,24.4,18.3,113.3,18.1,86.6,4.0,24.9,4.0,19.1,52.0,LOW,VERY_HIGH,LOW,HIGH,S,29.3,22.7
2026-07-07 16:30,16,30,1,-0.9239,-0.3827,0.7818,0.6235,0,0,1,Clear,1.0,4.0,24.9,4.0,19.1,18.0,110.1,17.4,88.2,4.0,24.2,3.8,19.4,51.4,LOW,VERY_HIGH,LOW,HIGH,S,28.7,23.3
2026-07-07 16:45,16,45,1,-0.9469,-0.3214,0.7818,0.6235,0,0,1,Clear,1.0,4.0,24.2,3.8,19.4,17.6,112.6,17.4,88.1,3.9,24.8,3.8,19.4,51.9,LOW,VERY_HIGH,LOW,HIGH,S,29.0,23.0
2026-07-07 17:00,17,0,1,-0.9659,-0.2588,0.7818,0.6235,0,0,1,Clear,1.0,3.9,24.8,3.8,19.4,17.9,136.7,18.3,102.0,3.9,30.1,4.0,22.4,60.4,LOW,VERY_HIGH,LOW,HIGH,S,29.6,22.4
2026-07-07 17:15,17,15,1,-0.9808,-0.1951,0.7818,0.6235,0,0,1,Clear,1.0,3.9,30.1,4.0,22.4,17.9,137.9,18.1,98.0,3.9,30.3,4.0,21.6,59.8,LOW,VERY_HIGH,LOW,HIGH,S,30.2,21.8
2026-07-07 17:30,17,30,1,-0.9914,-0.1305,0.7818,0.6235,0,0,1,Clear,1.0,3.9,30.3,4.0,21.6,17.4,127.0,18.6,106.3,3.8,27.9,4.1,23.4,59.2,LOW,VERY_HIGH,LOW,HIGH,S,28.1,23.9
2026-07-07 17:45,17,45,1,-0.9979,-0.0654,0.7818,0.6235,0,0,1,Clear,1.0,3.8,27.9,4.1,23.4,17.8,129.1,18.0,99.0,3.9,28.4,4.0,21.8,58.1,LOW,VERY_HIGH,LOW,HIGH,S,29.2,22.8
2026-07-07 18:00,18,0,1,-1.0,-0.0,0.7818,0.6235,0,0,1,Clear,1.0,3.9,28.4,4.0,21.8,18.4,136.6,18.0,101.2,4.0,30.1,4.0,22.3,60.4,LOW,VERY_HIGH,LOW,HIGH,S,29.7,22.3
2026-07-07 18:15,18,15,1,-0.9979,0.0654,0.7818,0.6235,0,0,1,Clear,1.0,4.0,30.1,4.0,22.3,18.6,136.1,18.9,105.9,4.1,29.9,4.2,23.3,61.5,LOW,VERY_HIGH,LOW,HIGH,S,29.1,22.9
2026-07-07 18:30,18,30,1,-0.9914,0.1305,0.7818,0.6235,0,0,1,Clear,1.0,4.1,29.9,4.2,23.3,17.5,126.3,17.4,99.8,3.9,27.8,3.8,22.0,57.5,LOW,VERY_HIGH,LOW,HIGH,S,28.9,23.1
2026-07-07 18:45,18,45,1,-0.9808,0.1951,0.7818,0.6235,0,0,1,Clear,1.0,3.9,27.8,3.8,22.0,18.0,135.8,17.6,106.5,4.0,29.9,3.9,23.4,61.2,LOW,VERY_HIGH,LOW,HIGH,S,29.0,23.0
2026-07-07 19:00,19,0,1,-0.9659,0.2588,0.7818,0.6235,0,0,1,Clear,1.0,4.0,29.9,3.9,23.4,17.6,104.8,18.1,86.2,3.9,23.1,4.0,19.0,50.0,LOW,HIGH,LOW,HIGH,S,28.4,23.6
2026-07-07 19:15,19,15,1,-0.9469,0.3214,0.7818,0.6235,0,0,1,Clear,1.0,3.9,23.1,4.0,19.0,17.1,110.9,18.1,84.2,3.8,24.4,4.0,18.5,50.7,LOW,VERY_HIGH,LOW,HIGH,S,29.3,22.7
2026-07-07 19:30,19,30,1,-0.9239,0.3827,0.7818,0.6235,0,0,1,Rain,1.25,3.8,24.4,4.0,18.5,21.6,130.9,23.4,108.5,4.8,28.8,5.1,23.9,62.6,LOW,VERY_HIGH,LOW,HIGH,S,28.2,23.8
2026-07-07 19:45,19,45,1,-0.8969,0.4423,0.7818,0.6235,0,0,1,Clear,1.0,4.8,28.8,5.1,23.9,18.8,110.3,18.4,86.3,4.1,24.3,4.0,19.0,51.4,LOW,VERY_HIGH,LOW,HIGH,S,29.0,23.0
2026-07-07 20:00,20,0,1,-0.866,0.5,0.7818,0.6235,0,0,0,Rain,1.25,4.1,24.3,4.0,19.0,32.1,30.4,26.6,27.5,7.1,6.7,5.9,6.0,25.7,MEDIUM,MEDIUM,LOW,MEDIUM,N,27.9,24.1
2026-07-07 20:15,20,15,1,-0.8315,0.5556,0.7818,0.6235,0,0,0,Clear,1.0,7.1,6.7,5.9,6.0,23.8,24.2,21.4,23.1,5.2,5.3,4.7,5.1,20.3,LOW,LOW,LOW,LOW,S,26.8,25.2
2026-07-07 20:30,20,30,1,-0.7934,0.6088,0.7818,0.6235,0,0,0,Clear,1.0,5.2,5.3,4.7,5.1,24.4,25.2,21.4,23.0,5.4,5.5,4.7,5.1,20.7,LOW,LOW,LOW,LOW,S,27.3,24.7
2026-07-07 20:45,20,45,1,-0.7518,0.6593,0.7818,0.6235,0,0,0,Clear,1.0,5.4,5.5,4.7,5.1,23.9,23.8,22.8,21.8,5.3,5.2,5.0,4.8,20.3,LOW,LOW,LOW,LOW,N,26.7,25.3
2026-07-07 21:00,21,0,1,-0.7071,0.7071,0.7818,0.6235,0,0,0,Clear,1.0,5.3,5.2,5.0,4.8,25.6,25.1,22.6,23.0,5.6,5.5,5.0,5.1,21.2,LOW,LOW,LOW,LOW,N,27.4,24.6
2026-07-07 21:15,21,15,1,-0.6593,0.7518,0.7818,0.6235,0,0,0,Clear,1.0,5.6,5.5,5.0,5.1,24.5,25.2,22.6,22.8,5.4,5.5,5.0,5.0,20.9,LOW,LOW,LOW,LOW,S,27.2,24.8
2026-07-07 21:30,21,30,1,-0.6088,0.7934,0.7818,0.6235,0,0,0,Clear,1.0,5.4,5.5,5.0,5.0,24.9,24.4,22.6,21.5,5.5,5.4,5.0,4.7,20.6,LOW,LOW,LOW,LOW,N,27.4,24.6
2026-07-07 21:45,21,45,1,-0.5556,0.8315,0.7818,0.6235,0,0,0,Clear,1.0,5.5,5.4,5.0,4.7,25.3,25.9,21.1,22.4,5.6,5.7,4.6,4.9,20.8,LOW,LOW,LOW,LOW,S,28.0,24.0
2026-07-07 22:00,22,0,1,-0.5,0.866,0.7818,0.6235,0,0,0,Rain,1.25,5.6,5.7,4.6,4.9,32.7,30.0,27.8,28.7,7.2,6.6,6.1,6.3,26.2,MEDIUM,MEDIUM,MEDIUM,MEDIUM,N,27.5,24.5
2026-07-07 22:15,22,15,1,-0.4423,0.8969,0.7818,0.6235,0,0,0,Clear,1.0,7.2,6.6,6.1,6.3,24.7,25.3,22.1,21.0,5.4,5.6,4.9,4.6,20.5,LOW,LOW,LOW,LOW,S,27.8,24.2
2026-07-07 22:30,22,30,1,-0.3827,0.9239,0.7818,0.6235,0,0,0,Clear,1.0,5.4,5.6,4.9,4.6,23.9,25.4,21.6,22.0,5.3,5.6,4.8,4.8,20.5,LOW,LOW,LOW,LOW,S,27.7,24.3
2026-07-07 22:45,22,45,1,-0.3214,0.9469,0.7818,0.6235,0,0,0,Clear,1.0,5.3,5.6,4.8,4.8,25.8,24.4,22.8,21.0,5.7,5.4,5.0,4.6,20.7,LOW,LOW,LOW,LOW,N,27.7,24.3
2026-07-07 23:00,23,0,1,-0.2588,0.9659,0.7818,0.6235,0,0,0,Clear,1.0,5.7,5.4,5.0,4.6,5.7,5.8,5.1,5.1,1.3,1.3,1.1,1.1,4.8,LOW,LOW,LOW,LOW,N,27.6,24.4
2026-07-07 23:15,23,15,1,-0.1951,0.9808,0.7818,0.6235,0,0,0,Clear,1.0,1.3,1.3,1.1,1.1,5.8,6.1,4.8,5.2,1.3,1.3,1.1,1.1,4.8,LOW,LOW,LOW,LOW,N,28.2,23.8
2026-07-07 23:30,23,30,1,-0.1305,0.9914,0.7818,0.6235,0,0,0,Rain,1.25,1.3,1.3,1.1,1.1,7.5,7.8,6.5,6.5,1.6,1.7,1.4,1.4,6.1,LOW,LOW,LOW,LOW,S,28.2,23.8
2026-07-07 23:45,23,45,1,-0.0654,0.9979,0.7818,0.6235,0,0,0,Clear,1.0,1.6,1.7,1.4,1.4,6.2,5.8,5.1,5.2,1.4,1.3,1.1,1.1,4.9,LOW,LOW,LOW,LOW,N,28.1,23.9
2026-07-08 00:00,0,0,2,0.0,1.0,0.9749,-0.2225,0,0,0,Clear,1.0,1.4,1.3,1.1,1.1,6.1,5.8,4.9,5.2,1.3,1.3,1.1,1.1,4.8,LOW,LOW,LOW,LOW,N,28.1,23.9
2026-07-08 00:15,0,15,2,0.0654,0.9979,0.9749,-0.2225,0,0,0,Clear,1.0,1.3,1.3,1.1,1.1,6.3,5.8,5.0,5.1,1.4,1.3,1.1,1.1,4.9,LOW,LOW,LOW,LOW,N,28.5,23.5
2026-07-08 00:30,0,30,2,0.1305,0.9914,0.9749,-0.2225,0,0,0,Clear,1.0,1.4,1.3,1.1,1.1,6.0,6.0,5.1,4.8,1.3,1.3,1.1,1.1,4.8,LOW,LOW,LOW,LOW,N,28.3,23.7
2026-07-08 00:45,0,45,2,0.1951,0.9808,0.9749,-0.2225,0,0,0,Clear,1.0,1.3,1.3,1.1,1.1,5.8,5.9,4.8,5.0,1.3,1.3,1.1,1.1,4.8,LOW,LOW,LOW,LOW,N,28.2,23.8
2026-07-08 01:00,1,0,2,0.2588,0.9659,0.9749,-0.2225,0,0,0,Clear,1.0,1.3,1.3,1.1,1.1,6.0,5.9,4.9,5.2,1.3,1.3,1.1,1.1,4.8,LOW,LOW,LOW,LOW,N,28.0,24.0
2026-07-08 01:15,1,15,2,0.3214,0.9469,0.9749,-0.2225,0,0,0,Rain,1.25,1.3,1.3,1.1,1.1,7.5,7.5,6.5,6.5,1.6,1.6,1.4,1.4,6.0,LOW,LOW,LOW,LOW,N,27.9,24.1
2026-07-08 01:30,1,30,2,0.3827,0.9239,0.9749,-0.2225,0,0,0,Clear,1.0,1.6,1.6,1.4,1.4,6.0,5.9,4.9,5.0,1.3,1.3,1.1,1.1,4.8,LOW,LOW,LOW,LOW,N,28.4,23.6
2026-07-08 01:45,1,45,2,0.4423,0.8969,0.9749,-0.2225,0,0,0,Clear,1.0,1.3,1.3,1.1,1.1,5.9,5.8,5.1,4.8,1.3,1.3,1.1,1.1,4.8,LOW,LOW,LOW,LOW,N,28.0,24.0
2026-07-08 02:00,2,0,2,0.5,0.866,0.9749,-0.2225,0,0,0,Rain,1.25,1.3,1.3,1.1,1.1,7.3,7.3,6.1,6.2,1.6,1.6,1.3,1.4,5.9,LOW,LOW,LOW,LOW,N,28.2,23.8
2026-07-08 02:15,2,15,2,0.5556,0.8315,0.9749,-0.2225,0,0,0,Clear,1.0,1.6,1.6,1.3,1.4,6.2,6.2,5.0,5.0,1.4,1.4,1.1,1.1,5.0,LOW,LOW,LOW,LOW,N,28.8,23.2
2026-07-08 02:30,2,30,2,0.6088,0.7934,0.9749,-0.2225,0,0,0,Rain,1.25,1.4,1.4,1.1,1.1,7.2,7.6,6.5,6.3,1.6,1.7,1.4,1.4,6.1,LOW,LOW,LOW,LOW,S,28.0,24.0
2026-07-08 02:45,2,45,2,0.6593,0.7518,0.9749,-0.2225,0,0,0,Heavy Rain,1.5,1.6,1.7,1.4,1.4,8.8,9.1,7.3,7.5,1.9,2.0,1.6,1.6,7.1,LOW,LOW,LOW,LOW,S,28.5,23.5
2026-07-08 03:00,3,0,2,0.7071,0.7071,0.9749,-0.2225,0,0,0,Clear,1.0,1.9,2.0,1.6,1.6,6.0,6.2,4.8,5.1,1.3,1.4,1.1,1.1,4.9,LOW,LOW,LOW,LOW,S,28.6,23.4
2026-07-08 03:15,3,15,2,0.7518,0.6593,0.9749,-0.2225,0,0,0,Clear,1.0,1.3,1.4,1.1,1.1,5.8,5.8,4.8,5.1,1.3,1.3,1.1,1.1,4.8,LOW,LOW,LOW,LOW,N,27.9,24.1
2026-07-08 03:30,3,30,2,0.7934,0.6088,0.9749,-0.2225,0,0,0,Clear,1.0,1.3,1.3,1.1,1.1,5.9,6.2,5.1,5.0,1.3,1.4,1.1,1.1,4.9,LOW,LOW,LOW,LOW,S,28.4,23.6
2026-07-08 03:45,3,45,2,0.8315,0.5556,0.9749,-0.2225,0,0,0,Clear,1.0,1.3,1.4,1.1,1.1,5.8,5.8,4.8,4.8,1.3,1.3,1.1,1.1,4.8,LOW,LOW,LOW,LOW,N,28.5,23.5
2026-07-08 04:00,4,0,2,0.866,0.5,0.9749,-0.2225,0,0,0,Clear,1.0,1.3,1.3,1.1,1.1,6.3,6.0,5.1,5.1,1.4,1.3,1.1,1.1,4.9,LOW,LOW,LOW,LOW,N,28.6,23.4
2026-07-08 04:15,4,15,2,0.8969,0.4423,0.9749,-0.2225,0,0,0,Clear,1.0,1.4,1.3,1.1,1.1,5.9,5.8,5.2,5.2,1.3,1.3,1.1,1.1,4.8,LOW,LOW,LOW,LOW,N,27.6,24.4
2026-07-08 04:30,4,30,2,0.9239,0.3827,0.9749,-0.2225,0,0,0,Clear,1.0,1.3,1.3,1.1,1.1,6.0,6.1,5.2,4.9,1.3,1.3,1.1,1.1,4.8,LOW,LOW,LOW,LOW,N,28.2,23.8
2026-07-08 04:45,4,45,2,0.9469,0.3214,0.9749,-0.2225,0,0,0,Rain,1.25,1.3,1.3,1.1,1.1,7.8,7.5,6.1,6.5,1.7,1.6,1.3,1.4,6.0,LOW,LOW,LOW,LOW,N,28.4,23.6
2026-07-08 05:00,5,0,2,0.9659,0.2588,0.9749,-0.2225,0,0,0,Clear,1.0,1.7,1.6,1.3,1.4,6.3,6.0,4.9,4.9,1.4,1.3,1.1,1.1,4.9,LOW,LOW,LOW,LOW,N,29.1,22.9
2026-07-08 05:15,5,15,2,0.9808,0.1951,0.9749,-0.2225,0,0,0,Clear,1.0,1.4,1.3,1.1,1.1,6.1,6.0,4.9,5.2,1.3,1.3,1.1,1.1,4.8,LOW,LOW,LOW,LOW,N,28.2,23.8
2026-07-08 05:30,5,30,2,0.9914,0.1305,0.9749,-0.2225,0,0,0,Clear,1.0,1.3,1.3,1.1,1.1,5.9,5.8,5.1,4.9,1.3,1.3,1.1,1.1,4.8,LOW,LOW,LOW,LOW,N,28.0,24.0
2026-07-08 05:45,5,45,2,0.9979,0.0654,0.9749,-0.2225,0,0,0,Clear,1.0,1.3,1.3,1.1,1.1,6.0,5.8,4.9,5.1,1.3,1.3,1.1,1.1,4.8,LOW,LOW,LOW,LOW,N,28.1,23.9
2026-07-08 06:00,6,0,2,1.0,0.0,0.9749,-0.2225,0,0,0,Clear,1.0,1.3,1.3,1.1,1.1,24.5,25.1,22.6,21.8,5.4,5.5,5.0,4.8,20.7,LOW,LOW,LOW,LOW,S,27.4,24.6
2026-07-08 06:15,6,15,2,0.9979,-0.0654,0.9749,-0.2225,0,0,0,Clear,1.0,5.4,5.5,5.0,4.8,24.6,24.8,21.8,23.1,5.4,5.5,4.8,5.1,20.8,LOW,LOW,LOW,LOW,S,27.1,24.9
2026-07-08 06:30,6,30,2,0.9914,-0.1305,0.9749,-0.2225,0,0,0,Clear,1.0,5.4,5.5,4.8,5.1,24.0,23.8,21.4,22.2,5.3,5.2,4.7,4.9,20.1,LOW,LOW,LOW,LOW,N,27.1,24.9
2026-07-08 06:45,6,45,2,0.9808,-0.1951,0.9749,-0.2225,0,0,0,Clear,1.0,5.3,5.2,4.7,4.9,24.4,24.6,21.8,22.9,5.4,5.4,4.8,5.0,20.6,LOW,LOW,LOW,LOW,N,27.1,24.9
2026-07-08 07:00,7,0,2,0.9659,-0.2588,0.9749,-0.2225,0,1,0,Clear,1.0,5.4,5.4,4.8,5.0,115.3,18.5,86.6,17.2,25.4,4.1,19.1,3.8,52.4,VERY_HIGH,LOW,HIGH,LOW,N,29.5,22.5
2026-07-08 07:15,7,15,2,0.9469,-0.3214,0.9749,-0.2225,0,1,0,Clear,1.0,25.4,4.1,19.1,3.8,106.7,18.1,86.0,17.1,23.5,4.0,18.9,3.8,50.2,HIGH,LOW,HIGH,LOW,N,28.7,23.3
2026-07-08 07:30,7,30,2,0.9239,-0.3827,0.9749,-0.2225,0,1,0,Clear,1.0,23.5,4.0,18.9,3.8,111.0,18.8,81.3,18.4,24.4,4.1,17.9,4.0,50.4,VERY_HIGH,LOW,HIGH,LOW,N,29.8,22.2
2026-07-08 07:45,7,45,2,0.8969,-0.4423,0.9749,-0.2225,0,1,0,Rain,1.25,24.4,4.1,17.9,4.0,138.8,22.8,106.8,23.3,30.5,5.0,23.5,5.1,64.1,VERY_HIGH,LOW,HIGH,LOW,N,29.2,22.8
2026-07-08 08:00,8,0,2,0.866,-0.5,0.9749,-0.2225,0,1,0,Clear,1.0,30.5,5.0,23.5,5.1,143.2,17.7,112.3,18.2,31.5,3.9,24.7,4.0,64.1,VERY_HIGH,LOW,VERY_HIGH,LOW,N,29.0,23.0
2026-07-08 08:15,8,15,2,0.8315,-0.5556,0.9749,-0.2225,0,1,0,Clear,1.0,31.5,3.9,24.7,4.0,145.2,17.2,109.7,17.5,31.9,3.8,24.1,3.9,63.7,VERY_HIGH,LOW,VERY_HIGH,LOW,N,29.4,22.6
2026-07-08 08:30,8,30,2,0.7934,-0.6088,0.9749,-0.2225,0,1,0,Rain,1.25,31.9,3.8,24.1,3.9,186.0,21.8,141.0,22.0,40.9,4.8,31.0,4.8,81.5,VERY_HIGH,LOW,VERY_HIGH,LOW,N,29.4,22.6
2026-07-08 08:45,8,45,2,0.7518,-0.6593,0.9749,-0.2225,0,1,0,Clear,1.0,40.9,4.8,31.0,4.8,142.7,17.4,112.0,17.4,31.4,3.8,24.6,3.8,63.6,VERY_HIGH,LOW,VERY_HIGH,LOW,N,29.0,23.0
2026-07-08 09:00,9,0,2,0.7071,-0.7071,0.9749,-0.2225,0,1,0,Clear,1.0,31.4,3.8,24.6,3.8,111.2,17.8,84.5,17.5,24.5,3.9,18.6,3.9,50.9,VERY_HIGH,LOW,HIGH,LOW,N,29.3,22.7
2026-07-08 09:15,9,15,2,0.6593,-0.7518,0.9749,-0.2225,0,1,0,Clear,1.0,24.5,3.9,18.6,3.9,108.4,18.1,81.6,17.6,23.8,4.0,18.0,3.9,49.7,HIGH,LOW,HIGH,LOW,N,29.5,22.5
2026-07-08 09:30,9,30,2,0.6088,-0.7934,0.9749,-0.2225,0,1,0,Clear,1.0,23.8,4.0,18.0,3.9,107.2,17.7,86.0,17.2,23.6,3.9,18.9,3.8,50.2,HIGH,LOW,HIGH,LOW,N,28.7,23.3
2026-07-08 09:45,9,45,2,0.5556,-0.8315,0.9749,-0.2225,0,1,0,Clear,1.0,23.6,3.9,18.9,3.8,105.9,18.5,81.0,18.5,23.3,4.1,17.8,4.1,49.3,HIGH,LOW,HIGH,LOW,N,29.2,22.8
2026-07-08 10:00,10,0,2,0.5,-0.866,0.9749,-0.2225,0,0,0,Clear,1.0,23.3,4.1,17.8,4.1,24.0,25.3,21.1,21.9,5.3,5.6,4.6,4.8,20.3,LOW,LOW,LOW,LOW,S,27.8,24.2
2026-07-08 10:15,10,15,2,0.4423,-0.8969,0.9749,-0.2225,0,0,0,Clear,1.0,5.3,5.6,4.6,4.8,25.8,25.1,22.7,22.9,5.7,5.5,5.0,5.0,21.2,LOW,LOW,LOW,LOW,N,27.5,24.5
2026-07-08 10:30,10,30,2,0.3827,-0.9239,0.9749,-0.2225,0,0,0,Clear,1.0,5.7,5.5,5.0,5.0,24.3,23.9,21.9,23.0,5.3,5.3,4.8,5.1,20.5,LOW,LOW,LOW,LOW,N,26.8,25.2
2026-07-08 10:45,10,45,2,0.3214,-0.9469,0.9749,-0.2225,0,0,0,Clear,1.0,5.3,5.3,4.8,5.1,25.9,25.4,22.9,21.0,5.7,5.6,5.0,4.6,20.9,LOW,LOW,LOW,LOW,N,27.8,24.2
2026-07-08 11:00,11,0,2,0.2588,-0.9659,0.9749,-0.2225,0,0,0,Clear,1.0,5.7,5.6,5.0,4.6,38.4,39.9,35.4,34.0,8.4,8.8,7.8,7.5,32.5,MEDIUM,MEDIUM,MEDIUM,MEDIUM,S,27.6,24.4
2026-07-08 11:15,11,15,2,0.1951,-0.9808,0.9749,-0.2225,0,0,0,Clear,1.0,8.4,8.8,7.8,7.5,39.2,38.4,36.4,33.3,8.6,8.4,8.0,7.3,32.3,MEDIUM,MEDIUM,MEDIUM,MEDIUM,N,27.2,24.8
2026-07-08 11:30,11,30,2,0.1305,-0.9914,0.9749,-0.2225,0,0,0,Clear,1.0,8.6,8.4,8.0,7.3,38.7,41.7,34.2,34.4,8.5,9.2,7.5,7.6,32.8,MEDIUM,MEDIUM,MEDIUM,MEDIUM,S,28.3,23.7
2026-07-08 11:45,11,45,2,0.0654,-0.9979,0.9749,-0.2225,0,0,0,Clear,1.0,8.5,9.2,7.5,7.6,41.0,40.0,34.0,34.0,9.0,8.8,7.5,7.5,32.8,MEDIUM,MEDIUM,MEDIUM,MEDIUM,N,28.3,23.7
2026-07-08 12:00,12,0,2,0.0,-1.0,0.9749,-0.2225,0,0,0,Clear,1.0,9.0,8.8,7.5,7.5,38.3,39.3,35.8,34.7,8.4,8.6,7.9,7.6,32.5,MEDIUM,MEDIUM,MEDIUM,MEDIUM,S,27.2,24.8
2026-07-08 12:15,12,15,2,-0.0654,-0.9979,0.9749,-0.2225,0,0,0,Clear,1.0,8.4,8.6,7.9,7.6,39.0,39.2,36.2,34.3,8.6,8.6,8.0,7.5,32.7,MEDIUM,MEDIUM,MEDIUM,MEDIUM,N,27.2,24.8
2026-07-08 12:30,12,30,2,-0.1305,-0.9914,0.9749,-0.2225,0,0,0,Clear,1.0,8.6,8.6,8.0,7.5,40.5,40.3,36.3,35.3,8.9,8.9,8.0,7.8,33.6,MEDIUM,MEDIUM,MEDIUM,MEDIUM,N,27.5,24.5
2026-07-08 12:45,12,45,2,-0.1951,-0.9808,0.9749,-0.2225,0,0,0,Clear,1.0,8.9,8.9,8.0,7.8,41.1,40.6,34.0,35.3,9.0,8.9,7.5,7.8,33.2,MEDIUM,MEDIUM,MEDIUM,MEDIUM,N,28.1,23.9
2026-07-08 13:00,13,0,2,-0.2588,-0.9659,0.9749,-0.2225,0,0,0,Rain,1.25,9.0,8.9,7.5,7.8,48.7,49.1,42.4,41.8,10.7,10.8,9.3,9.2,40.0,MEDIUM,MEDIUM,MEDIUM,MEDIUM,S,27.9,24.1
2026-07-08 13:15,13,15,2,-0.3214,-0.9469,0.9749,-0.2225,0,0,0,Clear,1.0,10.7,10.8,9.3,9.2,39.6,39.7,35.1,36.1,8.7,8.7,7.7,7.9,33.0,MEDIUM,MEDIUM,MEDIUM,MEDIUM,N,27.3,24.7
2026-07-08 13:30,13,30,2,-0.3827,-0.9239,0.9749,-0.2225,0,0,0,Rain,1.25,8.7,8.7,7.7,7.9,47.9,50.9,45.0,44.2,10.5,11.2,9.9,9.7,41.3,MEDIUM,MEDIUM,MEDIUM,MEDIUM,S,27.5,24.5
2026-07-08 13:45,13,45,2,-0.4423,-0.8969,0.9749,-0.2225,0,0,0,Clear,1.0,10.5,11.2,9.9,9.7,39.4,38.8,35.3,36.1,8.7,8.5,7.8,7.9,32.9,MEDIUM,MEDIUM,MEDIUM,MEDIUM,N,27.2,24.8
2026-07-08 14:00,14,0,2,-0.5,-0.866,0.9749,-0.2225,0,0,0,Clear,1.0,8.7,8.5,7.8,7.9,41.1,40.0,34.2,33.7,9.0,8.8,7.5,7.4,32.7,MEDIUM,MEDIUM,MEDIUM,MEDIUM,N,28.3,23.7
2026-07-08 14:15,14,15,2,-0.5556,-0.8315,0.9749,-0.2225,0,0,0,Heavy Rain,1.5,9.0,8.8,7.5,7.4,57.1,58.5,50.7,53.3,12.6,12.9,11.2,11.7,48.4,MEDIUM,MEDIUM,MEDIUM,MEDIUM,S,27.3,24.7
2026-07-08 14:30,14,30,2,-0.6088,-0.7934,0.9749,-0.2225,0,0,0,Clear,1.0,12.6,12.9,11.2,11.7,40.5,41.6,35.8,36.6,8.9,9.2,7.9,8.1,34.1,MEDIUM,MEDIUM,MEDIUM,MEDIUM,S,27.6,24.4
2026-07-08 14:45,14,45,2,-0.6593,-0.7518,0.9749,-0.2225,0,0,0,Clear,1.0,8.9,9.2,7.9,8.1,41.7,38.4,35.2,35.6,9.2,8.4,7.7,7.8,33.1,MEDIUM,MEDIUM,MEDIUM,MEDIUM,N,27.8,24.2
2026-07-08 15:00,15,0,2,-0.7071,-0.7071,0.9749,-0.2225,0,0,0,Clear,1.0,9.2,8.4,7.7,7.8,38.3,41.0,36.7,35.3,8.4,9.0,8.1,7.8,33.3,MEDIUM,MEDIUM,MEDIUM,MEDIUM,S,27.3,24.7
2026-07-08 15:15,15,15,2,-0.7518,-0.6593,0.9749,-0.2225,0,0,0,Clear,1.0,8.4,9.0,8.1,7.8,39.4,40.6,34.8,36.0,8.7,8.9,7.7,7.9,33.2,MEDIUM,MEDIUM,MEDIUM,MEDIUM,S,27.6,24.4
2026-07-08 15:30,15,30,2,-0.7934,-0.6088,0.9749,-0.2225,0,0,0,Heavy Rain,1.5,8.7,8.9,7.7,7.9,61.2,60.9,53.6,50.4,13.5,13.4,11.8,11.1,49.8,MEDIUM,MEDIUM,MEDIUM,MEDIUM,N,27.9,24.1
2026-07-08 15:45,15,45,2,-0.8315,-0.5556,0.9749,-0.2225,0,0,0,Clear,1.0,13.5,13.4,11.8,11.1,41.2,38.1,34.8,35.4,9.1,8.4,7.7,7.8,33.0,MEDIUM,MEDIUM,MEDIUM,MEDIUM,N,27.8,24.2
2026-07-08 16:00,16,0,2,-0.866,-0.5,0.9749,-0.2225,0,0,1,Clear,1.0,9.1,8.4,7.7,7.8,17.6,112.0,17.7,85.0,3.9,24.6,3.9,18.7,51.1,LOW,VERY_HIGH,LOW,HIGH,S,29.3,22.7
2026-07-08 16:15,16,15,2,-0.8969,-0.4423,0.9749,-0.2225,0,0,1,Clear,1.0,3.9,24.6,3.9,18.7,17.6,114.1,18.1,80.8,3.9,25.1,4.0,17.8,50.8,LOW,VERY_HIGH,LOW,HIGH,S,30.2,21.8
2026-07-08 16:30,16,30,2,-0.9239,-0.3827,0.9749,-0.2225,0,0,1,Rain,1.25,3.9,25.1,4.0,17.8,23.1,132.1,22.4,101.2,5.1,29.1,4.9,22.3,61.4,LOW,VERY_HIGH,LOW,HIGH,S,29.2,22.8
2026-07-08 16:45,16,45,2,-0.9469,-0.3214,0.9749,-0.2225,0,0,1,Rain,1.25,5.1,29.1,4.9,22.3,21.9,140.7,22.3,107.3,4.8,31.0,4.9,23.6,64.3,LOW,VERY_HIGH,LOW,HIGH,S,29.3,22.7
2026-07-08 17:00,17,0,2,-0.9659,-0.2588,0.9749,-0.2225,0,0,1,Clear,1.0,4.8,31.0,4.9,23.6,17.3,136.1,18.7,100.6,3.8,29.9,4.1,22.1,59.9,LOW,VERY_HIGH,LOW,HIGH,S,29.7,22.3
2026-07-08 17:15,17,15,2,-0.9808,-0.1951,0.9749,-0.2225,0,0,1,Rain,1.25,3.8,29.9,4.1,22.1,23.6,162.1,22.5,122.5,5.2,35.7,5.0,26.9,72.8,LOW,VERY_HIGH,LOW,VERY_HIGH,S,29.5,22.5
2026-07-08 17:30,17,30,2,-0.9914,-0.1305,0.9749,-0.2225,0,0,1,Clear,1.0,5.2,35.7,5.0,26.9,17.2,126.8,17.1,98.0,3.8,27.9,3.8,21.6,57.1,LOW,VERY_HIGH,LOW,HIGH,S,29.2,22.8
2026-07-08 17:45,17,45,2,-0.9979,-0.0654,0.9749,-0.2225,0,0,1,Clear,1.0,3.8,27.9,3.8,21.6,17.8,129.6,18.2,97.5,3.9,28.5,4.0,21.4,57.8,LOW,VERY_HIGH,LOW,HIGH,S,29.5,22.5
2026-07-08 18:00,18,0,2,-1.0,-0.0,0.9749,-0.2225,0,0,1,Clear,1.0,3.9,28.5,4.0,21.4,18.8,135.2,18.1,97.1,4.1,29.7,4.0,21.4,59.2,LOW,VERY_HIGH,LOW,HIGH,S,30.1,21.9
2026-07-08 18:15,18,15,2,-0.9979,0.0654,0.9749,-0.2225,0,0,1,Clear,1.0,4.1,29.7,4.0,21.4,18.7,136.1,17.9,102.9,4.1,29.9,3.9,22.6,60.5,LOW,VERY_HIGH,LOW,HIGH,S,29.5,22.5
2026-07-08 18:30,18,30,2,-0.9914,0.1305,0.9749,-0.2225,0,0,1,Clear,1.0,4.1,29.9,3.9,22.6,18.5,136.5,18.2,98.8,4.1,30.0,4.0,21.7,59.8,LOW,VERY_HIGH,LOW,HIGH,S,30.0,22.0
2026-07-08 18:45,18,45,2,-0.9808,0.1951,0.9749,-0.2225,0,0,1,Clear,1.0,4.1,30.0,4.0,21.7,18.3,130.6,17.3,102.9,4.0,28.7,3.8,22.6,59.1,LOW,VERY_HIGH,LOW,HIGH,S,29.0,23.0
2026-07-08 19:00,19,0,2,-0.9659,0.2588,0.9749,-0.2225,0,0,1,Clear,1.0,4.0,28.7,3.8,22.6,18.4,104.9,17.8,88.6,4.0,23.1,3.9,19.5,50.5,LOW,HIGH,LOW,HIGH,S,28.1,23.9
2026-07-08 19:15,19,15,2,-0.9469,0.3214,0.9749,-0.2225,0,0,1,Clear,1.0,4.0,23.1,3.9,19.5,18.1,113.1,17.5,81.3,4.0,24.9,3.9,17.9,50.7,LOW,VERY_HIGH,LOW,HIGH,S,30.0,22.0
2026-07-08 19:30,19,30,2,-0.9239,0.3827,0.9749,-0.2225,0,0,1,Clear,1.0,4.0,24.9,3.9,17.9,18.0,113.0,18.5,85.1,4.0,24.9,4.1,18.7,51.7,LOW,VERY_HIGH,LOW,HIGH,S,29.4,22.6
2026-07-08 19:45,19,45,2,-0.8969,0.4423,0.9749,-0.2225,0,0,1,Clear,1.0,4.0,24.9,4.1,18.7,17.2,115.1,17.3,84.5,3.8,25.3,3.8,18.6,51.5,LOW,VERY_HIGH,LOW,HIGH,S,29.8,22.2
2026-07-08 20:00,20,0,2,-0.866,0.5,0.9749,-0.2225,0,0,0,Clear,1.0,3.8,25.3,3.8,18.6,25.6,25.5,20.9,21.7,5.6,5.6,4.6,4.8,20.6,LOW,LOW,LOW,LOW,N,28.3,23.7
2026-07-08 20:15,20,15,2,-0.8315,0.5556,0.9749,-0.2225,0,0,0,Clear,1.0,5.6,5.6,4.6,4.8,24.7,24.3,22.8,22.4,5.4,5.3,5.0,4.9,20.6,LOW,LOW,LOW,LOW,N,27.0,25.0
2026-07-08 20:30,20,30,2,-0.7934,0.6088,0.9749,-0.2225,0,0,0,Clear,1.0,5.4,5.3,5.0,4.9,26.0,26.1,22.3,22.1,5.7,5.7,4.9,4.9,21.2,LOW,LOW,LOW,LOW,N,28.1,23.9
2026-07-08 20:45,20,45,2,-0.7518,0.6593,0.9749,-0.2225,0,0,0,Rain,1.25,5.7,5.7,4.9,4.9,30.7,30.2,27.4,27.9,6.8,6.6,6.0,6.1,25.5,MEDIUM,MEDIUM,MEDIUM,MEDIUM,N,27.2,24.8
2026-07-08 21:00,21,0,2,-0.7071,0.7071,0.9749,-0.2225,0,0,0,Clear,1.0,6.8,6.6,6.0,6.1,24.7,25.3,21.1,22.8,5.4,5.6,4.6,5.0,20.6,LOW,LOW,LOW,LOW,S,27.5,24.5
2026-07-08 21:15,21,15,2,-0.6593,0.7518,0.9749,-0.2225,0,0,0,Clear,1.0,5.4,5.6,4.6,5.0,24.1,24.3,21.2,21.7,5.3,5.3,4.7,4.8,20.1,LOW,LOW,LOW,LOW,N,27.5,24.5
2026-07-08 21:30,21,30,2,-0.6088,0.7934,0.9749,-0.2225,0,0,0,Clear,1.0,5.3,5.3,4.7,4.8,24.5,25.0,22.7,21.7,5.4,5.5,5.0,4.8,20.7,LOW,LOW,LOW,LOW,S,27.3,24.7
2026-07-08 21:45,21,45,2,-0.5556,0.8315,0.9749,-0.2225,0,0,0,Clear,1.0,5.4,5.5,5.0,4.8,25.0,24.5,22.5,22.8,5.5,5.4,5.0,5.0,20.9,LOW,LOW,LOW,LOW,N,27.2,24.8
2026-07-08 22:00,22,0,2,-0.5,0.866,0.9749,-0.2225,0,0,0,Clear,1.0,5.5,5.4,5.0,5.0,26.0,25.6,21.1,22.2,5.7,5.6,4.6,4.9,20.8,LOW,LOW,LOW,LOW,N,28.2,23.8
2026-07-08 22:15,22,15,2,-0.4423,0.8969,0.9749,-0.2225,0,0,0,Clear,1.0,5.7,5.6,4.6,4.9,25.4,24.3,21.5,22.3,5.6,5.3,4.7,4.9,20.5,LOW,LOW,LOW,LOW,N,27.7,24.3
2026-07-08 22:30,22,30,2,-0.3827,0.9239,0.9749,-0.2225,0,0,0,Clear,1.0,5.6,5.3,4.7,4.9,25.1,24.7,21.2,21.2,5.5,5.4,4.7,4.7,20.3,LOW,LOW,LOW,LOW,N,28.1,23.9
2026-07-08 22:45,22,45,2,-0.3214,0.9469,0.9749,-0.2225,0,0,0,Clear,1.0,5.5,5.4,4.7,4.7,24.5,24.5,21.0,21.3,5.4,5.4,4.6,4.7,20.1,LOW,LOW,LOW,LOW,N,27.9,24.1
2026-07-08 23:00,23,0,2,-0.2588,0.9659,0.9749,-0.2225,0,0,0,Clear,1.0,5.4,5.4,4.6,4.7,5.8,5.9,5.2,5.0,1.3,1.3,1.1,1.1,4.8,LOW,LOW,LOW,LOW,N,27.7,24.3
2026-07-08 23:15,23,15,2,-0.1951,0.9808,0.9749,-0.2225,0,0,0,Clear,1.0,1.3,1.3,1.1,1.1,5.8,6.1,5.0,4.8,1.3,1.3,1.1,1.1,4.8,LOW,LOW,LOW,LOW,N,28.5,23.5
2026-07-08 23:30,23,30,2,-0.1305,0.9914,0.9749,-0.2225,0,0,0,Clear,1.0,1.3,1.3,1.1,1.1,6.2,5.9,5.1,4.8,1.4,1.3,1.1,1.1,4.9,LOW,LOW,LOW,LOW,N,28.6,23.4
2026-07-08 23:45,23,45,2,-0.0654,0.9979,0.9749,-0.2225,0,0,0,Heavy Rain,1.5,1.4,1.3,1.1,1.1,8.9,8.6,7.1,7.7,2.0,1.9,1.6,1.7,7.2,LOW,LOW,LOW,LOW,N,28.0,24.0
2026-07-09 00:00,0,0,3,0.0,1.0,0.4339,-0.901,0,0,0,Clear,1.0,2.0,1.9,1.6,1.7,6.2,6.1,5.1,5.0,1.4,1.3,1.1,1.1,4.9,LOW,LOW,LOW,LOW,N,28.5,23.5
2026-07-09 00:15,0,15,3,0.0654,0.9979,0.4339,-0.901,0,0,0,Clear,1.0,1.4,1.3,1.1,1.1,6.2,5.9,5.2,4.9,1.4,1.3,1.1,1.1,4.9,LOW,LOW,LOW,LOW,N,28.3,23.7
2026-07-09 00:30,0,30,3,0.1305,0.9914,0.4339,-0.901,0,0,0,Clear,1.0,1.4,1.3,1.1,1.1,5.9,6.3,5.2,4.8,1.3,1.4,1.1,1.1,4.9,LOW,LOW,LOW,LOW,S,28.5,23.5
2026-07-09 00:45,0,45,3,0.1951,0.9808,0.4339,-0.901,0,0,0,Clear,1.0,1.3,1.4,1.1,1.1,6.2,5.9,4.8,5.1,1.4,1.3,1.1,1.1,4.9,LOW,LOW,LOW,LOW,N,28.6,23.4
2026-07-09 01:00,1,0,3,0.2588,0.9659,0.4339,-0.901,0,0,0,Clear,1.0,1.4,1.3,1.1,1.1,6.2,6.2,5.0,5.2,1.4,1.4,1.1,1.1,5.0,LOW,LOW,LOW,LOW,N,28.4,23.6
2026-07-09 01:15,1,15,3,0.3214,0.9469,0.4339,-0.901,0,0,0,Clear,1.0,1.4,1.4,1.1,1.1,5.7,5.9,4.8,4.8,1.3,1.3,1.1,1.1,4.8,LOW,LOW,LOW,LOW,N,28.6,23.4
2026-07-09 01:30,1,30,3,0.3827,0.9239,0.4339,-0.901,0,0,0,Clear,1.0,1.3,1.3,1.1,1.1,5.9,5.8,5.1,5.0,1.3,1.3,1.1,1.1,4.8,LOW,LOW,LOW,LOW,N,27.9,24.1
2026-07-09 01:45,1,45,3,0.4423,0.8969,0.4339,-0.901,0,0,0,Clear,1.0,1.3,1.3,1.1,1.1,5.8,6.2,5.0,5.1,1.3,1.4,1.1,1.1,4.9,LOW,LOW,LOW,LOW,S,28.4,23.6
2026-07-09 02:00,2,0,3,0.5,0.866,0.4339,-0.901,0,0,0,Clear,1.0,1.3,1.4,1.1,1.1,5.8,6.1,4.9,4.9,1.3,1.3,1.1,1.1,4.8,LOW,LOW,LOW,LOW,N,28.7,23.3
2026-07-09 02:15,2,15,3,0.5556,0.8315,0.4339,-0.901,0,0,0,Heavy Rain,1.5,1.3,1.3,1.1,1.1,9.2,8.7,7.4,7.6,2.0,1.9,1.6,1.7,7.2,LOW,LOW,LOW,LOW,N,28.4,23.6
2026-07-09 02:30,2,30,3,0.6088,0.7934,0.4339,-0.901,0,0,0,Clear,1.0,2.0,1.9,1.6,1.7,6.1,5.7,5.2,5.1,1.3,1.3,1.1,1.1,4.8,LOW,LOW,LOW,LOW,N,27.9,24.1
2026-07-09 02:45,2,45,3,0.6593,0.7518,0.4339,-0.901,0,0,0,Clear,1.0,1.3,1.3,1.1,1.1,6.0,5.8,4.8,5.2,1.3,1.3,1.1,1.1,4.8,LOW,LOW,LOW,LOW,N,28.0,24.0
2026-07-09 03:00,3,0,3,0.7071,0.7071,0.4339,-0.901,0,0,0,Clear,1.0,1.3,1.3,1.1,1.1,6.0,6.2,4.9,5.0,1.3,1.4,1.1,1.1,4.9,LOW,LOW,LOW,LOW,S,28.7,23.3
2026-07-09 03:15,3,15,3,0.7518,0.6593,0.4339,-0.901,0,0,0,Clear,1.0,1.3,1.4,1.1,1.1,6.2,6.3,5.0,5.0,1.4,1.4,1.1,1.1,5.0,LOW,LOW,LOW,LOW,N,28.9,23.1
2026-07-09 03:30,3,30,3,0.7934,0.6088,0.4339,-0.901,0,0,0,Clear,1.0,1.4,1.4,1.1,1.1,6.0,5.7,5.2,5.1,1.3,1.3,1.1,1.1,4.8,LOW,LOW,LOW,LOW,N,27.8,24.2
2026-07-09 03:45,3,45,3,0.8315,0.5556,0.4339,-0.901,0,0,0,Clear,1.0,1.3,1.3,1.1,1.1,5.9,5.9,4.9,4.8,1.3,1.3,1.1,1.1,4.8,LOW,LOW,LOW,LOW,N,28.5,23.5
2026-07-09 04:00,4,0,3,0.866,0.5,0.4339,-0.901,0,0,0,Rain,1.25,1.3,1.3,1.1,1.1,7.6,7.3,6.2,6.5,1.7,1.6,1.4,1.4,6.1,LOW,LOW,LOW,LOW,N,28.1,23.9
2026-07-09 04:15,4,15,3,0.8969,0.4423,0.4339,-0.901,0,0,0,Clear,1.0,1.7,1.6,1.4,1.4,6.2,5.9,5.1,4.9,1.4,1.3,1.1,1.1,4.9,LOW,LOW,LOW,LOW,N,28.5,23.5
2026-07-09 04:30,4,30,3,0.9239,0.3827,0.4339,-0.901,0,0,0,Clear,1.0,1.4,1.3,1.1,1.1,6.1,6.2,4.8,5.0,1.3,1.4,1.1,1.1,4.9,LOW,LOW,LOW,LOW,S,28.9,23.1
2026-07-09 04:45,4,45,3,0.9469,0.3214,0.4339,-0.901,0,0,0,Rain,1.25,1.3,1.4,1.1,1.1,7.7,7.6,6.5,6.2,1.7,1.7,1.4,1.4,6.2,LOW,LOW,LOW,LOW,N,28.3,23.7
2026-07-09 05:00,5,0,3,0.9659,0.2588,0.4339,-0.901,0,0,0,Clear,1.0,1.7,1.7,1.4,1.4,5.7,5.7,5.0,5.2,1.3,1.3,1.1,1.1,4.8,LOW,LOW,LOW,LOW,N,27.3,24.7
2026-07-09 05:15,5,15,3,0.9808,0.1951,0.4339,-0.901,0,0,0,Clear,1.0,1.3,1.3,1.1,1.1,5.9,6.1,5.2,5.2,1.3,1.3,1.1,1.1,4.8,LOW,LOW,LOW,LOW,N,28.0,24.0
2026-07-09 05:30,5,30,3,0.9914,0.1305,0.4339,-0.901,0,0,0,Clear,1.0,1.3,1.3,1.1,1.1,5.9,6.2,4.8,5.0,1.3,1.4,1.1,1.1,4.9,LOW,LOW,LOW,LOW,S,28.8,23.2
2026-07-09 05:45,5,45,3,0.9979,0.0654,0.4339,-0.901,0,0,0,Clear,1.0,1.3,1.4,1.1,1.1,5.8,5.8,5.1,4.9,1.3,1.3,1.1,1.1,4.8,LOW,LOW,LOW,LOW,N,27.8,24.2
2026-07-09 06:00,6,0,3,1.0,0.0,0.4339,-0.901,0,0,0,Clear,1.0,1.3,1.3,1.1,1.1,26.0,26.2,21.9,22.2,5.7,5.8,4.8,4.9,21.2,LOW,LOW,LOW,LOW,S,28.2,23.8
2026-07-09 06:15,6,15,3,0.9979,-0.0654,0.4339,-0.901,0,0,0,Clear,1.0,5.7,5.8,4.8,4.9,25.3,24.6,21.0,22.8,5.6,5.4,4.6,5.0,20.6,LOW,LOW,LOW,LOW,N,27.5,24.5
2026-07-09 06:30,6,30,3,0.9914,-0.1305,0.4339,-0.901,0,0,0,Clear,1.0,5.6,5.4,4.6,5.0,25.8,24.4,22.7,21.6,5.7,5.4,5.0,4.8,20.9,LOW,LOW,LOW,LOW,N,27.6,24.4
2026-07-09 06:45,6,45,3,0.9808,-0.1951,0.4339,-0.901,0,0,0,Clear,1.0,5.7,5.4,5.0,4.8,24.5,24.9,21.2,21.7,5.4,5.5,4.7,4.8,20.4,LOW,LOW,LOW,LOW,S,27.8,24.2
2026-07-09 07:00,7,0,3,0.9659,-0.2588,0.4339,-0.901,0,1,0,Clear,1.0,5.4,5.5,4.7,4.8,109.9,18.2,84.5,18.0,24.2,4.0,18.6,4.0,50.8,VERY_HIGH,LOW,HIGH,LOW,N,29.2,22.8
2026-07-09 07:15,7,15,3,0.9469,-0.3214,0.4339,-0.901,0,1,0,Clear,1.0,24.2,4.0,18.6,4.0,111.6,18.8,86.9,17.3,24.6,4.1,19.1,3.8,51.6,VERY_HIGH,LOW,HIGH,LOW,N,29.1,22.9
2026-07-09 07:30,7,30,3,0.9239,-0.3827,0.4339,-0.901,0,1,0,Heavy Rain,1.5,24.6,4.1,19.1,3.8,161.8,27.8,127.7,25.7,35.6,6.1,28.1,5.7,75.5,VERY_HIGH,MEDIUM,VERY_HIGH,LOW,N,28.9,23.1
2026-07-09 07:45,7,45,3,0.8969,-0.4423,0.4339,-0.901,0,1,0,Clear,1.0,35.6,6.1,28.1,5.7,110.0,18.6,88.9,17.6,24.2,4.1,19.6,3.9,51.8,VERY_HIGH,LOW,HIGH,LOW,N,28.6,23.4
2026-07-09 08:00,8,0,3,0.866,-0.5,0.4339,-0.901,0,1,0,Clear,1.0,24.2,4.1,19.6,3.9,140.6,18.5,110.5,17.5,30.9,4.1,24.3,3.9,63.2,VERY_HIGH,LOW,VERY_HIGH,LOW,N,29.0,23.0
2026-07-09 08:15,8,15,3,0.8315,-0.5556,0.4339,-0.901,0,1,0,Clear,1.0,30.9,4.1,24.3,3.9,144.7,18.3,111.1,18.1,31.8,4.0,24.4,4.0,64.2,VERY_HIGH,LOW,VERY_HIGH,LOW,N,29.3,22.7
2026-07-09 08:30,8,30,3,0.7934,-0.6088,0.4339,-0.901,0,1,0,Clear,1.0,31.8,4.0,24.4,4.0,137.8,18.0,107.6,18.7,30.3,4.0,23.7,4.1,62.1,VERY_HIGH,LOW,HIGH,LOW,N,29.0,23.0
2026-07-09 08:45,8,45,3,0.7518,-0.6593,0.4339,-0.901,0,1,0,Clear,1.0,30.3,4.0,23.7,4.1,136.5,18.0,106.7,17.4,30.0,4.0,23.5,3.8,61.3,VERY_HIGH,LOW,HIGH,LOW,N,29.1,22.9
2026-07-09 09:00,9,0,3,0.7071,-0.7071,0.4339,-0.901,0,1,0,Clear,1.0,30.0,4.0,23.5,3.8,113.6,17.2,83.2,17.6,25.0,3.8,18.3,3.9,51.0,VERY_HIGH,LOW,HIGH,LOW,N,29.8,22.2
2026-07-09 09:15,9,15,3,0.6593,-0.7518,0.4339,-0.901,0,1,0,Clear,1.0,25.0,3.8,18.3,3.9,113.7,18.1,84.5,17.2,25.0,4.0,18.6,3.8,51.4,VERY_HIGH,LOW,HIGH,LOW,N,29.6,22.4
2026-07-09 09:30,9,30,3,0.6088,-0.7934,0.4339,-0.901,0,1,0,Clear,1.0,25.0,4.0,18.6,3.8,110.6,17.3,85.5,18.1,24.3,3.8,18.8,4.0,50.9,VERY_HIGH,LOW,HIGH,LOW,N,29.1,22.9
2026-07-09 09:45,9,45,3,0.5556,-0.8315,0.4339,-0.901,0,1,0,Clear,1.0,24.3,3.8,18.8,4.0,112.2,17.9,83.1,18.3,24.7,3.9,18.3,4.0,50.9,VERY_HIGH,LOW,HIGH,LOW,N,29.6,22.4
2026-07-09 10:00,10,0,3,0.5,-0.866,0.4339,-0.901,0,0,0,Clear,1.0,24.7,3.9,18.3,4.0,25.5,24.6,22.8,21.0,5.6,5.4,5.0,4.6,20.6,LOW,LOW,LOW,LOW,N,27.6,24.4
2026-07-09 10:15,10,15,3,0.4423,-0.8969,0.4339,-0.901,0,0,0,Clear,1.0,5.6,5.4,5.0,4.6,23.8,25.8,21.8,22.4,5.2,5.7,4.8,4.9,20.6,LOW,LOW,LOW,LOW,S,27.7,24.3
2026-07-09 10:30,10,30,3,0.3827,-0.9239,0.4339,-0.901,0,0,0,Clear,1.0,5.2,5.7,4.8,4.9,25.1,24.4,22.6,22.9,5.5,5.4,5.0,5.0,20.9,LOW,LOW,LOW,LOW,N,27.1,24.9
2026-07-09 10:45,10,45,3,0.3214,-0.9469,0.4339,-0.901,0,0,0,Clear,1.0,5.5,5.4,5.0,5.0,24.8,25.4,22.6,21.5,5.5,5.6,5.0,4.7,20.8,LOW,LOW,LOW,LOW,S,27.6,24.4
2026-07-09 11:00,11,0,3,0.2588,-0.9659,0.4339,-0.901,0,0,0,Clear,1.0,5.5,5.6,5.0,4.7,41.0,40.6,34.5,36.4,9.0,8.9,7.6,8.0,33.5,MEDIUM,MEDIUM,MEDIUM,MEDIUM,N,27.7,24.3
2026-07-09 11:15,11,15,3,0.1951,-0.9808,0.4339,-0.901,0,0,0,Clear,1.0,9.0,8.9,7.6,8.0,39.0,41.2,36.4,36.0,8.6,9.1,8.0,7.9,33.6,MEDIUM,MEDIUM,MEDIUM,MEDIUM,S,27.5,24.5
2026-07-09 11:30,11,30,3,0.1305,-0.9914,0.4339,-0.901,0,0,0,Rain,1.25,8.6,9.1,8.0,7.9,49.6,52.4,44.4,42.4,10.9,11.5,9.8,9.3,41.5,MEDIUM,MEDIUM,MEDIUM,MEDIUM,S,28.1,23.9
2026-07-09 11:45,11,45,3,0.0654,-0.9979,0.4339,-0.901,0,0,0,Clear,1.0,10.9,11.5,9.8,9.3,39.1,40.7,33.3,34.9,8.6,9.0,7.3,7.7,32.6,MEDIUM,MEDIUM,MEDIUM,MEDIUM,S,28.0,24.0
2026-07-09 12:00,12,0,3,0.0,-1.0,0.4339,-0.901,0,0,0,Clear,1.0,8.6,9.0,7.3,7.7,42.0,41.2,34.5,33.5,9.2,9.1,7.6,7.4,33.3,MEDIUM,MEDIUM,MEDIUM,MEDIUM,N,28.6,23.4
2026-07-09 12:15,12,15,3,-0.0654,-0.9979,0.4339,-0.901,0,0,0,Clear,1.0,9.2,9.1,7.6,7.4,41.6,38.9,34.8,36.1,9.2,8.6,7.7,7.9,33.4,MEDIUM,MEDIUM,MEDIUM,MEDIUM,N,27.7,24.3
2026-07-09 12:30,12,30,3,-0.1305,-0.9914,0.4339,-0.901,0,0,0,Clear,1.0,9.2,8.6,7.7,7.9,40.0,41.6,34.2,34.3,8.8,9.2,7.5,7.5,33.0,MEDIUM,MEDIUM,MEDIUM,MEDIUM,S,28.4,23.6
2026-07-09 12:45,12,45,3,-0.1951,-0.9808,0.4339,-0.901,0,0,0,Clear,1.0,8.8,9.2,7.5,7.5,39.2,41.8,33.3,34.1,8.6,9.2,7.3,7.5,32.6,MEDIUM,MEDIUM,MEDIUM,MEDIUM,S,28.5,23.5
2026-07-09 13:00,13,0,3,-0.2588,-0.9659,0.4339,-0.901,0,0,0,Clear,1.0,8.6,9.2,7.3,7.5,38.5,41.9,35.7,33.4,8.5,9.2,7.9,7.3,32.9,MEDIUM,MEDIUM,MEDIUM,MEDIUM,S,28.0,24.0
2026-07-09 13:15,13,15,3,-0.3214,-0.9469,0.4339,-0.901,0,0,0,Clear,1.0,8.5,9.2,7.9,7.3,39.5,39.4,33.8,35.9,8.7,8.7,7.4,7.9,32.7,MEDIUM,MEDIUM,MEDIUM,MEDIUM,N,27.4,24.6
2026-07-09 13:30,13,30,3,-0.3827,-0.9239,0.4339,-0.901,0,0,0,Rain,1.25,8.7,8.7,7.4,7.9,51.2,49.9,41.6,45.6,11.3,11.0,9.2,10.0,41.5,MEDIUM,MEDIUM,MEDIUM,MEDIUM,N,27.7,24.3
2026-07-09 13:45,13,45,3,-0.4423,-0.8969,0.4339,-0.901,0,0,0,Clear,1.0,11.3,11.0,9.2,10.0,40.8,40.6,36.3,33.9,9.0,8.9,8.0,7.5,33.4,MEDIUM,MEDIUM,MEDIUM,MEDIUM,N,27.7,24.3
2026-07-09 14:00,14,0,3,-0.5,-0.866,0.4339,-0.901,0,0,0,Clear,1.0,9.0,8.9,8.0,7.5,38.1,39.1,33.3,34.1,8.4,8.6,7.3,7.5,31.8,MEDIUM,MEDIUM,MEDIUM,MEDIUM,S,27.8,24.2
2026-07-09 14:15,14,15,3,-0.5556,-0.8315,0.4339,-0.901,0,0,0,Clear,1.0,8.4,8.6,7.3,7.5,41.5,40.2,34.1,35.4,9.1,8.8,7.5,7.8,33.2,MEDIUM,MEDIUM,MEDIUM,MEDIUM,N,28.1,23.9
2026-07-09 14:30,14,30,3,-0.6088,-0.7934,0.4339,-0.901,0,0,0,Clear,1.0,9.1,8.8,7.5,7.8,39.2,39.6,36.6,36.1,8.6,8.7,8.1,7.9,33.3,MEDIUM,MEDIUM,MEDIUM,MEDIUM,S,27.0,25.0
2026-07-09 14:45,14,45,3,-0.6593,-0.7518,0.4339,-0.901,0,0,0,Rain,1.25,8.6,8.7,8.1,7.9,52.4,52.1,42.6,43.5,11.5,11.5,9.4,9.6,42.0,MEDIUM,MEDIUM,MEDIUM,MEDIUM,N,28.5,23.5
2026-07-09 15:00,15,0,3,-0.7071,-0.7071,0.4339,-0.901,0,0,0,Clear,1.0,11.5,11.5,9.4,9.6,38.1,38.9,34.9,34.8,8.4,8.6,7.7,7.7,32.4,MEDIUM,MEDIUM,MEDIUM,MEDIUM,S,27.3,24.7
2026-07-09 15:15,15,15,3,-0.7518,-0.6593,0.4339,-0.901,0,0,0,Clear,1.0,8.4,8.6,7.7,7.7,40.2,41.9,33.9,34.9,8.8,9.2,7.5,7.7,33.2,MEDIUM,MEDIUM,MEDIUM,MEDIUM,S,28.3,23.7
2026-07-09 15:30,15,30,3,-0.7934,-0.6088,0.4339,-0.901,0,0,0,Clear,1.0,8.8,9.2,7.5,7.7,41.8,41.2,36.1,36.2,9.2,9.1,7.9,8.0,34.2,MEDIUM,MEDIUM,MEDIUM,MEDIUM,N,27.8,24.2
2026-07-09 15:45,15,45,3,-0.8315,-0.5556,0.4339,-0.901,0,0,0,Clear,1.0,9.2,9.1,7.9,8.0,40.1,39.3,36.2,35.2,8.8,8.6,8.0,7.7,33.1,MEDIUM,MEDIUM,MEDIUM,MEDIUM,N,27.4,24.6
2026-07-09 16:00,16,0,3,-0.866,-0.5,0.4339,-0.901,0,0,1,Clear,1.0,8.8,8.6,8.0,7.7,18.4,107.9,18.7,81.3,4.0,23.7,4.1,17.9,49.7,LOW,HIGH,LOW,HIGH,S,29.4,22.6
2026-07-09 16:15,16,15,3,-0.8969,-0.4423,0.4339,-0.901,0,0,1,Clear,1.0,4.0,23.7,4.1,17.9,17.1,106.2,18.0,84.4,3.8,23.4,4.0,18.6,49.8,LOW,HIGH,LOW,HIGH,S,28.8,23.2
2026-07-09 16:30,16,30,3,-0.9239,-0.3827,0.4339,-0.901,0,0,1,Rain,1.25,3.8,23.4,4.0,18.6,23.4,141.4,23.6,105.0,5.1,31.1,5.2,23.1,64.5,LOW,VERY_HIGH,LOW,HIGH,S,29.6,22.4
2026-07-09 16:45,16,45,3,-0.9469,-0.3214,0.4339,-0.901,0,0,1,Clear,1.0,5.1,31.1,5.2,23.1,18.8,106.6,17.1,88.9,4.1,23.5,3.8,19.6,51.0,LOW,HIGH,LOW,HIGH,S,28.3,23.7
2026-07-09 17:00,17,0,3,-0.9659,-0.2588,0.4339,-0.901,0,0,1,Clear,1.0,4.1,23.5,3.8,19.6,18.9,128.3,18.8,106.6,4.2,28.2,4.1,23.5,60.0,LOW,VERY_HIGH,LOW,HIGH,S,28.3,23.7
2026-07-09 17:15,17,15,3,-0.9808,-0.1951,0.4339,-0.901,0,0,1,Clear,1.0,4.2,28.2,4.1,23.5,18.0,137.2,17.4,106.3,4.0,30.2,3.8,23.4,61.4,LOW,VERY_HIGH,LOW,HIGH,S,29.2,22.8
2026-07-09 17:30,17,30,3,-0.9914,-0.1305,0.4339,-0.901,0,0,1,Clear,1.0,4.0,30.2,3.8,23.4,18.6,126.8,17.3,104.2,4.1,27.9,3.8,22.9,58.7,LOW,VERY_HIGH,LOW,HIGH,S,28.5,23.5
2026-07-09 17:45,17,45,3,-0.9979,-0.0654,0.4339,-0.901,0,0,1,Clear,1.0,4.1,27.9,3.8,22.9,17.6,131.4,17.4,98.1,3.9,28.9,3.8,21.6,58.2,LOW,VERY_HIGH,LOW,HIGH,S,29.6,22.4
2026-07-09 18:00,18,0,3,-1.0,-0.0,0.4339,-0.901,0,0,1,Clear,1.0,3.9,28.9,3.8,21.6,17.7,132.6,18.0,103.1,3.9,29.2,4.0,22.7,59.8,LOW,VERY_HIGH,LOW,HIGH,S,29.1,22.9
2026-07-09 18:15,18,15,3,-0.9979,0.0654,0.4339,-0.901,0,0,1,Clear,1.0,3.9,29.2,4.0,22.7,18.3,133.9,18.8,100.3,4.0,29.5,4.1,22.1,59.7,LOW,VERY_HIGH,LOW,HIGH,S,29.5,22.5
2026-07-09 18:30,18,30,3,-0.9914,0.1305,0.4339,-0.901,0,0,1,Clear,1.0,4.0,29.5,4.1,22.1,17.9,129.8,18.0,100.5,3.9,28.6,4.0,22.1,58.6,LOW,VERY_HIGH,LOW,HIGH,S,29.1,22.9
2026-07-09 18:45,18,45,3,-0.9808,0.1951,0.4339,-0.901,0,0,1,Clear,1.0,3.9,28.6,4.0,22.1,18.5,127.0,17.5,103.7,4.1,27.9,3.9,22.8,58.7,LOW,VERY_HIGH,LOW,HIGH,S,28.5,23.5
2026-07-09 19:00,19,0,3,-0.9659,0.2588,0.4339,-0.901,0,0,1,Clear,1.0,4.1,27.9,3.9,22.8,18.7,104.7,18.5,83.6,4.1,23.0,4.1,18.4,49.6,LOW,HIGH,LOW,HIGH,S,28.7,23.3
2026-07-09 19:15,19,15,3,-0.9469,0.3214,0.4339,-0.901,0,0,1,Clear,1.0,4.1,23.0,4.1,18.4,17.3,104.9,18.8,83.8,3.8,23.1,4.1,18.4,49.4,LOW,HIGH,LOW,HIGH,S,28.7,23.3
2026-07-09 19:30,19,30,3,-0.9239,0.3827,0.4339,-0.901,0,0,1,Rain,1.25,3.8,23.1,4.1,18.4,23.5,130.9,21.4,110.0,5.2,28.8,4.7,24.2,62.9,LOW,VERY_HIGH,LOW,VERY_HIGH,S,28.2,23.8
2026-07-09 19:45,19,45,3,-0.8969,0.4423,0.4339,-0.901,0,0,1,Clear,1.0,5.2,28.8,4.7,24.2,17.2,115.0,18.3,89.0,3.8,25.3,4.0,19.6,52.7,LOW,VERY_HIGH,LOW,HIGH,S,29.1,22.9
2026-07-09 20:00,20,0,3,-0.866,0.5,0.4339,-0.901,0,0,0,Rain,1.25,3.8,25.3,4.0,19.6,32.7,31.1,28.4,28.2,7.2,6.8,6.2,6.2,26.4,MEDIUM,MEDIUM,MEDIUM,MEDIUM,N,27.7,24.3
2026-07-09 20:15,20,15,3,-0.8315,0.5556,0.4339,-0.901,0,0,0,Clear,1.0,7.2,6.8,6.2,6.2,25.4,26.0,22.7,21.3,5.6,5.7,5.0,4.7,21.0,LOW,LOW,LOW,LOW,S,27.9,24.1
2026-07-09 20:30,20,30,3,-0.7934,0.6088,0.4339,-0.901,0,0,0,Rain,1.25,5.6,5.7,5.0,4.7,30.8,31.7,28.2,27.1,6.8,7.0,6.2,6.0,26.0,MEDIUM,MEDIUM,MEDIUM,MEDIUM,S,27.6,24.4
2026-07-09 20:45,20,45,3,-0.7518,0.6593,0.4339,-0.901,0,0,0,Clear,1.0,6.8,7.0,6.2,6.0,25.3,25.3,22.5,23.0,5.6,5.6,5.0,5.1,21.3,LOW,LOW,LOW,LOW,N,27.3,24.7
2026-07-09 21:00,21,0,3,-0.7071,0.7071,0.4339,-0.901,0,0,0,Clear,1.0,5.6,5.6,5.0,5.1,24.1,24.8,22.6,21.0,5.3,5.5,5.0,4.6,20.4,LOW,LOW,LOW,LOW,S,27.4,24.6
2026-07-09 21:15,21,15,3,-0.6593,0.7518,0.4339,-0.901,0,0,0,Heavy Rain,1.5,5.3,5.5,5.0,4.6,35.8,35.8,31.4,31.6,7.9,7.9,6.9,7.0,29.7,MEDIUM,MEDIUM,MEDIUM,MEDIUM,N,27.6,24.4
2026-07-09 21:30,21,30,3,-0.6088,0.7934,0.4339,-0.901,0,0,0,Clear,1.0,7.9,7.9,6.9,7.0,25.1,26.0,21.1,22.9,5.5,5.7,4.6,5.0,20.8,LOW,LOW,LOW,LOW,S,27.8,24.2
2026-07-09 21:45,21,45,3,-0.5556,0.8315,0.4339,-0.901,0,0,0,Clear,1.0,5.5,5.7,4.6,5.0,24.0,25.1,21.1,22.9,5.3,5.5,4.6,5.0,20.4,LOW,LOW,LOW,LOW,S,27.3,24.7
2026-07-09 22:00,22,0,3,-0.5,0.866,0.4339,-0.901,0,0,0,Clear,1.0,5.3,5.5,4.6,5.0,26.2,25.9,21.2,22.9,5.8,5.7,4.7,5.0,21.2,LOW,LOW,LOW,LOW,N,28.0,24.0
2026-07-09 22:15,22,15,3,-0.4423,0.8969,0.4339,-0.901,0,0,0,Clear,1.0,5.8,5.7,4.7,5.0,23.8,23.8,21.1,21.8,5.2,5.2,4.6,4.8,19.8,LOW,LOW,LOW,LOW,N,27.2,24.8
2026-07-09 22:30,22,30,3,-0.3827,0.9239,0.4339,-0.901,0,0,0,Clear,1.0,5.2,5.2,4.6,4.8,24.0,25.9,21.6,22.0,5.3,5.7,4.8,4.8,20.6,LOW,LOW,LOW,LOW,S,27.9,24.1
2026-07-09 22:45,22,45,3,-0.3214,0.9469,0.4339,-0.901,0,0,0,Clear,1.0,5.3,5.7,4.8,4.8,26.1,26.0,21.0,22.8,5.7,5.7,4.6,5.0,21.0,LOW,LOW,LOW,LOW,N,28.0,24.0
2026-07-09 23:00,23,0,3,-0.2588,0.9659,0.4339,-0.901,0,0,0,Clear,1.0,5.7,5.7,4.6,5.0,6.1,6.0,4.8,4.9,1.3,1.3,1.1,1.1,4.8,LOW,LOW,LOW,LOW,N,28.8,23.2
2026-07-09 23:15,23,15,3,-0.1951,0.9808,0.4339,-0.901,0,0,0,Clear,1.0,1.3,1.3,1.1,1.1,5.8,5.8,5.1,5.2,1.3,1.3,1.1,1.1,4.8,LOW,LOW,LOW,LOW,N,27.5,24.5
2026-07-09 23:30,23,30,3,-0.1305,0.9914,0.4339,-0.901,0,0,0,Clear,1.0,1.3,1.3,1.1,1.1,6.2,5.9,5.0,5.2,1.4,1.3,1.1,1.1,4.9,LOW,LOW,LOW,LOW,N,28.2,23.8
2026-07-09 23:45,23,45,3,-0.0654,0.9979,0.4339,-0.901,0,0,0,Clear,1.0,1.4,1.3,1.1,1.1,5.9,6.2,4.9,4.8,1.3,1.4,1.1,1.1,4.9,LOW,LOW,LOW,LOW,S,29.0,23.0
2026-07-10 00:00,0,0,4,0.0,1.0,-0.4339,-0.901,0,0,0,Clear,1.0,1.3,1.4,1.1,1.1,5.9,5.8,5.2,5.1,1.3,1.3,1.1,1.1,4.8,LOW,LOW,LOW,LOW,N,27.6,24.4
2026-07-10 00:15,0,15,4,0.0654,0.9979,-0.4339,-0.901,0,0,0,Clear,1.0,1.3,1.3,1.1,1.1,6.3,6.0,5.0,5.0,1.4,1.3,1.1,1.1,4.9,LOW,LOW,LOW,LOW,N,28.8,23.2
2026-07-10 00:30,0,30,4,0.1305,0.9914,-0.4339,-0.901,0,0,0,Clear,1.0,1.4,1.3,1.1,1.1,6.2,5.9,5.1,5.1,1.4,1.3,1.1,1.1,4.9,LOW,LOW,LOW,LOW,N,28.4,23.6
2026-07-10 00:45,0,45,4,0.1951,0.9808,-0.4339,-0.901,0,0,0,Rain,1.25,1.4,1.3,1.1,1.1,7.2,7.2,6.3,6.3,1.6,1.6,1.4,1.4,6.0,LOW,LOW,LOW,LOW,N,27.7,24.3
2026-07-10 01:00,1,0,4,0.2588,0.9659,-0.4339,-0.901,0,0,0,Clear,1.0,1.6,1.6,1.4,1.4,5.9,5.7,5.1,4.9,1.3,1.3,1.1,1.1,4.8,LOW,LOW,LOW,LOW,N,27.9,24.1
2026-07-10 01:15,1,15,4,0.3214,0.9469,-0.4339,-0.901,0,0,0,Clear,1.0,1.3,1.3,1.1,1.1,6.2,5.7,5.1,5.1,1.4,1.3,1.1,1.1,4.9,LOW,LOW,LOW,LOW,N,28.3,23.7
2026-07-10 01:30,1,30,4,0.3827,0.9239,-0.4339,-0.901,0,0,0,Clear,1.0,1.4,1.3,1.1,1.1,6.0,6.3,5.2,4.9,1.3,1.4,1.1,1.1,4.9,LOW,LOW,LOW,LOW,S,28.5,23.5
2026-07-10 01:45,1,45,4,0.4423,0.8969,-0.4339,-0.901,0,0,0,Clear,1.0,1.3,1.4,1.1,1.1,6.1,5.8,4.9,5.0,1.3,1.3,1.1,1.1,4.8,LOW,LOW,LOW,LOW,N,28.5,23.5
2026-07-10 02:00,2,0,4,0.5,0.866,-0.4339,-0.901,0,0,0,Clear,1.0,1.3,1.3,1.1,1.1,5.9,6.1,5.1,5.2,1.3,1.3,1.1,1.1,4.8,LOW,LOW,LOW,LOW,N,28.0,24.0
2026-07-10 02:15,2,15,4,0.5556,0.8315,-0.4339,-0.901,0,0,0,Clear,1.0,1.3,1.3,1.1,1.1,5.9,6.3,5.1,4.9,1.3,1.4,1.1,1.1,4.9,LOW,LOW,LOW,LOW,S,28.7,23.3
2026-07-10 02:30,2,30,4,0.6088,0.7934,-0.4339,-0.901,0,0,0,Clear,1.0,1.3,1.4,1.1,1.1,5.7,6.3,5.0,4.8,1.3,1.4,1.1,1.1,4.9,LOW,LOW,LOW,LOW,S,28.8,23.2
2026-07-10 02:45,2,45,4,0.6593,0.7518,-0.4339,-0.901,0,0,0,Clear,1.0,1.3,1.4,1.1,1.1,6.0,6.1,4.9,4.9,1.3,1.3,1.1,1.1,4.8,LOW,LOW,LOW,LOW,N,28.8,23.2
2026-07-10 03:00,3,0,4,0.7071,0.7071,-0.4339,-0.901,0,0,0,Clear,1.0,1.3,1.3,1.1,1.1,6.3,5.9,5.0,5.0,1.4,1.3,1.1,1.1,4.9,LOW,LOW,LOW,LOW,N,28.8,23.2
2026-07-10 03:15,3,15,4,0.7518,0.6593,-0.4339,-0.901,0,0,0,Clear,1.0,1.4,1.3,1.1,1.1,6.2,5.8,4.8,4.8,1.4,1.3,1.1,1.1,4.9,LOW,LOW,LOW,LOW,N,29.1,22.9
2026-07-10 03:30,3,30,4,0.7934,0.6088,-0.4339,-0.901,0,0,0,Clear,1.0,1.4,1.3,1.1,1.1,6.1,6.0,4.8,5.1,1.3,1.3,1.1,1.1,4.8,LOW,LOW,LOW,LOW,N,28.5,23.5
2026-07-10 03:45,3,45,4,0.8315,0.5556,-0.4339,-0.901,0,0,0,Clear,1.0,1.3,1.3,1.1,1.1,5.9,5.9,4.8,4.8,1.3,1.3,1.1,1.1,4.8,LOW,LOW,LOW,LOW,N,28.7,23.3
2026-07-10 04:00,4,0,4,0.866,0.5,-0.4339,-0.901,0,0,0,Clear,1.0,1.3,1.3,1.1,1.1,5.8,5.7,5.2,4.9,1.3,1.3,1.1,1.1,4.8,LOW,LOW,LOW,LOW,N,27.6,24.4
2026-07-10 04:15,4,15,4,0.8969,0.4423,-0.4339,-0.901,0,0,0,Clear,1.0,1.3,1.3,1.1,1.1,6.0,6.2,5.2,5.0,1.3,1.4,1.1,1.1,4.9,LOW,LOW,LOW,LOW,S,28.3,23.7
2026-07-10 04:30,4,30,4,0.9239,0.3827,-0.4339,-0.901,0,0,0,Clear,1.0,1.3,1.4,1.1,1.1,5.9,5.9,5.0,4.8,1.3,1.3,1.1,1.1,4.8,LOW,LOW,LOW,LOW,N,28.3,23.7
2026-07-10 04:45,4,45,4,0.9469,0.3214,-0.4339,-0.901,0,0,0,Clear,1.0,1.3,1.3,1.1,1.1,6.1,5.8,4.8,4.9,1.3,1.3,1.1,1.1,4.8,LOW,LOW,LOW,LOW,N,28.7,23.3
2026-07-10 05:00,5,0,4,0.9659,0.2588,-0.4339,-0.901,0,0,0,Clear,1.0,1.3,1.3,1.1,1.1,6.1,6.2,4.9,4.8,1.3,1.4,1.1,1.1,4.9,LOW,LOW,LOW,LOW,S,29.1,22.9
2026-07-10 05:15,5,15,4,0.9808,0.1951,-0.4339,-0.901,0,0,0,Clear,1.0,1.3,1.4,1.1,1.1,6.2,5.9,4.9,5.2,1.4,1.3,1.1,1.1,4.9,LOW,LOW,LOW,LOW,N,28.3,23.7
2026-07-10 05:30,5,30,4,0.9914,0.1305,-0.4339,-0.901,0,0,0,Clear,1.0,1.4,1.3,1.1,1.1,6.0,6.3,4.8,4.8,1.3,1.4,1.1,1.1,4.9,LOW,LOW,LOW,LOW,S,29.4,22.6
2026-07-10 05:45,5,45,4,0.9979,0.0654,-0.4339,-0.901,0,0,0,Clear,1.0,1.3,1.4,1.1,1.1,6.3,5.7,4.9,5.2,1.4,1.3,1.1,1.1,4.9,LOW,LOW,LOW,LOW,N,28.4,23.6
2026-07-10 06:00,6,0,4,1.0,0.0,-0.4339,-0.901,0,0,0,Heavy Rain,1.5,1.4,1.3,1.1,1.1,35.9,35.8,31.6,34.3,7.9,7.9,7.0,7.5,30.3,MEDIUM,MEDIUM,MEDIUM,MEDIUM,N,26.9,25.1
2026-07-10 06:15,6,15,4,0.9979,-0.0654,-0.4339,-0.901,0,0,0,Clear,1.0,7.9,7.9,7.0,7.5,25.5,24.8,23.0,21.6,5.6,5.5,5.1,4.8,21.0,LOW,LOW,LOW,LOW,N,27.5,24.5
2026-07-10 06:30,6,30,4,0.9914,-0.1305,-0.4339,-0.901,0,0,0,Clear,1.0,5.6,5.5,5.1,4.8,26.0,26.2,21.4,21.6,5.7,5.8,4.7,4.8,21.0,LOW,LOW,LOW,LOW,S,28.5,23.5
2026-07-10 06:45,6,45,4,0.9808,-0.1951,-0.4339,-0.901,0,0,0,Clear,1.0,5.7,5.8,4.7,4.8,25.8,23.9,22.9,22.4,5.7,5.3,5.0,4.9,20.9,LOW,LOW,LOW,LOW,N,27.4,24.6
2026-07-10 07:00,7,0,4,0.9659,-0.2588,-0.4339,-0.901,0,1,0,Clear,1.0,5.7,5.3,5.0,4.9,113.3,18.6,88.8,17.1,24.9,4.1,19.5,3.8,52.3,VERY_HIGH,LOW,HIGH,LOW,N,29.0,23.0
2026-07-10 07:15,7,15,4,0.9469,-0.3214,-0.4339,-0.901,0,1,0,Clear,1.0,24.9,4.1,19.5,3.8,110.1,17.1,84.4,18.2,24.2,3.8,18.6,4.0,50.6,VERY_HIGH,LOW,HIGH,LOW,N,29.2,22.8
2026-07-10 07:30,7,30,4,0.9239,-0.3827,-0.4339,-0.901,0,1,0,Clear,1.0,24.2,3.8,18.6,4.0,113.8,18.7,85.2,18.2,25.0,4.1,18.7,4.0,51.8,VERY_HIGH,LOW,HIGH,LOW,N,29.5,22.5
2026-07-10 07:45,7,45,4,0.8969,-0.4423,-0.4339,-0.901,0,1,0,Rain,1.25,25.0,4.1,18.7,4.0,134.4,21.9,104.8,22.9,29.6,4.8,23.1,5.0,62.5,VERY_HIGH,LOW,HIGH,LOW,N,29.0,23.0
2026-07-10 08:00,8,0,4,0.866,-0.5,-0.4339,-0.901,0,1,0,Clear,1.0,29.6,4.8,23.1,5.0,149.4,18.1,106.4,18.7,32.9,4.0,23.4,4.1,64.4,VERY_HIGH,LOW,HIGH,LOW,N,30.1,21.9
2026-07-10 08:15,8,15,4,0.8315,-0.5556,-0.4339,-0.901,0,1,0,Rain,1.25,32.9,4.0,23.4,4.1,185.5,22.0,137.2,21.7,40.8,4.8,30.2,4.8,80.6,VERY_HIGH,LOW,VERY_HIGH,LOW,N,29.7,22.3
2026-07-10 08:30,8,30,4,0.7934,-0.6088,-0.4339,-0.901,0,1,0,Clear,1.0,40.8,4.8,30.2,4.8,145.0,18.2,115.5,17.9,31.9,4.0,25.4,3.9,65.2,VERY_HIGH,LOW,VERY_HIGH,LOW,N,28.8,23.2
2026-07-10 08:45,8,45,4,0.7518,-0.6593,-0.4339,-0.901,0,1,0,Clear,1.0,31.9,4.0,25.4,3.9,136.4,18.1,116.0,17.3,30.0,4.0,25.5,3.8,63.3,VERY_HIGH,LOW,VERY_HIGH,LOW,N,28.0,24.0
2026-07-10 09:00,9,0,4,0.7071,-0.7071,-0.4339,-0.901,0,1,0,Heavy Rain,1.5,30.0,4.0,25.5,3.8,164.7,25.9,125.3,26.9,36.2,5.7,27.6,5.9,75.4,VERY_HIGH,LOW,VERY_HIGH,LOW,N,29.3,22.7
2026-07-10 09:15,9,15,4,0.6593,-0.7518,-0.4339,-0.901,0,1,0,Clear,1.0,36.2,5.7,27.6,5.9,112.2,17.1,86.2,18.5,24.7,3.8,19.0,4.1,51.6,VERY_HIGH,LOW,HIGH,LOW,N,29.1,22.9
2026-07-10 09:30,9,30,4,0.6088,-0.7934,-0.4339,-0.901,0,1,0,Clear,1.0,24.7,3.8,19.0,4.1,105.4,17.7,83.2,18.9,23.2,3.9,18.3,4.2,49.6,HIGH,LOW,HIGH,LOW,N,28.8,23.2
2026-07-10 09:45,9,45,4,0.5556,-0.8315,-0.4339,-0.901,0,1,0,Clear,1.0,23.2,3.9,18.3,4.2,105.0,18.0,88.7,17.9,23.1,4.0,19.5,3.9,50.5,HIGH,LOW,HIGH,LOW,N,28.1,23.9
2026-07-10 10:00,10,0,4,0.5,-0.866,-0.4339,-0.901,0,0,0,Rain,1.25,23.1,4.0,19.5,3.9,31.9,32.7,26.3,28.0,7.0,7.2,5.8,6.2,26.2,MEDIUM,MEDIUM,LOW,MEDIUM,S,28.1,23.9
2026-07-10 10:15,10,15,4,0.4423,-0.8969,-0.4339,-0.901,0,0,0,Clear,1.0,7.0,7.2,5.8,6.2,23.8,23.9,21.8,22.1,5.2,5.3,4.8,4.9,20.2,LOW,LOW,LOW,LOW,S,27.0,25.0
2026-07-10 10:30,10,30,4,0.3827,-0.9239,-0.4339,-0.901,0,0,0,Clear,1.0,5.2,5.3,4.8,4.9,26.1,25.4,21.9,21.4,5.7,5.6,4.8,4.7,20.8,LOW,LOW,LOW,LOW,N,28.3,23.7
2026-07-10 10:45,10,45,4,0.3214,-0.9469,-0.4339,-0.901,0,0,0,Clear,1.0,5.7,5.6,4.8,4.7,25.5,26.0,21.3,21.9,5.6,5.7,4.7,4.8,20.8,LOW,LOW,LOW,LOW,S,28.3,23.7
2026-07-10 11:00,11,0,4,0.2588,-0.9659,-0.4339,-0.901,0,0,0,Clear,1.0,5.6,5.7,4.7,4.8,40.6,39.3,33.4,36.0,8.9,8.6,7.3,7.9,32.7,MEDIUM,MEDIUM,MEDIUM,MEDIUM,N,27.7,24.3
2026-07-10 11:15,11,15,4,0.1951,-0.9808,-0.4339,-0.901,0,0,0,Clear,1.0,8.9,8.6,7.3,7.9,41.7,39.1,34.2,34.9,9.2,8.6,7.5,7.7,33.0,MEDIUM,MEDIUM,MEDIUM,MEDIUM,N,28.2,23.8
2026-07-10 11:30,11,30,4,0.1305,-0.9914,-0.4339,-0.901,0,0,0,Rain,1.25,9.2,8.6,7.5,7.7,49.8,52.0,45.5,45.1,11.0,11.4,10.0,9.9,42.3,MEDIUM,MEDIUM,MEDIUM,MEDIUM,S,27.6,24.4
2026-07-10 11:45,11,45,4,0.0654,-0.9979,-0.4339,-0.901,0,0,0,Clear,1.0,11.0,11.4,10.0,9.9,39.5,39.3,36.5,35.4,8.7,8.6,8.0,7.8,33.1,MEDIUM,MEDIUM,MEDIUM,MEDIUM,N,27.1,24.9
2026-07-10 12:00,12,0,4,0.0,-1.0,-0.4339,-0.901,0,0,0,Clear,1.0,8.7,8.6,8.0,7.8,38.3,38.6,36.2,35.1,8.4,8.5,8.0,7.7,32.6,MEDIUM,MEDIUM,MEDIUM,MEDIUM,S,26.9,25.1
2026-07-10 12:15,12,15,4,-0.0654,-0.9979,-0.4339,-0.901,0,0,0,Clear,1.0,8.4,8.5,8.0,7.7,41.6,40.3,33.5,33.9,9.2,8.9,7.4,7.5,33.0,MEDIUM,MEDIUM,MEDIUM,MEDIUM,N,28.6,23.4
2026-07-10 12:30,12,30,4,-0.1305,-0.9914,-0.4339,-0.901,0,0,0,Clear,1.0,9.2,8.9,7.4,7.5,39.8,39.9,33.8,35.2,8.8,8.8,7.4,7.7,32.7,MEDIUM,MEDIUM,MEDIUM,MEDIUM,N,27.8,24.2
2026-07-10 12:45,12,45,4,-0.1951,-0.9808,-0.4339,-0.901,0,0,0,Clear,1.0,8.8,8.8,7.4,7.7,40.5,40.4,35.1,33.5,8.9,8.9,7.7,7.4,32.9,MEDIUM,MEDIUM,MEDIUM,MEDIUM,N,28.0,24.0
2026-07-10 13:00,13,0,4,-0.2588,-0.9659,-0.4339,-0.901,0,0,0,Clear,1.0,8.9,8.9,7.7,7.4,38.9,39.0,34.4,36.1,8.6,8.6,7.6,7.9,32.7,MEDIUM,MEDIUM,MEDIUM,MEDIUM,N,27.2,24.8
2026-07-10 13:15,13,15,4,-0.3214,-0.9469,-0.4339,-0.901,0,0,0,Clear,1.0,8.6,8.6,7.6,7.9,38.5,39.6,33.6,36.5,8.5,8.7,7.4,8.0,32.6,MEDIUM,MEDIUM,MEDIUM,MEDIUM,S,27.2,24.8
2026-07-10 13:30,13,30,4,-0.3827,-0.9239,-0.4339,-0.901,0,0,0,Clear,1.0,8.5,8.7,7.4,8.0,42.0,38.6,36.7,34.4,9.2,8.5,8.1,7.6,33.4,MEDIUM,MEDIUM,MEDIUM,MEDIUM,N,27.7,24.3
2026-07-10 13:45,13,45,4,-0.4423,-0.8969,-0.4339,-0.901,0,0,0,Rain,1.25,9.2,8.5,8.1,7.6,48.5,50.9,43.0,45.3,10.7,11.2,9.5,10.0,41.4,MEDIUM,MEDIUM,MEDIUM,MEDIUM,S,27.5,24.5
2026-07-10 14:00,14,0,4,-0.5,-0.866,-0.4339,-0.901,0,0,0,Clear,1.0,10.7,11.2,9.5,10.0,40.0,39.2,35.3,36.6,8.8,8.6,7.8,8.1,33.3,MEDIUM,MEDIUM,MEDIUM,MEDIUM,N,27.2,24.8
2026-07-10 14:15,14,15,4,-0.5556,-0.8315,-0.4339,-0.901,0,0,0,Clear,1.0,8.8,8.6,7.8,8.1,38.2,42.0,35.3,34.4,8.4,9.2,7.8,7.6,33.0,MEDIUM,MEDIUM,MEDIUM,MEDIUM,S,28.0,24.0
2026-07-10 14:30,14,30,4,-0.6088,-0.7934,-0.4339,-0.901,0,0,0,Clear,1.0,8.4,9.2,7.8,7.6,38.7,40.5,35.2,36.6,8.5,8.9,7.7,8.1,33.2,MEDIUM,MEDIUM,MEDIUM,MEDIUM,S,27.3,24.7
2026-07-10 14:45,14,45,4,-0.6593,-0.7518,-0.4339,-0.901,0,0,0,Rain,1.25,8.5,8.9,7.7,8.1,48.2,50.4,43.4,43.0,10.6,11.1,9.5,9.5,40.7,MEDIUM,MEDIUM,MEDIUM,MEDIUM,S,27.8,24.2
2026-07-10 15:00,15,0,4,-0.7071,-0.7071,-0.4339,-0.901,0,0,0,Clear,1.0,10.6,11.1,9.5,9.5,41.7,38.1,36.5,36.3,9.2,8.4,8.0,8.0,33.6,MEDIUM,MEDIUM,MEDIUM,MEDIUM,N,27.5,24.5
2026-07-10 15:15,15,15,4,-0.7518,-0.6593,-0.4339,-0.901,0,0,0,Heavy Rain,1.5,9.2,8.4,8.0,8.0,59.0,59.5,52.3,54.8,13.0,13.1,11.5,12.1,49.7,MEDIUM,MEDIUM,MEDIUM,MEDIUM,S,27.2,24.8
2026-07-10 15:30,15,30,4,-0.7934,-0.6088,-0.4339,-0.901,0,0,0,Clear,1.0,13.0,13.1,11.5,12.1,40.8,38.3,35.2,34.9,9.0,8.4,7.7,7.7,32.8,MEDIUM,MEDIUM,MEDIUM,MEDIUM,N,27.7,24.3
2026-07-10 15:45,15,45,4,-0.8315,-0.5556,-0.4339,-0.901,0,0,0,Clear,1.0,9.0,8.4,7.7,7.7,41.5,39.1,36.0,33.9,9.1,8.6,7.9,7.5,33.1,MEDIUM,MEDIUM,MEDIUM,MEDIUM,N,27.8,24.2
2026-07-10 16:00,16,0,4,-0.866,-0.5,-0.4339,-0.901,0,0,1,Clear,1.0,9.1,8.6,7.9,7.5,18.4,104.9,17.2,88.6,4.0,23.1,3.8,19.5,50.4,LOW,HIGH,LOW,HIGH,S,28.1,23.9
2026-07-10 16:15,16,15,4,-0.8969,-0.4423,-0.4339,-0.901,0,0,1,Clear,1.0,4.0,23.1,3.8,19.5,18.0,112.8,17.8,81.7,4.0,24.8,3.9,18.0,50.7,LOW,VERY_HIGH,LOW,HIGH,S,29.9,22.1
2026-07-10 16:30,16,30,4,-0.9239,-0.3827,-0.4339,-0.901,0,0,1,Clear,1.0,4.0,24.8,3.9,18.0,18.7,110.4,18.7,83.2,4.1,24.3,4.1,18.3,50.8,LOW,VERY_HIGH,LOW,HIGH,S,29.4,22.6
2026-07-10 16:45,16,45,4,-0.9469,-0.3214,-0.4339,-0.901,0,0,1,Rain,1.25,4.1,24.3,4.1,18.3,23.6,137.4,22.7,103.3,5.2,30.2,5.0,22.7,63.1,LOW,VERY_HIGH,LOW,HIGH,S,29.5,22.5
2026-07-10 17:00,17,0,4,-0.9659,-0.2588,-0.4339,-0.901,0,0,1,Clear,1.0,5.2,30.2,5.0,22.7,18.7,129.3,18.3,103.8,4.1,28.4,4.0,22.8,59.3,LOW,VERY_HIGH,LOW,HIGH,S,28.7,23.3
2026-07-10 17:15,17,15,4,-0.9808,-0.1951,-0.4339,-0.901,0,0,1,Clear,1.0,4.1,28.4,4.0,22.8,17.9,125.5,17.2,104.5,3.9,27.6,3.8,23.0,58.3,LOW,VERY_HIGH,LOW,HIGH,S,28.3,23.7
2026-07-10 17:30,17,30,4,-0.9914,-0.1305,-0.4339,-0.901,0,0,1,Clear,1.0,3.9,27.6,3.8,23.0,17.5,137.8,17.8,98.4,3.9,30.3,3.9,21.6,59.7,LOW,VERY_HIGH,LOW,HIGH,S,30.1,21.9
2026-07-10 17:45,17,45,4,-0.9979,-0.0654,-0.4339,-0.901,0,0,1,Rain,1.25,3.9,30.3,3.9,21.6,22.8,160.1,21.6,128.5,5.0,35.2,4.8,28.3,73.3,LOW,VERY_HIGH,LOW,VERY_HIGH,S,28.7,23.3
2026-07-10 18:00,18,0,4,-1.0,-0.0,-0.4339,-0.901,0,0,1,Clear,1.0,5.0,35.2,4.8,28.3,18.7,135.4,17.4,106.8,4.1,29.8,3.8,23.5,61.2,LOW,VERY_HIGH,LOW,HIGH,S,29.0,23.0
2026-07-10 18:15,18,15,4,-0.9979,0.0654,-0.4339,-0.901,0,0,1,Clear,1.0,4.1,29.8,3.8,23.5,18.4,134.5,18.4,103.3,4.0,29.6,4.0,22.7,60.3,LOW,VERY_HIGH,LOW,HIGH,S,29.2,22.8
2026-07-10 18:30,18,30,4,-0.9914,0.1305,-0.4339,-0.901,0,0,1,Clear,1.0,4.0,29.6,4.0,22.7,17.1,132.0,17.8,98.9,3.8,29.0,3.9,21.8,58.5,LOW,VERY_HIGH,LOW,HIGH,S,29.5,22.5
2026-07-10 18:45,18,45,4,-0.9808,0.1951,-0.4339,-0.901,0,0,1,Clear,1.0,3.8,29.0,3.9,21.8,17.8,130.6,17.5,102.4,3.9,28.7,3.9,22.5,59.0,LOW,VERY_HIGH,LOW,HIGH,S,29.0,23.0
2026-07-10 19:00,19,0,4,-0.9659,0.2588,-0.4339,-0.901,0,0,1,Clear,1.0,3.9,28.7,3.9,22.5,17.7,109.7,17.8,84.2,3.9,24.1,3.9,18.5,50.4,LOW,VERY_HIGH,LOW,HIGH,S,29.2,22.8
2026-07-10 19:15,19,15,4,-0.9469,0.3214,-0.4339,-0.901,0,0,1,Clear,1.0,3.9,24.1,3.9,18.5,17.2,114.0,18.1,83.3,3.8,25.1,4.0,18.3,51.2,LOW,VERY_HIGH,LOW,HIGH,S,29.8,22.2
2026-07-10 19:30,19,30,4,-0.9239,0.3827,-0.4339,-0.901,0,0,1,Clear,1.0,3.8,25.1,4.0,18.3,17.5,111.2,17.9,80.9,3.9,24.5,3.9,17.8,50.1,LOW,VERY_HIGH,LOW,HIGH,S,29.8,22.2
2026-07-10 19:45,19,45,4,-0.8969,0.4423,-0.4339,-0.901,0,0,1,Clear,1.0,3.9,24.5,3.9,17.8,18.8,109.7,17.3,88.1,4.1,24.1,3.8,19.4,51.4,LOW,VERY_HIGH,LOW,HIGH,S,28.7,23.3
2026-07-10 20:00,20,0,4,-0.866,0.5,-0.4339,-0.901,0,0,0,Rain,1.25,4.1,24.1,3.8,19.4,31.6,31.2,26.2,27.5,7.0,6.9,5.8,6.0,25.7,MEDIUM,MEDIUM,LOW,MEDIUM,N,27.9,24.1
2026-07-10 20:15,20,15,4,-0.8315,0.5556,-0.4339,-0.901,0,0,0,Clear,1.0,7.0,6.9,5.8,6.0,24.8,24.9,22.2,22.8,5.5,5.5,4.9,5.0,20.9,LOW,LOW,LOW,LOW,N,27.2,24.8
2026-07-10 20:30,20,30,4,-0.7934,0.6088,-0.4339,-0.901,0,0,0,Clear,1.0,5.5,5.5,4.9,5.0,25.7,25.3,21.8,21.7,5.7,5.6,4.8,4.8,20.9,LOW,LOW,LOW,LOW,N,28.1,23.9
2026-07-10 20:45,20,45,4,-0.7518,0.6593,-0.4339,-0.901,0,0,0,Clear,1.0,5.7,5.6,4.8,4.8,24.1,25.0,21.0,23.0,5.3,5.5,4.6,5.1,20.5,LOW,LOW,LOW,LOW,S,27.3,24.7
2026-07-10 21:00,21,0,4,-0.7071,0.7071,-0.4339,-0.901,0,0,0,Rain,1.25,5.3,5.5,4.6,5.1,30.9,32.7,26.5,28.8,6.8,7.2,5.8,6.3,26.1,MEDIUM,MEDIUM,LOW,MEDIUM,S,27.7,24.3
2026-07-10 21:15,21,15,4,-0.6593,0.7518,-0.4339,-0.901,0,0,0,Clear,1.0,6.8,7.2,5.8,6.3,26.1,24.6,23.0,23.1,5.7,5.4,5.1,5.1,21.3,LOW,LOW,LOW,LOW,N,27.4,24.6
2026-07-10 21:30,21,30,4,-0.6088,0.7934,-0.4339,-0.901,0,0,0,Clear,1.0,5.7,5.4,5.1,5.1,24.2,25.9,22.7,23.0,5.3,5.7,5.0,5.1,21.1,LOW,LOW,LOW,LOW,S,27.4,24.6
2026-07-10 21:45,21,45,4,-0.5556,0.8315,-0.4339,-0.901,0,0,0,Clear,1.0,5.3,5.7,5.0,5.1,25.5,24.5,22.0,22.6,5.6,5.4,4.8,5.0,20.8,LOW,LOW,LOW,LOW,N,27.5,24.5
2026-07-10 22:00,22,0,4,-0.5,0.866,-0.4339,-0.901,0,0,0,Clear,1.0,5.6,5.4,4.8,5.0,26.0,23.8,22.6,22.7,5.7,5.2,5.0,5.0,20.9,LOW,LOW,LOW,LOW,N,27.5,24.5
2026-07-10 22:15,22,15,4,-0.4423,0.8969,-0.4339,-0.901,0,0,0,Clear,1.0,5.7,5.2,5.0,5.0,23.9,25.1,21.7,21.7,5.3,5.5,4.8,4.8,20.4,LOW,LOW,LOW,LOW,S,27.7,24.3
2026-07-10 22:30,22,30,4,-0.3827,0.9239,-0.4339,-0.901,0,0,0,Clear,1.0,5.3,5.5,4.8,4.8,26.1,23.8,21.5,21.2,5.7,5.2,4.7,4.7,20.3,LOW,LOW,LOW,LOW,N,28.3,23.7
2026-07-10 22:45,22,45,4,-0.3214,0.9469,-0.4339,-0.901,0,0,0,Clear,1.0,5.7,5.2,4.7,4.7,24.9,26.0,21.8,23.0,5.5,5.7,4.8,5.1,21.1,LOW,LOW,LOW,LOW,S,27.6,24.4
2026-07-10 23:00,23,0,4,-0.2588,0.9659,-0.4339,-0.901,0,0,0,Heavy Rain,1.5,5.5,5.7,4.8,5.1,9.2,9.2,7.4,7.6,2.0,2.0,1.6,1.7,7.3,LOW,LOW,LOW,LOW,N,28.6,23.4
2026-07-10 23:15,23,15,4,-0.1951,0.9808,-0.4339,-0.901,0,0,0,Clear,1.0,2.0,2.0,1.6,1.7,6.1,5.9,4.8,5.2,1.3,1.3,1.1,1.1,4.8,LOW,LOW,LOW,LOW,N,28.2,23.8
2026-07-10 23:30,23,30,4,-0.1305,0.9914,-0.4339,-0.901,0,0,0,Clear,1.0,1.3,1.3,1.1,1.1,5.7,6.2,4.9,5.2,1.3,1.4,1.1,1.1,4.9,LOW,LOW,LOW,LOW,S,28.2,23.8
2026-07-10 23:45,23,45,4,-0.0654,0.9979,-0.4339,-0.901,0,0,0,Clear,1.0,1.3,1.4,1.1,1.1,6.3,6.0,5.0,4.8,1.4,1.3,1.1,1.1,4.9,LOW,LOW,LOW,LOW,N,29.0,23.0
2026-07-11 00:00,0,0,5,0.0,1.0,-0.9749,-0.2225,1,0,0,Clear,1.0,1.4,1.3,1.1,1.1,6.1,5.9,5.1,5.2,1.3,1.3,1.1,1.1,4.8,LOW,LOW,LOW,LOW,N,28.0,24.0
2026-07-11 00:15,0,15,5,0.0654,0.9979,-0.9749,-0.2225,1,0,0,Heavy Rain,1.5,1.3,1.3,1.1,1.1,8.7,8.6,7.5,7.2,1.9,1.9,1.6,1.6,7.0,LOW,LOW,LOW,LOW,N,28.0,24.0
2026-07-11 00:30,0,30,5,0.1305,0.9914,-0.9749,-0.2225,1,0,0,Clear,1.0,1.9,1.9,1.6,1.6,5.8,5.9,5.2,4.8,1.3,1.3,1.1,1.1,4.8,LOW,LOW,LOW,LOW,N,27.8,24.2
2026-07-11 00:45,0,45,5,0.1951,0.9808,-0.9749,-0.2225,1,0,0,Clear,1.0,1.3,1.3,1.1,1.1,6.1,5.7,5.1,5.2,1.3,1.3,1.1,1.1,4.8,LOW,LOW,LOW,LOW,N,27.9,24.1
2026-07-11 01:00,1,0,5,0.2588,0.9659,-0.9749,-0.2225,1,0,0,Clear,1.0,1.3,1.3,1.1,1.1,6.2,6.3,5.0,5.0,1.4,1.4,1.1,1.1,5.0,LOW,LOW,LOW,LOW,N,28.9,23.1
2026-07-11 01:15,1,15,5,0.3214,0.9469,-0.9749,-0.2225,1,0,0,Clear,1.0,1.4,1.4,1.1,1.1,6.2,6.0,4.8,4.9,1.4,1.3,1.1,1.1,4.9,LOW,LOW,LOW,LOW,N,29.0,23.0
2026-07-11 01:30,1,30,5,0.3827,0.9239,-0.9749,-0.2225,1,0,0,Clear,1.0,1.4,1.3,1.1,1.1,6.1,5.8,4.8,4.9,1.3,1.3,1.1,1.1,4.8,LOW,LOW,LOW,LOW,N,28.7,23.3
2026-07-11 01:45,1,45,5,0.4423,0.8969,-0.9749,-0.2225,1,0,0,Rain,1.25,1.3,1.3,1.1,1.1,7.8,7.7,6.5,6.2,1.7,1.7,1.4,1.4,6.2,LOW,LOW,LOW,LOW,N,28.5,23.5
2026-07-11 02:00,2,0,5,0.5,0.866,-0.9749,-0.2225,1,0,0,Rain,1.25,1.7,1.7,1.4,1.4,7.5,7.6,6.2,6.2,1.6,1.7,1.4,1.4,6.1,LOW,LOW,LOW,LOW,S,28.6,23.4
2026-07-11 02:15,2,15,5,0.5556,0.8315,-0.9749,-0.2225,1,0,0,Clear,1.0,1.6,1.7,1.4,1.4,6.1,6.2,4.8,4.9,1.3,1.4,1.1,1.1,4.9,LOW,LOW,LOW,LOW,S,29.1,22.9
2026-07-11 02:30,2,30,5,0.6088,0.7934,-0.9749,-0.2225,1,0,0,Clear,1.0,1.3,1.4,1.1,1.1,6.1,5.8,4.9,5.1,1.3,1.3,1.1,1.1,4.8,LOW,LOW,LOW,LOW,N,28.3,23.7
2026-07-11 02:45,2,45,5,0.6593,0.7518,-0.9749,-0.2225,1,0,0,Clear,1.0,1.3,1.3,1.1,1.1,5.8,5.8,4.9,5.0,1.3,1.3,1.1,1.1,4.8,LOW,LOW,LOW,LOW,N,28.0,24.0
2026-07-11 03:00,3,0,5,0.7071,0.7071,-0.9749,-0.2225,1,0,0,Rain,1.25,1.3,1.3,1.1,1.1,7.3,7.7,6.1,6.1,1.6,1.7,1.3,1.3,5.9,LOW,LOW,LOW,LOW,S,28.8,23.2
2026-07-11 03:15,3,15,5,0.7518,0.6593,-0.9749,-0.2225,1,0,0,Heavy Rain,1.5,1.6,1.7,1.3,1.3,8.9,9.0,7.4,7.2,2.0,2.0,1.6,1.6,7.2,LOW,LOW,LOW,LOW,N,28.6,23.4
2026-07-11 03:30,3,30,5,0.7934,0.6088,-0.9749,-0.2225,1,0,0,Clear,1.0,2.0,2.0,1.6,1.6,6.0,6.2,5.0,5.2,1.3,1.4,1.1,1.1,4.9,LOW,LOW,LOW,LOW,S,28.3,23.7
2026-07-11 03:45,3,45,5,0.8315,0.5556,-0.9749,-0.2225,1,0,0,Clear,1.0,1.3,1.4,1.1,1.1,6.0,5.8,5.0,4.9,1.3,1.3,1.1,1.1,4.8,LOW,LOW,LOW,LOW,N,28.3,23.7
2026-07-11 04:00,4,0,5,0.866,0.5,-0.9749,-0.2225,1,0,0,Rain,1.25,1.3,1.3,1.1,1.1,7.4,7.4,6.5,6.3,1.6,1.6,1.4,1.4,6.0,LOW,LOW,LOW,LOW,N,27.8,24.2
2026-07-11 04:15,4,15,5,0.8969,0.4423,-0.9749,-0.2225,1,0,0,Clear,1.0,1.6,1.6,1.4,1.4,6.3,6.2,5.2,5.2,1.4,1.4,1.1,1.1,5.0,LOW,LOW,LOW,LOW,N,28.4,23.6
2026-07-11 04:30,4,30,5,0.9239,0.3827,-0.9749,-0.2225,1,0,0,Clear,1.0,1.4,1.4,1.1,1.1,6.2,5.8,5.1,5.0,1.4,1.3,1.1,1.1,4.9,LOW,LOW,LOW,LOW,N,28.4,23.6
2026-07-11 04:45,4,45,5,0.9469,0.3214,-0.9749,-0.2225,1,0,0,Rain,1.25,1.4,1.3,1.1,1.1,7.3,7.2,6.2,6.4,1.6,1.6,1.4,1.4,6.0,LOW,LOW,LOW,LOW,N,27.8,24.2
2026-07-11 05:00,5,0,5,0.9659,0.2588,-0.9749,-0.2225,1,0,0,Clear,1.0,1.6,1.6,1.4,1.4,6.0,6.0,5.1,4.9,1.3,1.3,1.1,1.1,4.8,LOW,LOW,LOW,LOW,N,28.2,23.8
2026-07-11 05:15,5,15,5,0.9808,0.1951,-0.9749,-0.2225,1,0,0,Rain,1.25,1.3,1.3,1.1,1.1,7.5,7.9,6.3,6.2,1.6,1.7,1.4,1.4,6.1,LOW,LOW,LOW,LOW,S,28.8,23.2
2026-07-11 05:30,5,30,5,0.9914,0.1305,-0.9749,-0.2225,1,0,0,Clear,1.0,1.6,1.7,1.4,1.4,5.7,6.1,5.1,4.9,1.3,1.3,1.1,1.1,4.8,LOW,LOW,LOW,LOW,N,28.2,23.8
2026-07-11 05:45,5,45,5,0.9979,0.0654,-0.9749,-0.2225,1,0,0,Clear,1.0,1.3,1.3,1.1,1.1,5.7,6.0,5.1,4.8,1.3,1.3,1.1,1.1,4.8,LOW,LOW,LOW,LOW,N,28.1,23.9
2026-07-11 06:00,6,0,5,1.0,0.0,-0.9749,-0.2225,1,0,0,Clear,1.0,1.3,1.3,1.1,1.1,21.2,22.4,20.8,19.4,4.7,4.9,4.6,4.3,18.5,LOW,LOW,LOW,LOW,S,27.0,25.0
2026-07-11 06:15,6,15,5,0.9979,-0.0654,-0.9749,-0.2225,1,0,0,Clear,1.0,4.7,4.9,4.6,4.3,21.9,21.2,20.3,20.2,4.8,4.7,4.5,4.4,18.4,LOW,LOW,LOW,LOW,N,26.9,25.1
2026-07-11 06:30,6,30,5,0.9914,-0.1305,-0.9749,-0.2225,1,0,0,Clear,1.0,4.8,4.7,4.5,4.4,21.2,21.1,19.2,19.4,4.7,4.6,4.2,4.3,17.8,LOW,LOW,LOW,LOW,N,27.2,24.8
2026-07-11 06:45,6,45,5,0.9808,-0.1951,-0.9749,-0.2225,1,0,0,Clear,1.0,4.7,4.6,4.2,4.3,22.9,21.7,19.2,20.2,5.0,4.8,4.2,4.4,18.4,LOW,LOW,LOW,LOW,N,27.6,24.4
2026-07-11 07:00,7,0,5,0.9659,-0.2588,-0.9749,-0.2225,1,0,0,Clear,1.0,5.0,4.8,4.2,4.4,21.0,22.6,20.0,20.1,4.6,5.0,4.4,4.4,18.4,LOW,LOW,LOW,LOW,S,27.3,24.7
2026-07-11 07:15,7,15,5,0.9469,-0.3214,-0.9749,-0.2225,1,0,0,Clear,1.0,4.6,5.0,4.4,4.4,21.4,21.1,19.0,19.4,4.7,4.6,4.2,4.3,17.8,LOW,LOW,LOW,LOW,N,27.3,24.7
2026-07-11 07:30,7,30,5,0.9239,-0.3827,-0.9749,-0.2225,1,0,0,Clear,1.0,4.7,4.6,4.2,4.3,22.6,21.8,19.3,20.5,5.0,4.8,4.2,4.5,18.5,LOW,LOW,LOW,LOW,N,27.3,24.7
2026-07-11 07:45,7,45,5,0.8969,-0.4423,-0.9749,-0.2225,1,0,0,Clear,1.0,5.0,4.8,4.2,4.5,22.4,21.2,20.4,19.4,4.9,4.7,4.5,4.3,18.4,LOW,LOW,LOW,LOW,N,27.2,24.8
2026-07-11 08:00,8,0,5,0.866,-0.5,-0.9749,-0.2225,1,0,0,Clear,1.0,4.9,4.7,4.5,4.3,21.6,23.0,20.9,20.5,4.8,5.1,4.6,4.5,19.0,LOW,LOW,LOW,LOW,S,27.1,24.9
2026-07-11 08:15,8,15,5,0.8315,-0.5556,-0.9749,-0.2225,1,0,0,Clear,1.0,4.8,5.1,4.6,4.5,22.1,22.6,19.9,20.4,4.9,5.0,4.4,4.5,18.8,LOW,LOW,LOW,LOW,S,27.3,24.7
2026-07-11 08:30,8,30,5,0.7934,-0.6088,-0.9749,-0.2225,1,0,0,Clear,1.0,4.9,5.0,4.4,4.5,21.5,21.6,19.4,19.1,4.7,4.8,4.3,4.2,18.0,LOW,LOW,LOW,LOW,S,27.4,24.6
2026-07-11 08:45,8,45,5,0.7518,-0.6593,-0.9749,-0.2225,1,0,0,Clear,1.0,4.7,4.8,4.3,4.2,22.5,21.2,19.7,20.7,5.0,4.7,4.3,4.6,18.6,LOW,LOW,LOW,LOW,N,27.1,24.9
2026-07-11 09:00,9,0,5,0.7071,-0.7071,-0.9749,-0.2225,1,0,0,Rain,1.25,5.0,4.7,4.3,4.6,27.9,26.2,25.2,26.1,6.1,5.8,5.5,5.7,23.1,MEDIUM,LOW,LOW,LOW,N,26.8,25.2
2026-07-11 09:15,9,15,5,0.6593,-0.7518,-0.9749,-0.2225,1,0,0,Clear,1.0,6.1,5.8,5.5,5.7,22.7,22.9,19.0,20.6,5.0,5.0,4.2,4.5,18.7,LOW,LOW,LOW,LOW,N,27.6,24.4
2026-07-11 09:30,9,30,5,0.6088,-0.7934,-0.9749,-0.2225,1,0,0,Clear,1.0,5.0,5.0,4.2,4.5,22.8,22.8,19.4,20.6,5.0,5.0,4.3,4.5,18.8,LOW,LOW,LOW,LOW,N,27.5,24.5
2026-07-11 09:45,9,45,5,0.5556,-0.8315,-0.9749,-0.2225,1,0,0,Clear,1.0,5.0,5.0,4.3,4.5,21.7,22.8,19.7,20.2,4.8,5.0,4.3,4.4,18.5,LOW,LOW,LOW,LOW,S,27.5,24.5
2026-07-11 10:00,10,0,5,0.5,-0.866,-0.9749,-0.2225,1,0,0,Clear,1.0,4.8,5.0,4.3,4.4,39.9,38.8,37.6,36.6,8.8,8.5,8.3,8.1,33.7,MEDIUM,MEDIUM,MEDIUM,MEDIUM,N,26.8,25.2
2026-07-11 10:15,10,15,5,0.4423,-0.8969,-0.9749,-0.2225,1,0,0,Clear,1.0,8.8,8.5,8.3,8.1,40.9,38.2,38.4,35.6,9.0,8.4,8.4,7.8,33.6,MEDIUM,MEDIUM,MEDIUM,MEDIUM,N,26.8,25.2
2026-07-11 10:30,10,30,5,0.3827,-0.9239,-0.9749,-0.2225,1,0,0,Clear,1.0,9.0,8.4,8.4,7.8,40.4,38.6,37.8,36.2,8.9,8.5,8.3,8.0,33.7,MEDIUM,MEDIUM,MEDIUM,MEDIUM,N,26.9,25.1
2026-07-11 10:45,10,45,5,0.3214,-0.9469,-0.9749,-0.2225,1,0,0,Clear,1.0,8.9,8.5,8.3,8.0,39.1,38.0,36.8,34.9,8.6,8.4,8.1,7.7,32.8,MEDIUM,MEDIUM,MEDIUM,MEDIUM,N,26.9,25.1
2026-07-11 11:00,11,0,5,0.2588,-0.9659,-0.9749,-0.2225,1,0,0,Clear,1.0,8.6,8.4,8.1,7.7,37.7,45.5,33.8,38.3,8.3,10.0,7.4,8.4,34.1,MEDIUM,MEDIUM,MEDIUM,MEDIUM,S,28.0,24.0
2026-07-11 11:15,11,15,5,0.1951,-0.9808,-0.9749,-0.2225,1,0,0,Clear,1.0,8.3,10.0,7.4,8.4,38.0,45.5,35.6,38.1,8.4,10.0,7.8,8.4,34.6,MEDIUM,MEDIUM,MEDIUM,MEDIUM,S,28.0,24.0
2026-07-11 11:30,11,30,5,0.1305,-0.9914,-0.9749,-0.2225,1,0,0,Clear,1.0,8.4,10.0,7.8,8.4,37.3,45.3,34.5,39.4,8.2,10.0,7.6,8.7,34.5,MEDIUM,MEDIUM,MEDIUM,MEDIUM,S,27.6,24.4
2026-07-11 11:45,11,45,5,0.0654,-0.9979,-0.9749,-0.2225,1,0,0,Rain,1.25,8.2,10.0,7.6,8.7,47.7,58.6,43.6,50.6,10.5,12.9,9.6,11.1,44.1,MEDIUM,MEDIUM,MEDIUM,MEDIUM,S,27.7,24.3
2026-07-11 12:00,12,0,5,0.0,-1.0,-0.9749,-0.2225,1,0,0,Clear,1.0,10.5,12.9,9.6,11.1,41.2,52.8,36.6,45.6,9.1,11.6,8.1,10.0,38.8,MEDIUM,MEDIUM,MEDIUM,MEDIUM,S,27.8,24.2
2026-07-11 12:15,12,15,5,-0.0654,-0.9979,-0.9749,-0.2225,1,0,0,Clear,1.0,9.1,11.6,8.1,10.0,39.7,52.6,36.7,46.0,8.7,11.6,8.1,10.1,38.5,MEDIUM,MEDIUM,MEDIUM,MEDIUM,S,27.6,24.4
2026-07-11 12:30,12,30,5,-0.1305,-0.9914,-0.9749,-0.2225,1,0,0,Clear,1.0,8.7,11.6,8.1,10.1,39.4,49.9,37.9,43.0,8.7,11.0,8.3,9.5,37.5,MEDIUM,MEDIUM,MEDIUM,MEDIUM,S,27.6,24.4
2026-07-11 12:45,12,45,5,-0.1951,-0.9808,-0.9749,-0.2225,1,0,0,Clear,1.0,8.7,11.0,8.3,9.5,38.9,50.3,35.0,43.4,8.6,11.1,7.7,9.5,36.9,MEDIUM,MEDIUM,MEDIUM,MEDIUM,S,27.8,24.2
2026-07-11 13:00,13,0,5,-0.2588,-0.9659,-0.9749,-0.2225,1,0,0,Clear,1.0,8.6,11.1,7.7,9.5,48.4,54.2,42.8,43.8,10.6,11.9,9.4,9.6,41.5,MEDIUM,MEDIUM,MEDIUM,MEDIUM,S,28.5,23.5
2026-07-11 13:15,13,15,5,-0.3214,-0.9469,-0.9749,-0.2225,1,0,0,Clear,1.0,10.6,11.9,9.4,9.6,50.6,52.3,40.8,44.3,11.1,11.5,9.0,9.7,41.3,MEDIUM,MEDIUM,MEDIUM,MEDIUM,S,28.3,23.7
2026-07-11 13:30,13,30,5,-0.3827,-0.9239,-0.9749,-0.2225,1,0,0,Rain,1.25,11.1,11.5,9.0,9.7,63.4,67.2,54.0,56.3,13.9,14.8,11.9,12.4,53.0,MEDIUM,HIGH,MEDIUM,MEDIUM,S,28.2,23.8
2026-07-11 13:45,13,45,5,-0.4423,-0.8969,-0.9749,-0.2225,1,0,0,Clear,1.0,13.9,14.8,11.9,12.4,49.6,51.5,41.8,47.5,10.9,11.3,9.2,10.4,41.8,MEDIUM,MEDIUM,MEDIUM,MEDIUM,S,27.3,24.7
2026-07-11 14:00,14,0,5,-0.5,-0.866,-0.9749,-0.2225,1,0,0,Clear,1.0,10.9,11.3,9.2,10.4,50.9,45.4,46.2,39.7,11.2,10.0,10.2,8.7,40.1,MEDIUM,MEDIUM,MEDIUM,MEDIUM,N,27.4,24.6
2026-07-11 14:15,14,15,5,-0.5556,-0.8315,-0.9749,-0.2225,1,0,0,Rain,1.25,11.2,10.0,10.2,8.7,68.9,58.3,56.5,52.0,15.2,12.8,12.4,11.4,51.8,HIGH,MEDIUM,MEDIUM,MEDIUM,N,28.3,23.7
2026-07-11 14:30,14,30,5,-0.6088,-0.7934,-0.9749,-0.2225,1,0,0,Clear,1.0,15.2,12.8,12.4,11.4,54.7,47.9,47.0,38.8,12.0,10.5,10.3,8.5,41.3,MEDIUM,MEDIUM,MEDIUM,MEDIUM,N,28.1,23.9
2026-07-11 14:45,14,45,5,-0.6593,-0.7518,-0.9749,-0.2225,1,0,0,Clear,1.0,12.0,10.5,10.3,8.5,52.1,45.8,45.8,39.9,11.5,10.1,10.1,8.8,40.5,MEDIUM,MEDIUM,MEDIUM,MEDIUM,N,27.7,24.3
2026-07-11 15:00,15,0,5,-0.7071,-0.7071,-0.9749,-0.2225,1,0,0,Heavy Rain,1.5,11.5,10.1,10.1,8.8,74.1,58.8,67.5,52.5,16.3,12.9,14.8,11.6,55.6,HIGH,MEDIUM,HIGH,MEDIUM,N,27.3,24.7
2026-07-11 15:15,15,15,5,-0.7518,-0.6593,-0.9749,-0.2225,1,0,0,Rain,1.25,16.3,12.9,14.8,11.6,62.7,47.4,53.3,43.8,13.8,10.4,11.7,9.6,45.5,MEDIUM,MEDIUM,MEDIUM,MEDIUM,N,27.9,24.1
2026-07-11 15:30,15,30,5,-0.7934,-0.6088,-0.9749,-0.2225,1,0,0,Clear,1.0,13.8,10.4,11.7,9.6,48.6,38.1,46.1,34.1,10.7,8.4,10.1,7.5,36.7,MEDIUM,MEDIUM,MEDIUM,MEDIUM,N,26.8,25.2
2026-07-11 15:45,15,45,5,-0.8315,-0.5556,-0.9749,-0.2225,1,0,0,Clear,1.0,10.7,8.4,10.1,7.5,49.3,39.9,43.6,36.6,10.8,8.8,9.6,8.1,37.3,MEDIUM,MEDIUM,MEDIUM,MEDIUM,N,27.5,24.5
2026-07-11 16:00,16,0,5,-0.866,-0.5,-0.9749,-0.2225,1,0,0,Clear,1.0,10.8,8.8,9.6,8.1,43.2,36.1,38.4,33.4,9.5,7.9,8.4,7.3,33.1,MEDIUM,MEDIUM,MEDIUM,MEDIUM,N,27.4,24.6
2026-07-11 16:15,16,15,5,-0.8969,-0.4423,-0.9749,-0.2225,1,0,0,Clear,1.0,9.5,7.9,8.4,7.3,42.3,37.2,36.6,35.1,9.3,8.2,8.1,7.7,33.3,MEDIUM,MEDIUM,MEDIUM,MEDIUM,N,27.6,24.4
2026-07-11 16:30,16,30,5,-0.9239,-0.3827,-0.9749,-0.2225,1,0,0,Clear,1.0,9.3,8.2,8.1,7.7,42.8,36.1,37.8,33.9,9.4,7.9,8.3,7.5,33.1,MEDIUM,MEDIUM,MEDIUM,MEDIUM,N,27.4,24.6
2026-07-11 16:45,16,45,5,-0.9469,-0.3214,-0.9749,-0.2225,1,0,0,Clear,1.0,9.4,7.9,8.3,7.5,40.8,36.1,36.8,35.0,9.0,7.9,8.1,7.7,32.7,MEDIUM,MEDIUM,MEDIUM,MEDIUM,N,27.1,24.9
2026-07-11 17:00,17,0,5,-0.9659,-0.2588,-0.9749,-0.2225,1,0,0,Clear,1.0,9.0,7.9,8.1,7.7,38.2,41.3,32.6,39.9,8.4,9.1,7.2,8.8,33.5,MEDIUM,MEDIUM,MEDIUM,MEDIUM,S,26.8,25.2
2026-07-11 17:15,17,15,5,-0.9808,-0.1951,-0.9749,-0.2225,1,0,0,Clear,1.0,8.4,9.1,7.2,8.8,37.9,41.7,33.3,39.6,8.3,9.2,7.3,8.7,33.5,MEDIUM,MEDIUM,MEDIUM,MEDIUM,S,26.9,25.1
2026-07-11 17:30,17,30,5,-0.9914,-0.1305,-0.9749,-0.2225,1,0,0,Clear,1.0,8.3,9.2,7.3,8.7,37.6,44.0,33.9,36.9,8.3,9.7,7.5,8.1,33.6,MEDIUM,MEDIUM,MEDIUM,MEDIUM,S,28.1,23.9
2026-07-11 17:45,17,45,5,-0.9979,-0.0654,-0.9749,-0.2225,1,0,0,Clear,1.0,8.3,9.7,7.5,8.1,38.5,44.1,32.9,39.2,8.5,9.7,7.2,8.6,34.0,MEDIUM,MEDIUM,MEDIUM,MEDIUM,S,27.6,24.4
2026-07-11 18:00,18,0,5,-1.0,-0.0,-0.9749,-0.2225,1,0,0,Clear,1.0,8.5,9.7,7.2,8.6,21.2,22.3,20.4,19.4,4.7,4.9,4.5,4.3,18.4,LOW,LOW,LOW,LOW,S,27.2,24.8
2026-07-11 18:15,18,15,5,-0.9979,0.0654,-0.9749,-0.2225,1,0,0,Clear,1.0,4.7,4.9,4.5,4.3,22.1,22.8,19.1,20.4,4.9,5.0,4.2,4.5,18.6,LOW,LOW,LOW,LOW,S,27.6,24.4
2026-07-11 18:30,18,30,5,-0.9914,0.1305,-0.9749,-0.2225,1,0,0,Clear,1.0,4.9,5.0,4.2,4.5,22.1,22.4,20.7,20.0,4.9,4.9,4.6,4.4,18.8,LOW,LOW,LOW,LOW,N,27.1,24.9
2026-07-11 18:45,18,45,5,-0.9808,0.1951,-0.9749,-0.2225,1,0,0,Clear,1.0,4.9,4.9,4.6,4.4,21.7,21.6,20.8,20.0,4.8,4.8,4.6,4.4,18.6,LOW,LOW,LOW,LOW,N,26.7,25.3
2026-07-11 19:00,19,0,5,-0.9659,0.2588,-0.9749,-0.2225,1,0,0,Clear,1.0,4.8,4.8,4.6,4.4,23.1,21.9,19.2,19.1,5.1,4.8,4.2,4.2,18.3,LOW,LOW,LOW,LOW,N,28.2,23.8
2026-07-11 19:15,19,15,5,-0.9469,0.3214,-0.9749,-0.2225,1,0,0,Heavy Rain,1.5,5.1,4.8,4.2,4.2,31.6,31.8,31.1,30.2,7.0,7.0,6.8,6.6,27.4,MEDIUM,MEDIUM,MEDIUM,MEDIUM,N,26.4,25.6
2026-07-11 19:30,19,30,5,-0.9239,0.3827,-0.9749,-0.2225,1,0,0,Clear,1.0,7.0,7.0,6.8,6.6,21.0,22.1,20.3,20.2,4.6,4.9,4.5,4.4,18.4,LOW,LOW,LOW,LOW,S,27.0,25.0
2026-07-11 19:45,19,45,5,-0.8969,0.4423,-0.9749,-0.2225,1,0,0,Clear,1.0,4.6,4.9,4.5,4.4,21.1,23.1,20.3,20.7,4.6,5.1,4.5,4.6,18.8,LOW,LOW,LOW,LOW,S,27.2,24.8
2026-07-11 20:00,20,0,5,-0.866,0.5,-0.9749,-0.2225,1,0,0,Heavy Rain,1.5,4.6,5.1,4.5,4.6,32.2,32.7,29.2,29.1,7.1,7.2,6.4,6.4,27.1,MEDIUM,MEDIUM,MEDIUM,MEDIUM,S,27.4,24.6
2026-07-11 20:15,20,15,5,-0.8315,0.5556,-0.9749,-0.2225,1,0,0,Rain,1.25,7.1,7.2,6.4,6.4,26.5,27.7,23.9,26.1,5.8,6.1,5.3,5.7,22.9,LOW,MEDIUM,LOW,LOW,S,26.9,25.1
2026-07-11 20:30,20,30,5,-0.7934,0.6088,-0.9749,-0.2225,1,0,0,Clear,1.0,5.8,6.1,5.3,5.7,21.4,22.4,20.8,20.4,4.7,4.9,4.6,4.5,18.7,LOW,LOW,LOW,LOW,S,26.9,25.1
2026-07-11 20:45,20,45,5,-0.7518,0.6593,-0.9749,-0.2225,1,0,0,Clear,1.0,4.7,4.9,4.6,4.5,22.9,21.2,20.5,20.3,5.0,4.7,4.5,4.5,18.7,LOW,LOW,LOW,LOW,N,27.2,24.8
2026-07-11 21:00,21,0,5,-0.7071,0.7071,-0.9749,-0.2225,1,0,0,Clear,1.0,5.0,4.7,4.5,4.5,22.1,21.3,21.0,19.4,4.9,4.7,4.6,4.3,18.5,LOW,LOW,LOW,LOW,N,26.8,25.2
2026-07-11 21:15,21,15,5,-0.6593,0.7518,-0.9749,-0.2225,1,0,0,Clear,1.0,4.9,4.7,4.6,4.3,21.3,21.7,19.3,20.3,4.7,4.8,4.2,4.5,18.2,LOW,LOW,LOW,LOW,S,27.0,25.0
2026-07-11 21:30,21,30,5,-0.6088,0.7934,-0.9749,-0.2225,1,0,0,Clear,1.0,4.7,4.8,4.2,4.5,21.1,22.4,20.8,21.0,4.6,4.9,4.6,4.6,18.7,LOW,LOW,LOW,LOW,S,26.7,25.3
2026-07-11 21:45,21,45,5,-0.5556,0.8315,-0.9749,-0.2225,1,0,0,Clear,1.0,4.6,4.9,4.6,4.6,21.6,22.6,19.1,19.0,4.8,5.0,4.2,4.2,18.2,LOW,LOW,LOW,LOW,S,28.1,23.9
2026-07-11 22:00,22,0,5,-0.5,0.866,-0.9749,-0.2225,1,0,0,Clear,1.0,4.8,5.0,4.2,4.2,22.4,22.6,20.3,19.4,4.9,5.0,4.5,4.3,18.7,LOW,LOW,LOW,LOW,S,27.5,24.5
2026-07-11 22:15,22,15,5,-0.4423,0.8969,-0.9749,-0.2225,1,0,0,Clear,1.0,4.9,5.0,4.5,4.3,22.3,22.4,19.9,20.1,4.9,4.9,4.4,4.4,18.6,LOW,LOW,LOW,LOW,N,27.4,24.6
2026-07-11 22:30,22,30,5,-0.3827,0.9239,-0.9749,-0.2225,1,0,0,Clear,1.0,4.9,4.9,4.4,4.4,20.9,21.5,19.5,19.5,4.6,4.7,4.3,4.3,17.9,LOW,LOW,LOW,LOW,S,27.2,24.8
2026-07-11 22:45,22,45,5,-0.3214,0.9469,-0.9749,-0.2225,1,0,0,Clear,1.0,4.6,4.7,4.3,4.3,21.8,22.7,20.3,19.4,4.8,5.0,4.5,4.3,18.6,LOW,LOW,LOW,LOW,S,27.5,24.5
2026-07-11 23:00,23,0,5,-0.2588,0.9659,-0.9749,-0.2225,1,0,0,Clear,1.0,4.8,5.0,4.5,4.3,5.8,6.0,5.0,4.8,1.3,1.3,1.1,1.1,4.8,LOW,LOW,LOW,LOW,N,28.4,23.6
2026-07-11 23:15,23,15,5,-0.1951,0.9808,-0.9749,-0.2225,1,0,0,Clear,1.0,1.3,1.3,1.1,1.1,6.2,5.8,4.8,5.0,1.4,1.3,1.1,1.1,4.9,LOW,LOW,LOW,LOW,N,28.7,23.3
2026-07-11 23:30,23,30,5,-0.1305,0.9914,-0.9749,-0.2225,1,0,0,Clear,1.0,1.4,1.3,1.1,1.1,5.9,6.1,4.8,5.1,1.3,1.3,1.1,1.1,4.8,LOW,LOW,LOW,LOW,N,28.4,23.6
2026-07-11 23:45,23,45,5,-0.0654,0.9979,-0.9749,-0.2225,1,0,0,Clear,1.0,1.3,1.3,1.1,1.1,6.2,6.1,5.2,4.8,1.4,1.3,1.1,1.1,4.9,LOW,LOW,LOW,LOW,N,28.5,23.5
2026-07-12 00:00,0,0,6,0.0,1.0,-0.7818,0.6235,1,0,0,Clear,1.0,1.4,1.3,1.1,1.1,6.2,6.1,5.0,4.9,1.4,1.3,1.1,1.1,4.9,LOW,LOW,LOW,LOW,N,28.8,23.2
2026-07-12 00:15,0,15,6,0.0654,0.9979,-0.7818,0.6235,1,0,0,Clear,1.0,1.4,1.3,1.1,1.1,6.1,6.1,5.2,5.2,1.3,1.3,1.1,1.1,4.8,LOW,LOW,LOW,LOW,N,28.1,23.9
2026-07-12 00:30,0,30,6,0.1305,0.9914,-0.7818,0.6235,1,0,0,Clear,1.0,1.3,1.3,1.1,1.1,6.2,6.3,4.8,5.0,1.4,1.4,1.1,1.1,5.0,LOW,LOW,LOW,LOW,N,29.1,22.9
2026-07-12 00:45,0,45,6,0.1951,0.9808,-0.7818,0.6235,1,0,0,Clear,1.0,1.4,1.4,1.1,1.1,6.0,6.2,5.2,5.0,1.3,1.4,1.1,1.1,4.9,LOW,LOW,LOW,LOW,S,28.3,23.7
2026-07-12 01:00,1,0,6,0.2588,0.9659,-0.7818,0.6235,1,0,0,Clear,1.0,1.3,1.4,1.1,1.1,6.0,6.0,5.0,5.0,1.3,1.3,1.1,1.1,4.8,LOW,LOW,LOW,LOW,N,28.4,23.6
2026-07-12 01:15,1,15,6,0.3214,0.9469,-0.7818,0.6235,1,0,0,Clear,1.0,1.3,1.3,1.1,1.1,5.7,6.0,5.1,5.1,1.3,1.3,1.1,1.1,4.8,LOW,LOW,LOW,LOW,N,27.9,24.1
2026-07-12 01:30,1,30,6,0.3827,0.9239,-0.7818,0.6235,1,0,0,Clear,1.0,1.3,1.3,1.1,1.1,6.0,5.8,4.8,4.8,1.3,1.3,1.1,1.1,4.8,LOW,LOW,LOW,LOW,N,28.8,23.2
2026-07-12 01:45,1,45,6,0.4423,0.8969,-0.7818,0.6235,1,0,0,Clear,1.0,1.3,1.3,1.1,1.1,5.8,5.7,5.0,4.8,1.3,1.3,1.1,1.1,4.8,LOW,LOW,LOW,LOW,N,28.0,24.0
2026-07-12 02:00,2,0,6,0.5,0.866,-0.7818,0.6235,1,0,0,Clear,1.0,1.3,1.3,1.1,1.1,6.2,5.8,4.8,4.9,1.4,1.3,1.1,1.1,4.9,LOW,LOW,LOW,LOW,N,28.9,23.1
2026-07-12 02:15,2,15,6,0.5556,0.8315,-0.7818,0.6235,1,0,0,Clear,1.0,1.4,1.3,1.1,1.1,5.7,5.9,4.8,5.0,1.3,1.3,1.1,1.1,4.8,LOW,LOW,LOW,LOW,N,28.2,23.8
2026-07-12 02:30,2,30,6,0.6088,0.7934,-0.7818,0.6235,1,0,0,Clear,1.0,1.3,1.3,1.1,1.1,5.7,6.2,5.1,4.8,1.3,1.4,1.1,1.1,4.9,LOW,LOW,LOW,LOW,S,28.5,23.5
2026-07-12 02:45,2,45,6,0.6593,0.7518,-0.7818,0.6235,1,0,0,Clear,1.0,1.3,1.4,1.1,1.1,5.9,6.1,4.8,5.2,1.3,1.3,1.1,1.1,4.8,LOW,LOW,LOW,LOW,N,28.2,23.8
2026-07-12 03:00,3,0,6,0.7071,0.7071,-0.7818,0.6235,1,0,0,Clear,1.0,1.3,1.3,1.1,1.1,6.3,5.7,4.9,5.1,1.4,1.3,1.1,1.1,4.9,LOW,LOW,LOW,LOW,N,28.5,23.5
2026-07-12 03:15,3,15,6,0.7518,0.6593,-0.7818,0.6235,1,0,0,Rain,1.25,1.4,1.3,1.1,1.1,7.5,7.8,6.4,6.0,1.6,1.7,1.4,1.3,6.0,LOW,LOW,LOW,LOW,S,28.6,23.4
2026-07-12 03:30,3,30,6,0.7934,0.6088,-0.7818,0.6235,1,0,0,Clear,1.0,1.6,1.7,1.4,1.3,5.9,6.2,5.1,5.1,1.3,1.4,1.1,1.1,4.9,LOW,LOW,LOW,LOW,S,28.4,23.6
2026-07-12 03:45,3,45,6,0.8315,0.5556,-0.7818,0.6235,1,0,0,Clear,1.0,1.3,1.4,1.1,1.1,6.3,6.1,5.2,5.1,1.4,1.3,1.1,1.1,4.9,LOW,LOW,LOW,LOW,N,28.4,23.6
2026-07-12 04:00,4,0,6,0.866,0.5,-0.7818,0.6235,1,0,0,Clear,1.0,1.4,1.3,1.1,1.1,6.2,5.9,4.8,5.0,1.4,1.3,1.1,1.1,4.9,LOW,LOW,LOW,LOW,N,28.8,23.2
2026-07-12 04:15,4,15,6,0.8969,0.4423,-0.7818,0.6235,1,0,0,Clear,1.0,1.4,1.3,1.1,1.1,6.2,5.8,5.2,5.1,1.4,1.3,1.1,1.1,4.9,LOW,LOW,LOW,LOW,N,28.1,23.9
2026-07-12 04:30,4,30,6,0.9239,0.3827,-0.7818,0.6235,1,0,0,Clear,1.0,1.4,1.3,1.1,1.1,6.0,5.8,5.2,5.1,1.3,1.3,1.1,1.1,4.8,LOW,LOW,LOW,LOW,N,27.8,24.2
2026-07-12 04:45,4,45,6,0.9469,0.3214,-0.7818,0.6235,1,0,0,Clear,1.0,1.3,1.3,1.1,1.1,5.8,5.8,5.0,5.0,1.3,1.3,1.1,1.1,4.8,LOW,LOW,LOW,LOW,N,27.9,24.1
2026-07-12 05:00,5,0,6,0.9659,0.2588,-0.7818,0.6235,1,0,0,Rain,1.25,1.3,1.3,1.1,1.1,7.9,7.2,6.3,6.4,1.7,1.6,1.4,1.4,6.1,LOW,LOW,LOW,LOW,N,28.5,23.5
2026-07-12 05:15,5,15,6,0.9808,0.1951,-0.7818,0.6235,1,0,0,Clear,1.0,1.7,1.6,1.4,1.4,6.1,5.8,5.2,4.9,1.3,1.3,1.1,1.1,4.8,LOW,LOW,LOW,LOW,N,28.1,23.9
2026-07-12 05:30,5,30,6,0.9914,0.1305,-0.7818,0.6235,1,0,0,Clear,1.0,1.3,1.3,1.1,1.1,6.0,6.3,5.2,5.0,1.3,1.4,1.1,1.1,4.9,LOW,LOW,LOW,LOW,S,28.5,23.5
2026-07-12 05:45,5,45,6,0.9979,0.0654,-0.7818,0.6235,1,0,0,Clear,1.0,1.3,1.4,1.1,1.1,5.8,6.1,4.9,5.2,1.3,1.3,1.1,1.1,4.8,LOW,LOW,LOW,LOW,N,28.1,23.9
2026-07-12 06:00,6,0,6,1.0,0.0,-0.7818,0.6235,1,0,0,Clear,1.0,1.3,1.3,1.1,1.1,22.6,21.2,19.5,19.2,5.0,4.7,4.3,4.2,18.2,LOW,LOW,LOW,LOW,N,27.8,24.2
2026-07-12 06:15,6,15,6,0.9979,-0.0654,-0.7818,0.6235,1,0,0,Clear,1.0,5.0,4.7,4.3,4.2,22.2,22.0,19.5,19.8,4.9,4.8,4.3,4.4,18.4,LOW,LOW,LOW,LOW,N,27.5,24.5
2026-07-12 06:30,6,30,6,0.9914,-0.1305,-0.7818,0.6235,1,0,0,Rain,1.25,4.9,4.8,4.3,4.4,27.2,27.2,26.2,23.8,6.0,6.0,5.8,5.2,23.0,MEDIUM,MEDIUM,LOW,LOW,N,26.8,25.2
2026-07-12 06:45,6,45,6,0.9808,-0.1951,-0.7818,0.6235,1,0,0,Clear,1.0,6.0,6.0,5.8,5.2,22.7,21.5,19.9,20.6,5.0,4.7,4.4,4.5,18.6,LOW,LOW,LOW,LOW,N,27.2,24.8
2026-07-12 07:00,7,0,6,0.9659,-0.2588,-0.7818,0.6235,1,0,0,Clear,1.0,5.0,4.7,4.4,4.5,22.7,22.3,20.9,19.7,5.0,4.9,4.6,4.3,18.8,LOW,LOW,LOW,LOW,N,27.2,24.8
2026-07-12 07:15,7,15,6,0.9469,-0.3214,-0.7818,0.6235,1,0,0,Clear,1.0,5.0,4.9,4.6,4.3,23.1,21.6,20.8,19.5,5.1,4.8,4.6,4.3,18.8,LOW,LOW,LOW,LOW,N,27.4,24.6
2026-07-12 07:30,7,30,6,0.9239,-0.3827,-0.7818,0.6235,1,0,0,Clear,1.0,5.1,4.8,4.6,4.3,22.6,20.9,19.2,20.6,5.0,4.6,4.2,4.5,18.3,LOW,LOW,LOW,LOW,N,27.2,24.8
2026-07-12 07:45,7,45,6,0.8969,-0.4423,-0.7818,0.6235,1,0,0,Clear,1.0,5.0,4.6,4.2,4.5,21.9,22.5,19.5,19.9,4.8,5.0,4.3,4.4,18.5,LOW,LOW,LOW,LOW,S,27.6,24.4
2026-07-12 08:00,8,0,6,0.866,-0.5,-0.7818,0.6235,1,0,0,Clear,1.0,4.8,5.0,4.3,4.4,22.3,22.6,20.4,19.8,4.9,5.0,4.5,4.4,18.8,LOW,LOW,LOW,LOW,S,27.4,24.6
2026-07-12 08:15,8,15,6,0.8315,-0.5556,-0.7818,0.6235,1,0,0,Clear,1.0,4.9,5.0,4.5,4.4,21.7,22.7,19.5,20.6,4.8,5.0,4.3,4.5,18.6,LOW,LOW,LOW,LOW,S,27.3,24.7
2026-07-12 08:30,8,30,6,0.7934,-0.6088,-0.7818,0.6235,1,0,0,Clear,1.0,4.8,5.0,4.3,4.5,22.4,22.0,19.3,19.7,4.9,4.8,4.2,4.3,18.2,LOW,LOW,LOW,LOW,N,27.7,24.3
2026-07-12 08:45,8,45,6,0.7518,-0.6593,-0.7818,0.6235,1,0,0,Clear,1.0,4.9,4.8,4.2,4.3,22.8,21.6,19.8,20.4,5.0,4.8,4.4,4.5,18.7,LOW,LOW,LOW,LOW,N,27.4,24.6
2026-07-12 09:00,9,0,6,0.7071,-0.7071,-0.7818,0.6235,1,0,0,Clear,1.0,5.0,4.8,4.4,4.5,21.8,22.7,19.7,20.2,4.8,5.0,4.3,4.4,18.5,LOW,LOW,LOW,LOW,S,27.5,24.5
2026-07-12 09:15,9,15,6,0.6593,-0.7518,-0.7818,0.6235,1,0,0,Rain,1.25,4.8,5.0,4.3,4.4,28.7,26.4,23.9,26.1,6.3,5.8,5.3,5.7,23.1,MEDIUM,LOW,LOW,LOW,N,27.2,24.8
2026-07-12 09:30,9,30,6,0.6088,-0.7934,-0.7818,0.6235,1,0,0,Clear,1.0,6.3,5.8,5.3,5.7,23.1,21.7,19.5,20.6,5.1,4.8,4.3,4.5,18.7,LOW,LOW,LOW,LOW,N,27.5,24.5
2026-07-12 09:45,9,45,6,0.5556,-0.8315,-0.7818,0.6235,1,0,0,Clear,1.0,5.1,4.8,4.3,4.5,21.6,22.2,19.8,20.9,4.8,4.9,4.4,4.6,18.7,LOW,LOW,LOW,LOW,S,26.9,25.1
2026-07-12 10:00,10,0,6,0.5,-0.866,-0.7818,0.6235,1,0,0,Clear,1.0,4.8,4.9,4.4,4.6,41.7,39.0,36.8,35.4,9.2,8.6,8.1,7.8,33.7,MEDIUM,MEDIUM,MEDIUM,MEDIUM,N,27.5,24.5
2026-07-12 10:15,10,15,6,0.4423,-0.8969,-0.7818,0.6235,1,0,0,Clear,1.0,9.2,8.6,8.1,7.8,40.4,37.0,35.8,35.8,8.9,8.1,7.9,7.9,32.8,MEDIUM,MEDIUM,MEDIUM,MEDIUM,N,27.3,24.7
2026-07-12 10:30,10,30,6,0.3827,-0.9239,-0.7818,0.6235,1,0,0,Clear,1.0,8.9,8.1,7.9,7.9,42.4,39.6,37.6,36.2,9.3,8.7,8.3,8.0,34.3,MEDIUM,MEDIUM,MEDIUM,MEDIUM,N,27.5,24.5
2026-07-12 10:45,10,45,6,0.3214,-0.9469,-0.7818,0.6235,1,0,0,Clear,1.0,9.3,8.7,8.3,8.0,39.7,39.1,36.9,35.2,8.7,8.6,8.1,7.7,33.1,MEDIUM,MEDIUM,MEDIUM,MEDIUM,N,27.1,24.9
2026-07-12 11:00,11,0,6,0.2588,-0.9659,-0.7818,0.6235,1,0,0,Clear,1.0,8.7,8.6,8.1,7.7,36.5,47.0,33.4,40.1,8.0,10.3,7.3,8.8,34.4,MEDIUM,MEDIUM,MEDIUM,MEDIUM,S,27.9,24.1
2026-07-12 11:15,11,15,6,0.1951,-0.9808,-0.7818,0.6235,1,0,0,Rain,1.25,8.0,10.3,7.3,8.8,46.6,57.4,42.3,49.5,10.3,12.6,9.3,10.9,43.1,MEDIUM,MEDIUM,MEDIUM,MEDIUM,S,27.8,24.2
2026-07-12 11:30,11,30,6,0.1305,-0.9914,-0.7818,0.6235,1,0,0,Clear,1.0,10.3,12.6,9.3,10.9,35.7,45.1,34.6,40.0,7.9,9.9,7.6,8.8,34.2,MEDIUM,MEDIUM,MEDIUM,MEDIUM,S,27.3,24.7
2026-07-12 11:45,11,45,6,0.0654,-0.9979,-0.7818,0.6235,1,0,0,Clear,1.0,7.9,9.9,7.6,8.8,37.4,46.3,33.7,42.0,8.2,10.2,7.4,9.2,35.0,MEDIUM,MEDIUM,MEDIUM,MEDIUM,S,27.3,24.7
2026-07-12 12:00,12,0,6,0.0,-1.0,-0.7818,0.6235,1,0,0,Clear,1.0,8.2,10.2,7.4,9.2,42.2,52.5,38.2,44.5,9.3,11.6,8.4,9.8,39.1,MEDIUM,MEDIUM,MEDIUM,MEDIUM,S,28.0,24.0
2026-07-12 12:15,12,15,6,-0.0654,-0.9979,-0.7818,0.6235,1,0,0,Clear,1.0,9.3,11.6,8.4,9.8,41.9,53.9,38.5,44.3,9.2,11.9,8.5,9.7,39.3,MEDIUM,MEDIUM,MEDIUM,MEDIUM,S,28.2,23.8
2026-07-12 12:30,12,30,6,-0.1305,-0.9914,-0.7818,0.6235,1,0,0,Clear,1.0,9.2,11.9,8.5,9.7,40.2,49.2,36.6,45.2,8.8,10.8,8.1,9.9,37.6,MEDIUM,MEDIUM,MEDIUM,MEDIUM,S,27.1,24.9
2026-07-12 12:45,12,45,6,-0.1951,-0.9808,-0.7818,0.6235,1,0,0,Clear,1.0,8.8,10.8,8.1,9.9,42.7,52.0,38.3,44.2,9.4,11.4,8.4,9.7,38.9,MEDIUM,MEDIUM,MEDIUM,MEDIUM,S,27.9,24.1
2026-07-12 13:00,13,0,6,-0.2588,-0.9659,-0.7818,0.6235,1,0,0,Rain,1.25,9.4,11.4,8.4,9.7,58.6,63.5,52.0,58.7,12.9,14.0,11.4,12.9,51.2,MEDIUM,HIGH,MEDIUM,MEDIUM,S,27.1,24.9
2026-07-12 13:15,13,15,6,-0.3214,-0.9469,-0.7818,0.6235,1,0,0,Clear,1.0,12.9,14.0,11.4,12.9,47.2,52.1,42.6,44.0,10.4,11.5,9.4,9.7,41.0,MEDIUM,MEDIUM,MEDIUM,MEDIUM,S,28.0,24.0
2026-07-12 13:30,13,30,6,-0.3827,-0.9239,-0.7818,0.6235,1,0,0,Clear,1.0,10.4,11.5,9.4,9.7,49.4,54.8,41.0,46.0,10.9,12.1,9.0,10.1,42.1,MEDIUM,MEDIUM,MEDIUM,MEDIUM,S,28.3,23.7
2026-07-12 13:45,13,45,6,-0.4423,-0.8969,-0.7818,0.6235,1,0,0,Rain,1.25,10.9,12.1,9.0,10.1,57.5,64.7,53.7,54.5,12.6,14.2,11.8,12.0,50.6,MEDIUM,HIGH,MEDIUM,MEDIUM,S,27.9,24.1
2026-07-12 14:00,14,0,6,-0.5,-0.866,-0.7818,0.6235,1,0,0,Clear,1.0,12.6,14.2,11.8,12.0,51.4,45.1,46.6,38.9,11.3,9.9,10.3,8.6,40.1,MEDIUM,MEDIUM,MEDIUM,MEDIUM,N,27.4,24.6
2026-07-12 14:15,14,15,6,-0.5556,-0.8315,-0.7818,0.6235,1,0,0,Clear,1.0,11.3,9.9,10.3,8.6,55.2,45.7,45.6,38.8,12.1,10.1,10.0,8.5,40.7,MEDIUM,MEDIUM,MEDIUM,MEDIUM,N,28.4,23.6
2026-07-12 14:30,14,30,6,-0.6088,-0.7934,-0.7818,0.6235,1,0,0,Rain,1.25,12.1,10.1,10.0,8.5,69.3,59.4,56.4,51.0,15.2,13.1,12.4,11.2,51.9,HIGH,MEDIUM,MEDIUM,MEDIUM,N,28.5,23.5
2026-07-12 14:45,14,45,6,-0.6593,-0.7518,-0.7818,0.6235,1,0,0,Clear,1.0,15.2,13.1,12.4,11.2,51.4,46.6,45.7,42.5,11.3,10.3,10.1,9.4,41.1,MEDIUM,MEDIUM,MEDIUM,MEDIUM,N,27.4,24.6
2026-07-12 15:00,15,0,6,-0.7071,-0.7071,-0.7818,0.6235,1,0,0,Rain,1.25,11.3,10.3,10.1,9.4,61.8,48.3,55.7,46.1,13.6,10.6,12.3,10.1,46.6,MEDIUM,MEDIUM,MEDIUM,MEDIUM,N,27.2,24.8
2026-07-12 15:15,15,15,6,-0.7518,-0.6593,-0.7818,0.6235,1,0,0,Clear,1.0,13.6,10.6,12.3,10.1,49.3,37.1,45.8,36.1,10.8,8.2,10.1,7.9,37.0,MEDIUM,MEDIUM,MEDIUM,MEDIUM,N,26.8,25.2
2026-07-12 15:30,15,30,6,-0.7934,-0.6088,-0.7818,0.6235,1,0,0,Clear,1.0,10.8,8.2,10.1,7.9,49.3,37.6,42.3,36.5,10.8,8.3,9.3,8.0,36.4,MEDIUM,MEDIUM,MEDIUM,MEDIUM,N,27.6,24.4
2026-07-12 15:45,15,45,6,-0.8315,-0.5556,-0.7818,0.6235,1,0,0,Clear,1.0,10.8,8.3,9.3,8.0,48.7,40.4,45.4,36.0,10.7,8.9,10.0,7.9,37.5,MEDIUM,MEDIUM,MEDIUM,MEDIUM,N,27.0,25.0
2026-07-12 16:00,16,0,6,-0.866,-0.5,-0.7818,0.6235,1,0,0,Clear,1.0,10.7,8.9,10.0,7.9,41.3,36.3,39.4,34.8,9.1,8.0,8.7,7.7,33.5,MEDIUM,MEDIUM,MEDIUM,MEDIUM,N,26.6,25.4
2026-07-12 16:15,16,15,6,-0.8969,-0.4423,-0.7818,0.6235,1,0,0,Clear,1.0,9.1,8.0,8.7,7.7,43.0,38.4,38.2,33.1,9.5,8.4,8.4,7.3,33.6,MEDIUM,MEDIUM,MEDIUM,MEDIUM,N,27.6,24.4
2026-07-12 16:30,16,30,6,-0.9239,-0.3827,-0.7818,0.6235,1,0,0,Clear,1.0,9.5,8.4,8.4,7.3,41.7,35.6,38.4,35.6,9.2,7.8,8.4,7.8,33.2,MEDIUM,MEDIUM,MEDIUM,MEDIUM,N,26.8,25.2
2026-07-12 16:45,16,45,6,-0.9469,-0.3214,-0.7818,0.6235,1,0,0,Clear,1.0,9.2,7.8,8.4,7.8,44.6,38.3,39.5,35.0,9.8,8.4,8.7,7.7,34.6,MEDIUM,MEDIUM,MEDIUM,MEDIUM,N,27.5,24.5
2026-07-12 17:00,17,0,6,-0.9659,-0.2588,-0.7818,0.6235,1,0,0,Rain,1.25,9.8,8.4,8.7,7.7,48.6,51.6,43.6,46.2,10.7,11.4,9.6,10.2,41.9,MEDIUM,MEDIUM,MEDIUM,MEDIUM,S,27.4,24.6
2026-07-12 17:15,17,15,6,-0.9808,-0.1951,-0.7818,0.6235,1,0,0,Clear,1.0,10.7,11.4,9.6,10.2,37.6,40.9,33.4,38.8,8.3,9.0,7.3,8.5,33.1,MEDIUM,MEDIUM,MEDIUM,MEDIUM,S,26.9,25.1
2026-07-12 17:30,17,30,6,-0.9914,-0.1305,-0.7818,0.6235,1,0,0,Clear,1.0,8.3,9.0,7.3,8.5,38.0,41.8,32.7,37.8,8.4,9.2,7.2,8.3,33.1,MEDIUM,MEDIUM,MEDIUM,MEDIUM,S,27.5,24.5
2026-07-12 17:45,17,45,6,-0.9979,-0.0654,-0.7818,0.6235,1,0,0,Clear,1.0,8.4,9.2,7.2,8.3,37.1,43.0,34.3,36.9,8.2,9.5,7.5,8.1,33.3,MEDIUM,MEDIUM,MEDIUM,MEDIUM,S,27.8,24.2
2026-07-12 18:00,18,0,6,-1.0,-0.0,-0.7818,0.6235,1,0,0,Clear,1.0,8.2,9.5,7.5,8.1,22.5,21.3,20.8,19.8,5.0,4.7,4.6,4.4,18.7,LOW,LOW,LOW,LOW,N,27.0,25.0
2026-07-12 18:15,18,15,6,-0.9979,0.0654,-0.7818,0.6235,1,0,0,Clear,1.0,5.0,4.7,4.6,4.4,22.9,22.9,21.0,20.5,5.0,5.0,4.6,4.5,19.1,LOW,LOW,LOW,LOW,N,27.2,24.8
2026-07-12 18:30,18,30,6,-0.9914,0.1305,-0.7818,0.6235,1,0,0,Clear,1.0,5.0,5.0,4.6,4.5,22.7,22.7,19.6,19.9,5.0,5.0,4.3,4.4,18.7,LOW,LOW,LOW,LOW,N,27.8,24.2
2026-07-12 18:45,18,45,6,-0.9808,0.1951,-0.7818,0.6235,1,0,0,Clear,1.0,5.0,5.0,4.3,4.4,22.5,21.9,19.1,20.7,5.0,4.8,4.2,4.6,18.6,LOW,LOW,LOW,LOW,N,27.3,24.7
2026-07-12 19:00,19,0,6,-0.9659,0.2588,-0.7818,0.6235,1,0,0,Clear,1.0,5.0,4.8,4.2,4.6,22.9,22.7,19.5,20.3,5.0,5.0,4.3,4.5,18.8,LOW,LOW,LOW,LOW,N,27.7,24.3
2026-07-12 19:15,19,15,6,-0.9469,0.3214,-0.7818,0.6235,1,0,0,Clear,1.0,5.0,5.0,4.3,4.5,21.1,21.7,19.9,20.9,4.6,4.8,4.4,4.6,18.4,LOW,LOW,LOW,LOW,S,26.6,25.4
2026-07-12 19:30,19,30,6,-0.9239,0.3827,-0.7818,0.6235,1,0,0,Heavy Rain,1.5,4.6,4.8,4.4,4.6,33.8,33.5,29.4,31.3,7.4,7.4,6.5,6.9,28.2,MEDIUM,MEDIUM,MEDIUM,MEDIUM,N,27.2,24.8
2026-07-12 19:45,19,45,6,-0.8969,0.4423,-0.7818,0.6235,1,0,0,Clear,1.0,7.4,7.4,6.5,6.9,22.4,20.9,20.1,20.8,4.9,4.6,4.4,4.6,18.5,LOW,LOW,LOW,LOW,N,26.8,25.2
2026-07-12 20:00,20,0,6,-0.866,0.5,-0.7818,0.6235,1,0,0,Clear,1.0,4.9,4.6,4.4,4.6,21.9,22.1,20.2,19.9,4.8,4.9,4.4,4.4,18.5,LOW,LOW,LOW,LOW,S,27.2,24.8
2026-07-12 20:15,20,15,6,-0.8315,0.5556,-0.7818,0.6235,1,0,0,Clear,1.0,4.8,4.9,4.4,4.4,21.5,21.0,19.1,19.5,4.7,4.6,4.2,4.3,17.8,LOW,LOW,LOW,LOW,N,27.3,24.7
2026-07-12 20:30,20,30,6,-0.7934,0.6088,-0.7818,0.6235,1,0,0,Rain,1.25,4.7,4.6,4.2,4.3,28.8,26.5,25.8,25.7,6.3,5.8,5.7,5.7,23.5,MEDIUM,LOW,LOW,LOW,N,27.2,24.8
2026-07-12 20:45,20,45,6,-0.7518,0.6593,-0.7818,0.6235,1,0,0,Clear,1.0,6.3,5.8,5.7,5.7,22.2,22.9,20.3,20.3,4.9,5.0,4.5,4.5,18.9,LOW,LOW,LOW,LOW,S,27.5,24.5
2026-07-12 21:00,21,0,6,-0.7071,0.7071,-0.7818,0.6235,1,0,0,Clear,1.0,4.9,5.0,4.5,4.5,22.8,22.6,20.9,20.2,5.0,5.0,4.6,4.4,19.0,LOW,LOW,LOW,LOW,N,27.2,24.8
2026-07-12 21:15,21,15,6,-0.6593,0.7518,-0.7818,0.6235,1,0,0,Clear,1.0,5.0,5.0,4.6,4.4,21.3,22.2,20.0,20.2,4.7,4.9,4.4,4.4,18.4,LOW,LOW,LOW,LOW,S,27.1,24.9
2026-07-12 21:30,21,30,6,-0.6088,0.7934,-0.7818,0.6235,1,0,0,Clear,1.0,4.7,4.9,4.4,4.4,21.7,22.6,19.8,20.2,4.8,5.0,4.4,4.4,18.6,LOW,LOW,LOW,LOW,S,27.4,24.6
2026-07-12 21:45,21,45,6,-0.5556,0.8315,-0.7818,0.6235,1,0,0,Clear,1.0,4.8,5.0,4.4,4.4,21.2,21.4,20.2,20.1,4.7,4.7,4.4,4.4,18.2,LOW,LOW,LOW,LOW,N,26.7,25.3
2026-07-12 22:00,22,0,6,-0.5,0.866,-0.7818,0.6235,1,0,0,Heavy Rain,1.5,4.7,4.7,4.4,4.4,34.1,33.7,31.1,29.5,7.5,7.4,6.8,6.5,28.2,MEDIUM,MEDIUM,MEDIUM,MEDIUM,N,27.3,24.7
2026-07-12 22:15,22,15,6,-0.4423,0.8969,-0.7818,0.6235,1,0,0,Clear,1.0,7.5,7.4,6.8,6.5,21.0,21.5,19.2,20.1,4.6,4.7,4.2,4.4,17.9,LOW,LOW,LOW,LOW,S,26.9,25.1
2026-07-12 22:30,22,30,6,-0.3827,0.9239,-0.7818,0.6235,1,0,0,Rain,1.25,4.6,4.7,4.2,4.4,28.8,27.1,25.3,24.7,6.3,6.0,5.6,5.4,23.3,MEDIUM,MEDIUM,LOW,LOW,N,27.6,24.4
2026-07-12 22:45,22,45,6,-0.3214,0.9469,-0.7818,0.6235,1,0,0,Clear,1.0,6.3,6.0,5.6,5.4,22.7,22.0,21.0,19.3,5.0,4.8,4.6,4.2,18.6,LOW,LOW,LOW,LOW,N,27.2,24.8
2026-07-12 23:00,23,0,6,-0.2588,0.9659,-0.7818,0.6235,1,0,0,Clear,1.0,5.0,4.8,4.6,4.2,6.2,6.1,5.0,5.1,1.4,1.3,1.1,1.1,4.9,LOW,LOW,LOW,LOW,N,28.5,23.5
2026-07-12 23:15,23,15,6,-0.1951,0.9808,-0.7818,0.6235,1,0,0,Clear,1.0,1.4,1.3,1.1,1.1,5.9,5.7,5.1,5.1,1.3,1.3,1.1,1.1,4.8,LOW,LOW,LOW,LOW,N,27.8,24.2
2026-07-12 23:30,23,30,6,-0.1305,0.9914,-0.7818,0.6235,1,0,0,Clear,1.0,1.3,1.3,1.1,1.1,5.8,5.7,5.2,4.8,1.3,1.3,1.1,1.1,4.8,LOW,LOW,LOW,LOW,N,27.6,24.4
2026-07-12 23:45,23,45,6,-0.0654,0.9979,-0.7818,0.6235,1,0,0,Clear,1.0,1.3,1.3,1.1,1.1,6.0,6.1,5.1,5.2,1.3,1.3,1.1,1.1,4.8,LOW,LOW,LOW,LOW,N,28.1,23.9
2026-07-13 00:00,0,0,0,0.0,1.0,0.0,1.0,0,0,0,Rain,1.25,1.3,1.3,1.1,1.1,7.1,7.5,6.1,6.2,1.6,1.6,1.3,1.4,5.9,LOW,LOW,LOW,LOW,N,28.3,23.7
2026-07-13 00:15,0,15,0,0.0654,0.9979,0.0,1.0,0,0,0,Clear,1.0,1.6,1.6,1.3,1.4,6.0,5.9,5.2,5.1,1.3,1.3,1.1,1.1,4.8,LOW,LOW,LOW,LOW,N,27.9,24.1
2026-07-13 00:30,0,30,0,0.1305,0.9914,0.0,1.0,0,0,0,Clear,1.0,1.3,1.3,1.1,1.1,6.1,5.8,4.8,5.2,1.3,1.3,1.1,1.1,4.8,LOW,LOW,LOW,LOW,N,28.2,23.8
2026-07-13 00:45,0,45,0,0.1951,0.9808,0.0,1.0,0,0,0,Clear,1.0,1.3,1.3,1.1,1.1,5.7,5.8,5.1,5.1,1.3,1.3,1.1,1.1,4.8,LOW,LOW,LOW,LOW,N,27.6,24.4
2026-07-13 01:00,1,0,0,0.2588,0.9659,0.0,1.0,0,0,0,Heavy Rain,1.5,1.3,1.3,1.1,1.1,9.3,9.1,7.5,7.4,2.0,2.0,1.6,1.6,7.2,LOW,LOW,LOW,LOW,N,28.8,23.2
2026-07-13 01:15,1,15,0,0.3214,0.9469,0.0,1.0,0,0,0,Clear,1.0,2.0,2.0,1.6,1.6,5.8,5.7,5.1,5.1,1.3,1.3,1.1,1.1,4.8,LOW,LOW,LOW,LOW,N,27.6,24.4
2026-07-13 01:30,1,30,0,0.3827,0.9239,0.0,1.0,0,0,0,Clear,1.0,1.3,1.3,1.1,1.1,6.1,6.2,4.8,5.0,1.3,1.4,1.1,1.1,4.9,LOW,LOW,LOW,LOW,S,28.9,23.1
2026-07-13 01:45,1,45,0,0.4423,0.8969,0.0,1.0,0,0,0,Clear,1.0,1.3,1.4,1.1,1.1,6.2,6.2,5.0,5.0,1.4,1.4,1.1,1.1,5.0,LOW,LOW,LOW,LOW,N,28.8,23.2
2026-07-13 02:00,2,0,0,0.5,0.866,0.0,1.0,0,0,0,Clear,1.0,1.4,1.4,1.1,1.1,6.0,6.2,4.9,4.8,1.3,1.4,1.1,1.1,4.9,LOW,LOW,LOW,LOW,S,29.0,23.0
2026-07-13 02:15,2,15,0,0.5556,0.8315,0.0,1.0,0,0,0,Rain,1.25,1.3,1.4,1.1,1.1,7.6,7.5,6.3,6.0,1.7,1.6,1.4,1.3,6.0,LOW,LOW,LOW,LOW,N,28.5,23.5
2026-07-13 02:30,2,30,0,0.6088,0.7934,0.0,1.0,0,0,0,Clear,1.0,1.7,1.6,1.4,1.3,6.3,6.3,4.9,4.8,1.4,1.4,1.1,1.1,5.0,LOW,LOW,LOW,LOW,N,29.3,22.7
2026-07-13 02:45,2,45,0,0.6593,0.7518,0.0,1.0,0,0,0,Rain,1.25,1.4,1.4,1.1,1.1,7.6,7.7,6.5,6.2,1.7,1.7,1.4,1.4,6.2,LOW,LOW,LOW,LOW,N,28.3,23.7
2026-07-13 03:00,3,0,0,0.7071,0.7071,0.0,1.0,0,0,0,Heavy Rain,1.5,1.7,1.7,1.4,1.4,9.3,9.4,7.8,7.7,2.0,2.1,1.7,1.7,7.5,LOW,LOW,LOW,LOW,S,28.4,23.6
2026-07-13 03:15,3,15,0,0.7518,0.6593,0.0,1.0,0,0,0,Clear,1.0,2.0,2.1,1.7,1.7,6.1,5.9,5.0,5.1,1.3,1.3,1.1,1.1,4.8,LOW,LOW,LOW,LOW,N,28.3,23.7
2026-07-13 03:30,3,30,0,0.7934,0.6088,0.0,1.0,0,0,0,Clear,1.0,1.3,1.3,1.1,1.1,5.8,6.1,5.0,4.8,1.3,1.3,1.1,1.1,4.8,LOW,LOW,LOW,LOW,N,28.5,23.5
2026-07-13 03:45,3,45,0,0.8315,0.5556,0.0,1.0,0,0,0,Clear,1.0,1.3,1.3,1.1,1.1,5.9,5.8,5.2,5.2,1.3,1.3,1.1,1.1,4.8,LOW,LOW,LOW,LOW,N,27.6,24.4
2026-07-13 04:00,4,0,0,0.866,0.5,0.0,1.0,0,0,0,Clear,1.0,1.3,1.3,1.1,1.1,6.3,6.0,4.8,4.8,1.4,1.3,1.1,1.1,4.9,LOW,LOW,LOW,LOW,N,29.4,22.6
2026-07-13 04:15,4,15,0,0.8969,0.4423,0.0,1.0,0,0,0,Clear,1.0,1.4,1.3,1.1,1.1,6.2,5.9,5.0,5.0,1.4,1.3,1.1,1.1,4.9,LOW,LOW,LOW,LOW,N,28.6,23.4
2026-07-13 04:30,4,30,0,0.9239,0.3827,0.0,1.0,0,0,0,Clear,1.0,1.4,1.3,1.1,1.1,6.0,5.7,5.2,4.8,1.3,1.3,1.1,1.1,4.8,LOW,LOW,LOW,LOW,N,27.9,24.1
2026-07-13 04:45,4,45,0,0.9469,0.3214,0.0,1.0,0,0,0,Clear,1.0,1.3,1.3,1.1,1.1,5.9,5.8,4.8,4.9,1.3,1.3,1.1,1.1,4.8,LOW,LOW,LOW,LOW,N,28.4,23.6
2026-07-13 05:00,5,0,0,0.9659,0.2588,0.0,1.0,0,0,0,Clear,1.0,1.3,1.3,1.1,1.1,5.9,5.7,5.0,4.8,1.3,1.3,1.1,1.1,4.8,LOW,LOW,LOW,LOW,N,28.2,23.8
2026-07-13 05:15,5,15,0,0.9808,0.1951,0.0,1.0,0,0,0,Clear,1.0,1.3,1.3,1.1,1.1,5.8,6.2,4.8,5.1,1.3,1.4,1.1,1.1,4.9,LOW,LOW,LOW,LOW,S,28.5,23.5
2026-07-13 05:30,5,30,0,0.9914,0.1305,0.0,1.0,0,0,0,Rain,1.25,1.3,1.4,1.1,1.1,7.7,7.4,6.3,6.2,1.7,1.6,1.4,1.4,6.1,LOW,LOW,LOW,LOW,N,28.5,23.5
2026-07-13 05:45,5,45,0,0.9979,0.0654,0.0,1.0,0,0,0,Clear,1.0,1.7,1.6,1.4,1.4,6.0,5.9,5.2,4.8,1.3,1.3,1.1,1.1,4.8,LOW,LOW,LOW,LOW,N,28.1,23.9
2026-07-13 06:00,6,0,0,1.0,0.0,0.0,1.0,0,0,0,Clear,1.0,1.3,1.3,1.1,1.1,24.7,25.0,21.7,21.4,5.4,5.5,4.8,4.7,20.4,LOW,LOW,LOW,LOW,S,27.8,24.2
2026-07-13 06:15,6,15,0,0.9979,-0.0654,0.0,1.0,0,0,0,Clear,1.0,5.4,5.5,4.8,4.7,26.2,24.5,21.6,21.9,5.8,5.4,4.8,4.8,20.8,LOW,LOW,LOW,LOW,N,28.2,23.8
2026-07-13 06:30,6,30,0,0.9914,-0.1305,0.0,1.0,0,0,0,Clear,1.0,5.8,5.4,4.8,4.8,23.9,24.1,22.3,21.7,5.3,5.3,4.9,4.8,20.3,LOW,LOW,LOW,LOW,N,27.1,24.9
2026-07-13 06:45,6,45,0,0.9808,-0.1951,0.0,1.0,0,0,0,Clear,1.0,5.3,5.3,4.9,4.8,25.6,24.8,22.4,22.3,5.6,5.5,4.9,4.9,20.9,LOW,LOW,LOW,LOW,N,27.6,24.4
2026-07-13 07:00,7,0,0,0.9659,-0.2588,0.0,1.0,0,1,0,Heavy Rain,1.5,5.6,5.5,4.9,4.9,158.7,27.9,125.6,26.8,34.9,6.1,27.6,5.9,74.5,VERY_HIGH,MEDIUM,VERY_HIGH,LOW,N,28.9,23.1
2026-07-13 07:15,7,15,0,0.9469,-0.3214,0.0,1.0,0,1,0,Rain,1.25,34.9,6.1,27.6,5.9,138.8,22.7,108.9,23.6,30.5,5.0,24.0,5.2,64.7,VERY_HIGH,LOW,VERY_HIGH,LOW,N,28.9,23.1
2026-07-13 07:30,7,30,0,0.9239,-0.3827,0.0,1.0,0,1,0,Clear,1.0,30.5,5.0,24.0,5.2,106.9,17.2,80.8,17.6,23.5,3.8,17.8,3.9,49.0,HIGH,LOW,HIGH,LOW,N,29.4,22.6
2026-07-13 07:45,7,45,0,0.8969,-0.4423,0.0,1.0,0,1,0,Rain,1.25,23.5,3.8,17.8,3.9,132.0,23.5,102.5,23.6,29.0,5.2,22.6,5.2,62.0,VERY_HIGH,LOW,HIGH,LOW,N,29.1,22.9
2026-07-13 08:00,8,0,0,0.866,-0.5,0.0,1.0,0,1,0,Clear,1.0,29.0,5.2,22.6,5.2,149.3,18.8,108.6,17.3,32.8,4.1,23.9,3.8,64.6,VERY_HIGH,LOW,HIGH,LOW,N,30.0,22.0
2026-07-13 08:15,8,15,0,0.8315,-0.5556,0.0,1.0,0,1,0,Clear,1.0,32.8,4.1,23.9,3.8,150.0,17.9,114.1,18.3,33.0,3.9,25.1,4.0,66.0,VERY_HIGH,LOW,VERY_HIGH,LOW,N,29.4,22.6
2026-07-13 08:30,8,30,0,0.7934,-0.6088,0.0,1.0,0,1,0,Rain,1.25,33.0,3.9,25.1,4.0,180.0,22.3,136.0,23.6,39.6,4.9,29.9,5.2,79.6,VERY_HIGH,LOW,VERY_HIGH,LOW,N,29.4,22.6
2026-07-13 08:45,8,45,0,0.7518,-0.6593,0.0,1.0,0,1,0,Clear,1.0,39.6,4.9,29.9,5.2,142.5,17.9,108.9,18.5,31.4,3.9,24.0,4.1,63.4,VERY_HIGH,LOW,VERY_HIGH,LOW,N,29.3,22.7
2026-07-13 09:00,9,0,0,0.7071,-0.7071,0.0,1.0,0,1,0,Clear,1.0,31.4,3.9,24.0,4.1,113.6,18.2,81.7,18.6,25.0,4.0,18.0,4.1,51.1,VERY_HIGH,LOW,HIGH,LOW,N,30.0,22.0
2026-07-13 09:15,9,15,0,0.6593,-0.7518,0.0,1.0,0,1,0,Clear,1.0,25.0,4.0,18.0,4.1,111.7,17.9,88.2,17.5,24.6,3.9,19.4,3.9,51.8,VERY_HIGH,LOW,HIGH,LOW,N,28.9,23.1
2026-07-13 09:30,9,30,0,0.6088,-0.7934,0.0,1.0,0,1,0,Clear,1.0,24.6,3.9,19.4,3.9,108.9,17.6,81.6,17.5,24.0,3.9,18.0,3.9,49.8,VERY_HIGH,LOW,HIGH,LOW,N,29.5,22.5
2026-07-13 09:45,9,45,0,0.5556,-0.8315,0.0,1.0,0,1,0,Rain,1.25,24.0,3.9,18.0,3.9,144.3,22.8,110.1,22.0,31.7,5.0,24.2,4.8,65.7,VERY_HIGH,LOW,VERY_HIGH,LOW,N,29.3,22.7
2026-07-13 10:00,10,0,0,0.5,-0.866,0.0,1.0,0,0,0,Clear,1.0,31.7,5.0,24.2,4.8,24.8,24.4,22.0,22.5,5.5,5.4,4.8,5.0,20.7,LOW,LOW,LOW,LOW,N,27.3,24.7
2026-07-13 10:15,10,15,0,0.4423,-0.8969,0.0,1.0,0,0,0,Clear,1.0,5.5,5.4,4.8,5.0,24.2,24.6,23.0,22.7,5.3,5.4,5.1,5.0,20.8,LOW,LOW,LOW,LOW,S,26.9,25.1
2026-07-13 10:30,10,30,0,0.3827,-0.9239,0.0,1.0,0,0,0,Clear,1.0,5.3,5.4,5.1,5.0,25.2,25.5,21.7,21.8,5.5,5.6,4.8,4.8,20.7,LOW,LOW,LOW,LOW,S,28.0,24.0
2026-07-13 10:45,10,45,0,0.3214,-0.9469,0.0,1.0,0,0,0,Clear,1.0,5.5,5.6,4.8,4.8,26.1,25.9,23.1,23.0,5.7,5.7,5.1,5.1,21.6,LOW,LOW,LOW,LOW,N,27.6,24.4
2026-07-13 11:00,11,0,0,0.2588,-0.9659,0.0,1.0,0,0,0,Clear,1.0,5.7,5.7,5.1,5.1,41.5,39.9,35.3,34.0,9.1,8.8,7.8,7.5,33.2,MEDIUM,MEDIUM,MEDIUM,MEDIUM,N,28.1,23.9
2026-07-13 11:15,11,15,0,0.1951,-0.9808,0.0,1.0,0,0,0,Clear,1.0,9.1,8.8,7.8,7.5,39.7,40.7,33.4,36.1,8.7,9.0,7.3,7.9,32.9,MEDIUM,MEDIUM,MEDIUM,MEDIUM,S,27.7,24.3
2026-07-13 11:30,11,30,0,0.1305,-0.9914,0.0,1.0,0,0,0,Clear,1.0,8.7,9.0,7.3,7.9,40.2,38.3,34.1,33.3,8.8,8.4,7.5,7.3,32.0,MEDIUM,MEDIUM,MEDIUM,MEDIUM,N,28.1,23.9
2026-07-13 11:45,11,45,0,0.0654,-0.9979,0.0,1.0,0,0,0,Clear,1.0,8.8,8.4,7.5,7.3,41.6,38.8,34.2,33.8,9.2,8.5,7.5,7.4,32.6,MEDIUM,MEDIUM,MEDIUM,MEDIUM,N,28.4,23.6
2026-07-13 12:00,12,0,0,0.0,-1.0,0.0,1.0,0,0,0,Clear,1.0,9.2,8.5,7.5,7.4,38.3,41.1,34.7,34.9,8.4,9.0,7.6,7.7,32.7,MEDIUM,MEDIUM,MEDIUM,MEDIUM,S,27.9,24.1
2026-07-13 12:15,12,15,0,-0.0654,-0.9979,0.0,1.0,0,0,0,Clear,1.0,8.4,9.0,7.6,7.7,38.6,40.6,34.7,35.8,8.5,8.9,7.6,7.9,32.9,MEDIUM,MEDIUM,MEDIUM,MEDIUM,S,27.6,24.4
2026-07-13 12:30,12,30,0,-0.1305,-0.9914,0.0,1.0,0,0,0,Clear,1.0,8.5,8.9,7.6,7.9,41.6,39.0,33.6,35.9,9.2,8.6,7.4,7.9,33.1,MEDIUM,MEDIUM,MEDIUM,MEDIUM,N,27.9,24.1
2026-07-13 12:45,12,45,0,-0.1951,-0.9808,0.0,1.0,0,0,0,Clear,1.0,9.2,8.6,7.4,7.9,40.9,40.3,34.8,35.0,9.0,8.9,7.7,7.7,33.3,MEDIUM,MEDIUM,MEDIUM,MEDIUM,N,28.0,24.0
2026-07-13 13:00,13,0,0,-0.2588,-0.9659,0.0,1.0,0,0,0,Clear,1.0,9.0,8.9,7.7,7.7,40.2,39.0,34.9,36.7,8.8,8.6,7.7,8.1,33.2,MEDIUM,MEDIUM,MEDIUM,MEDIUM,N,27.2,24.8
2026-07-13 13:15,13,15,0,-0.3214,-0.9469,0.0,1.0,0,0,0,Rain,1.25,8.8,8.6,7.7,8.1,51.3,51.9,43.3,43.1,11.3,11.4,9.5,9.5,41.7,MEDIUM,MEDIUM,MEDIUM,MEDIUM,S,28.3,23.7
2026-07-13 13:30,13,30,0,-0.3827,-0.9239,0.0,1.0,0,0,0,Clear,1.0,11.3,11.4,9.5,9.5,39.1,40.5,33.6,35.6,8.6,8.9,7.4,7.8,32.7,MEDIUM,MEDIUM,MEDIUM,MEDIUM,S,27.7,24.3
2026-07-13 13:45,13,45,0,-0.4423,-0.8969,0.0,1.0,0,0,0,Clear,1.0,8.6,8.9,7.4,7.8,39.4,42.0,34.7,34.7,8.7,9.2,7.6,7.6,33.1,MEDIUM,MEDIUM,MEDIUM,MEDIUM,S,28.3,23.7
2026-07-13 14:00,14,0,0,-0.5,-0.866,0.0,1.0,0,0,0,Clear,1.0,8.7,9.2,7.6,7.6,40.3,38.6,35.5,36.0,8.9,8.5,7.8,7.9,33.1,MEDIUM,MEDIUM,MEDIUM,MEDIUM,N,27.4,24.6
2026-07-13 14:15,14,15,0,-0.5556,-0.8315,0.0,1.0,0,0,0,Clear,1.0,8.9,8.5,7.8,7.9,39.0,41.2,36.1,36.1,8.6,9.1,7.9,7.9,33.5,MEDIUM,MEDIUM,MEDIUM,MEDIUM,S,27.5,24.5
2026-07-13 14:30,14,30,0,-0.6088,-0.7934,0.0,1.0,0,0,0,Clear,1.0,8.6,9.1,7.9,7.9,38.5,41.3,35.1,33.3,8.5,9.1,7.7,7.3,32.6,MEDIUM,MEDIUM,MEDIUM,MEDIUM,S,28.1,23.9
2026-07-13 14:45,14,45,0,-0.6593,-0.7518,0.0,1.0,0,0,0,Heavy Rain,1.5,8.5,9.1,7.7,7.3,61.3,57.4,52.2,54.2,13.5,12.6,11.5,11.9,49.5,MEDIUM,MEDIUM,MEDIUM,MEDIUM,N,27.5,24.5
2026-07-13 15:00,15,0,0,-0.7071,-0.7071,0.0,1.0,0,0,0,Clear,1.0,13.5,12.6,11.5,11.9,39.5,41.0,36.5,33.9,8.7,9.0,8.0,7.5,33.2,MEDIUM,MEDIUM,MEDIUM,MEDIUM,S,27.6,24.4
2026-07-13 15:15,15,15,0,-0.7518,-0.6593,0.0,1.0,0,0,0,Clear,1.0,8.7,9.0,8.0,7.5,41.1,39.8,34.1,34.0,9.0,8.8,7.5,7.5,32.8,MEDIUM,MEDIUM,MEDIUM,MEDIUM,N,28.3,23.7
2026-07-13 15:30,15,30,0,-0.7934,-0.6088,0.0,1.0,0,0,0,Clear,1.0,9.0,8.8,7.5,7.5,39.5,39.7,35.9,34.6,8.7,8.7,7.9,7.6,32.9,MEDIUM,MEDIUM,MEDIUM,MEDIUM,N,27.4,24.6
2026-07-13 15:45,15,45,0,-0.8315,-0.5556,0.0,1.0,0,0,0,Clear,1.0,8.7,8.7,7.9,7.6,40.0,39.3,36.5,36.0,8.8,8.6,8.0,7.9,33.3,MEDIUM,MEDIUM,MEDIUM,MEDIUM,N,27.2,24.8
2026-07-13 16:00,16,0,0,-0.866,-0.5,0.0,1.0,0,0,1,Clear,1.0,8.8,8.6,8.0,7.9,17.4,115.4,17.3,85.0,3.8,25.4,3.8,18.7,51.7,LOW,VERY_HIGH,LOW,HIGH,S,29.7,22.3
2026-07-13 16:15,16,15,0,-0.8969,-0.4423,0.0,1.0,0,0,1,Rain,1.25,3.8,25.4,3.8,18.7,21.5,138.7,23.6,102.6,4.7,30.5,5.2,22.6,63.0,LOW,VERY_HIGH,LOW,HIGH,S,29.6,22.4
2026-07-13 16:30,16,30,0,-0.9239,-0.3827,0.0,1.0,0,0,1,Clear,1.0,4.7,30.5,5.2,22.6,18.8,105.1,17.2,82.2,4.1,23.1,3.8,18.1,49.1,LOW,HIGH,LOW,HIGH,S,29.1,22.9
2026-07-13 16:45,16,45,0,-0.9469,-0.3214,0.0,1.0,0,0,1,Clear,1.0,4.1,23.1,3.8,18.1,18.8,112.5,17.4,82.4,4.1,24.8,3.8,18.1,50.8,LOW,VERY_HIGH,LOW,HIGH,S,29.8,22.2
2026-07-13 17:00,17,0,0,-0.9659,-0.2588,0.0,1.0,0,0,1,Rain,1.25,4.1,24.8,3.8,18.1,21.5,169.4,21.4,123.1,4.7,37.3,4.7,27.1,73.8,LOW,VERY_HIGH,LOW,VERY_HIGH,S,29.9,22.1
2026-07-13 17:15,17,15,0,-0.9808,-0.1951,0.0,1.0,0,0,1,Clear,1.0,4.7,37.3,4.7,27.1,18.2,134.1,18.5,106.4,4.0,29.5,4.1,23.4,61.0,LOW,VERY_HIGH,LOW,HIGH,S,28.8,23.2
2026-07-13 17:30,17,30,0,-0.9914,-0.1305,0.0,1.0,0,0,1,Rain,1.25,4.0,29.5,4.1,23.4,21.9,157.9,22.1,123.8,4.8,34.7,4.9,27.2,71.6,LOW,VERY_HIGH,LOW,VERY_HIGH,S,29.0,23.0
2026-07-13 17:45,17,45,0,-0.9979,-0.0654,0.0,1.0,0,0,1,Clear,1.0,4.8,34.7,4.9,27.2,18.4,128.9,18.2,97.3,4.0,28.4,4.0,21.4,57.8,LOW,VERY_HIGH,LOW,HIGH,S,29.4,22.6
2026-07-13 18:00,18,0,0,-1.0,-0.0,0.0,1.0,0,0,1,Clear,1.0,4.0,28.4,4.0,21.4,17.6,133.4,18.6,103.2,3.9,29.3,4.1,22.7,60.0,LOW,VERY_HIGH,LOW,HIGH,S,29.1,22.9
2026-07-13 18:15,18,15,0,-0.9979,0.0654,0.0,1.0,0,0,1,Clear,1.0,3.9,29.3,4.1,22.7,17.5,138.5,18.0,102.8,3.9,30.5,4.0,22.6,61.0,LOW,VERY_HIGH,LOW,HIGH,S,29.6,22.4
2026-07-13 18:30,18,30,0,-0.9914,0.1305,0.0,1.0,0,0,1,Clear,1.0,3.9,30.5,4.0,22.6,17.9,130.3,17.1,98.4,3.9,28.7,3.8,21.6,58.0,LOW,VERY_HIGH,LOW,HIGH,S,29.5,22.5
2026-07-13 18:45,18,45,0,-0.9808,0.1951,0.0,1.0,0,0,1,Clear,1.0,3.9,28.7,3.8,21.6,18.0,132.0,17.3,98.3,4.0,29.0,3.8,21.6,58.4,LOW,VERY_HIGH,LOW,HIGH,S,29.6,22.4
2026-07-13 19:00,19,0,0,-0.9659,0.2588,0.0,1.0,0,0,1,Clear,1.0,4.0,29.0,3.8,21.6,17.6,107.7,18.3,86.8,3.9,23.7,4.0,19.1,50.7,LOW,HIGH,LOW,HIGH,S,28.6,23.4
2026-07-13 19:15,19,15,0,-0.9469,0.3214,0.0,1.0,0,0,1,Clear,1.0,3.9,23.7,4.0,19.1,18.7,106.6,18.5,83.6,4.1,23.5,4.1,18.4,50.1,LOW,HIGH,LOW,HIGH,S,29.0,23.0
2026-07-13 19:30,19,30,0,-0.9239,0.3827,0.0,1.0,0,0,1,Clear,1.0,4.1,23.5,4.1,18.4,17.5,108.1,18.4,84.1,3.9,23.8,4.0,18.5,50.2,LOW,HIGH,LOW,HIGH,S,29.0,23.0
2026-07-13 19:45,19,45,0,-0.8969,0.4423,0.0,1.0,0,0,1,Clear,1.0,3.9,23.8,4.0,18.5,18.3,114.7,17.7,82.3,4.0,25.2,3.9,18.1,51.2,LOW,VERY_HIGH,LOW,HIGH,S,30.0,22.0
2026-07-13 20:00,20,0,0,-0.866,0.5,0.0,1.0,0,0,0,Clear,1.0,4.0,25.2,3.9,18.1,25.7,24.3,22.9,23.0,5.7,5.3,5.0,5.1,21.1,LOW,LOW,LOW,LOW,N,27.3,24.7
2026-07-13 20:15,20,15,0,-0.8315,0.5556,0.0,1.0,0,0,0,Clear,1.0,5.7,5.3,5.0,5.1,25.6,25.3,22.9,22.7,5.6,5.6,5.0,5.0,21.2,LOW,LOW,LOW,LOW,N,27.4,24.6
2026-07-13 20:30,20,30,0,-0.7934,0.6088,0.0,1.0,0,0,0,Clear,1.0,5.6,5.6,5.0,5.0,24.1,24.7,22.5,21.5,5.3,5.4,5.0,4.7,20.4,LOW,LOW,LOW,LOW,S,27.3,24.7
2026-07-13 20:45,20,45,0,-0.7518,0.6593,0.0,1.0,0,0,0,Clear,1.0,5.3,5.4,5.0,4.7,25.8,25.5,21.1,22.6,5.7,5.6,4.6,5.0,20.9,LOW,LOW,LOW,LOW,N,27.9,24.1
2026-07-13 21:00,21,0,0,-0.7071,0.7071,0.0,1.0,0,0,0,Clear,1.0,5.7,5.6,4.6,5.0,24.0,25.5,22.8,22.6,5.3,5.6,5.0,5.0,20.9,LOW,LOW,LOW,LOW,S,27.3,24.7
2026-07-13 21:15,21,15,0,-0.6593,0.7518,0.0,1.0,0,0,0,Clear,1.0,5.3,5.6,5.0,5.0,25.8,25.1,22.2,21.7,5.7,5.5,4.9,4.8,20.9,LOW,LOW,LOW,LOW,N,27.9,24.1
2026-07-13 21:30,21,30,0,-0.6088,0.7934,0.0,1.0,0,0,0,Rain,1.25,5.7,5.5,4.9,4.8,31.4,31.8,26.5,28.2,6.9,7.0,5.8,6.2,25.9,MEDIUM,MEDIUM,LOW,MEDIUM,S,27.7,24.3
2026-07-13 21:45,21,45,0,-0.5556,0.8315,0.0,1.0,0,0,0,Clear,1.0,6.9,7.0,5.8,6.2,26.1,25.9,21.0,22.0,5.7,5.7,4.6,4.8,20.8,LOW,LOW,LOW,LOW,N,28.3,23.7
2026-07-13 22:00,22,0,0,-0.5,0.866,0.0,1.0,0,0,0,Clear,1.0,5.7,5.7,4.6,4.8,26.2,25.5,21.2,22.8,5.8,5.6,4.7,5.0,21.1,LOW,LOW,LOW,LOW,N,28.0,24.0
2026-07-13 22:15,22,15,0,-0.4423,0.8969,0.0,1.0,0,0,0,Clear,1.0,5.8,5.6,4.7,5.0,24.7,25.8,21.6,22.5,5.4,5.7,4.8,5.0,20.9,LOW,LOW,LOW,LOW,S,27.8,24.2
2026-07-13 22:30,22,30,0,-0.3827,0.9239,0.0,1.0,0,0,0,Clear,1.0,5.4,5.7,4.8,5.0,24.1,25.5,22.8,21.0,5.3,5.6,5.0,4.6,20.5,LOW,LOW,LOW,LOW,S,27.5,24.5
2026-07-13 22:45,22,45,0,-0.3214,0.9469,0.0,1.0,0,0,0,Clear,1.0,5.3,5.6,5.0,4.6,24.8,23.9,21.7,21.4,5.5,5.3,4.8,4.7,20.3,LOW,LOW,LOW,LOW,N,27.7,24.3
2026-07-13 23:00,23,0,0,-0.2588,0.9659,0.0,1.0,0,0,0,Clear,1.0,5.5,5.3,4.8,4.7,6.1,5.8,5.0,4.8,1.3,1.3,1.1,1.1,4.8,LOW,LOW,LOW,LOW,N,28.5,23.5
2026-07-13 23:15,23,15,0,-0.1951,0.9808,0.0,1.0,0,0,0,Clear,1.0,1.3,1.3,1.1,1.1,5.9,5.9,5.0,5.2,1.3,1.3,1.1,1.1,4.8,LOW,LOW,LOW,LOW,N,27.8,24.2
2026-07-13 23:30,23,30,0,-0.1305,0.9914,0.0,1.0,0,0,0,Clear,1.0,1.3,1.3,1.1,1.1,6.0,6.0,4.9,4.8,1.3,1.3,1.1,1.1,4.8,LOW,LOW,LOW,LOW,N,28.7,23.3
2026-07-13 23:45,23,45,0,-0.0654,0.9979,0.0,1.0,0,0,0,Clear,1.0,1.3,1.3,1.1,1.1,6.0,5.8,5.1,4.8,1.3,1.3,1.1,1.1,4.8,LOW,LOW,LOW,LOW,N,28.2,23.8
2026-07-14 00:00,0,0,1,0.0,1.0,0.7818,0.6235,0,0,0,Clear,1.0,1.3,1.3,1.1,1.1,5.8,5.7,5.0,5.2,1.3,1.3,1.1,1.1,4.8,LOW,LOW,LOW,LOW,N,27.5,24.5
2026-07-14 00:15,0,15,1,0.0654,0.9979,0.7818,0.6235,0,0,0,Clear,1.0,1.3,1.3,1.1,1.1,6.1,6.3,5.2,4.8,1.3,1.4,1.1,1.1,4.9,LOW,LOW,LOW,LOW,S,28.6,23.4
2026-07-14 00:30,0,30,1,0.1305,0.9914,0.7818,0.6235,0,0,0,Clear,1.0,1.3,1.4,1.1,1.1,6.1,5.7,4.8,5.0,1.3,1.3,1.1,1.1,4.8,LOW,LOW,LOW,LOW,N,28.5,23.5
2026-07-14 00:45,0,45,1,0.1951,0.9808,0.7818,0.6235,0,0,0,Clear,1.0,1.3,1.3,1.1,1.1,6.1,5.8,5.2,4.9,1.3,1.3,1.1,1.1,4.8,LOW,LOW,LOW,LOW,N,28.1,23.9
2026-07-14 01:00,1,0,1,0.2588,0.9659,0.7818,0.6235,0,0,0,Clear,1.0,1.3,1.3,1.1,1.1,5.9,5.8,5.2,5.0,1.3,1.3,1.1,1.1,4.8,LOW,LOW,LOW,LOW,N,27.7,24.3
2026-07-14 01:15,1,15,1,0.3214,0.9469,0.7818,0.6235,0,0,0,Clear,1.0,1.3,1.3,1.1,1.1,5.9,5.7,5.2,5.1,1.3,1.3,1.1,1.1,4.8,LOW,LOW,LOW,LOW,N,27.6,24.4
2026-07-14 01:30,1,30,1,0.3827,0.9239,0.7818,0.6235,0,0,0,Clear,1.0,1.3,1.3,1.1,1.1,6.0,6.2,5.0,5.1,1.3,1.4,1.1,1.1,4.9,LOW,LOW,LOW,LOW,S,28.5,23.5
2026-07-14 01:45,1,45,1,0.4423,0.8969,0.7818,0.6235,0,0,0,Clear,1.0,1.3,1.4,1.1,1.1,6.0,6.2,5.0,4.9,1.3,1.4,1.1,1.1,4.9,LOW,LOW,LOW,LOW,S,28.7,23.3
2026-07-14 02:00,2,0,1,0.5,0.866,0.7818,0.6235,0,0,0,Clear,1.0,1.3,1.4,1.1,1.1,6.1,6.0,5.2,4.9,1.3,1.3,1.1,1.1,4.8,LOW,LOW,LOW,LOW,N,28.2,23.8
2026-07-14 02:15,2,15,1,0.5556,0.8315,0.7818,0.6235,0,0,0,Clear,1.0,1.3,1.3,1.1,1.1,6.2,5.8,4.8,5.2,1.4,1.3,1.1,1.1,4.9,LOW,LOW,LOW,LOW,N,28.3,23.7
2026-07-14 02:30,2,30,1,0.6088,0.7934,0.7818,0.6235,0,0,0,Clear,1.0,1.4,1.3,1.1,1.1,6.3,6.0,5.0,5.1,1.4,1.3,1.1,1.1,4.9,LOW,LOW,LOW,LOW,N,28.6,23.4
2026-07-14 02:45,2,45,1,0.6593,0.7518,0.7818,0.6235,0,0,0,Clear,1.0,1.4,1.3,1.1,1.1,6.0,6.1,4.9,5.0,1.3,1.3,1.1,1.1,4.8,LOW,LOW,LOW,LOW,N,28.6,23.4
2026-07-14 03:00,3,0,1,0.7071,0.7071,0.7818,0.6235,0,0,0,Clear,1.0,1.3,1.3,1.1,1.1,5.9,6.3,5.2,4.9,1.3,1.4,1.1,1.1,4.9,LOW,LOW,LOW,LOW,S,28.5,23.5
2026-07-14 03:15,3,15,1,0.7518,0.6593,0.7818,0.6235,0,0,0,Clear,1.0,1.3,1.4,1.1,1.1,5.8,6.2,4.9,5.2,1.3,1.4,1.1,1.1,4.9,LOW,LOW,LOW,LOW,S,28.3,23.7
2026-07-14 03:30,3,30,1,0.7934,0.6088,0.7818,0.6235,0,0,0,Clear,1.0,1.3,1.4,1.1,1.1,5.7,5.8,5.1,4.9,1.3,1.3,1.1,1.1,4.8,LOW,LOW,LOW,LOW,N,27.7,24.3
2026-07-14 03:45,3,45,1,0.8315,0.5556,0.7818,0.6235,0,0,0,Clear,1.0,1.3,1.3,1.1,1.1,5.9,5.8,4.8,4.8,1.3,1.3,1.1,1.1,4.8,LOW,LOW,LOW,LOW,N,28.6,23.4
2026-07-14 04:00,4,0,1,0.866,0.5,0.7818,0.6235,0,0,0,Clear,1.0,1.3,1.3,1.1,1.1,5.9,5.8,4.9,4.8,1.3,1.3,1.1,1.1,4.8,LOW,LOW,LOW,LOW,N,28.4,23.6
2026-07-14 04:15,4,15,1,0.8969,0.4423,0.7818,0.6235,0,0,0,Clear,1.0,1.3,1.3,1.1,1.1,6.3,6.2,5.1,4.9,1.4,1.4,1.1,1.1,5.0,LOW,LOW,LOW,LOW,N,28.8,23.2
2026-07-14 04:30,4,30,1,0.9239,0.3827,0.7818,0.6235,0,0,0,Clear,1.0,1.4,1.4,1.1,1.1,6.3,6.2,5.2,4.9,1.4,1.4,1.1,1.1,5.0,LOW,LOW,LOW,LOW,N,28.6,23.4
2026-07-14 04:45,4,45,1,0.9469,0.3214,0.7818,0.6235,0,0,0,Clear,1.0,1.4,1.4,1.1,1.1,5.8,6.0,4.9,5.2,1.3,1.3,1.1,1.1,4.8,LOW,LOW,LOW,LOW,N,27.9,24.1
2026-07-14 05:00,5,0,1,0.9659,0.2588,0.7818,0.6235,0,0,0,Rain,1.25,1.3,1.3,1.1,1.1,7.4,7.6,6.2,6.5,1.6,1.7,1.4,1.4,6.1,LOW,LOW,LOW,LOW,S,28.1,23.9
2026-07-14 05:15,5,15,1,0.9808,0.1951,0.7818,0.6235,0,0,0,Clear,1.0,1.6,1.7,1.4,1.4,6.2,5.9,4.9,4.8,1.4,1.3,1.1,1.1,4.9,LOW,LOW,LOW,LOW,N,29.0,23.0
2026-07-14 05:30,5,30,1,0.9914,0.1305,0.7818,0.6235,0,0,0,Clear,1.0,1.4,1.3,1.1,1.1,5.8,6.1,5.1,5.1,1.3,1.3,1.1,1.1,4.8,LOW,LOW,LOW,LOW,N,28.2,23.8
2026-07-14 05:45,5,45,1,0.9979,0.0654,0.7818,0.6235,0,0,0,Clear,1.0,1.3,1.3,1.1,1.1,5.8,5.8,5.2,5.2,1.3,1.3,1.1,1.1,4.8,LOW,LOW,LOW,LOW,N,27.4,24.6
2026-07-14 06:00,6,0,1,1.0,0.0,0.7818,0.6235,0,0,0,Clear,1.0,1.3,1.3,1.1,1.1,26.1,26.1,21.0,21.1,5.7,5.7,4.6,4.6,20.6,LOW,LOW,LOW,LOW,N,28.8,23.2
2026-07-14 06:15,6,15,1,0.9979,-0.0654,0.7818,0.6235,0,0,0,Clear,1.0,5.7,5.7,4.6,4.6,25.2,25.5,21.3,22.0,5.5,5.6,4.7,4.8,20.6,LOW,LOW,LOW,LOW,S,28.0,24.0
2026-07-14 06:30,6,30,1,0.9914,-0.1305,0.7818,0.6235,0,0,0,Rain,1.25,5.5,5.6,4.7,4.8,30.0,31.2,28.2,27.9,6.6,6.9,6.2,6.1,25.8,MEDIUM,MEDIUM,MEDIUM,MEDIUM,S,27.2,24.8
2026-07-14 06:45,6,45,1,0.9808,-0.1951,0.7818,0.6235,0,0,0,Clear,1.0,6.6,6.9,6.2,6.1,25.4,24.7,21.3,22.7,5.6,5.4,4.7,5.0,20.7,LOW,LOW,LOW,LOW,N,27.6,24.4
2026-07-14 07:00,7,0,1,0.9659,-0.2588,0.7818,0.6235,0,1,0,Clear,1.0,5.6,5.4,4.7,5.0,109.9,18.4,82.2,17.9,24.2,4.0,18.1,3.9,50.2,VERY_HIGH,LOW,HIGH,LOW,N,29.5,22.5
2026-07-14 07:15,7,15,1,0.9469,-0.3214,0.7818,0.6235,0,1,0,Clear,1.0,24.2,4.0,18.1,3.9,111.9,18.1,82.4,18.1,24.6,4.0,18.1,4.0,50.7,VERY_HIGH,LOW,HIGH,LOW,N,29.7,22.3
2026-07-14 07:30,7,30,1,0.9239,-0.3827,0.7818,0.6235,0,1,0,Clear,1.0,24.6,4.0,18.1,4.0,107.6,18.8,88.0,18.6,23.7,4.1,19.4,4.1,51.3,HIGH,LOW,HIGH,LOW,N,28.5,23.5
2026-07-14 07:45,7,45,1,0.8969,-0.4423,0.7818,0.6235,0,1,0,Clear,1.0,23.7,4.1,19.4,4.1,112.6,18.3,82.6,17.2,24.8,4.0,18.2,3.8,50.8,VERY_HIGH,LOW,HIGH,LOW,N,29.8,22.2
2026-07-14 08:00,8,0,1,0.866,-0.5,0.7818,0.6235,0,1,0,Rain,1.25,24.8,4.0,18.2,3.8,171.8,22.2,140.5,21.8,37.8,4.9,30.9,4.8,78.4,VERY_HIGH,LOW,VERY_HIGH,LOW,N,28.5,23.5
2026-07-14 08:15,8,15,1,0.8315,-0.5556,0.7818,0.6235,0,1,0,Clear,1.0,37.8,4.9,30.9,4.8,144.8,18.2,114.1,18.0,31.9,4.0,25.1,4.0,65.0,VERY_HIGH,LOW,VERY_HIGH,LOW,N,28.9,23.1
2026-07-14 08:30,8,30,1,0.7934,-0.6088,0.7818,0.6235,0,1,0,Clear,1.0,31.9,4.0,25.1,4.0,137.4,17.9,110.1,18.8,30.2,3.9,24.2,4.1,62.4,VERY_HIGH,LOW,VERY_HIGH,LOW,N,28.7,23.3
2026-07-14 08:45,8,45,1,0.7518,-0.6593,0.7818,0.6235,0,1,0,Clear,1.0,30.2,3.9,24.2,4.1,139.0,18.7,110.3,18.0,30.6,4.1,24.3,4.0,63.0,VERY_HIGH,LOW,VERY_HIGH,LOW,N,28.9,23.1
2026-07-14 09:00,9,0,1,0.7071,-0.7071,0.7818,0.6235,0,1,0,Clear,1.0,30.6,4.1,24.3,4.0,107.0,17.7,81.7,17.8,23.5,3.9,18.0,3.9,49.3,HIGH,LOW,HIGH,LOW,N,29.3,22.7
2026-07-14 09:15,9,15,1,0.6593,-0.7518,0.7818,0.6235,0,1,0,Clear,1.0,23.5,3.9,18.0,3.9,107.7,18.0,82.7,18.6,23.7,4.0,18.2,4.1,50.0,HIGH,LOW,HIGH,LOW,N,29.2,22.8
2026-07-14 09:30,9,30,1,0.6088,-0.7934,0.7818,0.6235,0,1,0,Clear,1.0,23.7,4.0,18.2,4.1,112.0,17.8,85.8,17.4,24.6,3.9,18.9,3.8,51.2,VERY_HIGH,LOW,HIGH,LOW,N,29.3,22.7
2026-07-14 09:45,9,45,1,0.5556,-0.8315,0.7818,0.6235,0,1,0,Clear,1.0,24.6,3.9,18.9,3.8,114.6,18.7,80.8,17.4,25.2,4.1,17.8,3.8,50.9,VERY_HIGH,LOW,HIGH,LOW,N,30.3,21.7
2026-07-14 10:00,10,0,1,0.5,-0.866,0.7818,0.6235,0,0,0,Clear,1.0,25.2,4.1,17.8,3.8,24.4,24.9,21.5,22.4,5.4,5.5,4.7,4.9,20.5,LOW,LOW,LOW,LOW,S,27.4,24.6
2026-07-14 10:15,10,15,1,0.4423,-0.8969,0.7818,0.6235,0,0,0,Clear,1.0,5.4,5.5,4.7,4.9,26.1,25.0,21.6,21.9,5.7,5.5,4.8,4.8,20.8,LOW,LOW,LOW,LOW,N,28.2,23.8
2026-07-14 10:30,10,30,1,0.3827,-0.9239,0.7818,0.6235,0,0,0,Clear,1.0,5.7,5.5,4.8,4.8,24.9,24.6,22.2,22.5,5.5,5.4,4.9,5.0,20.8,LOW,LOW,LOW,LOW,N,27.3,24.7
2026-07-14 10:45,10,45,1,0.3214,-0.9469,0.7818,0.6235,0,0,0,Clear,1.0,5.5,5.4,4.9,5.0,25.7,25.0,22.3,22.7,5.7,5.5,4.9,5.0,21.1,LOW,LOW,LOW,LOW,N,27.6,24.4
2026-07-14 11:00,11,0,1,0.2588,-0.9659,0.7818,0.6235,0,0,0,Clear,1.0,5.7,5.5,4.9,5.0,39.1,38.6,33.3,36.7,8.6,8.5,7.3,8.1,32.5,MEDIUM,MEDIUM,MEDIUM,MEDIUM,N,27.1,24.9
2026-07-14 11:15,11,15,1,0.1951,-0.9808,0.7818,0.6235,0,0,0,Rain,1.25,8.6,8.5,7.3,8.1,47.8,49.6,45.0,45.6,10.5,10.9,9.9,10.0,41.3,MEDIUM,MEDIUM,MEDIUM,MEDIUM,S,27.0,25.0
2026-07-14 11:30,11,30,1,0.1305,-0.9914,0.7818,0.6235,0,0,0,Clear,1.0,10.5,10.9,9.9,10.0,39.4,41.3,33.9,36.4,8.7,9.1,7.5,8.0,33.3,MEDIUM,MEDIUM,MEDIUM,MEDIUM,S,27.7,24.3
2026-07-14 11:45,11,45,1,0.0654,-0.9979,0.7818,0.6235,0,0,0,Clear,1.0,8.7,9.1,7.5,8.0,39.6,38.0,33.9,35.9,8.7,8.4,7.5,7.9,32.5,MEDIUM,MEDIUM,MEDIUM,MEDIUM,N,27.3,24.7
2026-07-14 12:00,12,0,1,0.0,-1.0,0.7818,0.6235,0,0,0,Rain,1.25,8.7,8.4,7.5,7.9,48.3,48.2,44.2,43.0,10.6,10.6,9.7,9.5,40.4,MEDIUM,MEDIUM,MEDIUM,MEDIUM,N,27.2,24.8
2026-07-14 12:15,12,15,1,-0.0654,-0.9979,0.7818,0.6235,0,0,0,Clear,1.0,10.6,10.6,9.7,9.5,39.1,40.9,33.4,34.3,8.6,9.0,7.3,7.5,32.4,MEDIUM,MEDIUM,MEDIUM,MEDIUM,S,28.2,23.8
2026-07-14 12:30,12,30,1,-0.1305,-0.9914,0.7818,0.6235,0,0,0,Clear,1.0,8.6,9.0,7.3,7.5,41.6,39.3,33.7,36.7,9.2,8.6,7.4,8.1,33.3,MEDIUM,MEDIUM,MEDIUM,MEDIUM,N,27.7,24.3
2026-07-14 12:45,12,45,1,-0.1951,-0.9808,0.7818,0.6235,0,0,0,Clear,1.0,9.2,8.6,7.4,8.1,38.3,38.9,34.2,34.0,8.4,8.6,7.5,7.5,32.0,MEDIUM,MEDIUM,MEDIUM,MEDIUM,S,27.6,24.4
2026-07-14 13:00,13,0,1,-0.2588,-0.9659,0.7818,0.6235,0,0,0,Clear,1.0,8.4,8.6,7.5,7.5,39.5,41.9,33.4,33.5,8.7,9.2,7.3,7.4,32.6,MEDIUM,MEDIUM,MEDIUM,MEDIUM,S,28.7,23.3
2026-07-14 13:15,13,15,1,-0.3214,-0.9469,0.7818,0.6235,0,0,0,Clear,1.0,8.7,9.2,7.3,7.4,40.1,41.7,35.0,33.4,8.8,9.2,7.7,7.3,33.0,MEDIUM,MEDIUM,MEDIUM,MEDIUM,S,28.3,23.7
2026-07-14 13:30,13,30,1,-0.3827,-0.9239,0.7818,0.6235,0,0,0,Clear,1.0,8.8,9.2,7.7,7.3,38.4,41.6,34.9,33.7,8.4,9.2,7.7,7.4,32.7,MEDIUM,MEDIUM,MEDIUM,MEDIUM,S,28.1,23.9
2026-07-14 13:45,13,45,1,-0.4423,-0.8969,0.7818,0.6235,0,0,0,Clear,1.0,8.4,9.2,7.7,7.4,39.6,38.1,36.2,34.4,8.7,8.4,8.0,7.6,32.7,MEDIUM,MEDIUM,MEDIUM,MEDIUM,N,27.2,24.8
2026-07-14 14:00,14,0,1,-0.5,-0.866,0.7818,0.6235,0,0,0,Clear,1.0,8.7,8.4,8.0,7.6,38.5,41.5,35.4,34.5,8.5,9.1,7.8,7.6,33.0,MEDIUM,MEDIUM,MEDIUM,MEDIUM,S,27.9,24.1
2026-07-14 14:15,14,15,1,-0.5556,-0.8315,0.7818,0.6235,0,0,0,Clear,1.0,8.5,9.1,7.8,7.6,40.6,41.4,36.0,34.5,8.9,9.1,7.9,7.6,33.5,MEDIUM,MEDIUM,MEDIUM,MEDIUM,S,27.9,24.1
2026-07-14 14:30,14,30,1,-0.6088,-0.7934,0.7818,0.6235,0,0,0,Clear,1.0,8.9,9.1,7.9,7.6,40.3,40.0,35.9,33.4,8.9,8.8,7.9,7.3,32.9,MEDIUM,MEDIUM,MEDIUM,MEDIUM,N,27.7,24.3
2026-07-14 14:45,14,45,1,-0.6593,-0.7518,0.7818,0.6235,0,0,0,Rain,1.25,8.9,8.8,7.9,7.3,50.8,47.8,43.8,44.2,11.2,10.5,9.6,9.7,41.0,MEDIUM,MEDIUM,MEDIUM,MEDIUM,N,27.6,24.4
2026-07-14 15:00,15,0,1,-0.7071,-0.7071,0.7818,0.6235,0,0,0,Rain,1.25,11.2,10.5,9.6,9.7,49.1,50.2,41.6,45.7,10.8,11.0,9.2,10.1,41.1,MEDIUM,MEDIUM,MEDIUM,MEDIUM,S,27.5,24.5
2026-07-14 15:15,15,15,1,-0.7518,-0.6593,0.7818,0.6235,0,0,0,Clear,1.0,10.8,11.0,9.2,10.1,39.3,40.1,36.3,34.6,8.6,8.8,8.0,7.6,33.0,MEDIUM,MEDIUM,MEDIUM,MEDIUM,S,27.4,24.6
2026-07-14 15:30,15,30,1,-0.7934,-0.6088,0.7818,0.6235,0,0,0,Clear,1.0,8.6,8.8,8.0,7.6,41.5,39.8,34.3,35.0,9.1,8.8,7.5,7.7,33.1,MEDIUM,MEDIUM,MEDIUM,MEDIUM,N,28.1,23.9
2026-07-14 15:45,15,45,1,-0.8315,-0.5556,0.7818,0.6235,0,0,0,Heavy Rain,1.5,9.1,8.8,7.5,7.7,61.0,60.0,53.6,51.8,13.4,13.2,11.8,11.4,49.8,MEDIUM,MEDIUM,MEDIUM,MEDIUM,N,27.7,24.3
2026-07-14 16:00,16,0,1,-0.866,-0.5,0.7818,0.6235,0,0,1,Clear,1.0,13.4,13.2,11.8,11.4,17.9,105.7,17.9,84.1,3.9,23.3,3.9,18.5,49.6,LOW,HIGH,LOW,HIGH,S,28.8,23.2
2026-07-14 16:15,16,15,1,-0.8969,-0.4423,0.7818,0.6235,0,0,1,Clear,1.0,3.9,23.3,3.9,18.5,18.5,112.1,18.6,87.7,4.1,24.7,4.1,19.3,52.2,LOW,VERY_HIGH,LOW,HIGH,S,29.0,23.0
2026-07-14 16:30,16,30,1,-0.9239,-0.3827,0.7818,0.6235,0,0,1,Clear,1.0,4.1,24.7,4.1,19.3,17.7,111.4,18.3,83.7,3.9,24.5,4.0,18.4,50.8,LOW,VERY_HIGH,LOW,HIGH,S,29.4,22.6
2026-07-14 16:45,16,45,1,-0.9469,-0.3214,0.7818,0.6235,0,0,1,Clear,1.0,3.9,24.5,4.0,18.4,18.4,109.3,18.5,82.9,4.0,24.0,4.1,18.2,50.3,LOW,VERY_HIGH,LOW,HIGH,S,29.3,22.7
2026-07-14 17:00,17,0,1,-0.9659,-0.2588,0.7818,0.6235,0,0,1,Clear,1.0,4.0,24.0,4.1,18.2,17.9,131.2,18.4,104.6,3.9,28.9,4.0,23.0,59.8,LOW,VERY_HIGH,LOW,HIGH,S,28.8,23.2
2026-07-14 17:15,17,15,1,-0.9808,-0.1951,0.7818,0.6235,0,0,1,Clear,1.0,3.9,28.9,4.0,23.0,17.4,127.7,18.8,98.5,3.8,28.1,4.1,21.7,57.7,LOW,VERY_HIGH,LOW,HIGH,S,29.1,22.9
2026-07-14 17:30,17,30,1,-0.9914,-0.1305,0.7818,0.6235,0,0,1,Clear,1.0,3.8,28.1,4.1,21.7,17.8,133.9,17.1,101.8,3.9,29.5,3.8,22.4,59.6,LOW,VERY_HIGH,LOW,HIGH,S,29.4,22.6
2026-07-14 17:45,17,45,1,-0.9979,-0.0654,0.7818,0.6235,0,0,1,Clear,1.0,3.9,29.5,3.8,22.4,17.5,132.0,18.3,98.3,3.9,29.0,4.0,21.6,58.5,LOW,VERY_HIGH,LOW,HIGH,S,29.6,22.4
2026-07-14 18:00,18,0,1,-1.0,-0.0,0.7818,0.6235,0,0,1,Heavy Rain,1.5,3.9,29.0,4.0,21.6,27.8,193.0,26.7,149.0,6.1,42.5,5.9,32.8,87.3,MEDIUM,VERY_HIGH,LOW,VERY_HIGH,S,29.2,22.8
2026-07-14 18:15,18,15,1,-0.9979,0.0654,0.7818,0.6235,0,0,1,Clear,1.0,6.1,42.5,5.9,32.8,17.1,127.9,18.1,102.1,3.8,28.1,4.0,22.5,58.4,LOW,VERY_HIGH,LOW,HIGH,S,28.7,23.3
2026-07-14 18:30,18,30,1,-0.9914,0.1305,0.7818,0.6235,0,0,1,Clear,1.0,3.8,28.1,4.0,22.5,18.1,132.6,17.5,99.1,4.0,29.2,3.9,21.8,58.9,LOW,VERY_HIGH,LOW,HIGH,S,29.6,22.4
2026-07-14 18:45,18,45,1,-0.9808,0.1951,0.7818,0.6235,0,0,1,Clear,1.0,4.0,29.2,3.9,21.8,17.6,135.3,17.5,99.2,3.9,29.8,3.9,21.8,59.4,LOW,VERY_HIGH,LOW,HIGH,S,29.8,22.2
2026-07-14 19:00,19,0,1,-0.9659,0.2588,0.7818,0.6235,0,0,1,Clear,1.0,3.9,29.8,3.9,21.8,17.7,106.5,17.2,81.1,3.9,23.4,3.8,17.8,48.9,LOW,HIGH,LOW,HIGH,S,29.3,22.7
2026-07-14 19:15,19,15,1,-0.9469,0.3214,0.7818,0.6235,0,0,1,Clear,1.0,3.9,23.4,3.8,17.8,17.4,111.6,18.6,87.7,3.8,24.6,4.1,19.3,51.8,LOW,VERY_HIGH,LOW,HIGH,S,28.9,23.1
2026-07-14 19:30,19,30,1,-0.9239,0.3827,0.7818,0.6235,0,0,1,Clear,1.0,3.8,24.6,4.1,19.3,18.6,106.3,18.0,84.4,4.1,23.4,4.0,18.6,50.1,LOW,HIGH,LOW,HIGH,S,28.8,23.2
2026-07-14 19:45,19,45,1,-0.8969,0.4423,0.7818,0.6235,0,0,1,Clear,1.0,4.1,23.4,4.0,18.6,17.9,109.7,18.2,87.5,3.9,24.1,4.0,19.2,51.2,LOW,VERY_HIGH,LOW,HIGH,S,28.7,23.3
2026-07-14 20:00,20,0,1,-0.866,0.5,0.7818,0.6235,0,0,0,Clear,1.0,3.9,24.1,4.0,19.2,26.1,24.5,22.8,22.5,5.7,5.4,5.0,5.0,21.1,LOW,LOW,LOW,LOW,N,27.6,24.4
2026-07-14 20:15,20,15,1,-0.8315,0.5556,0.7818,0.6235,0,0,0,Clear,1.0,5.7,5.4,5.0,5.0,23.8,24.1,21.1,21.1,5.2,5.3,4.6,4.6,19.7,LOW,LOW,LOW,LOW,S,27.7,24.3
2026-07-14 20:30,20,30,1,-0.7934,0.6088,0.7818,0.6235,0,0,0,Clear,1.0,5.2,5.3,4.6,4.6,24.7,24.0,22.2,21.3,5.4,5.3,4.9,4.7,20.3,LOW,LOW,LOW,LOW,N,27.4,24.6
2026-07-14 20:45,20,45,1,-0.7518,0.6593,0.7818,0.6235,0,0,0,Clear,1.0,5.4,5.3,4.9,4.7,24.2,24.9,22.0,21.1,5.3,5.5,4.8,4.6,20.2,LOW,LOW,LOW,LOW,S,27.7,24.3
2026-07-14 21:00,21,0,1,-0.7071,0.7071,0.7818,0.6235,0,0,0,Rain,1.25,5.3,5.5,4.8,4.6,30.7,29.8,26.2,26.5,6.8,6.6,5.8,5.8,25.0,MEDIUM,MEDIUM,LOW,LOW,N,27.8,24.2
2026-07-14 21:15,21,15,1,-0.6593,0.7518,0.7818,0.6235,0,0,0,Clear,1.0,6.8,6.6,5.8,5.8,25.9,25.4,22.6,22.9,5.7,5.6,5.0,5.0,21.3,LOW,LOW,LOW,LOW,N,27.6,24.4
2026-07-14 21:30,21,30,1,-0.6088,0.7934,0.7818,0.6235,0,0,0,Rain,1.25,5.7,5.6,5.0,5.0,32.5,32.7,28.2,27.2,7.2,7.2,6.2,6.0,26.6,MEDIUM,MEDIUM,MEDIUM,MEDIUM,N,28.0,24.0
2026-07-14 21:45,21,45,1,-0.5556,0.8315,0.7818,0.6235,0,0,0,Clear,1.0,7.2,7.2,6.2,6.0,24.0,25.5,22.4,21.8,5.3,5.6,4.9,4.8,20.6,LOW,LOW,LOW,LOW,S,27.6,24.4
2026-07-14 22:00,22,0,1,-0.5,0.866,0.7818,0.6235,0,0,0,Clear,1.0,5.3,5.6,4.9,4.8,24.6,24.5,22.6,21.8,5.4,5.4,5.0,4.8,20.6,LOW,LOW,LOW,LOW,N,27.2,24.8
2026-07-14 22:15,22,15,1,-0.4423,0.8969,0.7818,0.6235,0,0,0,Clear,1.0,5.4,5.4,5.0,4.8,24.0,24.2,22.7,21.1,5.3,5.3,5.0,4.6,20.2,LOW,LOW,LOW,LOW,N,27.0,25.0
2026-07-14 22:30,22,30,1,-0.3827,0.9239,0.7818,0.6235,0,0,0,Clear,1.0,5.3,5.3,5.0,4.6,25.3,23.9,22.0,22.7,5.6,5.3,4.8,5.0,20.7,LOW,LOW,LOW,LOW,N,27.3,24.7
2026-07-14 22:45,22,45,1,-0.3214,0.9469,0.7818,0.6235,0,0,0,Clear,1.0,5.6,5.3,4.8,5.0,25.9,25.5,21.2,22.9,5.7,5.6,4.7,5.0,21.0,LOW,LOW,LOW,LOW,N,27.8,24.2
2026-07-14 23:00,23,0,1,-0.2588,0.9659,0.7818,0.6235,0,0,0,Rain,1.25,5.7,5.6,4.7,5.0,7.3,7.5,6.4,6.1,1.6,1.6,1.4,1.3,5.9,LOW,LOW,LOW,LOW,N,28.1,23.9
2026-07-14 23:15,23,15,1,-0.1951,0.9808,0.7818,0.6235,0,0,0,Rain,1.25,1.6,1.6,1.4,1.3,7.7,7.5,6.2,6.0,1.7,1.6,1.4,1.3,6.0,LOW,LOW,LOW,LOW,N,28.8,23.2
2026-07-14 23:30,23,30,1,-0.1305,0.9914,0.7818,0.6235,0,0,0,Clear,1.0,1.7,1.6,1.4,1.3,6.2,6.1,4.9,5.0,1.4,1.3,1.1,1.1,4.9,LOW,LOW,LOW,LOW,N,28.8,23.2
2026-07-14 23:45,23,45,1,-0.0654,0.9979,0.7818,0.6235,0,0,0,Clear,1.0,1.4,1.3,1.1,1.1,6.2,5.9,4.9,5.1,1.4,1.3,1.1,1.1,4.9,LOW,LOW,LOW,LOW,N,28.5,23.5
2026-07-15 00:00,0,0,2,0.0,1.0,0.9749,-0.2225,0,0,0,Clear,1.0,1.4,1.3,1.1,1.1,5.8,6.0,5.1,5.2,1.3,1.3,1.1,1.1,4.8,LOW,LOW,LOW,LOW,N,27.8,24.2
2026-07-15 00:15,0,15,2,0.0654,0.9979,0.9749,-0.2225,0,0,0,Rain,1.25,1.3,1.3,1.1,1.1,7.3,7.7,6.6,6.1,1.6,1.7,1.5,1.3,6.1,LOW,LOW,LOW,LOW,S,28.1,23.9
2026-07-15 00:30,0,30,2,0.1305,0.9914,0.9749,-0.2225,0,0,0,Clear,1.0,1.6,1.7,1.5,1.3,5.9,5.9,5.2,5.1,1.3,1.3,1.1,1.1,4.8,LOW,LOW,LOW,LOW,N,27.7,24.3
2026-07-15 00:45,0,45,2,0.1951,0.9808,0.9749,-0.2225,0,0,0,Clear,1.0,1.3,1.3,1.1,1.1,5.8,5.7,5.1,5.0,1.3,1.3,1.1,1.1,4.8,LOW,LOW,LOW,LOW,N,27.7,24.3
2026-07-15 01:00,1,0,2,0.2588,0.9659,0.9749,-0.2225,0,0,0,Clear,1.0,1.3,1.3,1.1,1.1,5.9,6.1,5.2,5.0,1.3,1.3,1.1,1.1,4.8,LOW,LOW,LOW,LOW,N,28.1,23.9
2026-07-15 01:15,1,15,2,0.3214,0.9469,0.9749,-0.2225,0,0,0,Clear,1.0,1.3,1.3,1.1,1.1,5.7,5.7,5.0,4.9,1.3,1.3,1.1,1.1,4.8,LOW,LOW,LOW,LOW,N,27.8,24.2
2026-07-15 01:30,1,30,2,0.3827,0.9239,0.9749,-0.2225,0,0,0,Clear,1.0,1.3,1.3,1.1,1.1,6.0,6.0,4.9,4.9,1.3,1.3,1.1,1.1,4.8,LOW,LOW,LOW,LOW,N,28.6,23.4
2026-07-15 01:45,1,45,2,0.4423,0.8969,0.9749,-0.2225,0,0,0,Clear,1.0,1.3,1.3,1.1,1.1,6.3,5.8,5.1,4.9,1.4,1.3,1.1,1.1,4.9,LOW,LOW,LOW,LOW,N,28.6,23.4
2026-07-15 02:00,2,0,2,0.5,0.866,0.9749,-0.2225,0,0,0,Clear,1.0,1.4,1.3,1.1,1.1,5.9,6.0,5.2,4.8,1.3,1.3,1.1,1.1,4.8,LOW,LOW,LOW,LOW,N,28.1,23.9
2026-07-15 02:15,2,15,2,0.5556,0.8315,0.9749,-0.2225,0,0,0,Clear,1.0,1.3,1.3,1.1,1.1,6.0,6.2,4.8,5.1,1.3,1.4,1.1,1.1,4.9,LOW,LOW,LOW,LOW,S,28.6,23.4
2026-07-15 02:30,2,30,2,0.6088,0.7934,0.9749,-0.2225,0,0,0,Clear,1.0,1.3,1.4,1.1,1.1,5.9,6.1,4.8,4.9,1.3,1.3,1.1,1.1,4.8,LOW,LOW,LOW,LOW,N,28.8,23.2
2026-07-15 02:45,2,45,2,0.6593,0.7518,0.9749,-0.2225,0,0,0,Clear,1.0,1.3,1.3,1.1,1.1,5.8,5.9,5.1,4.9,1.3,1.3,1.1,1.1,4.8,LOW,LOW,LOW,LOW,N,28.0,24.0
2026-07-15 03:00,3,0,2,0.7071,0.7071,0.9749,-0.2225,0,0,0,Rain,1.25,1.3,1.3,1.1,1.1,7.8,7.7,6.2,6.4,1.7,1.7,1.4,1.4,6.2,LOW,LOW,LOW,LOW,N,28.6,23.4
2026-07-15 03:15,3,15,2,0.7518,0.6593,0.9749,-0.2225,0,0,0,Clear,1.0,1.7,1.7,1.4,1.4,5.8,6.3,5.1,4.8,1.3,1.4,1.1,1.1,4.9,LOW,LOW,LOW,LOW,S,28.7,23.3
2026-07-15 03:30,3,30,2,0.7934,0.6088,0.9749,-0.2225,0,0,0,Clear,1.0,1.3,1.4,1.1,1.1,5.8,5.8,4.9,5.2,1.3,1.3,1.1,1.1,4.8,LOW,LOW,LOW,LOW,N,27.6,24.4
2026-07-15 03:45,3,45,2,0.8315,0.5556,0.9749,-0.2225,0,0,0,Clear,1.0,1.3,1.3,1.1,1.1,5.8,5.8,5.1,5.2,1.3,1.3,1.1,1.1,4.8,LOW,LOW,LOW,LOW,N,27.5,24.5
2026-07-15 04:00,4,0,2,0.866,0.5,0.9749,-0.2225,0,0,0,Clear,1.0,1.3,1.3,1.1,1.1,5.8,6.2,4.8,5.0,1.3,1.4,1.1,1.1,4.9,LOW,LOW,LOW,LOW,S,28.7,23.3
2026-07-15 04:15,4,15,2,0.8969,0.4423,0.9749,-0.2225,0,0,0,Clear,1.0,1.3,1.4,1.1,1.1,6.0,6.0,4.8,5.0,1.3,1.3,1.1,1.1,4.8,LOW,LOW,LOW,LOW,N,28.5,23.5
2026-07-15 04:30,4,30,2,0.9239,0.3827,0.9749,-0.2225,0,0,0,Clear,1.0,1.3,1.3,1.1,1.1,6.1,5.9,4.9,4.9,1.3,1.3,1.1,1.1,4.8,LOW,LOW,LOW,LOW,N,28.7,23.3
2026-07-15 04:45,4,45,2,0.9469,0.3214,0.9749,-0.2225,0,0,0,Clear,1.0,1.3,1.3,1.1,1.1,5.9,5.9,5.2,4.9,1.3,1.3,1.1,1.1,4.8,LOW,LOW,LOW,LOW,N,27.8,24.2
2026-07-15 05:00,5,0,2,0.9659,0.2588,0.9749,-0.2225,0,0,0,Clear,1.0,1.3,1.3,1.1,1.1,5.9,5.9,4.9,5.1,1.3,1.3,1.1,1.1,4.8,LOW,LOW,LOW,LOW,N,28.0,24.0
2026-07-15 05:15,5,15,2,0.9808,0.1951,0.9749,-0.2225,0,0,0,Clear,1.0,1.3,1.3,1.1,1.1,6.1,6.2,4.8,5.0,1.3,1.4,1.1,1.1,4.9,LOW,LOW,LOW,LOW,S,28.9,23.1
2026-07-15 05:30,5,30,2,0.9914,0.1305,0.9749,-0.2225,0,0,0,Clear,1.0,1.3,1.4,1.1,1.1,6.2,5.8,4.8,4.8,1.4,1.3,1.1,1.1,4.9,LOW,LOW,LOW,LOW,N,29.1,22.9
2026-07-15 05:45,5,45,2,0.9979,0.0654,0.9749,-0.2225,0,0,0,Clear,1.0,1.4,1.3,1.1,1.1,6.2,6.1,4.8,4.9,1.4,1.3,1.1,1.1,4.9,LOW,LOW,LOW,LOW,N,29.1,22.9
2026-07-15 06:00,6,0,2,1.0,0.0,0.9749,-0.2225,0,0,0,Clear,1.0,1.4,1.3,1.1,1.1,25.5,25.3,21.3,22.0,5.6,5.6,4.7,4.8,20.7,LOW,LOW,LOW,LOW,N,28.0,24.0
2026-07-15 06:15,6,15,2,0.9979,-0.0654,0.9749,-0.2225,0,0,0,Clear,1.0,5.6,5.6,4.7,4.8,24.0,25.2,22.6,22.3,5.3,5.5,5.0,4.9,20.7,LOW,LOW,LOW,LOW,S,27.3,24.7
2026-07-15 06:30,6,30,2,0.9914,-0.1305,0.9749,-0.2225,0,0,0,Clear,1.0,5.3,5.5,5.0,4.9,25.5,25.9,23.1,22.9,5.6,5.7,5.1,5.0,21.4,LOW,LOW,LOW,LOW,S,27.5,24.5
2026-07-15 06:45,6,45,2,0.9808,-0.1951,0.9749,-0.2225,0,0,0,Clear,1.0,5.6,5.7,5.1,5.0,25.2,24.5,22.3,21.0,5.5,5.4,4.9,4.6,20.4,LOW,LOW,LOW,LOW,N,27.7,24.3
2026-07-15 07:00,7,0,2,0.9659,-0.2588,0.9749,-0.2225,0,1,0,Clear,1.0,5.5,5.4,4.9,4.6,107.0,18.3,86.3,17.9,23.5,4.0,19.0,3.9,50.4,HIGH,LOW,HIGH,LOW,N,28.6,23.4
2026-07-15 07:15,7,15,2,0.9469,-0.3214,0.9749,-0.2225,0,1,0,Clear,1.0,23.5,4.0,19.0,3.9,111.7,18.7,83.0,18.3,24.6,4.1,18.3,4.0,51.0,VERY_HIGH,LOW,HIGH,LOW,N,29.6,22.4
2026-07-15 07:30,7,30,2,0.9239,-0.3827,0.9749,-0.2225,0,1,0,Clear,1.0,24.6,4.1,18.3,4.0,107.6,18.8,85.9,18.6,23.7,4.1,18.9,4.1,50.8,HIGH,LOW,HIGH,LOW,N,28.7,23.3
2026-07-15 07:45,7,45,2,0.8969,-0.4423,0.9749,-0.2225,0,1,0,Clear,1.0,23.7,4.1,18.9,4.1,111.7,17.4,85.4,17.6,24.6,3.8,18.8,3.9,51.1,VERY_HIGH,LOW,HIGH,LOW,N,29.3,22.7
2026-07-15 08:00,8,0,2,0.866,-0.5,0.9749,-0.2225,0,1,0,Clear,1.0,24.6,3.8,18.8,3.9,143.8,18.3,107.7,17.8,31.6,4.0,23.7,3.9,63.2,VERY_HIGH,LOW,HIGH,LOW,N,29.6,22.4
2026-07-15 08:15,8,15,2,0.8315,-0.5556,0.9749,-0.2225,0,1,0,Clear,1.0,31.6,4.0,23.7,3.9,149.4,18.4,114.3,17.9,32.9,4.0,25.1,3.9,65.9,VERY_HIGH,LOW,VERY_HIGH,LOW,N,29.3,22.7
2026-07-15 08:30,8,30,2,0.7934,-0.6088,0.9749,-0.2225,0,1,0,Clear,1.0,32.9,4.0,25.1,3.9,145.4,17.6,109.1,18.2,32.0,3.9,24.0,4.0,63.9,VERY_HIGH,LOW,VERY_HIGH,LOW,N,29.5,22.5
2026-07-15 08:45,8,45,2,0.7518,-0.6593,0.9749,-0.2225,0,1,0,Clear,1.0,32.0,3.9,24.0,4.0,139.4,17.9,110.1,18.1,30.7,3.9,24.2,4.0,62.8,VERY_HIGH,LOW,VERY_HIGH,LOW,N,28.9,23.1
2026-07-15 09:00,9,0,2,0.7071,-0.7071,0.9749,-0.2225,0,1,0,Heavy Rain,1.5,30.7,3.9,24.2,4.0,160.8,26.4,127.2,25.7,35.4,5.8,28.0,5.7,74.9,VERY_HIGH,LOW,VERY_HIGH,LOW,N,28.9,23.1
2026-07-15 09:15,9,15,2,0.6593,-0.7518,0.9749,-0.2225,0,1,0,Clear,1.0,35.4,5.8,28.0,5.7,109.8,17.9,82.2,17.6,24.2,3.9,18.1,3.9,50.1,VERY_HIGH,LOW,HIGH,LOW,N,29.5,22.5
2026-07-15 09:30,9,30,2,0.6088,-0.7934,0.9749,-0.2225,0,1,0,Clear,1.0,24.2,3.9,18.1,3.9,107.0,18.0,82.5,17.2,23.5,4.0,18.1,3.8,49.4,HIGH,LOW,HIGH,LOW,N,29.2,22.8
2026-07-15 09:45,9,45,2,0.5556,-0.8315,0.9749,-0.2225,0,1,0,Clear,1.0,23.5,4.0,18.1,3.8,112.8,17.5,86.7,18.7,24.8,3.9,19.1,4.1,51.9,VERY_HIGH,LOW,HIGH,LOW,N,29.1,22.9
2026-07-15 10:00,10,0,2,0.5,-0.866,0.9749,-0.2225,0,0,0,Clear,1.0,24.8,3.9,19.1,4.1,24.8,26.2,21.5,21.4,5.5,5.8,4.7,4.7,20.7,LOW,LOW,LOW,LOW,S,28.4,23.6
2026-07-15 10:15,10,15,2,0.4423,-0.8969,0.9749,-0.2225,0,0,0,Clear,1.0,5.5,5.8,4.7,4.7,26.2,24.9,21.5,22.9,5.8,5.5,4.7,5.0,21.0,LOW,LOW,LOW,LOW,N,27.8,24.2
2026-07-15 10:30,10,30,2,0.3827,-0.9239,0.9749,-0.2225,0,0,0,Clear,1.0,5.8,5.5,4.7,5.0,24.5,25.1,22.7,23.0,5.4,5.5,5.0,5.1,21.0,LOW,LOW,LOW,LOW,S,27.1,24.9
2026-07-15 10:45,10,45,2,0.3214,-0.9469,0.9749,-0.2225,0,0,0,Rain,1.25,5.4,5.5,5.0,5.1,30.7,30.4,28.4,27.9,6.8,6.7,6.2,6.1,25.8,MEDIUM,MEDIUM,MEDIUM,MEDIUM,N,27.0,25.0
2026-07-15 11:00,11,0,2,0.2588,-0.9659,0.9749,-0.2225,0,0,0,Heavy Rain,1.5,6.8,6.7,6.2,6.1,61.0,61.1,54.9,52.4,13.4,13.4,12.1,11.5,50.4,MEDIUM,MEDIUM,MEDIUM,MEDIUM,N,27.5,24.5
2026-07-15 11:15,11,15,2,0.1951,-0.9808,0.9749,-0.2225,0,0,0,Clear,1.0,13.4,13.4,12.1,11.5,40.5,40.4,33.3,35.4,8.9,8.9,7.3,7.8,32.9,MEDIUM,MEDIUM,MEDIUM,MEDIUM,N,27.9,24.1
2026-07-15 11:30,11,30,2,0.1305,-0.9914,0.9749,-0.2225,0,0,0,Clear,1.0,8.9,8.9,7.3,7.8,39.8,40.9,35.2,36.4,8.8,9.0,7.7,8.0,33.5,MEDIUM,MEDIUM,MEDIUM,MEDIUM,S,27.5,24.5
2026-07-15 11:45,11,45,2,0.0654,-0.9979,0.9749,-0.2225,0,0,0,Clear,1.0,8.8,9.0,7.7,8.0,39.4,39.7,33.7,33.7,8.7,8.7,7.4,7.4,32.2,MEDIUM,MEDIUM,MEDIUM,MEDIUM,N,28.1,23.9
2026-07-15 12:00,12,0,2,0.0,-1.0,0.9749,-0.2225,0,0,0,Clear,1.0,8.7,8.7,7.4,7.4,38.0,40.8,34.9,33.9,8.4,9.0,7.7,7.5,32.6,MEDIUM,MEDIUM,MEDIUM,MEDIUM,S,27.9,24.1
2026-07-15 12:15,12,15,2,-0.0654,-0.9979,0.9749,-0.2225,0,0,0,Clear,1.0,8.4,9.0,7.7,7.5,41.2,40.3,36.5,34.3,9.1,8.9,8.0,7.5,33.5,MEDIUM,MEDIUM,MEDIUM,MEDIUM,N,27.7,24.3
2026-07-15 12:30,12,30,2,-0.1305,-0.9914,0.9749,-0.2225,0,0,0,Clear,1.0,9.1,8.9,8.0,7.5,38.8,38.6,34.1,34.6,8.5,8.5,7.5,7.6,32.1,MEDIUM,MEDIUM,MEDIUM,MEDIUM,N,27.5,24.5
2026-07-15 12:45,12,45,2,-0.1951,-0.9808,0.9749,-0.2225,0,0,0,Clear,1.0,8.5,8.5,7.5,7.6,40.0,41.4,35.1,35.9,8.8,9.1,7.7,7.9,33.5,MEDIUM,MEDIUM,MEDIUM,MEDIUM,S,27.8,24.2
2026-07-15 13:00,13,0,2,-0.2588,-0.9659,0.9749,-0.2225,0,0,0,Clear,1.0,8.8,9.1,7.7,7.9,40.0,41.4,34.6,34.5,8.8,9.1,7.6,7.6,33.1,MEDIUM,MEDIUM,MEDIUM,MEDIUM,S,28.2,23.8
2026-07-15 13:15,13,15,2,-0.3214,-0.9469,0.9749,-0.2225,0,0,0,Clear,1.0,8.8,9.1,7.6,7.6,38.0,38.9,36.0,33.5,8.4,8.6,7.9,7.4,32.3,MEDIUM,MEDIUM,MEDIUM,MEDIUM,S,27.2,24.8
2026-07-15 13:30,13,30,2,-0.3827,-0.9239,0.9749,-0.2225,0,0,0,Clear,1.0,8.4,8.6,7.9,7.4,41.7,38.6,36.1,34.1,9.2,8.5,7.9,7.5,33.1,MEDIUM,MEDIUM,MEDIUM,MEDIUM,N,27.8,24.2
2026-07-15 13:45,13,45,2,-0.4423,-0.8969,0.9749,-0.2225,0,0,0,Clear,1.0,9.2,8.5,7.9,7.5,39.9,38.6,34.9,35.8,8.8,8.5,7.7,7.9,32.9,MEDIUM,MEDIUM,MEDIUM,MEDIUM,N,27.4,24.6
2026-07-15 14:00,14,0,2,-0.5,-0.866,0.9749,-0.2225,0,0,0,Clear,1.0,8.8,8.5,7.7,7.9,39.6,39.0,36.0,34.9,8.7,8.6,7.9,7.7,32.9,MEDIUM,MEDIUM,MEDIUM,MEDIUM,N,27.3,24.7
2026-07-15 14:15,14,15,2,-0.5556,-0.8315,0.9749,-0.2225,0,0,0,Clear,1.0,8.7,8.6,7.9,7.7,41.5,39.1,36.2,34.8,9.1,8.6,8.0,7.7,33.4,MEDIUM,MEDIUM,MEDIUM,MEDIUM,N,27.7,24.3
2026-07-15 14:30,14,30,2,-0.6088,-0.7934,0.9749,-0.2225,0,0,0,Clear,1.0,9.1,8.6,8.0,7.7,40.3,39.7,35.9,36.0,8.9,8.7,7.9,7.9,33.4,MEDIUM,MEDIUM,MEDIUM,MEDIUM,N,27.4,24.6
2026-07-15 14:45,14,45,2,-0.6593,-0.7518,0.9749,-0.2225,0,0,0,Clear,1.0,8.9,8.7,7.9,7.9,41.5,41.6,36.5,35.4,9.1,9.2,8.0,7.8,34.1,MEDIUM,MEDIUM,MEDIUM,MEDIUM,S,27.8,24.2
2026-07-15 15:00,15,0,2,-0.7071,-0.7071,0.9749,-0.2225,0,0,0,Clear,1.0,9.1,9.2,8.0,7.8,41.7,39.0,36.3,34.1,9.2,8.6,8.0,7.5,33.3,MEDIUM,MEDIUM,MEDIUM,MEDIUM,N,27.8,24.2
2026-07-15 15:15,15,15,2,-0.7518,-0.6593,0.9749,-0.2225,0,0,0,Clear,1.0,9.2,8.6,8.0,7.5,38.3,38.5,34.3,36.5,8.4,8.5,7.5,8.0,32.4,MEDIUM,MEDIUM,MEDIUM,MEDIUM,S,26.9,25.1
2026-07-15 15:30,15,30,2,-0.7934,-0.6088,0.9749,-0.2225,0,0,0,Clear,1.0,8.4,8.5,7.5,8.0,38.3,41.5,33.6,35.8,8.4,9.1,7.4,7.9,32.8,MEDIUM,MEDIUM,MEDIUM,MEDIUM,S,27.9,24.1
2026-07-15 15:45,15,45,2,-0.8315,-0.5556,0.9749,-0.2225,0,0,0,Heavy Rain,1.5,8.4,9.1,7.4,7.9,57.5,59.6,53.5,50.0,12.7,13.1,11.8,11.0,48.6,MEDIUM,MEDIUM,MEDIUM,MEDIUM,S,27.5,24.5
2026-07-15 16:00,16,0,2,-0.866,-0.5,0.9749,-0.2225,0,0,1,Clear,1.0,12.7,13.1,11.8,11.0,18.1,113.6,17.3,82.0,4.0,25.0,3.8,18.0,50.8,LOW,VERY_HIGH,LOW,HIGH,S,30.0,22.0
2026-07-15 16:15,16,15,2,-0.8969,-0.4423,0.9749,-0.2225,0,0,1,Clear,1.0,4.0,25.0,3.8,18.0,17.4,108.2,18.2,87.1,3.8,23.8,4.0,19.2,50.8,LOW,HIGH,LOW,HIGH,S,28.6,23.4
2026-07-15 16:30,16,30,2,-0.9239,-0.3827,0.9749,-0.2225,0,0,1,Clear,1.0,3.8,23.8,4.0,19.2,17.5,109.6,18.3,83.9,3.9,24.1,4.0,18.5,50.5,LOW,VERY_HIGH,LOW,HIGH,S,29.2,22.8
2026-07-15 16:45,16,45,2,-0.9469,-0.3214,0.9749,-0.2225,0,0,1,Clear,1.0,3.9,24.1,4.0,18.5,18.6,106.7,18.6,82.1,4.1,23.5,4.1,18.1,49.8,LOW,HIGH,LOW,HIGH,S,29.2,22.8
2026-07-15 17:00,17,0,2,-0.9659,-0.2588,0.9749,-0.2225,0,0,1,Heavy Rain,1.5,4.1,23.5,4.1,18.1,27.8,194.7,26.9,154.4,6.1,42.8,5.9,34.0,88.8,MEDIUM,VERY_HIGH,LOW,VERY_HIGH,S,28.9,23.1
2026-07-15 17:15,17,15,2,-0.9808,-0.1951,0.9749,-0.2225,0,0,1,Clear,1.0,6.1,42.8,5.9,34.0,17.4,132.3,17.3,97.1,3.8,29.1,3.8,21.4,58.1,LOW,VERY_HIGH,LOW,HIGH,S,29.8,22.2
2026-07-15 17:30,17,30,2,-0.9914,-0.1305,0.9749,-0.2225,0,0,1,Clear,1.0,3.8,29.1,3.8,21.4,18.1,135.2,18.9,99.2,4.0,29.7,4.2,21.8,59.7,LOW,VERY_HIGH,LOW,HIGH,S,29.8,22.2
2026-07-15 17:45,17,45,2,-0.9979,-0.0654,0.9749,-0.2225,0,0,1,Clear,1.0,4.0,29.7,4.2,21.8,18.0,133.7,17.3,101.6,4.0,29.4,3.8,22.4,59.6,LOW,VERY_HIGH,LOW,HIGH,S,29.4,22.6
2026-07-15 18:00,18,0,2,-1.0,-0.0,0.9749,-0.2225,0,0,1,Clear,1.0,4.0,29.4,3.8,22.4,18.6,138.4,17.6,97.9,4.1,30.4,3.9,21.5,59.9,LOW,VERY_HIGH,LOW,HIGH,S,30.3,21.7
2026-07-15 18:15,18,15,2,-0.9979,0.0654,0.9749,-0.2225,0,0,1,Clear,1.0,4.1,30.4,3.9,21.5,18.0,129.5,18.8,97.4,4.0,28.5,4.1,21.4,58.0,LOW,VERY_HIGH,LOW,HIGH,S,29.5,22.5
2026-07-15 18:30,18,30,2,-0.9914,0.1305,0.9749,-0.2225,0,0,1,Clear,1.0,4.0,28.5,4.1,21.4,18.6,137.0,17.2,102.6,4.1,30.1,3.8,22.6,60.6,LOW,VERY_HIGH,LOW,HIGH,S,29.6,22.4
2026-07-15 18:45,18,45,2,-0.9808,0.1951,0.9749,-0.2225,0,0,1,Clear,1.0,4.1,30.1,3.8,22.6,18.6,127.6,17.5,102.5,4.1,28.1,3.9,22.6,58.7,LOW,VERY_HIGH,LOW,HIGH,S,28.7,23.3
2026-07-15 19:00,19,0,2,-0.9659,0.2588,0.9749,-0.2225,0,0,1,Clear,1.0,4.1,28.1,3.9,22.6,17.3,106.1,18.1,82.8,3.8,23.3,4.0,18.2,49.3,LOW,HIGH,LOW,HIGH,S,29.0,23.0
2026-07-15 19:15,19,15,2,-0.9469,0.3214,0.9749,-0.2225,0,0,1,Rain,1.25,3.8,23.3,4.0,18.2,21.7,141.6,23.3,101.9,4.8,31.2,5.1,22.4,63.5,LOW,VERY_HIGH,LOW,HIGH,S,29.9,22.1
2026-07-15 19:30,19,30,2,-0.9239,0.3827,0.9749,-0.2225,0,0,1,Clear,1.0,4.8,31.2,5.1,22.4,17.2,111.1,18.6,81.5,3.8,24.4,4.1,17.9,50.2,LOW,VERY_HIGH,LOW,HIGH,S,29.7,22.3
2026-07-15 19:45,19,45,2,-0.8969,0.4423,0.9749,-0.2225,0,0,1,Clear,1.0,3.8,24.4,4.1,17.9,18.3,114.5,18.9,88.1,4.0,25.2,4.2,19.4,52.8,LOW,VERY_HIGH,LOW,HIGH,S,29.2,22.8
2026-07-15 20:00,20,0,2,-0.866,0.5,0.9749,-0.2225,0,0,0,Clear,1.0,4.0,25.2,4.2,19.4,23.8,25.8,21.7,22.8,5.2,5.7,4.8,5.0,20.7,LOW,LOW,LOW,LOW,S,27.5,24.5
2026-07-15 20:15,20,15,2,-0.8315,0.5556,0.9749,-0.2225,0,0,0,Clear,1.0,5.2,5.7,4.8,5.0,25.7,25.9,22.0,22.7,5.7,5.7,4.8,5.0,21.2,LOW,LOW,LOW,LOW,N,27.8,24.2
2026-07-15 20:30,20,30,2,-0.7934,0.6088,0.9749,-0.2225,0,0,0,Clear,1.0,5.7,5.7,4.8,5.0,26.2,24.7,22.8,22.1,5.8,5.4,5.0,4.9,21.1,LOW,LOW,LOW,LOW,N,27.7,24.3
2026-07-15 20:45,20,45,2,-0.7518,0.6593,0.9749,-0.2225,0,0,0,Clear,1.0,5.8,5.4,5.0,4.9,24.2,24.3,22.3,21.4,5.3,5.3,4.9,4.7,20.2,LOW,LOW,LOW,LOW,N,27.2,24.8
2026-07-15 21:00,21,0,2,-0.7071,0.7071,0.9749,-0.2225,0,0,0,Clear,1.0,5.3,5.3,4.9,4.7,24.3,26.2,22.0,22.3,5.3,5.8,4.8,4.9,20.8,LOW,LOW,LOW,LOW,S,27.9,24.1
2026-07-15 21:15,21,15,2,-0.6593,0.7518,0.9749,-0.2225,0,0,0,Clear,1.0,5.3,5.8,4.8,4.9,24.1,25.6,21.2,22.4,5.3,5.6,4.7,4.9,20.5,LOW,LOW,LOW,LOW,S,27.7,24.3
2026-07-15 21:30,21,30,2,-0.6088,0.7934,0.9749,-0.2225,0,0,0,Clear,1.0,5.3,5.6,4.7,4.9,23.9,24.3,23.0,22.0,5.3,5.3,5.1,4.8,20.5,LOW,LOW,LOW,LOW,N,26.8,25.2
2026-07-15 21:45,21,45,2,-0.5556,0.8315,0.9749,-0.2225,0,0,0,Clear,1.0,5.3,5.3,5.1,4.8,23.8,25.5,22.8,22.9,5.2,5.6,5.0,5.0,20.8,LOW,LOW,LOW,LOW,S,27.2,24.8
2026-07-15 22:00,22,0,2,-0.5,0.866,0.9749,-0.2225,0,0,0,Clear,1.0,5.2,5.6,5.0,5.0,25.7,25.3,23.0,21.5,5.7,5.6,5.1,4.7,21.1,LOW,LOW,LOW,LOW,N,27.6,24.4
2026-07-15 22:15,22,15,2,-0.4423,0.8969,0.9749,-0.2225,0,0,0,Clear,1.0,5.7,5.6,5.1,4.7,24.5,26.1,22.0,22.0,5.4,5.7,4.8,4.8,20.7,LOW,LOW,LOW,LOW,S,28.0,24.0
2026-07-15 22:30,22,30,2,-0.3827,0.9239,0.9749,-0.2225,0,0,0,Heavy Rain,1.5,5.4,5.7,4.8,4.8,39.1,37.6,32.6,34.4,8.6,8.3,7.2,7.6,31.7,MEDIUM,MEDIUM,MEDIUM,MEDIUM,N,27.7,24.3
2026-07-15 22:45,22,45,2,-0.3214,0.9469,0.9749,-0.2225,0,0,0,Clear,1.0,8.6,8.3,7.2,7.6,24.7,25.1,21.4,23.0,5.4,5.5,4.7,5.1,20.7,LOW,LOW,LOW,LOW,S,27.3,24.7
2026-07-15 23:00,23,0,2,-0.2588,0.9659,0.9749,-0.2225,0,0,0,Clear,1.0,5.4,5.5,4.7,5.1,5.8,5.7,5.2,5.1,1.3,1.3,1.1,1.1,4.8,LOW,LOW,LOW,LOW,N,27.4,24.6
2026-07-15 23:15,23,15,2,-0.1951,0.9808,0.9749,-0.2225,0,0,0,Rain,1.25,1.3,1.3,1.1,1.1,7.8,7.3,6.0,6.0,1.7,1.6,1.3,1.3,5.9,LOW,LOW,LOW,LOW,N,29.2,22.8
2026-07-15 23:30,23,30,2,-0.1305,0.9914,0.9749,-0.2225,0,0,0,Heavy Rain,1.5,1.7,1.6,1.3,1.3,8.9,8.8,7.1,7.8,2.0,1.9,1.6,1.7,7.2,LOW,LOW,LOW,LOW,N,28.0,24.0
2026-07-15 23:45,23,45,2,-0.0654,0.9979,0.9749,-0.2225,0,0,0,Clear,1.0,2.0,1.9,1.6,1.7,5.9,6.2,4.8,5.2,1.3,1.4,1.1,1.1,4.9,LOW,LOW,LOW,LOW,S,28.4,23.6
2026-07-16 00:00,0,0,3,0.0,1.0,0.4339,-0.901,0,0,0,Clear,1.0,1.3,1.4,1.1,1.1,5.7,6.0,4.8,4.9,1.3,1.3,1.1,1.1,4.8,LOW,LOW,LOW,LOW,N,28.5,23.5
2026-07-16 00:15,0,15,3,0.0654,0.9979,0.4339,-0.901,0,0,0,Clear,1.0,1.3,1.3,1.1,1.1,5.7,5.7,5.1,5.1,1.3,1.3,1.1,1.1,4.8,LOW,LOW,LOW,LOW,N,27.4,24.6
2026-07-16 00:30,0,30,3,0.1305,0.9914,0.4339,-0.901,0,0,0,Clear,1.0,1.3,1.3,1.1,1.1,6.2,6.1,5.0,5.1,1.4,1.3,1.1,1.1,4.9,LOW,LOW,LOW,LOW,N,28.5,23.5
2026-07-16 00:45,0,45,3,0.1951,0.9808,0.4339,-0.901,0,0,0,Clear,1.0,1.4,1.3,1.1,1.1,6.1,6.2,5.0,4.9,1.3,1.4,1.1,1.1,4.9,LOW,LOW,LOW,LOW,S,28.8,23.2
2026-07-16 01:00,1,0,3,0.2588,0.9659,0.4339,-0.901,0,0,0,Rain,1.25,1.3,1.4,1.1,1.1,7.4,7.4,6.2,6.0,1.6,1.6,1.4,1.3,5.9,LOW,LOW,LOW,LOW,N,28.4,23.6
2026-07-16 01:15,1,15,3,0.3214,0.9469,0.4339,-0.901,0,0,0,Clear,1.0,1.6,1.6,1.4,1.3,6.0,5.7,4.9,4.9,1.3,1.3,1.1,1.1,4.8,LOW,LOW,LOW,LOW,N,28.5,23.5
2026-07-16 01:30,1,30,3,0.3827,0.9239,0.4339,-0.901,0,0,0,Clear,1.0,1.3,1.3,1.1,1.1,6.1,5.9,4.9,5.0,1.3,1.3,1.1,1.1,4.8,LOW,LOW,LOW,LOW,N,28.5,23.5
2026-07-16 01:45,1,45,3,0.4423,0.8969,0.4339,-0.901,0,0,0,Clear,1.0,1.3,1.3,1.1,1.1,6.2,6.1,5.1,4.8,1.4,1.3,1.1,1.1,4.9,LOW,LOW,LOW,LOW,N,28.7,23.3
2026-07-16 02:00,2,0,3,0.5,0.866,0.4339,-0.901,0,0,0,Rain,1.25,1.4,1.3,1.1,1.1,7.6,7.6,6.3,6.1,1.7,1.7,1.4,1.3,6.1,LOW,LOW,LOW,LOW,N,28.5,23.5
2026-07-16 02:15,2,15,3,0.5556,0.8315,0.4339,-0.901,0,0,0,Clear,1.0,1.7,1.7,1.4,1.3,6.2,5.9,5.0,4.9,1.4,1.3,1.1,1.1,4.9,LOW,LOW,LOW,LOW,N,28.7,23.3
2026-07-16 02:30,2,30,3,0.6088,0.7934,0.4339,-0.901,0,0,0,Clear,1.0,1.4,1.3,1.1,1.1,6.3,6.2,4.8,4.8,1.4,1.4,1.1,1.1,5.0,LOW,LOW,LOW,LOW,N,29.5,22.5
2026-07-16 02:45,2,45,3,0.6593,0.7518,0.4339,-0.901,0,0,0,Clear,1.0,1.4,1.4,1.1,1.1,6.0,5.9,4.9,4.9,1.3,1.3,1.1,1.1,4.8,LOW,LOW,LOW,LOW,N,28.6,23.4
2026-07-16 03:00,3,0,3,0.7071,0.7071,0.4339,-0.901,0,0,0,Clear,1.0,1.3,1.3,1.1,1.1,6.1,6.0,5.0,4.9,1.3,1.3,1.1,1.1,4.8,LOW,LOW,LOW,LOW,N,28.6,23.4
2026-07-16 03:15,3,15,3,0.7518,0.6593,0.4339,-0.901,0,0,0,Clear,1.0,1.3,1.3,1.1,1.1,6.0,6.3,5.0,4.8,1.3,1.4,1.1,1.1,4.9,LOW,LOW,LOW,LOW,S,29.0,23.0
2026-07-16 03:30,3,30,3,0.7934,0.6088,0.4339,-0.901,0,0,0,Clear,1.0,1.3,1.4,1.1,1.1,6.2,5.8,5.2,5.0,1.4,1.3,1.1,1.1,4.9,LOW,LOW,LOW,LOW,N,28.2,23.8
2026-07-16 03:45,3,45,3,0.8315,0.5556,0.4339,-0.901,0,0,0,Clear,1.0,1.4,1.3,1.1,1.1,5.7,5.9,5.0,4.8,1.3,1.3,1.1,1.1,4.8,LOW,LOW,LOW,LOW,N,28.2,23.8
2026-07-16 04:00,4,0,3,0.866,0.5,0.4339,-0.901,0,0,0,Rain,1.25,1.3,1.3,1.1,1.1,7.2,7.8,6.5,6.2,1.6,1.7,1.4,1.4,6.1,LOW,LOW,LOW,LOW,S,28.3,23.7
2026-07-16 04:15,4,15,3,0.8969,0.4423,0.4339,-0.901,0,0,0,Heavy Rain,1.5,1.6,1.7,1.4,1.4,9.0,9.3,7.2,7.6,2.0,2.0,1.6,1.7,7.3,LOW,LOW,LOW,LOW,N,28.7,23.3
2026-07-16 04:30,4,30,3,0.9239,0.3827,0.4339,-0.901,0,0,0,Clear,1.0,2.0,2.0,1.6,1.7,6.1,5.9,5.1,5.1,1.3,1.3,1.1,1.1,4.8,LOW,LOW,LOW,LOW,N,28.2,23.8
2026-07-16 04:45,4,45,3,0.9469,0.3214,0.4339,-0.901,0,0,0,Clear,1.0,1.3,1.3,1.1,1.1,5.8,5.9,4.8,5.2,1.3,1.3,1.1,1.1,4.8,LOW,LOW,LOW,LOW,N,27.8,24.2
2026-07-16 05:00,5,0,3,0.9659,0.2588,0.4339,-0.901,0,0,0,Heavy Rain,1.5,1.3,1.3,1.1,1.1,9.2,9.1,7.6,7.7,2.0,2.0,1.7,1.7,7.4,LOW,LOW,LOW,LOW,N,28.3,23.7
2026-07-16 05:15,5,15,3,0.9808,0.1951,0.4339,-0.901,0,0,0,Clear,1.0,2.0,2.0,1.7,1.7,5.8,6.3,4.8,4.8,1.3,1.4,1.1,1.1,4.9,LOW,LOW,LOW,LOW,S,29.2,22.8
2026-07-16 05:30,5,30,3,0.9914,0.1305,0.4339,-0.901,0,0,0,Clear,1.0,1.3,1.4,1.1,1.1,5.9,6.3,5.2,5.0,1.3,1.4,1.1,1.1,4.9,LOW,LOW,LOW,LOW,S,28.4,23.6
2026-07-16 05:45,5,45,3,0.9979,0.0654,0.4339,-0.901,0,0,0,Rain,1.25,1.3,1.4,1.1,1.1,7.3,7.4,6.4,6.1,1.6,1.6,1.4,1.3,5.9,LOW,LOW,LOW,LOW,N,28.0,24.0
2026-07-16 06:00,6,0,3,1.0,0.0,0.4339,-0.901,0,0,0,Clear,1.0,1.6,1.6,1.4,1.3,24.5,24.1,21.7,22.1,5.4,5.3,4.8,4.9,20.4,LOW,LOW,LOW,LOW,N,27.3,24.7
2026-07-16 06:15,6,15,3,0.9979,-0.0654,0.4339,-0.901,0,0,0,Heavy Rain,1.5,5.4,5.3,4.8,4.9,36.6,37.4,32.0,33.4,8.1,8.2,7.0,7.3,30.6,MEDIUM,MEDIUM,MEDIUM,MEDIUM,S,27.5,24.5
2026-07-16 06:30,6,30,3,0.9914,-0.1305,0.4339,-0.901,0,0,0,Clear,1.0,8.1,8.2,7.0,7.3,25.7,25.2,22.1,21.0,5.7,5.5,4.9,4.6,20.7,LOW,LOW,LOW,LOW,N,28.1,23.9
2026-07-16 06:45,6,45,3,0.9808,-0.1951,0.4339,-0.901,0,0,0,Clear,1.0,5.7,5.5,4.9,4.6,24.3,24.7,21.0,22.2,5.3,5.4,4.6,4.9,20.2,LOW,LOW,LOW,LOW,S,27.5,24.5
2026-07-16 07:00,7,0,3,0.9659,-0.2588,0.4339,-0.901,0,1,0,Clear,1.0,5.3,5.4,4.6,4.9,106.0,18.3,82.4,18.3,23.3,4.0,18.1,4.0,49.4,HIGH,LOW,HIGH,LOW,N,29.0,23.0
2026-07-16 07:15,7,15,3,0.9469,-0.3214,0.4339,-0.901,0,1,0,Clear,1.0,23.3,4.0,18.1,4.0,110.9,18.8,86.1,17.4,24.4,4.1,18.9,3.8,51.2,VERY_HIGH,LOW,HIGH,LOW,N,29.1,22.9
2026-07-16 07:30,7,30,3,0.9239,-0.3827,0.4339,-0.901,0,1,0,Clear,1.0,24.4,4.1,18.9,3.8,105.8,17.6,83.4,17.9,23.3,3.9,18.3,3.9,49.4,HIGH,LOW,HIGH,LOW,N,28.9,23.1
2026-07-16 07:45,7,45,3,0.8969,-0.4423,0.4339,-0.901,0,1,0,Clear,1.0,23.3,3.9,18.3,3.9,107.0,18.9,81.0,18.3,23.5,4.2,17.8,4.0,49.5,HIGH,LOW,HIGH,LOW,N,29.4,22.6
2026-07-16 08:00,8,0,3,0.866,-0.5,0.4339,-0.901,0,1,0,Clear,1.0,23.5,4.2,17.8,4.0,147.0,18.6,108.5,17.1,32.3,4.1,23.9,3.8,64.1,VERY_HIGH,LOW,HIGH,LOW,N,29.8,22.2
2026-07-16 08:15,8,15,3,0.8315,-0.5556,0.4339,-0.901,0,1,0,Clear,1.0,32.3,4.1,23.9,3.8,149.7,18.1,111.0,18.4,32.9,4.0,24.4,4.0,65.3,VERY_HIGH,LOW,VERY_HIGH,LOW,N,29.7,22.3
2026-07-16 08:30,8,30,3,0.7934,-0.6088,0.4339,-0.901,0,1,0,Clear,1.0,32.9,4.0,24.4,4.0,143.1,17.7,111.0,17.8,31.5,3.9,24.4,3.9,63.7,VERY_HIGH,LOW,VERY_HIGH,LOW,N,29.1,22.9
2026-07-16 08:45,8,45,3,0.7518,-0.6593,0.4339,-0.901,0,1,0,Rain,1.25,31.5,3.9,24.4,3.9,172.1,22.4,143.6,23.2,37.9,4.9,31.6,5.1,79.5,VERY_HIGH,LOW,VERY_HIGH,LOW,N,28.2,23.8
2026-07-16 09:00,9,0,3,0.7071,-0.7071,0.4339,-0.901,0,1,0,Clear,1.0,37.9,4.9,31.6,5.1,113.0,18.1,84.0,17.3,24.9,4.0,18.5,3.8,51.2,VERY_HIGH,LOW,HIGH,LOW,N,29.6,22.4
2026-07-16 09:15,9,15,3,0.6593,-0.7518,0.4339,-0.901,0,1,0,Clear,1.0,24.9,4.0,18.5,3.8,107.4,17.2,88.3,17.5,23.6,3.8,19.4,3.9,50.7,HIGH,LOW,HIGH,LOW,N,28.4,23.6
2026-07-16 09:30,9,30,3,0.6088,-0.7934,0.4339,-0.901,0,1,0,Rain,1.25,23.6,3.8,19.4,3.9,136.2,23.5,110.9,22.4,30.0,5.2,24.4,4.9,64.5,VERY_HIGH,LOW,VERY_HIGH,LOW,N,28.5,23.5
2026-07-16 09:45,9,45,3,0.5556,-0.8315,0.4339,-0.901,0,1,0,Clear,1.0,30.0,5.2,24.4,4.9,108.2,17.2,84.3,17.3,23.8,3.8,18.5,3.8,49.9,HIGH,LOW,HIGH,LOW,N,29.0,23.0
2026-07-16 10:00,10,0,3,0.5,-0.866,0.4339,-0.901,0,0,0,Clear,1.0,23.8,3.8,18.5,3.8,25.5,23.9,21.2,21.0,5.6,5.3,4.7,4.6,20.2,LOW,LOW,LOW,LOW,N,28.2,23.8
2026-07-16 10:15,10,15,3,0.4423,-0.8969,0.4339,-0.901,0,0,0,Clear,1.0,5.6,5.3,4.7,4.6,24.5,24.2,21.9,22.4,5.4,5.3,4.8,4.9,20.4,LOW,LOW,LOW,LOW,N,27.2,24.8
2026-07-16 10:30,10,30,3,0.3827,-0.9239,0.4339,-0.901,0,0,0,Clear,1.0,5.4,5.3,4.8,4.9,24.6,24.6,21.2,21.1,5.4,5.4,4.7,4.6,20.1,LOW,LOW,LOW,LOW,N,27.9,24.1
2026-07-16 10:45,10,45,3,0.3214,-0.9469,0.4339,-0.901,0,0,0,Rain,1.25,5.4,5.4,4.7,4.6,31.8,31.0,28.1,27.3,7.0,6.8,6.2,6.0,26.0,MEDIUM,MEDIUM,MEDIUM,MEDIUM,N,27.6,24.4
2026-07-16 11:00,11,0,3,0.2588,-0.9659,0.4339,-0.901,0,0,0,Clear,1.0,7.0,6.8,6.2,6.0,38.8,40.5,33.9,34.1,8.5,8.9,7.5,7.5,32.4,MEDIUM,MEDIUM,MEDIUM,MEDIUM,S,28.1,23.9
2026-07-16 11:15,11,15,3,0.1951,-0.9808,0.4339,-0.901,0,0,0,Clear,1.0,8.5,8.9,7.5,7.5,39.2,39.1,34.3,33.8,8.6,8.6,7.5,7.4,32.1,MEDIUM,MEDIUM,MEDIUM,MEDIUM,N,27.8,24.2
2026-07-16 11:30,11,30,3,0.1305,-0.9914,0.4339,-0.901,0,0,0,Clear,1.0,8.6,8.6,7.5,7.4,41.0,41.7,35.0,34.6,9.0,9.2,7.7,7.6,33.5,MEDIUM,MEDIUM,MEDIUM,MEDIUM,S,28.3,23.7
2026-07-16 11:45,11,45,3,0.0654,-0.9979,0.4339,-0.901,0,0,0,Rain,1.25,9.0,9.2,7.7,7.6,50.8,48.7,44.0,42.4,11.2,10.7,9.7,9.3,40.9,MEDIUM,MEDIUM,MEDIUM,MEDIUM,N,27.8,24.2
2026-07-16 12:00,12,0,3,0.0,-1.0,0.4339,-0.901,0,0,0,Clear,1.0,11.2,10.7,9.7,9.3,38.4,40.3,36.5,36.1,8.4,8.9,8.0,7.9,33.2,MEDIUM,MEDIUM,MEDIUM,MEDIUM,S,27.2,24.8
2026-07-16 12:15,12,15,3,-0.0654,-0.9979,0.4339,-0.901,0,0,0,Clear,1.0,8.4,8.9,8.0,7.9,40.9,38.7,36.4,36.2,9.0,8.5,8.0,8.0,33.5,MEDIUM,MEDIUM,MEDIUM,MEDIUM,N,27.4,24.6
2026-07-16 12:30,12,30,3,-0.1305,-0.9914,0.4339,-0.901,0,0,0,Clear,1.0,9.0,8.5,8.0,8.0,38.6,38.3,35.6,33.5,8.5,8.4,7.8,7.4,32.1,MEDIUM,MEDIUM,MEDIUM,MEDIUM,N,27.2,24.8
2026-07-16 12:45,12,45,3,-0.1951,-0.9808,0.4339,-0.901,0,0,0,Clear,1.0,8.5,8.4,7.8,7.4,39.5,39.0,35.2,35.2,8.7,8.6,7.7,7.7,32.7,MEDIUM,MEDIUM,MEDIUM,MEDIUM,N,27.5,24.5
2026-07-16 13:00,13,0,3,-0.2588,-0.9659,0.4339,-0.901,0,0,0,Clear,1.0,8.7,8.6,7.7,7.7,40.9,41.1,35.8,35.6,9.0,9.0,7.9,7.8,33.7,MEDIUM,MEDIUM,MEDIUM,MEDIUM,N,27.8,24.2
2026-07-16 13:15,13,15,3,-0.3214,-0.9469,0.4339,-0.901,0,0,0,Heavy Rain,1.5,9.0,9.0,7.9,7.8,61.7,59.3,52.5,55.0,13.6,13.0,11.6,12.1,50.3,MEDIUM,MEDIUM,MEDIUM,MEDIUM,N,27.5,24.5
2026-07-16 13:30,13,30,3,-0.3827,-0.9239,0.4339,-0.901,0,0,0,Rain,1.25,13.6,13.0,11.6,12.1,49.0,49.8,42.6,42.7,10.8,11.0,9.4,9.4,40.6,MEDIUM,MEDIUM,MEDIUM,MEDIUM,S,27.9,24.1
2026-07-16 13:45,13,45,3,-0.4423,-0.8969,0.4339,-0.901,0,0,0,Clear,1.0,10.8,11.0,9.4,9.4,38.2,41.0,33.9,36.1,8.4,9.0,7.5,7.9,32.8,MEDIUM,MEDIUM,MEDIUM,MEDIUM,S,27.6,24.4
2026-07-16 14:00,14,0,3,-0.5,-0.866,0.4339,-0.901,0,0,0,Clear,1.0,8.4,9.0,7.5,7.9,39.9,40.3,34.9,35.3,8.8,8.9,7.7,7.8,33.2,MEDIUM,MEDIUM,MEDIUM,MEDIUM,S,27.7,24.3
2026-07-16 14:15,14,15,3,-0.5556,-0.8315,0.4339,-0.901,0,0,0,Clear,1.0,8.8,8.9,7.7,7.8,41.9,40.9,35.6,36.6,9.2,9.0,7.8,8.1,34.1,MEDIUM,MEDIUM,MEDIUM,MEDIUM,N,27.8,24.2
2026-07-16 14:30,14,30,3,-0.6088,-0.7934,0.4339,-0.901,0,0,0,Clear,1.0,9.2,9.0,7.8,8.1,41.7,39.6,33.5,34.1,9.2,8.7,7.4,7.5,32.8,MEDIUM,MEDIUM,MEDIUM,MEDIUM,N,28.5,23.5
2026-07-16 14:45,14,45,3,-0.6593,-0.7518,0.4339,-0.901,0,0,0,Clear,1.0,9.2,8.7,7.4,7.5,39.9,40.5,35.2,36.3,8.8,8.9,7.7,8.0,33.4,MEDIUM,MEDIUM,MEDIUM,MEDIUM,S,27.5,24.5
2026-07-16 15:00,15,0,3,-0.7071,-0.7071,0.4339,-0.901,0,0,0,Clear,1.0,8.8,8.9,7.7,8.0,39.2,41.2,33.6,33.7,8.6,9.1,7.4,7.4,32.5,MEDIUM,MEDIUM,MEDIUM,MEDIUM,S,28.5,23.5
2026-07-16 15:15,15,15,3,-0.7518,-0.6593,0.4339,-0.901,0,0,0,Clear,1.0,8.6,9.1,7.4,7.4,41.1,40.6,36.4,33.7,9.0,8.9,8.0,7.4,33.3,MEDIUM,MEDIUM,MEDIUM,MEDIUM,N,27.8,24.2
2026-07-16 15:30,15,30,3,-0.7934,-0.6088,0.4339,-0.901,0,0,0,Clear,1.0,9.0,8.9,8.0,7.4,39.2,41.0,34.3,34.9,8.6,9.0,7.5,7.7,32.8,MEDIUM,MEDIUM,MEDIUM,MEDIUM,S,28.0,24.0
2026-07-16 15:45,15,45,3,-0.8315,-0.5556,0.4339,-0.901,0,0,0,Clear,1.0,8.6,9.0,7.5,7.7,41.2,39.8,33.4,33.5,9.1,8.8,7.3,7.4,32.6,MEDIUM,MEDIUM,MEDIUM,MEDIUM,N,28.6,23.4
2026-07-16 16:00,16,0,3,-0.866,-0.5,0.4339,-0.901,0,0,1,Clear,1.0,9.1,8.8,7.3,7.4,17.5,104.6,18.3,87.9,3.9,23.0,4.0,19.3,50.2,LOW,HIGH,LOW,HIGH,S,28.1,23.9
2026-07-16 16:15,16,15,3,-0.8969,-0.4423,0.4339,-0.901,0,0,1,Clear,1.0,3.9,23.0,4.0,19.3,18.6,109.2,17.8,89.1,4.1,24.0,3.9,19.6,51.6,LOW,VERY_HIGH,LOW,HIGH,S,28.5,23.5
2026-07-16 16:30,16,30,3,-0.9239,-0.3827,0.4339,-0.901,0,0,1,Clear,1.0,4.1,24.0,3.9,19.6,18.3,111.1,18.2,81.0,4.0,24.4,4.0,17.8,50.2,LOW,VERY_HIGH,LOW,HIGH,S,29.8,22.2
2026-07-16 16:45,16,45,3,-0.9469,-0.3214,0.4339,-0.901,0,0,1,Clear,1.0,4.0,24.4,4.0,17.8,18.9,113.9,18.3,84.4,4.2,25.1,4.0,18.6,51.9,LOW,VERY_HIGH,LOW,HIGH,S,29.7,22.3
2026-07-16 17:00,17,0,3,-0.9659,-0.2588,0.4339,-0.901,0,0,1,Clear,1.0,4.2,25.1,4.0,18.6,17.9,134.9,18.3,98.2,3.9,29.7,4.0,21.6,59.2,LOW,VERY_HIGH,LOW,HIGH,S,29.9,22.1
2026-07-16 17:15,17,15,3,-0.9808,-0.1951,0.4339,-0.901,0,0,1,Clear,1.0,3.9,29.7,4.0,21.6,18.0,135.9,18.7,101.4,4.0,29.9,4.1,22.3,60.3,LOW,VERY_HIGH,LOW,HIGH,S,29.6,22.4
2026-07-16 17:30,17,30,3,-0.9914,-0.1305,0.4339,-0.901,0,0,1,Clear,1.0,4.0,29.9,4.1,22.3,17.2,138.5,18.6,100.4,3.8,30.5,4.1,22.1,60.5,LOW,VERY_HIGH,LOW,HIGH,S,29.9,22.1
2026-07-16 17:45,17,45,3,-0.9979,-0.0654,0.4339,-0.901,0,0,1,Clear,1.0,3.8,30.5,4.1,22.1,18.0,127.5,18.5,107.1,4.0,28.1,4.1,23.6,59.8,LOW,VERY_HIGH,LOW,HIGH,S,28.1,23.9
2026-07-16 18:00,18,0,3,-1.0,-0.0,0.4339,-0.901,0,0,1,Clear,1.0,4.0,28.1,4.1,23.6,18.2,130.2,17.7,103.0,4.0,28.6,3.9,22.7,59.2,LOW,VERY_HIGH,LOW,HIGH,S,28.9,23.1
2026-07-16 18:15,18,15,3,-0.9979,0.0654,0.4339,-0.901,0,0,1,Clear,1.0,4.0,28.6,3.9,22.7,17.9,127.8,17.5,103.8,3.9,28.1,3.9,22.8,58.7,LOW,VERY_HIGH,LOW,HIGH,S,28.6,23.4
2026-07-16 18:30,18,30,3,-0.9914,0.1305,0.4339,-0.901,0,0,1,Clear,1.0,3.9,28.1,3.9,22.8,18.2,135.8,17.1,104.1,4.0,29.9,3.8,22.9,60.6,LOW,VERY_HIGH,LOW,HIGH,S,29.3,22.7
2026-07-16 18:45,18,45,3,-0.9808,0.1951,0.4339,-0.901,0,0,1,Clear,1.0,4.0,29.9,3.8,22.9,18.5,130.5,18.4,103.5,4.1,28.7,4.0,22.8,59.6,LOW,VERY_HIGH,LOW,HIGH,S,28.8,23.2
2026-07-16 19:00,19,0,3,-0.9659,0.2588,0.4339,-0.901,0,0,1,Rain,1.25,4.1,28.7,4.0,22.8,23.5,143.3,22.7,102.6,5.2,31.5,5.0,22.6,64.3,LOW,VERY_HIGH,LOW,HIGH,S,30.1,21.9
2026-07-16 19:15,19,15,3,-0.9469,0.3214,0.4339,-0.901,0,0,1,Clear,1.0,5.2,31.5,5.0,22.6,17.6,113.9,18.9,87.0,3.9,25.1,4.2,19.1,52.3,LOW,VERY_HIGH,LOW,HIGH,S,29.2,22.8
2026-07-16 19:30,19,30,3,-0.9239,0.3827,0.4339,-0.901,0,0,1,Clear,1.0,3.9,25.1,4.2,19.1,18.1,110.6,18.6,85.5,4.0,24.3,4.1,18.8,51.2,LOW,VERY_HIGH,LOW,HIGH,S,29.1,22.9
2026-07-16 19:45,19,45,3,-0.8969,0.4423,0.4339,-0.901,0,0,1,Clear,1.0,4.0,24.3,4.1,18.8,17.6,111.6,17.1,87.9,3.9,24.6,3.8,19.3,51.6,LOW,VERY_HIGH,LOW,HIGH,S,28.9,23.1
2026-07-16 20:00,20,0,3,-0.866,0.5,0.4339,-0.901,0,0,0,Clear,1.0,3.9,24.6,3.8,19.3,24.4,24.9,20.9,21.1,5.4,5.5,4.6,4.6,20.1,LOW,LOW,LOW,LOW,S,28.1,23.9
2026-07-16 20:15,20,15,3,-0.8315,0.5556,0.4339,-0.901,0,0,0,Rain,1.25,5.4,5.5,4.6,4.6,30.0,31.3,28.5,27.2,6.6,6.9,6.3,6.0,25.8,MEDIUM,MEDIUM,MEDIUM,MEDIUM,S,27.2,24.8
2026-07-16 20:30,20,30,3,-0.7934,0.6088,0.4339,-0.901,0,0,0,Clear,1.0,6.6,6.9,6.3,6.0,24.9,24.6,22.2,20.9,5.5,5.4,4.9,4.6,20.4,LOW,LOW,LOW,LOW,N,27.6,24.4
2026-07-16 20:45,20,45,3,-0.7518,0.6593,0.4339,-0.901,0,0,0,Clear,1.0,5.5,5.4,4.9,4.6,24.2,25.7,21.3,23.0,5.3,5.7,4.7,5.1,20.8,LOW,LOW,LOW,LOW,S,27.5,24.5
2026-07-16 21:00,21,0,3,-0.7071,0.7071,0.4339,-0.901,0,0,0,Rain,1.25,5.3,5.7,4.7,5.1,31.6,31.3,28.8,27.3,7.0,6.9,6.3,6.0,26.2,MEDIUM,MEDIUM,MEDIUM,MEDIUM,N,27.3,24.7
2026-07-16 21:15,21,15,3,-0.6593,0.7518,0.4339,-0.901,0,0,0,Clear,1.0,7.0,6.9,6.3,6.0,24.6,24.6,22.8,21.9,5.4,5.4,5.0,4.8,20.6,LOW,LOW,LOW,LOW,N,27.1,24.9
2026-07-16 21:30,21,30,3,-0.6088,0.7934,0.4339,-0.901,0,0,0,Rain,1.25,5.4,5.4,5.0,4.8,30.9,31.8,27.5,28.1,6.8,7.0,6.0,6.2,26.0,MEDIUM,MEDIUM,MEDIUM,MEDIUM,S,27.6,24.4
2026-07-16 21:45,21,45,3,-0.5556,0.8315,0.4339,-0.901,0,0,0,Clear,1.0,6.8,7.0,6.0,6.2,26.2,24.6,22.0,21.7,5.8,5.4,4.8,4.8,20.8,LOW,LOW,LOW,LOW,N,28.1,23.9
2026-07-16 22:00,22,0,3,-0.5,0.866,0.4339,-0.901,0,0,0,Clear,1.0,5.8,5.4,4.8,4.8,23.8,24.2,22.5,23.1,5.2,5.3,5.0,5.1,20.6,LOW,LOW,LOW,LOW,S,26.6,25.4
2026-07-16 22:15,22,15,3,-0.4423,0.8969,0.4339,-0.901,0,0,0,Rain,1.25,5.2,5.3,5.0,5.1,32.8,32.2,28.5,28.7,7.2,7.1,6.3,6.3,26.9,MEDIUM,MEDIUM,MEDIUM,MEDIUM,N,27.7,24.3
2026-07-16 22:30,22,30,3,-0.3827,0.9239,0.4339,-0.901,0,0,0,Heavy Rain,1.5,7.2,7.1,6.3,6.3,35.7,36.8,32.2,33.6,7.9,8.1,7.1,7.4,30.5,MEDIUM,MEDIUM,MEDIUM,MEDIUM,S,27.2,24.8
2026-07-16 22:45,22,45,3,-0.3214,0.9469,0.4339,-0.901,0,0,0,Clear,1.0,7.9,8.1,7.1,7.4,25.8,25.8,21.8,21.6,5.7,5.7,4.8,4.8,21.0,LOW,LOW,LOW,LOW,N,28.2,23.8
2026-07-16 23:00,23,0,3,-0.2588,0.9659,0.4339,-0.901,0,0,0,Rain,1.25,5.7,5.7,4.8,4.8,7.2,7.2,6.4,6.2,1.6,1.6,1.4,1.4,6.0,LOW,LOW,LOW,LOW,N,27.6,24.4
2026-07-16 23:15,23,15,3,-0.1951,0.9808,0.4339,-0.901,0,0,0,Clear,1.0,1.6,1.6,1.4,1.4,6.0,5.9,4.9,4.8,1.3,1.3,1.1,1.1,4.8,LOW,LOW,LOW,LOW,N,28.6,23.4
2026-07-16 23:30,23,30,3,-0.1305,0.9914,0.4339,-0.901,0,0,0,Rain,1.25,1.3,1.3,1.1,1.1,7.8,7.3,6.5,6.5,1.7,1.6,1.4,1.4,6.1,LOW,LOW,LOW,LOW,N,28.1,23.9
2026-07-16 23:45,23,45,3,-0.0654,0.9979,0.4339,-0.901,0,0,0,Heavy Rain,1.5,1.7,1.6,1.4,1.4,9.3,9.2,7.6,7.4,2.0,2.0,1.7,1.6,7.3,LOW,LOW,LOW,LOW,N,28.7,23.3
2026-07-17 00:00,0,0,4,0.0,1.0,-0.4339,-0.901,0,0,0,Rain,1.25,2.0,2.0,1.7,1.6,7.5,7.2,6.3,6.2,1.6,1.6,1.4,1.4,6.0,LOW,LOW,LOW,LOW,N,28.2,23.8
2026-07-17 00:15,0,15,4,0.0654,0.9979,-0.4339,-0.901,0,0,0,Clear,1.0,1.6,1.6,1.4,1.4,6.0,6.0,5.2,5.1,1.3,1.3,1.1,1.1,4.8,LOW,LOW,LOW,LOW,N,27.9,24.1
2026-07-17 00:30,0,30,4,0.1305,0.9914,-0.4339,-0.901,0,0,0,Heavy Rain,1.5,1.3,1.3,1.1,1.1,8.9,9.2,7.7,7.2,2.0,2.0,1.7,1.6,7.3,LOW,LOW,LOW,LOW,N,28.4,23.6
2026-07-17 00:45,0,45,4,0.1951,0.9808,-0.4339,-0.901,0,0,0,Clear,1.0,2.0,2.0,1.7,1.6,5.7,5.9,5.2,5.0,1.3,1.3,1.1,1.1,4.8,LOW,LOW,LOW,LOW,N,27.7,24.3
2026-07-17 01:00,1,0,4,0.2588,0.9659,-0.4339,-0.901,0,0,0,Heavy Rain,1.5,1.3,1.3,1.1,1.1,8.9,9.3,7.3,7.2,2.0,2.0,1.6,1.6,7.2,LOW,LOW,LOW,LOW,N,29.0,23.0
2026-07-17 01:15,1,15,4,0.3214,0.9469,-0.4339,-0.901,0,0,0,Heavy Rain,1.5,2.0,2.0,1.6,1.6,9.1,9.2,7.5,7.5,2.0,2.0,1.6,1.6,7.2,LOW,LOW,LOW,LOW,N,28.6,23.4
2026-07-17 01:30,1,30,4,0.3827,0.9239,-0.4339,-0.901,0,0,0,Clear,1.0,2.0,2.0,1.6,1.6,5.8,6.1,5.0,4.9,1.3,1.3,1.1,1.1,4.8,LOW,LOW,LOW,LOW,N,28.5,23.5
2026-07-17 01:45,1,45,4,0.4423,0.8969,-0.4339,-0.901,0,0,0,Clear,1.0,1.3,1.3,1.1,1.1,5.7,6.2,4.9,5.0,1.3,1.4,1.1,1.1,4.9,LOW,LOW,LOW,LOW,S,28.6,23.4
2026-07-17 02:00,2,0,4,0.5,0.866,-0.4339,-0.901,0,0,0,Clear,1.0,1.3,1.4,1.1,1.1,5.8,5.7,5.1,4.9,1.3,1.3,1.1,1.1,4.8,LOW,LOW,LOW,LOW,N,27.7,24.3
2026-07-17 02:15,2,15,4,0.5556,0.8315,-0.4339,-0.901,0,0,0,Rain,1.25,1.3,1.3,1.1,1.1,7.7,7.6,6.5,6.3,1.7,1.7,1.4,1.4,6.2,LOW,LOW,LOW,LOW,N,28.3,23.7
2026-07-17 02:30,2,30,4,0.6088,0.7934,-0.4339,-0.901,0,0,0,Clear,1.0,1.7,1.7,1.4,1.4,6.0,6.1,5.0,4.8,1.3,1.3,1.1,1.1,4.8,LOW,LOW,LOW,LOW,N,28.7,23.3
2026-07-17 02:45,2,45,4,0.6593,0.7518,-0.4339,-0.901,0,0,0,Clear,1.0,1.3,1.3,1.1,1.1,5.9,6.2,5.0,4.9,1.3,1.4,1.1,1.1,4.9,LOW,LOW,LOW,LOW,S,28.7,23.3
2026-07-17 03:00,3,0,4,0.7071,0.7071,-0.4339,-0.901,0,0,0,Clear,1.0,1.3,1.4,1.1,1.1,5.9,5.9,5.1,4.8,1.3,1.3,1.1,1.1,4.8,LOW,LOW,LOW,LOW,N,28.1,23.9
2026-07-17 03:15,3,15,4,0.7518,0.6593,-0.4339,-0.901,0,0,0,Clear,1.0,1.3,1.3,1.1,1.1,6.3,6.2,4.8,4.9,1.4,1.4,1.1,1.1,5.0,LOW,LOW,LOW,LOW,N,29.3,22.7
2026-07-17 03:30,3,30,4,0.7934,0.6088,-0.4339,-0.901,0,0,0,Clear,1.0,1.4,1.4,1.1,1.1,6.2,6.2,4.9,5.0,1.4,1.4,1.1,1.1,5.0,LOW,LOW,LOW,LOW,N,28.9,23.1
2026-07-17 03:45,3,45,4,0.8315,0.5556,-0.4339,-0.901,0,0,0,Rain,1.25,1.4,1.4,1.1,1.1,7.2,7.9,6.0,6.0,1.6,1.7,1.3,1.3,5.9,LOW,LOW,LOW,LOW,S,29.3,22.7
2026-07-17 04:00,4,0,4,0.866,0.5,-0.4339,-0.901,0,0,0,Clear,1.0,1.6,1.7,1.3,1.3,6.2,6.0,4.9,5.2,1.4,1.3,1.1,1.1,4.9,LOW,LOW,LOW,LOW,N,28.4,23.6
2026-07-17 04:15,4,15,4,0.8969,0.4423,-0.4339,-0.901,0,0,0,Clear,1.0,1.4,1.3,1.1,1.1,6.2,5.8,5.0,4.8,1.4,1.3,1.1,1.1,4.9,LOW,LOW,LOW,LOW,N,28.7,23.3
2026-07-17 04:30,4,30,4,0.9239,0.3827,-0.4339,-0.901,0,0,0,Rain,1.25,1.4,1.3,1.1,1.1,7.3,7.3,6.5,6.4,1.6,1.6,1.4,1.4,6.0,LOW,LOW,LOW,LOW,N,27.6,24.4
2026-07-17 04:45,4,45,4,0.9469,0.3214,-0.4339,-0.901,0,0,0,Clear,1.0,1.6,1.6,1.4,1.4,6.1,5.8,5.0,4.9,1.3,1.3,1.1,1.1,4.8,LOW,LOW,LOW,LOW,N,28.5,23.5
2026-07-17 05:00,5,0,4,0.9659,0.2588,-0.4339,-0.901,0,0,0,Rain,1.25,1.3,1.3,1.1,1.1,7.5,7.5,6.2,6.1,1.6,1.6,1.4,1.3,5.9,LOW,LOW,LOW,LOW,N,28.5,23.5
2026-07-17 05:15,5,15,4,0.9808,0.1951,-0.4339,-0.901,0,0,0,Clear,1.0,1.6,1.6,1.4,1.3,6.1,6.0,4.9,5.0,1.3,1.3,1.1,1.1,4.8,LOW,LOW,LOW,LOW,N,28.6,23.4
2026-07-17 05:30,5,30,4,0.9914,0.1305,-0.4339,-0.901,0,0,0,Clear,1.0,1.3,1.3,1.1,1.1,6.3,5.9,5.2,5.1,1.4,1.3,1.1,1.1,4.9,LOW,LOW,LOW,LOW,N,28.3,23.7
2026-07-17 05:45,5,45,4,0.9979,0.0654,-0.4339,-0.901,0,0,0,Rain,1.25,1.4,1.3,1.1,1.1,7.4,7.8,6.2,6.1,1.6,1.7,1.4,1.3,6.0,LOW,LOW,LOW,LOW,S,28.9,23.1
2026-07-17 06:00,6,0,4,1.0,0.0,-0.4339,-0.901,0,0,0,Heavy Rain,1.5,1.6,1.7,1.4,1.3,36.3,35.9,33.3,33.8,8.0,7.9,7.3,7.4,30.6,MEDIUM,MEDIUM,MEDIUM,MEDIUM,N,26.9,25.1
2026-07-17 06:15,6,15,4,0.9979,-0.0654,-0.4339,-0.901,0,0,0,Clear,1.0,8.0,7.9,7.3,7.4,25.5,25.6,20.9,21.3,5.6,5.6,4.6,4.7,20.5,LOW,LOW,LOW,LOW,N,28.4,23.6
2026-07-17 06:30,6,30,4,0.9914,-0.1305,-0.4339,-0.901,0,0,0,Clear,1.0,5.6,5.6,4.6,4.7,24.5,25.1,22.0,22.6,5.4,5.5,4.8,5.0,20.7,LOW,LOW,LOW,LOW,S,27.4,24.6
2026-07-17 06:45,6,45,4,0.9808,-0.1951,-0.4339,-0.901,0,0,0,Clear,1.0,5.4,5.5,4.8,5.0,26.1,25.1,22.3,22.1,5.7,5.5,4.9,4.9,21.0,LOW,LOW,LOW,LOW,N,27.9,24.1
2026-07-17 07:00,7,0,4,0.9659,-0.2588,-0.4339,-0.901,0,1,0,Rain,1.25,5.7,5.5,4.9,4.9,138.8,22.1,104.5,22.7,30.5,4.9,23.0,5.0,63.4,VERY_HIGH,LOW,HIGH,LOW,N,29.4,22.6
2026-07-17 07:15,7,15,4,0.9469,-0.3214,-0.4339,-0.901,0,1,0,Clear,1.0,30.5,4.9,23.0,5.0,106.3,18.5,88.8,17.6,23.4,4.1,19.5,3.9,50.9,HIGH,LOW,HIGH,LOW,N,28.2,23.8
2026-07-17 07:30,7,30,4,0.9239,-0.3827,-0.4339,-0.901,0,1,0,Clear,1.0,23.4,4.1,19.5,3.9,109.5,18.2,86.7,18.9,24.1,4.0,19.1,4.2,51.4,VERY_HIGH,LOW,HIGH,LOW,N,28.8,23.2
2026-07-17 07:45,7,45,4,0.8969,-0.4423,-0.4339,-0.901,0,1,0,Clear,1.0,24.1,4.0,19.1,4.2,108.3,18.7,84.0,17.4,23.8,4.1,18.5,3.8,50.2,HIGH,LOW,HIGH,LOW,N,29.1,22.9
2026-07-17 08:00,8,0,4,0.866,-0.5,-0.4339,-0.901,0,1,0,Clear,1.0,23.8,4.1,18.5,3.8,144.2,18.8,105.2,17.6,31.7,4.1,23.1,3.9,62.8,VERY_HIGH,LOW,HIGH,LOW,N,29.9,22.1
2026-07-17 08:15,8,15,4,0.8315,-0.5556,-0.4339,-0.901,0,1,0,Clear,1.0,31.7,4.1,23.1,3.9,141.7,17.8,112.6,18.5,31.2,3.9,24.8,4.1,64.0,VERY_HIGH,LOW,VERY_HIGH,LOW,N,28.8,23.2
2026-07-17 08:30,8,30,4,0.7934,-0.6088,-0.4339,-0.901,0,1,0,Rain,1.25,31.2,3.9,24.8,4.1,186.3,23.4,132.8,22.2,41.0,5.1,29.2,4.9,80.2,VERY_HIGH,LOW,VERY_HIGH,LOW,N,30.2,21.8
2026-07-17 08:45,8,45,4,0.7518,-0.6593,-0.4339,-0.901,0,1,0,Clear,1.0,41.0,5.1,29.2,4.9,141.0,17.7,107.6,18.5,31.0,3.9,23.7,4.1,62.7,VERY_HIGH,LOW,HIGH,LOW,N,29.3,22.7
2026-07-17 09:00,9,0,4,0.7071,-0.7071,-0.4339,-0.901,0,1,0,Clear,1.0,31.0,3.9,23.7,4.1,114.5,17.8,83.9,17.4,25.2,3.9,18.5,3.8,51.4,VERY_HIGH,LOW,HIGH,LOW,N,29.8,22.2
2026-07-17 09:15,9,15,4,0.6593,-0.7518,-0.4339,-0.901,0,1,0,Clear,1.0,25.2,3.9,18.5,3.8,105.3,18.3,82.9,17.4,23.2,4.0,18.2,3.8,49.2,HIGH,LOW,HIGH,LOW,N,28.9,23.1
2026-07-17 09:30,9,30,4,0.6088,-0.7934,-0.4339,-0.901,0,1,0,Rain,1.25,23.2,4.0,18.2,3.8,132.2,22.7,102.9,22.2,29.1,5.0,22.6,4.9,61.6,VERY_HIGH,LOW,HIGH,LOW,N,29.1,22.9
2026-07-17 09:45,9,45,4,0.5556,-0.8315,-0.4339,-0.901,0,1,0,Clear,1.0,29.1,5.0,22.6,4.9,105.3,17.2,88.5,17.2,23.2,3.8,19.5,3.8,50.3,HIGH,LOW,HIGH,LOW,N,28.1,23.9
2026-07-17 10:00,10,0,4,0.5,-0.866,-0.4339,-0.901,0,0,0,Heavy Rain,1.5,23.2,3.8,19.5,3.8,36.7,36.1,31.4,33.9,8.1,7.9,6.9,7.5,30.4,MEDIUM,MEDIUM,MEDIUM,MEDIUM,N,27.2,24.8
2026-07-17 10:15,10,15,4,0.4423,-0.8969,-0.4339,-0.901,0,0,0,Clear,1.0,8.1,7.9,6.9,7.5,24.4,26.0,23.0,21.0,5.4,5.7,5.1,4.6,20.8,LOW,LOW,LOW,LOW,S,27.7,24.3
2026-07-17 10:30,10,30,4,0.3827,-0.9239,-0.4339,-0.901,0,0,0,Clear,1.0,5.4,5.7,5.1,4.6,24.9,25.1,22.5,21.4,5.5,5.5,5.0,4.7,20.7,LOW,LOW,LOW,LOW,N,27.6,24.4
2026-07-17 10:45,10,45,4,0.3214,-0.9469,-0.4339,-0.901,0,0,0,Rain,1.25,5.5,5.5,5.0,4.7,31.4,30.7,28.1,27.6,6.9,6.8,6.2,6.1,26.0,MEDIUM,MEDIUM,MEDIUM,MEDIUM,N,27.4,24.6
2026-07-17 11:00,11,0,4,0.2588,-0.9659,-0.4339,-0.901,0,0,0,Clear,1.0,6.9,6.8,6.2,6.1,38.5,39.3,34.5,34.6,8.5,8.6,7.6,7.6,32.3,MEDIUM,MEDIUM,MEDIUM,MEDIUM,S,27.6,24.4
2026-07-17 11:15,11,15,4,0.1951,-0.9808,-0.4339,-0.901,0,0,0,Clear,1.0,8.5,8.6,7.6,7.6,40.0,39.3,35.4,34.9,8.8,8.6,7.8,7.7,32.9,MEDIUM,MEDIUM,MEDIUM,MEDIUM,N,27.6,24.4
2026-07-17 11:30,11,30,4,0.1305,-0.9914,-0.4339,-0.901,0,0,0,Clear,1.0,8.8,8.6,7.8,7.7,41.9,40.5,35.4,35.1,9.2,8.9,7.8,7.7,33.6,MEDIUM,MEDIUM,MEDIUM,MEDIUM,N,28.1,23.9
2026-07-17 11:45,11,45,4,0.0654,-0.9979,-0.4339,-0.901,0,0,0,Clear,1.0,9.2,8.9,7.8,7.7,41.8,41.7,34.9,35.2,9.2,9.2,7.7,7.7,33.8,MEDIUM,MEDIUM,MEDIUM,MEDIUM,N,28.2,23.8
2026-07-17 12:00,12,0,4,0.0,-1.0,-0.4339,-0.901,0,0,0,Clear,1.0,9.2,9.2,7.7,7.7,39.5,40.1,33.3,34.0,8.7,8.8,7.3,7.5,32.3,MEDIUM,MEDIUM,MEDIUM,MEDIUM,S,28.2,23.8
2026-07-17 12:15,12,15,4,-0.0654,-0.9979,-0.4339,-0.901,0,0,0,Clear,1.0,8.7,8.8,7.3,7.5,39.0,41.5,35.1,33.8,8.6,9.1,7.7,7.4,32.8,MEDIUM,MEDIUM,MEDIUM,MEDIUM,S,28.1,23.9
2026-07-17 12:30,12,30,4,-0.1305,-0.9914,-0.4339,-0.901,0,0,0,Clear,1.0,8.6,9.1,7.7,7.4,38.2,39.5,35.0,34.6,8.4,8.7,7.7,7.6,32.4,MEDIUM,MEDIUM,MEDIUM,MEDIUM,S,27.5,24.5
2026-07-17 12:45,12,45,4,-0.1951,-0.9808,-0.4339,-0.901,0,0,0,Clear,1.0,8.4,8.7,7.7,7.6,40.0,39.2,35.6,34.2,8.8,8.6,7.8,7.5,32.7,MEDIUM,MEDIUM,MEDIUM,MEDIUM,N,27.6,24.4
2026-07-17 13:00,13,0,4,-0.2588,-0.9659,-0.4339,-0.901,0,0,0,Clear,1.0,8.8,8.6,7.8,7.5,40.2,40.8,35.5,33.7,8.8,9.0,7.8,7.4,33.0,MEDIUM,MEDIUM,MEDIUM,MEDIUM,S,27.9,24.1
2026-07-17 13:15,13,15,4,-0.3214,-0.9469,-0.4339,-0.901,0,0,0,Clear,1.0,8.8,9.0,7.8,7.4,39.2,41.7,34.9,35.0,8.6,9.2,7.7,7.7,33.2,MEDIUM,MEDIUM,MEDIUM,MEDIUM,S,28.1,23.9
2026-07-17 13:30,13,30,4,-0.3827,-0.9239,-0.4339,-0.901,0,0,0,Clear,1.0,8.6,9.2,7.7,7.7,38.8,41.6,35.2,33.6,8.5,9.2,7.7,7.4,32.8,MEDIUM,MEDIUM,MEDIUM,MEDIUM,S,28.1,23.9
2026-07-17 13:45,13,45,4,-0.4423,-0.8969,-0.4339,-0.901,0,0,0,Clear,1.0,8.5,9.2,7.7,7.4,38.8,40.2,35.7,35.3,8.5,8.8,7.9,7.8,33.0,MEDIUM,MEDIUM,MEDIUM,MEDIUM,S,27.5,24.5
2026-07-17 14:00,14,0,4,-0.5,-0.866,-0.4339,-0.901,0,0,0,Clear,1.0,8.5,8.8,7.9,7.8,40.6,40.6,33.3,36.3,8.9,8.9,7.3,8.0,33.1,MEDIUM,MEDIUM,MEDIUM,MEDIUM,N,27.7,24.3
2026-07-17 14:15,14,15,4,-0.5556,-0.8315,-0.4339,-0.901,0,0,0,Clear,1.0,8.9,8.9,7.3,8.0,40.3,40.6,34.4,34.7,8.9,8.9,7.6,7.6,33.0,MEDIUM,MEDIUM,MEDIUM,MEDIUM,N,28.0,24.0
2026-07-17 14:30,14,30,4,-0.6088,-0.7934,-0.4339,-0.901,0,0,0,Clear,1.0,8.9,8.9,7.6,7.6,38.0,40.2,36.0,36.7,8.4,8.8,7.9,8.1,33.2,MEDIUM,MEDIUM,MEDIUM,MEDIUM,S,27.1,24.9
2026-07-17 14:45,14,45,4,-0.6593,-0.7518,-0.4339,-0.901,0,0,0,Rain,1.25,8.4,8.8,7.9,8.1,48.5,49.0,45.6,43.7,10.7,10.8,10.0,9.6,41.1,MEDIUM,MEDIUM,MEDIUM,MEDIUM,S,27.0,25.0
2026-07-17 15:00,15,0,4,-0.7071,-0.7071,-0.4339,-0.901,0,0,0,Clear,1.0,10.7,10.8,10.0,9.6,39.6,40.0,36.2,35.9,8.7,8.8,8.0,7.9,33.4,MEDIUM,MEDIUM,MEDIUM,MEDIUM,S,27.3,24.7
2026-07-17 15:15,15,15,4,-0.7518,-0.6593,-0.4339,-0.901,0,0,0,Clear,1.0,8.7,8.8,8.0,7.9,39.4,40.4,35.6,34.6,8.7,8.9,7.8,7.6,33.0,MEDIUM,MEDIUM,MEDIUM,MEDIUM,S,27.7,24.3
2026-07-17 15:30,15,30,4,-0.7934,-0.6088,-0.4339,-0.901,0,0,0,Clear,1.0,8.7,8.9,7.8,7.6,40.0,40.3,34.7,36.1,8.8,8.9,7.6,7.9,33.2,MEDIUM,MEDIUM,MEDIUM,MEDIUM,S,27.5,24.5
2026-07-17 15:45,15,45,4,-0.8315,-0.5556,-0.4339,-0.901,0,0,0,Clear,1.0,8.8,8.9,7.6,7.9,41.7,39.1,34.8,35.5,9.2,8.6,7.7,7.8,33.3,MEDIUM,MEDIUM,MEDIUM,MEDIUM,N,27.9,24.1
2026-07-17 16:00,16,0,4,-0.866,-0.5,-0.4339,-0.901,0,0,1,Heavy Rain,1.5,9.2,8.6,7.7,7.8,25.8,164.4,27.8,121.9,5.7,36.2,6.1,26.8,74.8,LOW,VERY_HIGH,MEDIUM,VERY_HIGH,S,29.6,22.4
2026-07-17 16:15,16,15,4,-0.8969,-0.4423,-0.4339,-0.901,0,0,1,Clear,1.0,5.7,36.2,6.1,26.8,17.1,111.9,18.3,85.9,3.8,24.6,4.0,18.9,51.3,LOW,VERY_HIGH,LOW,HIGH,S,29.2,22.8
2026-07-17 16:30,16,30,4,-0.9239,-0.3827,-0.4339,-0.901,0,0,1,Rain,1.25,3.8,24.6,4.0,18.9,22.7,133.1,22.3,101.8,5.0,29.3,4.9,22.4,61.6,LOW,VERY_HIGH,LOW,HIGH,S,29.3,22.7
2026-07-17 16:45,16,45,4,-0.9469,-0.3214,-0.4339,-0.901,0,0,1,Clear,1.0,5.0,29.3,4.9,22.4,17.9,107.4,17.6,88.2,3.9,23.6,3.9,19.4,50.8,LOW,HIGH,LOW,HIGH,S,28.4,23.6
2026-07-17 17:00,17,0,4,-0.9659,-0.2588,-0.4339,-0.901,0,0,1,Clear,1.0,3.9,23.6,3.9,19.4,17.5,133.8,18.8,102.0,3.9,29.4,4.1,22.4,59.8,LOW,VERY_HIGH,LOW,HIGH,S,29.3,22.7
2026-07-17 17:15,17,15,4,-0.9808,-0.1951,-0.4339,-0.901,0,0,1,Clear,1.0,3.9,29.4,4.1,22.4,18.0,131.7,18.6,97.7,4.0,29.0,4.1,21.5,58.6,LOW,VERY_HIGH,LOW,HIGH,S,29.6,22.4
2026-07-17 17:30,17,30,4,-0.9914,-0.1305,-0.4339,-0.901,0,0,1,Clear,1.0,4.0,29.0,4.1,21.5,17.5,135.1,17.2,103.9,3.9,29.7,3.8,22.9,60.3,LOW,VERY_HIGH,LOW,HIGH,S,29.2,22.8
2026-07-17 17:45,17,45,4,-0.9979,-0.0654,-0.4339,-0.901,0,0,1,Clear,1.0,3.9,29.7,3.8,22.9,17.3,125.5,18.5,99.7,3.8,27.6,4.1,21.9,57.4,LOW,VERY_HIGH,LOW,HIGH,S,28.8,23.2
2026-07-17 18:00,18,0,4,-1.0,-0.0,-0.4339,-0.901,0,0,1,Clear,1.0,3.8,27.6,4.1,21.9,17.8,136.2,18.3,98.6,3.9,30.0,4.0,21.7,59.6,LOW,VERY_HIGH,LOW,HIGH,S,29.9,22.1
2026-07-17 18:15,18,15,4,-0.9979,0.0654,-0.4339,-0.901,0,0,1,Clear,1.0,3.9,30.0,4.0,21.7,17.2,138.4,18.1,103.7,3.8,30.4,4.0,22.8,61.0,LOW,VERY_HIGH,LOW,HIGH,S,29.5,22.5
2026-07-17 18:30,18,30,4,-0.9914,0.1305,-0.4339,-0.901,0,0,1,Clear,1.0,3.8,30.4,4.0,22.8,17.7,129.7,18.7,101.3,3.9,28.5,4.1,22.3,58.8,LOW,VERY_HIGH,LOW,HIGH,S,29.0,23.0
2026-07-17 18:45,18,45,4,-0.9808,0.1951,-0.4339,-0.901,0,0,1,Clear,1.0,3.9,28.5,4.1,22.3,18.6,128.5,17.5,100.1,4.1,28.3,3.9,22.0,58.3,LOW,VERY_HIGH,LOW,HIGH,S,29.1,22.9
2026-07-17 19:00,19,0,4,-0.9659,0.2588,-0.4339,-0.901,0,0,1,Heavy Rain,1.5,4.1,28.3,3.9,22.0,25.8,165.1,28.1,127.4,5.7,36.3,6.2,28.0,76.2,LOW,VERY_HIGH,MEDIUM,VERY_HIGH,S,29.1,22.9
2026-07-17 19:15,19,15,4,-0.9469,0.3214,-0.4339,-0.901,0,0,1,Clear,1.0,5.7,36.3,6.2,28.0,18.2,111.3,18.3,81.3,4.0,24.5,4.0,17.9,50.4,LOW,VERY_HIGH,LOW,HIGH,S,29.8,22.2
2026-07-17 19:30,19,30,4,-0.9239,0.3827,-0.4339,-0.901,0,0,1,Heavy Rain,1.5,4.0,24.5,4.0,17.9,26.7,168.8,28.2,124.9,5.9,37.1,6.2,27.5,76.7,LOW,VERY_HIGH,MEDIUM,VERY_HIGH,S,29.6,22.4
2026-07-17 19:45,19,45,4,-0.8969,0.4423,-0.4339,-0.901,0,0,1,Clear,1.0,5.9,37.1,6.2,27.5,17.7,111.6,18.2,87.7,3.9,24.6,4.0,19.3,51.8,LOW,VERY_HIGH,LOW,HIGH,S,28.9,23.1
2026-07-17 20:00,20,0,4,-0.866,0.5,-0.4339,-0.901,0,0,0,Rain,1.25,3.9,24.6,4.0,19.3,30.5,32.0,28.6,26.8,6.7,7.0,6.3,5.9,25.9,MEDIUM,MEDIUM,MEDIUM,LOW,S,27.5,24.5
2026-07-17 20:15,20,15,4,-0.8315,0.5556,-0.4339,-0.901,0,0,0,Clear,1.0,6.7,7.0,6.3,5.9,24.4,24.3,22.2,21.4,5.4,5.3,4.9,4.7,20.3,LOW,LOW,LOW,LOW,N,27.3,24.7
2026-07-17 20:30,20,30,4,-0.7934,0.6088,-0.4339,-0.901,0,0,0,Clear,1.0,5.4,5.3,4.9,4.7,25.6,26.0,22.5,21.7,5.6,5.7,5.0,4.8,21.1,LOW,LOW,LOW,LOW,S,27.9,24.1
2026-07-17 20:45,20,45,4,-0.7518,0.6593,-0.4339,-0.901,0,0,0,Heavy Rain,1.5,5.6,5.7,5.0,4.8,36.6,37.9,34.4,32.3,8.1,8.3,7.6,7.1,31.1,MEDIUM,MEDIUM,MEDIUM,MEDIUM,S,27.3,24.7
2026-07-17 21:00,21,0,4,-0.7071,0.7071,-0.4339,-0.901,0,0,0,Clear,1.0,8.1,8.3,7.6,7.1,24.6,25.5,22.8,22.0,5.4,5.6,5.0,4.8,20.8,LOW,LOW,LOW,LOW,S,27.5,24.5
2026-07-17 21:15,21,15,4,-0.6593,0.7518,-0.4339,-0.901,0,0,0,Clear,1.0,5.4,5.6,5.0,4.8,24.2,25.5,21.7,21.1,5.3,5.6,4.8,4.6,20.3,LOW,LOW,LOW,LOW,S,28.0,24.0
2026-07-17 21:30,21,30,4,-0.6088,0.7934,-0.4339,-0.901,0,0,0,Clear,1.0,5.3,5.6,4.8,4.6,26.2,25.3,23.0,21.7,5.8,5.6,5.1,4.8,21.3,LOW,LOW,LOW,LOW,N,27.8,24.2
2026-07-17 21:45,21,45,4,-0.5556,0.8315,-0.4339,-0.901,0,0,0,Clear,1.0,5.8,5.6,5.1,4.8,26.2,25.5,22.9,23.0,5.8,5.6,5.0,5.1,21.5,LOW,LOW,LOW,LOW,N,27.6,24.4
2026-07-17 22:00,22,0,4,-0.5,0.866,-0.4339,-0.901,0,0,0,Heavy Rain,1.5,5.8,5.6,5.0,5.1,37.6,38.7,34.6,31.6,8.3,8.5,7.6,7.0,31.4,MEDIUM,MEDIUM,MEDIUM,MEDIUM,S,27.7,24.3
2026-07-17 22:15,22,15,4,-0.4423,0.8969,-0.4339,-0.901,0,0,0,Clear,1.0,8.3,8.5,7.6,7.0,24.3,24.1,21.8,21.2,5.3,5.3,4.8,4.7,20.1,LOW,LOW,LOW,LOW,N,27.5,24.5
2026-07-17 22:30,22,30,4,-0.3827,0.9239,-0.4339,-0.901,0,0,0,Clear,1.0,5.3,5.3,4.8,4.7,24.4,26.1,22.1,22.7,5.4,5.7,4.9,5.0,21.0,LOW,LOW,LOW,LOW,S,27.7,24.3
2026-07-17 22:45,22,45,4,-0.3214,0.9469,-0.4339,-0.901,0,0,0,Clear,1.0,5.4,5.7,4.9,5.0,24.3,26.2,22.1,22.5,5.3,5.8,4.9,5.0,21.0,LOW,LOW,LOW,LOW,S,27.8,24.2
2026-07-17 23:00,23,0,4,-0.2588,0.9659,-0.4339,-0.901,0,0,0,Clear,1.0,5.3,5.8,4.9,5.0,5.9,6.2,5.0,5.2,1.3,1.4,1.1,1.1,4.9,LOW,LOW,LOW,LOW,S,28.2,23.8
2026-07-17 23:15,23,15,4,-0.1951,0.9808,-0.4339,-0.901,0,0,0,Clear,1.0,1.3,1.4,1.1,1.1,6.1,6.0,5.0,5.1,1.3,1.3,1.1,1.1,4.8,LOW,LOW,LOW,LOW,N,28.3,23.7
2026-07-17 23:30,23,30,4,-0.1305,0.9914,-0.4339,-0.901,0,0,0,Heavy Rain,1.5,1.3,1.3,1.1,1.1,8.6,8.9,7.5,7.6,1.9,2.0,1.6,1.7,7.2,LOW,LOW,LOW,LOW,S,28.0,24.0
2026-07-17 23:45,23,45,4,-0.0654,0.9979,-0.4339,-0.901,0,0,0,Clear,1.0,1.9,2.0,1.6,1.7,6.2,5.8,4.8,4.8,1.4,1.3,1.1,1.1,4.9,LOW,LOW,LOW,LOW,N,29.1,22.9
2026-07-18 00:00,0,0,5,0.0,1.0,-0.9749,-0.2225,1,0,0,Clear,1.0,1.4,1.3,1.1,1.1,6.0,6.2,4.9,4.9,1.3,1.4,1.1,1.1,4.9,LOW,LOW,LOW,LOW,S,28.9,23.1
2026-07-18 00:15,0,15,5,0.0654,0.9979,-0.9749,-0.2225,1,0,0,Clear,1.0,1.3,1.4,1.1,1.1,6.3,5.7,4.9,5.1,1.4,1.3,1.1,1.1,4.9,LOW,LOW,LOW,LOW,N,28.5,23.5
2026-07-18 00:30,0,30,5,0.1305,0.9914,-0.9749,-0.2225,1,0,0,Clear,1.0,1.4,1.3,1.1,1.1,6.3,6.1,4.9,5.1,1.4,1.3,1.1,1.1,4.9,LOW,LOW,LOW,LOW,N,28.8,23.2
2026-07-18 00:45,0,45,5,0.1951,0.9808,-0.9749,-0.2225,1,0,0,Clear,1.0,1.4,1.3,1.1,1.1,5.7,5.9,4.8,4.8,1.3,1.3,1.1,1.1,4.8,LOW,LOW,LOW,LOW,N,28.6,23.4
2026-07-18 01:00,1,0,5,0.2588,0.9659,-0.9749,-0.2225,1,0,0,Clear,1.0,1.3,1.3,1.1,1.1,5.8,5.7,5.1,4.9,1.3,1.3,1.1,1.1,4.8,LOW,LOW,LOW,LOW,N,27.7,24.3
2026-07-18 01:15,1,15,5,0.3214,0.9469,-0.9749,-0.2225,1,0,0,Clear,1.0,1.3,1.3,1.1,1.1,6.0,5.7,5.0,5.1,1.3,1.3,1.1,1.1,4.8,LOW,LOW,LOW,LOW,N,28.0,24.0
2026-07-18 01:30,1,30,5,0.3827,0.9239,-0.9749,-0.2225,1,0,0,Clear,1.0,1.3,1.3,1.1,1.1,5.9,5.8,4.8,4.9,1.3,1.3,1.1,1.1,4.8,LOW,LOW,LOW,LOW,N,28.4,23.6
2026-07-18 01:45,1,45,5,0.4423,0.8969,-0.9749,-0.2225,1,0,0,Rain,1.25,1.3,1.3,1.1,1.1,7.6,7.2,6.3,6.4,1.7,1.6,1.4,1.4,6.1,LOW,LOW,LOW,LOW,N,28.1,23.9
2026-07-18 02:00,2,0,5,0.5,0.866,-0.9749,-0.2225,1,0,0,Clear,1.0,1.7,1.6,1.4,1.4,5.7,6.3,5.1,5.2,1.3,1.4,1.1,1.1,4.9,LOW,LOW,LOW,LOW,S,28.2,23.8
2026-07-18 02:15,2,15,5,0.5556,0.8315,-0.9749,-0.2225,1,0,0,Clear,1.0,1.3,1.4,1.1,1.1,6.2,6.3,5.0,4.9,1.4,1.4,1.1,1.1,5.0,LOW,LOW,LOW,LOW,N,29.0,23.0
2026-07-18 02:30,2,30,5,0.6088,0.7934,-0.9749,-0.2225,1,0,0,Clear,1.0,1.4,1.4,1.1,1.1,6.1,6.0,5.1,5.0,1.3,1.3,1.1,1.1,4.8,LOW,LOW,LOW,LOW,N,28.3,23.7
2026-07-18 02:45,2,45,5,0.6593,0.7518,-0.9749,-0.2225,1,0,0,Clear,1.0,1.3,1.3,1.1,1.1,6.2,6.2,5.1,4.9,1.4,1.4,1.1,1.1,5.0,LOW,LOW,LOW,LOW,N,28.7,23.3
2026-07-18 03:00,3,0,5,0.7071,0.7071,-0.9749,-0.2225,1,0,0,Clear,1.0,1.4,1.4,1.1,1.1,6.0,5.9,4.9,4.8,1.3,1.3,1.1,1.1,4.8,LOW,LOW,LOW,LOW,N,28.6,23.4
2026-07-18 03:15,3,15,5,0.7518,0.6593,-0.9749,-0.2225,1,0,0,Clear,1.0,1.3,1.3,1.1,1.1,6.2,6.0,4.9,4.8,1.4,1.3,1.1,1.1,4.9,LOW,LOW,LOW,LOW,N,29.0,23.0
2026-07-18 03:30,3,30,5,0.7934,0.6088,-0.9749,-0.2225,1,0,0,Clear,1.0,1.4,1.3,1.1,1.1,6.1,5.8,4.8,4.9,1.3,1.3,1.1,1.1,4.8,LOW,LOW,LOW,LOW,N,28.7,23.3
2026-07-18 03:45,3,45,5,0.8315,0.5556,-0.9749,-0.2225,1,0,0,Clear,1.0,1.3,1.3,1.1,1.1,6.3,6.2,5.1,4.9,1.4,1.4,1.1,1.1,5.0,LOW,LOW,LOW,LOW,N,28.8,23.2
2026-07-18 04:00,4,0,5,0.866,0.5,-0.9749,-0.2225,1,0,0,Clear,1.0,1.4,1.4,1.1,1.1,5.8,5.9,5.1,4.8,1.3,1.3,1.1,1.1,4.8,LOW,LOW,LOW,LOW,N,28.0,24.0
2026-07-18 04:15,4,15,5,0.8969,0.4423,-0.9749,-0.2225,1,0,0,Clear,1.0,1.3,1.3,1.1,1.1,6.0,5.8,4.8,5.0,1.3,1.3,1.1,1.1,4.8,LOW,LOW,LOW,LOW,N,28.4,23.6
2026-07-18 04:30,4,30,5,0.9239,0.3827,-0.9749,-0.2225,1,0,0,Clear,1.0,1.3,1.3,1.1,1.1,6.0,6.2,4.9,5.2,1.3,1.4,1.1,1.1,4.9,LOW,LOW,LOW,LOW,S,28.4,23.6
2026-07-18 04:45,4,45,5,0.9469,0.3214,-0.9749,-0.2225,1,0,0,Clear,1.0,1.3,1.4,1.1,1.1,6.1,5.9,4.8,4.9,1.3,1.3,1.1,1.1,4.8,LOW,LOW,LOW,LOW,N,28.8,23.2
2026-07-18 05:00,5,0,5,0.9659,0.2588,-0.9749,-0.2225,1,0,0,Clear,1.0,1.3,1.3,1.1,1.1,5.9,6.1,5.2,5.1,1.3,1.3,1.1,1.1,4.8,LOW,LOW,LOW,LOW,N,28.0,24.0
2026-07-18 05:15,5,15,5,0.9808,0.1951,-0.9749,-0.2225,1,0,0,Clear,1.0,1.3,1.3,1.1,1.1,6.1,6.0,4.9,4.8,1.3,1.3,1.1,1.1,4.8,LOW,LOW,LOW,LOW,N,28.8,23.2
2026-07-18 05:30,5,30,5,0.9914,0.1305,-0.9749,-0.2225,1,0,0,Clear,1.0,1.3,1.3,1.1,1.1,5.9,6.3,5.2,4.8,1.3,1.4,1.1,1.1,4.9,LOW,LOW,LOW,LOW,S,28.5,23.5
2026-07-18 05:45,5,45,5,0.9979,0.0654,-0.9749,-0.2225,1,0,0,Clear,1.0,1.3,1.4,1.1,1.1,5.9,5.8,5.0,5.1,1.3,1.3,1.1,1.1,4.8,LOW,LOW,LOW,LOW,N,27.9,24.1
2026-07-18 06:00,6,0,5,1.0,0.0,-0.9749,-0.2225,1,0,0,Clear,1.0,1.3,1.3,1.1,1.1,21.8,22.8,19.3,19.5,4.8,5.0,4.2,4.3,18.3,LOW,LOW,LOW,LOW,S,27.9,24.1
2026-07-18 06:15,6,15,5,0.9979,-0.0654,-0.9749,-0.2225,1,0,0,Rain,1.25,4.8,5.0,4.2,4.3,27.9,27.3,24.0,23.9,6.1,6.0,5.3,5.3,22.7,MEDIUM,MEDIUM,LOW,LOW,N,27.9,24.1
2026-07-18 06:30,6,30,5,0.9914,-0.1305,-0.9749,-0.2225,1,0,0,Rain,1.25,6.1,6.0,5.3,5.3,26.4,26.6,23.9,24.7,5.8,5.9,5.3,5.4,22.4,LOW,LOW,LOW,LOW,S,27.0,25.0
2026-07-18 06:45,6,45,5,0.9808,-0.1951,-0.9749,-0.2225,1,0,0,Clear,1.0,5.8,5.9,5.3,5.4,20.9,22.5,20.8,19.6,4.6,5.0,4.6,4.3,18.5,LOW,LOW,LOW,LOW,S,27.0,25.0
2026-07-18 07:00,7,0,5,0.9659,-0.2588,-0.9749,-0.2225,1,0,0,Clear,1.0,4.6,5.0,4.6,4.3,22.4,23.0,19.9,20.8,4.9,5.1,4.4,4.6,19.0,LOW,LOW,LOW,LOW,S,27.4,24.6
2026-07-18 07:15,7,15,5,0.9469,-0.3214,-0.9749,-0.2225,1,0,0,Rain,1.25,4.9,5.1,4.4,4.6,28.2,27.2,25.6,24.5,6.2,6.0,5.6,5.4,23.2,MEDIUM,MEDIUM,LOW,LOW,N,27.3,24.7
2026-07-18 07:30,7,30,5,0.9239,-0.3827,-0.9749,-0.2225,1,0,0,Clear,1.0,6.2,6.0,5.6,5.4,22.7,22.1,20.6,19.2,5.0,4.9,4.5,4.2,18.6,LOW,LOW,LOW,LOW,N,27.4,24.6
2026-07-18 07:45,7,45,5,0.8969,-0.4423,-0.9749,-0.2225,1,0,0,Clear,1.0,5.0,4.9,4.5,4.2,21.9,20.9,19.6,20.5,4.8,4.6,4.3,4.5,18.2,LOW,LOW,LOW,LOW,N,26.9,25.1
2026-07-18 08:00,8,0,5,0.866,-0.5,-0.9749,-0.2225,1,0,0,Rain,1.25,4.8,4.6,4.3,4.5,28.6,26.8,25.8,25.3,6.3,5.9,5.7,5.6,23.5,MEDIUM,LOW,LOW,LOW,N,27.2,24.8
2026-07-18 08:15,8,15,5,0.8315,-0.5556,-0.9749,-0.2225,1,0,0,Clear,1.0,6.3,5.9,5.7,5.6,22.7,21.4,19.9,20.4,5.0,4.7,4.4,4.5,18.6,LOW,LOW,LOW,LOW,N,27.3,24.7
2026-07-18 08:30,8,30,5,0.7934,-0.6088,-0.9749,-0.2225,1,0,0,Clear,1.0,5.0,4.7,4.4,4.5,22.2,21.8,19.1,20.9,4.9,4.8,4.2,4.6,18.5,LOW,LOW,LOW,LOW,N,27.0,25.0
2026-07-18 08:45,8,45,5,0.7518,-0.6593,-0.9749,-0.2225,1,0,0,Clear,1.0,4.9,4.8,4.2,4.6,23.0,23.1,19.9,19.2,5.1,5.1,4.4,4.2,18.8,LOW,LOW,LOW,LOW,N,28.0,24.0
2026-07-18 09:00,9,0,5,0.7071,-0.7071,-0.9749,-0.2225,1,0,0,Clear,1.0,5.1,5.1,4.4,4.2,21.4,23.0,20.3,20.4,4.7,5.1,4.5,4.5,18.8,LOW,LOW,LOW,LOW,S,27.3,24.7
2026-07-18 09:15,9,15,5,0.6593,-0.7518,-0.9749,-0.2225,1,0,0,Clear,1.0,4.7,5.1,4.5,4.5,23.0,22.2,19.5,19.9,5.1,4.9,4.3,4.4,18.7,LOW,LOW,LOW,LOW,N,27.8,24.2
2026-07-18 09:30,9,30,5,0.6088,-0.7934,-0.9749,-0.2225,1,0,0,Clear,1.0,5.1,4.9,4.3,4.4,21.7,21.8,19.1,19.9,4.8,4.8,4.2,4.4,18.2,LOW,LOW,LOW,LOW,N,27.3,24.7
2026-07-18 09:45,9,45,5,0.5556,-0.8315,-0.9749,-0.2225,1,0,0,Clear,1.0,4.8,4.8,4.2,4.4,21.5,21.3,20.0,19.8,4.7,4.7,4.4,4.4,18.2,LOW,LOW,LOW,LOW,N,26.9,25.1
2026-07-18 10:00,10,0,5,0.5,-0.866,-0.9749,-0.2225,1,0,0,Clear,1.0,4.7,4.7,4.4,4.4,38.7,36.8,37.8,35.1,8.5,8.1,8.3,7.7,32.6,MEDIUM,MEDIUM,MEDIUM,MEDIUM,N,26.4,25.6
2026-07-18 10:15,10,15,5,0.4423,-0.8969,-0.9749,-0.2225,1,0,0,Clear,1.0,8.5,8.1,8.3,7.7,41.7,38.1,36.2,34.7,9.2,8.4,8.0,7.6,33.2,MEDIUM,MEDIUM,MEDIUM,MEDIUM,N,27.7,24.3
2026-07-18 10:30,10,30,5,0.3827,-0.9239,-0.9749,-0.2225,1,0,0,Clear,1.0,9.2,8.4,8.0,7.6,38.8,39.3,37.7,33.5,8.5,8.6,8.3,7.4,32.8,MEDIUM,MEDIUM,MEDIUM,MEDIUM,S,26.9,25.1
2026-07-18 10:45,10,45,5,0.3214,-0.9469,-0.9749,-0.2225,1,0,0,Clear,1.0,8.5,8.6,8.3,7.4,39.9,37.1,35.0,34.5,8.8,8.2,7.7,7.6,32.3,MEDIUM,MEDIUM,MEDIUM,MEDIUM,N,27.5,24.5
2026-07-18 11:00,11,0,5,0.2588,-0.9659,-0.9749,-0.2225,1,0,0,Rain,1.25,8.8,8.2,7.7,7.6,46.3,55.1,41.0,48.7,10.2,12.1,9.0,10.7,42.0,MEDIUM,MEDIUM,MEDIUM,MEDIUM,S,27.6,24.4
2026-07-18 11:15,11,15,5,0.1951,-0.9808,-0.9749,-0.2225,1,0,0,Clear,1.0,10.2,12.1,9.0,10.7,38.1,43.6,34.6,39.4,8.4,9.6,7.6,8.7,34.3,MEDIUM,MEDIUM,MEDIUM,MEDIUM,S,27.3,24.7
2026-07-18 11:30,11,30,5,0.1305,-0.9914,-0.9749,-0.2225,1,0,0,Rain,1.25,8.4,9.6,7.6,8.7,46.7,54.3,44.6,52.0,10.3,11.9,9.8,11.4,43.4,MEDIUM,MEDIUM,MEDIUM,MEDIUM,S,26.6,25.4
2026-07-18 11:45,11,45,5,0.0654,-0.9979,-0.9749,-0.2225,1,0,0,Clear,1.0,10.3,11.9,9.8,11.4,35.2,44.8,33.4,41.7,7.7,9.9,7.3,9.2,34.1,MEDIUM,MEDIUM,MEDIUM,MEDIUM,S,26.9,25.1
2026-07-18 12:00,12,0,5,0.0,-1.0,-0.9749,-0.2225,1,0,0,Clear,1.0,7.7,9.9,7.3,9.2,41.6,54.2,36.8,46.4,9.2,11.9,8.1,10.2,39.4,MEDIUM,MEDIUM,MEDIUM,MEDIUM,S,27.9,24.1
2026-07-18 12:15,12,15,5,-0.0654,-0.9979,-0.9749,-0.2225,1,0,0,Clear,1.0,9.2,11.9,8.1,10.2,41.1,53.9,37.9,44.7,9.0,11.9,8.3,9.8,39.0,MEDIUM,MEDIUM,MEDIUM,MEDIUM,S,28.1,23.9
2026-07-18 12:30,12,30,5,-0.1305,-0.9914,-0.9749,-0.2225,1,0,0,Clear,1.0,9.0,11.9,8.3,9.8,39.6,49.2,37.9,44.1,8.7,10.8,8.3,9.7,37.5,MEDIUM,MEDIUM,MEDIUM,MEDIUM,S,27.2,24.8
2026-07-18 12:45,12,45,5,-0.1951,-0.9808,-0.9749,-0.2225,1,0,0,Clear,1.0,8.7,10.8,8.3,9.7,41.6,53.6,35.4,43.9,9.2,11.8,7.8,9.7,38.5,MEDIUM,MEDIUM,MEDIUM,MEDIUM,S,28.5,23.5
2026-07-18 13:00,13,0,5,-0.2588,-0.9659,-0.9749,-0.2225,1,0,0,Clear,1.0,9.2,11.8,7.8,9.7,50.5,50.6,43.4,44.4,11.1,11.1,9.5,9.8,41.5,MEDIUM,MEDIUM,MEDIUM,MEDIUM,N,27.8,24.2
2026-07-18 13:15,13,15,5,-0.3214,-0.9469,-0.9749,-0.2225,1,0,0,Clear,1.0,11.1,11.1,9.5,9.8,47.2,52.3,43.8,44.9,10.4,11.5,9.6,9.9,41.4,MEDIUM,MEDIUM,MEDIUM,MEDIUM,S,27.7,24.3
2026-07-18 13:30,13,30,5,-0.3827,-0.9239,-0.9749,-0.2225,1,0,0,Rain,1.25,10.4,11.5,9.6,9.9,60.2,64.0,51.2,59.2,13.2,14.1,11.3,13.0,51.6,MEDIUM,HIGH,MEDIUM,MEDIUM,S,27.3,24.7
2026-07-18 13:45,13,45,5,-0.4423,-0.8969,-0.9749,-0.2225,1,0,0,Clear,1.0,13.2,14.1,11.3,13.0,49.3,54.0,43.7,45.5,10.8,11.9,9.6,10.0,42.3,MEDIUM,MEDIUM,MEDIUM,MEDIUM,S,28.1,23.9
2026-07-18 14:00,14,0,5,-0.5,-0.866,-0.9749,-0.2225,1,0,0,Clear,1.0,10.8,11.9,9.6,10.0,52.5,48.2,46.3,42.4,11.6,10.6,10.2,9.3,41.7,MEDIUM,MEDIUM,MEDIUM,MEDIUM,N,27.6,24.4
2026-07-18 14:15,14,15,5,-0.5556,-0.8315,-0.9749,-0.2225,1,0,0,Clear,1.0,11.6,10.6,10.2,9.3,54.7,48.1,46.2,40.9,12.0,10.6,10.2,9.0,41.8,MEDIUM,MEDIUM,MEDIUM,MEDIUM,N,28.2,23.8
2026-07-18 14:30,14,30,5,-0.6088,-0.7934,-0.9749,-0.2225,1,0,0,Clear,1.0,12.0,10.6,10.2,9.0,52.0,47.5,44.1,42.3,11.4,10.4,9.7,9.3,40.8,MEDIUM,MEDIUM,MEDIUM,MEDIUM,N,28.0,24.0
2026-07-18 14:45,14,45,5,-0.6593,-0.7518,-0.9749,-0.2225,1,0,0,Clear,1.0,11.4,10.4,9.7,9.3,54.8,44.1,45.3,39.2,12.1,9.7,10.0,8.6,40.4,MEDIUM,MEDIUM,MEDIUM,MEDIUM,N,28.3,23.7
2026-07-18 15:00,15,0,5,-0.7071,-0.7071,-0.9749,-0.2225,1,0,0,Clear,1.0,12.1,9.7,10.0,8.6,51.1,37.9,44.7,36.6,11.2,8.3,9.8,8.1,37.4,MEDIUM,MEDIUM,MEDIUM,MEDIUM,N,27.5,24.5
2026-07-18 15:15,15,15,5,-0.7518,-0.6593,-0.9749,-0.2225,1,0,0,Clear,1.0,11.2,8.3,9.8,8.1,49.0,38.1,43.4,34.1,10.8,8.4,9.5,7.5,36.2,MEDIUM,MEDIUM,MEDIUM,MEDIUM,N,27.5,24.5
2026-07-18 15:30,15,30,5,-0.7934,-0.6088,-0.9749,-0.2225,1,0,0,Rain,1.25,10.8,8.4,9.5,7.5,65.7,48.2,54.4,45.9,14.5,10.6,12.0,10.1,47.2,HIGH,MEDIUM,MEDIUM,MEDIUM,N,28.1,23.9
2026-07-18 15:45,15,45,5,-0.8315,-0.5556,-0.9749,-0.2225,1,0,0,Clear,1.0,14.5,10.6,12.0,10.1,50.7,39.6,45.8,35.2,11.2,8.7,10.1,7.7,37.7,MEDIUM,MEDIUM,MEDIUM,MEDIUM,N,27.4,24.6
2026-07-18 16:00,16,0,5,-0.866,-0.5,-0.9749,-0.2225,1,0,0,Clear,1.0,11.2,8.7,10.1,7.7,42.2,36.8,37.9,34.8,9.3,8.1,8.3,7.7,33.4,MEDIUM,MEDIUM,MEDIUM,MEDIUM,N,27.2,24.8
2026-07-18 16:15,16,15,5,-0.8969,-0.4423,-0.9749,-0.2225,1,0,0,Clear,1.0,9.3,8.1,8.3,7.7,43.8,36.1,37.8,34.0,9.6,7.9,8.3,7.5,33.3,MEDIUM,MEDIUM,MEDIUM,MEDIUM,N,27.6,24.4
2026-07-18 16:30,16,30,5,-0.9239,-0.3827,-0.9749,-0.2225,1,0,0,Heavy Rain,1.5,9.6,7.9,8.3,7.5,61.5,57.2,56.2,49.6,13.5,12.6,12.4,10.9,49.4,MEDIUM,MEDIUM,MEDIUM,MEDIUM,N,27.3,24.7
2026-07-18 16:45,16,45,5,-0.9469,-0.3214,-0.9749,-0.2225,1,0,0,Clear,1.0,13.5,12.6,12.4,10.9,42.2,36.8,39.2,34.8,9.3,8.1,8.6,7.7,33.7,MEDIUM,MEDIUM,MEDIUM,MEDIUM,N,26.9,25.1
2026-07-18 17:00,17,0,5,-0.9659,-0.2588,-0.9749,-0.2225,1,0,0,Rain,1.25,9.3,8.1,8.6,7.7,46.8,51.8,44.6,49.1,10.3,11.4,9.8,10.8,42.3,MEDIUM,MEDIUM,MEDIUM,MEDIUM,S,26.7,25.3
2026-07-18 17:15,17,15,5,-0.9808,-0.1951,-0.9749,-0.2225,1,0,0,Clear,1.0,10.3,11.4,9.8,10.8,36.9,44.7,32.7,37.2,8.1,9.8,7.2,8.2,33.3,MEDIUM,MEDIUM,MEDIUM,MEDIUM,S,28.2,23.8
2026-07-18 17:30,17,30,5,-0.9914,-0.1305,-0.9749,-0.2225,1,0,0,Clear,1.0,8.1,9.8,7.2,8.2,35.5,43.2,35.1,39.4,7.8,9.5,7.7,8.7,33.7,MEDIUM,MEDIUM,MEDIUM,MEDIUM,S,27.0,25.0
2026-07-18 17:45,17,45,5,-0.9979,-0.0654,-0.9749,-0.2225,1,0,0,Clear,1.0,7.8,9.5,7.7,8.7,38.3,43.7,35.7,38.0,8.4,9.6,7.9,8.4,34.3,MEDIUM,MEDIUM,MEDIUM,MEDIUM,S,27.6,24.4
2026-07-18 18:00,18,0,5,-1.0,-0.0,-0.9749,-0.2225,1,0,0,Clear,1.0,8.4,9.6,7.9,8.4,22.6,22.3,19.0,19.4,5.0,4.9,4.2,4.3,18.4,LOW,LOW,LOW,LOW,N,28.0,24.0
2026-07-18 18:15,18,15,5,-0.9979,0.0654,-0.9749,-0.2225,1,0,0,Heavy Rain,1.5,5.0,4.9,4.2,4.3,31.4,32.1,29.5,30.2,6.9,7.1,6.5,6.6,27.1,MEDIUM,MEDIUM,MEDIUM,MEDIUM,S,26.8,25.2
2026-07-18 18:30,18,30,5,-0.9914,0.1305,-0.9749,-0.2225,1,0,0,Clear,1.0,6.9,7.1,6.5,6.6,21.2,22.0,20.2,19.2,4.7,4.8,4.4,4.2,18.1,LOW,LOW,LOW,LOW,S,27.2,24.8
2026-07-18 18:45,18,45,5,-0.9808,0.1951,-0.9749,-0.2225,1,0,0,Clear,1.0,4.7,4.8,4.4,4.2,22.7,21.3,21.0,19.7,5.0,4.7,4.6,4.3,18.6,LOW,LOW,LOW,LOW,N,27.0,25.0
2026-07-18 19:00,19,0,5,-0.9659,0.2588,-0.9749,-0.2225,1,0,0,Clear,1.0,5.0,4.7,4.6,4.3,21.1,22.1,19.4,20.6,4.6,4.9,4.3,4.5,18.3,LOW,LOW,LOW,LOW,S,27.0,25.0
2026-07-18 19:15,19,15,5,-0.9469,0.3214,-0.9749,-0.2225,1,0,0,Clear,1.0,4.6,4.9,4.3,4.5,21.3,21.6,20.6,20.3,4.7,4.8,4.5,4.5,18.5,LOW,LOW,LOW,LOW,S,26.6,25.4
2026-07-18 19:30,19,30,5,-0.9239,0.3827,-0.9749,-0.2225,1,0,0,Clear,1.0,4.7,4.8,4.5,4.5,22.0,21.3,20.6,19.7,4.8,4.7,4.5,4.3,18.3,LOW,LOW,LOW,LOW,N,26.9,25.1
2026-07-18 19:45,19,45,5,-0.8969,0.4423,-0.9749,-0.2225,1,0,0,Rain,1.25,4.8,4.7,4.5,4.3,28.0,28.8,26.0,23.8,6.2,6.3,5.7,5.2,23.4,MEDIUM,MEDIUM,LOW,LOW,S,27.5,24.5
2026-07-18 20:00,20,0,5,-0.866,0.5,-0.9749,-0.2225,1,0,0,Clear,1.0,6.2,6.3,5.7,5.2,22.7,21.0,20.3,19.1,5.0,4.6,4.5,4.2,18.3,LOW,LOW,LOW,LOW,N,27.4,24.6
2026-07-18 20:15,20,15,5,-0.8315,0.5556,-0.9749,-0.2225,1,0,0,Heavy Rain,1.5,5.0,4.6,4.5,4.2,33.0,34.1,31.2,30.3,7.3,7.5,6.9,6.7,28.4,MEDIUM,MEDIUM,MEDIUM,MEDIUM,S,27.1,24.9
2026-07-18 20:30,20,30,5,-0.7934,0.6088,-0.9749,-0.2225,1,0,0,Clear,1.0,7.3,7.5,6.9,6.7,21.9,22.0,19.3,19.3,4.8,4.8,4.2,4.2,18.0,LOW,LOW,LOW,LOW,N,27.7,24.3
2026-07-18 20:45,20,45,5,-0.7518,0.6593,-0.9749,-0.2225,1,0,0,Clear,1.0,4.8,4.8,4.2,4.2,22.1,22.6,20.4,19.9,4.9,5.0,4.5,4.4,18.8,LOW,LOW,LOW,LOW,S,27.3,24.7
2026-07-18 21:00,21,0,5,-0.7071,0.7071,-0.9749,-0.2225,1,0,0,Rain,1.25,4.9,5.0,4.5,4.4,27.0,28.7,24.3,26.0,5.9,6.3,5.3,5.7,23.2,LOW,MEDIUM,LOW,LOW,S,27.3,24.7
2026-07-18 21:15,21,15,5,-0.6593,0.7518,-0.9749,-0.2225,1,0,0,Clear,1.0,5.9,6.3,5.3,5.7,21.6,21.5,19.3,20.2,4.8,4.7,4.2,4.4,18.1,LOW,LOW,LOW,LOW,N,27.0,25.0
2026-07-18 21:30,21,30,5,-0.6088,0.7934,-0.9749,-0.2225,1,0,0,Clear,1.0,4.8,4.7,4.2,4.4,21.0,22.9,20.7,20.7,4.6,5.0,4.6,4.6,18.8,LOW,LOW,LOW,LOW,S,27.0,25.0
2026-07-18 21:45,21,45,5,-0.5556,0.8315,-0.9749,-0.2225,1,0,0,Clear,1.0,4.6,5.0,4.6,4.6,21.3,22.2,19.0,19.7,4.7,4.9,4.2,4.3,18.1,LOW,LOW,LOW,LOW,S,27.5,24.5
2026-07-18 22:00,22,0,5,-0.5,0.866,-0.9749,-0.2225,1,0,0,Clear,1.0,4.7,4.9,4.2,4.3,22.9,21.7,20.7,20.9,5.0,4.8,4.6,4.6,19.0,LOW,LOW,LOW,LOW,N,27.0,25.0
2026-07-18 22:15,22,15,5,-0.4423,0.8969,-0.9749,-0.2225,1,0,0,Clear,1.0,5.0,4.8,4.6,4.6,22.8,22.1,20.2,20.8,5.0,4.9,4.4,4.6,18.9,LOW,LOW,LOW,LOW,N,27.2,24.8
2026-07-18 22:30,22,30,5,-0.3827,0.9239,-0.9749,-0.2225,1,0,0,Clear,1.0,5.0,4.9,4.4,4.6,22.7,20.9,20.3,20.2,5.0,4.6,4.5,4.4,18.5,LOW,LOW,LOW,LOW,N,27.2,24.8
2026-07-18 22:45,22,45,5,-0.3214,0.9469,-0.9749,-0.2225,1,0,0,Clear,1.0,5.0,4.6,4.5,4.4,22.5,21.0,19.9,20.0,5.0,4.6,4.4,4.4,18.4,LOW,LOW,LOW,LOW,N,27.3,24.7
2026-07-18 23:00,23,0,5,-0.2588,0.9659,-0.9749,-0.2225,1,0,0,Clear,1.0,5.0,4.6,4.4,4.4,5.7,5.8,4.9,4.9,1.3,1.3,1.1,1.1,4.8,LOW,LOW,LOW,LOW,N,28.1,23.9
2026-07-18 23:15,23,15,5,-0.1951,0.9808,-0.9749,-0.2225,1,0,0,Clear,1.0,1.3,1.3,1.1,1.1,5.9,6.1,5.1,4.8,1.3,1.3,1.1,1.1,4.8,LOW,LOW,LOW,LOW,N,28.4,23.6
2026-07-18 23:30,23,30,5,-0.1305,0.9914,-0.9749,-0.2225,1,0,0,Clear,1.0,1.3,1.3,1.1,1.1,6.1,6.0,5.0,5.2,1.3,1.3,1.1,1.1,4.8,LOW,LOW,LOW,LOW,N,28.1,23.9
2026-07-18 23:45,23,45,5,-0.0654,0.9979,-0.9749,-0.2225,1,0,0,Clear,1.0,1.3,1.3,1.1,1.1,6.1,5.8,5.1,4.8,1.3,1.3,1.1,1.1,4.8,LOW,LOW,LOW,LOW,N,28.4,23.6
2026-07-19 00:00,0,0,6,0.0,1.0,-0.7818,0.6235,1,0,0,Rain,1.25,1.3,1.3,1.1,1.1,7.6,7.6,6.1,6.4,1.7,1.7,1.3,1.4,6.1,LOW,LOW,LOW,LOW,N,28.4,23.6
2026-07-19 00:15,0,15,6,0.0654,0.9979,-0.7818,0.6235,1,0,0,Clear,1.0,1.7,1.7,1.3,1.4,6.0,5.9,4.9,4.9,1.3,1.3,1.1,1.1,4.8,LOW,LOW,LOW,LOW,N,28.6,23.4
2026-07-19 00:30,0,30,6,0.1305,0.9914,-0.7818,0.6235,1,0,0,Clear,1.0,1.3,1.3,1.1,1.1,6.2,6.3,5.0,4.8,1.4,1.4,1.1,1.1,5.0,LOW,LOW,LOW,LOW,N,29.1,22.9
2026-07-19 00:45,0,45,6,0.1951,0.9808,-0.7818,0.6235,1,0,0,Clear,1.0,1.4,1.4,1.1,1.1,6.2,6.2,5.2,5.2,1.4,1.4,1.1,1.1,5.0,LOW,LOW,LOW,LOW,N,28.3,23.7
2026-07-19 01:00,1,0,6,0.2588,0.9659,-0.7818,0.6235,1,0,0,Rain,1.25,1.4,1.4,1.1,1.1,7.5,7.1,6.5,6.0,1.6,1.6,1.4,1.3,5.9,LOW,LOW,LOW,LOW,N,27.9,24.1
2026-07-19 01:15,1,15,6,0.3214,0.9469,-0.7818,0.6235,1,0,0,Rain,1.25,1.6,1.6,1.4,1.3,7.6,7.7,6.4,6.2,1.7,1.7,1.4,1.4,6.2,LOW,LOW,LOW,LOW,N,28.5,23.5
2026-07-19 01:30,1,30,6,0.3827,0.9239,-0.7818,0.6235,1,0,0,Clear,1.0,1.7,1.7,1.4,1.4,6.1,5.8,4.9,5.0,1.3,1.3,1.1,1.1,4.8,LOW,LOW,LOW,LOW,N,28.5,23.5
2026-07-19 01:45,1,45,6,0.4423,0.8969,-0.7818,0.6235,1,0,0,Clear,1.0,1.3,1.3,1.1,1.1,6.2,5.9,4.8,5.1,1.4,1.3,1.1,1.1,4.9,LOW,LOW,LOW,LOW,N,28.6,23.4
2026-07-19 02:00,2,0,6,0.5,0.866,-0.7818,0.6235,1,0,0,Clear,1.0,1.4,1.3,1.1,1.1,6.1,5.8,4.8,4.8,1.3,1.3,1.1,1.1,4.8,LOW,LOW,LOW,LOW,N,28.9,23.1
2026-07-19 02:15,2,15,6,0.5556,0.8315,-0.7818,0.6235,1,0,0,Clear,1.0,1.3,1.3,1.1,1.1,6.0,6.2,4.9,5.2,1.3,1.4,1.1,1.1,4.9,LOW,LOW,LOW,LOW,S,28.4,23.6
2026-07-19 02:30,2,30,6,0.6088,0.7934,-0.7818,0.6235,1,0,0,Clear,1.0,1.3,1.4,1.1,1.1,6.2,5.7,4.9,4.9,1.4,1.3,1.1,1.1,4.9,LOW,LOW,LOW,LOW,N,28.8,23.2
2026-07-19 02:45,2,45,6,0.6593,0.7518,-0.7818,0.6235,1,0,0,Rain,1.25,1.4,1.3,1.1,1.1,7.3,7.7,6.4,6.1,1.6,1.7,1.4,1.3,6.0,LOW,LOW,LOW,LOW,S,28.4,23.6
2026-07-19 03:00,3,0,6,0.7071,0.7071,-0.7818,0.6235,1,0,0,Clear,1.0,1.6,1.7,1.4,1.3,5.7,5.9,5.1,4.9,1.3,1.3,1.1,1.1,4.8,LOW,LOW,LOW,LOW,N,27.9,24.1
2026-07-19 03:15,3,15,6,0.7518,0.6593,-0.7818,0.6235,1,0,0,Clear,1.0,1.3,1.3,1.1,1.1,5.9,5.7,4.8,5.2,1.3,1.3,1.1,1.1,4.8,LOW,LOW,LOW,LOW,N,27.8,24.2
2026-07-19 03:30,3,30,6,0.7934,0.6088,-0.7818,0.6235,1,0,0,Clear,1.0,1.3,1.3,1.1,1.1,5.7,6.0,4.9,5.1,1.3,1.3,1.1,1.1,4.8,LOW,LOW,LOW,LOW,N,28.1,23.9
2026-07-19 03:45,3,45,6,0.8315,0.5556,-0.7818,0.6235,1,0,0,Clear,1.0,1.3,1.3,1.1,1.1,6.2,6.0,5.2,5.1,1.4,1.3,1.1,1.1,4.9,LOW,LOW,LOW,LOW,N,28.2,23.8
2026-07-19 04:00,4,0,6,0.866,0.5,-0.7818,0.6235,1,0,0,Clear,1.0,1.4,1.3,1.1,1.1,5.8,5.8,5.2,5.1,1.3,1.3,1.1,1.1,4.8,LOW,LOW,LOW,LOW,N,27.5,24.5
2026-07-19 04:15,4,15,6,0.8969,0.4423,-0.7818,0.6235,1,0,0,Clear,1.0,1.3,1.3,1.1,1.1,6.3,5.9,5.0,4.8,1.4,1.3,1.1,1.1,4.9,LOW,LOW,LOW,LOW,N,28.9,23.1
2026-07-19 04:30,4,30,6,0.9239,0.3827,-0.7818,0.6235,1,0,0,Clear,1.0,1.4,1.3,1.1,1.1,6.2,6.0,5.0,5.0,1.4,1.3,1.1,1.1,4.9,LOW,LOW,LOW,LOW,N,28.7,23.3
2026-07-19 04:45,4,45,6,0.9469,0.3214,-0.7818,0.6235,1,0,0,Clear,1.0,1.4,1.3,1.1,1.1,6.2,5.8,5.0,4.9,1.4,1.3,1.1,1.1,4.9,LOW,LOW,LOW,LOW,N,28.6,23.4
2026-07-19 05:00,5,0,6,0.9659,0.2588,-0.7818,0.6235,1,0,0,Clear,1.0,1.4,1.3,1.1,1.1,6.1,6.1,5.0,5.2,1.3,1.3,1.1,1.1,4.8,LOW,LOW,LOW,LOW,N,28.2,23.8
2026-07-19 05:15,5,15,6,0.9808,0.1951,-0.7818,0.6235,1,0,0,Clear,1.0,1.3,1.3,1.1,1.1,5.8,6.3,4.8,5.0,1.3,1.4,1.1,1.1,4.9,LOW,LOW,LOW,LOW,S,28.9,23.1
2026-07-19 05:30,5,30,6,0.9914,0.1305,-0.7818,0.6235,1,0,0,Clear,1.0,1.3,1.4,1.1,1.1,6.1,6.2,5.0,4.9,1.3,1.4,1.1,1.1,4.9,LOW,LOW,LOW,LOW,S,28.8,23.2
2026-07-19 05:45,5,45,6,0.9979,0.0654,-0.7818,0.6235,1,0,0,Rain,1.25,1.3,1.4,1.1,1.1,7.8,7.9,6.3,6.2,1.7,1.7,1.4,1.4,6.2,LOW,LOW,LOW,LOW,N,28.9,23.1
2026-07-19 06:00,6,0,6,1.0,0.0,-0.7818,0.6235,1,0,0,Heavy Rain,1.5,1.7,1.7,1.4,1.4,32.3,31.5,29.5,29.0,7.1,6.9,6.5,6.4,26.9,MEDIUM,MEDIUM,MEDIUM,MEDIUM,N,27.2,24.8
2026-07-19 06:15,6,15,6,0.9979,-0.0654,-0.7818,0.6235,1,0,0,Clear,1.0,7.1,6.9,6.5,6.4,22.1,20.9,21.0,20.7,4.9,4.6,4.6,4.6,18.7,LOW,LOW,LOW,LOW,N,26.5,25.5
2026-07-19 06:30,6,30,6,0.9914,-0.1305,-0.7818,0.6235,1,0,0,Rain,1.25,4.9,4.6,4.6,4.6,26.4,28.8,24.3,25.7,5.8,6.3,5.3,5.7,23.1,LOW,MEDIUM,LOW,LOW,S,27.4,24.6
2026-07-19 06:45,6,45,6,0.9808,-0.1951,-0.7818,0.6235,1,0,0,Clear,1.0,5.8,6.3,5.3,5.7,22.3,21.1,20.3,20.8,4.9,4.6,4.5,4.6,18.6,LOW,LOW,LOW,LOW,N,26.8,25.2
2026-07-19 07:00,7,0,6,0.9659,-0.2588,-0.7818,0.6235,1,0,0,Clear,1.0,4.9,4.6,4.5,4.6,21.2,22.5,19.9,20.4,4.7,5.0,4.4,4.5,18.6,LOW,LOW,LOW,LOW,S,27.2,24.8
2026-07-19 07:15,7,15,6,0.9469,-0.3214,-0.7818,0.6235,1,0,0,Clear,1.0,4.7,5.0,4.4,4.5,22.5,22.2,19.2,20.0,5.0,4.9,4.2,4.4,18.5,LOW,LOW,LOW,LOW,N,27.6,24.4
2026-07-19 07:30,7,30,6,0.9239,-0.3827,-0.7818,0.6235,1,0,0,Heavy Rain,1.5,5.0,4.9,4.2,4.4,34.1,32.9,31.1,29.4,7.5,7.2,6.8,6.5,28.0,MEDIUM,MEDIUM,MEDIUM,MEDIUM,N,27.3,24.7
2026-07-19 07:45,7,45,6,0.8969,-0.4423,-0.7818,0.6235,1,0,0,Heavy Rain,1.5,7.5,7.2,6.8,6.5,32.0,34.1,29.5,29.7,7.0,7.5,6.5,6.5,27.5,MEDIUM,MEDIUM,MEDIUM,MEDIUM,S,27.6,24.4
2026-07-19 08:00,8,0,6,0.866,-0.5,-0.7818,0.6235,1,0,0,Clear,1.0,7.0,7.5,6.5,6.5,21.4,22.9,20.3,19.5,4.7,5.0,4.5,4.3,18.5,LOW,LOW,LOW,LOW,S,27.5,24.5
2026-07-19 08:15,8,15,6,0.8315,-0.5556,-0.7818,0.6235,1,0,0,Clear,1.0,4.7,5.0,4.5,4.3,21.2,21.6,19.4,19.3,4.7,4.8,4.3,4.2,18.0,LOW,LOW,LOW,LOW,S,27.4,24.6
2026-07-19 08:30,8,30,6,0.7934,-0.6088,-0.7818,0.6235,1,0,0,Clear,1.0,4.7,4.8,4.3,4.2,23.0,22.2,20.6,19.2,5.1,4.9,4.5,4.2,18.7,LOW,LOW,LOW,LOW,N,27.5,24.5
2026-07-19 08:45,8,45,6,0.7518,-0.6593,-0.7818,0.6235,1,0,0,Clear,1.0,5.1,4.9,4.5,4.2,21.7,21.2,19.5,20.2,4.8,4.7,4.3,4.4,18.2,LOW,LOW,LOW,LOW,N,27.0,25.0
2026-07-19 09:00,9,0,6,0.7071,-0.7071,-0.7818,0.6235,1,0,0,Clear,1.0,4.8,4.7,4.3,4.4,22.5,21.7,19.8,19.2,5.0,4.8,4.4,4.2,18.4,LOW,LOW,LOW,LOW,N,27.6,24.4
2026-07-19 09:15,9,15,6,0.6593,-0.7518,-0.7818,0.6235,1,0,0,Clear,1.0,5.0,4.8,4.4,4.2,22.8,21.1,19.6,20.1,5.0,4.6,4.3,4.4,18.3,LOW,LOW,LOW,LOW,N,27.5,24.5
2026-07-19 09:30,9,30,6,0.6088,-0.7934,-0.7818,0.6235,1,0,0,Clear,1.0,5.0,4.6,4.3,4.4,23.1,22.1,20.6,20.1,5.1,4.9,4.5,4.4,18.9,LOW,LOW,LOW,LOW,N,27.4,24.6
2026-07-19 09:45,9,45,6,0.5556,-0.8315,-0.7818,0.6235,1,0,0,Rain,1.25,5.1,4.9,4.5,4.4,27.8,27.8,25.1,25.5,6.1,6.1,5.5,5.6,23.3,MEDIUM,MEDIUM,LOW,LOW,N,27.2,24.8
2026-07-19 10:00,10,0,6,0.5,-0.866,-0.7818,0.6235,1,0,0,Clear,1.0,6.1,6.1,5.5,5.6,38.6,37.6,35.5,34.5,8.5,8.3,7.8,7.6,32.2,MEDIUM,MEDIUM,MEDIUM,MEDIUM,N,27.1,24.9
2026-07-19 10:15,10,15,6,0.4423,-0.8969,-0.7818,0.6235,1,0,0,Clear,1.0,8.5,8.3,7.8,7.6,41.7,40.0,36.1,34.5,9.2,8.8,7.9,7.6,33.5,MEDIUM,MEDIUM,MEDIUM,MEDIUM,N,27.9,24.1
2026-07-19 10:30,10,30,6,0.3827,-0.9239,-0.7818,0.6235,1,0,0,Clear,1.0,9.2,8.8,7.9,7.6,41.0,36.9,38.1,36.2,9.0,8.1,8.4,8.0,33.5,MEDIUM,MEDIUM,MEDIUM,MEDIUM,N,26.8,25.2
2026-07-19 10:45,10,45,6,0.3214,-0.9469,-0.7818,0.6235,1,0,0,Rain,1.25,9.0,8.1,8.4,8.0,51.5,47.6,46.7,44.8,11.3,10.5,10.3,9.9,42.0,MEDIUM,MEDIUM,MEDIUM,MEDIUM,N,27.2,24.8
2026-07-19 11:00,11,0,6,0.2588,-0.9659,-0.7818,0.6235,1,0,0,Clear,1.0,11.3,10.5,10.3,9.9,36.2,43.6,35.3,39.6,8.0,9.6,7.8,8.7,34.1,MEDIUM,MEDIUM,MEDIUM,MEDIUM,S,27.0,25.0
2026-07-19 11:15,11,15,6,0.1951,-0.9808,-0.7818,0.6235,1,0,0,Clear,1.0,8.0,9.6,7.8,8.7,38.8,45.8,34.2,38.5,8.5,10.1,7.5,8.5,34.6,MEDIUM,MEDIUM,MEDIUM,MEDIUM,S,28.1,23.9
2026-07-19 11:30,11,30,6,0.1305,-0.9914,-0.7818,0.6235,1,0,0,Heavy Rain,1.5,8.5,10.1,7.5,8.5,56.8,67.6,51.3,62.2,12.5,14.9,11.3,13.7,52.4,MEDIUM,HIGH,MEDIUM,MEDIUM,S,27.1,24.9
2026-07-19 11:45,11,45,6,0.0654,-0.9979,-0.7818,0.6235,1,0,0,Clear,1.0,12.5,14.9,11.3,13.7,36.8,43.3,35.0,41.8,8.1,9.5,7.7,9.2,34.5,MEDIUM,MEDIUM,MEDIUM,MEDIUM,S,26.5,25.5
2026-07-19 12:00,12,0,6,0.0,-1.0,-0.7818,0.6235,1,0,0,Clear,1.0,8.1,9.5,7.7,9.2,40.5,54.1,37.6,45.2,8.9,11.9,8.3,9.9,39.0,MEDIUM,MEDIUM,MEDIUM,MEDIUM,S,28.0,24.0
2026-07-19 12:15,12,15,6,-0.0654,-0.9979,-0.7818,0.6235,1,0,0,Clear,1.0,8.9,11.9,8.3,9.9,42.5,50.1,35.2,43.8,9.4,11.0,7.7,9.6,37.7,MEDIUM,MEDIUM,MEDIUM,MEDIUM,S,27.9,24.1
2026-07-19 12:30,12,30,6,-0.1305,-0.9914,-0.7818,0.6235,1,0,0,Clear,1.0,9.4,11.0,7.7,9.6,40.4,53.0,38.5,47.3,8.9,11.7,8.5,10.4,39.5,MEDIUM,MEDIUM,MEDIUM,MEDIUM,S,27.3,24.7
2026-07-19 12:45,12,45,6,-0.1951,-0.9808,-0.7818,0.6235,1,0,0,Clear,1.0,8.9,11.7,8.5,10.4,42.2,52.3,37.5,46.9,9.3,11.5,8.2,10.3,39.3,MEDIUM,MEDIUM,MEDIUM,MEDIUM,S,27.4,24.6
2026-07-19 13:00,13,0,6,-0.2588,-0.9659,-0.7818,0.6235,1,0,0,Clear,1.0,9.3,11.5,8.2,10.3,46.1,51.7,42.4,44.7,10.1,11.4,9.3,9.8,40.6,MEDIUM,MEDIUM,MEDIUM,MEDIUM,S,27.7,24.3
2026-07-19 13:15,13,15,6,-0.3214,-0.9469,-0.7818,0.6235,1,0,0,Heavy Rain,1.5,10.1,11.4,9.3,9.8,69.9,77.6,63.9,68.9,15.4,17.1,14.1,15.2,61.8,HIGH,HIGH,HIGH,HIGH,S,27.5,24.5
2026-07-19 13:30,13,30,6,-0.3827,-0.9239,-0.7818,0.6235,1,0,0,Clear,1.0,15.4,17.1,14.1,15.2,46.4,52.8,43.8,44.6,10.2,11.6,9.6,9.8,41.2,MEDIUM,MEDIUM,MEDIUM,MEDIUM,S,27.8,24.2
2026-07-19 13:45,13,45,6,-0.4423,-0.8969,-0.7818,0.6235,1,0,0,Clear,1.0,10.2,11.6,9.6,9.8,50.0,53.9,43.0,43.8,11.0,11.9,9.5,9.6,42.0,MEDIUM,MEDIUM,MEDIUM,MEDIUM,S,28.5,23.5
2026-07-19 14:00,14,0,6,-0.5,-0.866,-0.7818,0.6235,1,0,0,Clear,1.0,11.0,11.9,9.5,9.6,55.3,46.7,46.8,39.2,12.2,10.3,10.3,8.6,41.4,MEDIUM,MEDIUM,MEDIUM,MEDIUM,N,28.2,23.8
2026-07-19 14:15,14,15,6,-0.5556,-0.8315,-0.7818,0.6235,1,0,0,Rain,1.25,12.2,10.3,10.3,8.6,69.1,58.8,55.5,53.1,15.2,12.9,12.2,11.7,52.0,HIGH,MEDIUM,MEDIUM,MEDIUM,N,28.5,23.5
2026-07-19 14:30,14,30,6,-0.6088,-0.7934,-0.7818,0.6235,1,0,0,Clear,1.0,15.2,12.9,12.2,11.7,53.8,48.0,47.1,41.8,11.8,10.6,10.4,9.2,42.0,MEDIUM,MEDIUM,MEDIUM,MEDIUM,N,27.7,24.3
2026-07-19 14:45,14,45,6,-0.6593,-0.7518,-0.7818,0.6235,1,0,0,Clear,1.0,11.8,10.6,10.4,9.2,54.9,45.1,47.9,42.7,12.1,9.9,10.5,9.4,41.9,MEDIUM,MEDIUM,MEDIUM,MEDIUM,N,27.5,24.5
2026-07-19 15:00,15,0,6,-0.7071,-0.7071,-0.7818,0.6235,1,0,0,Clear,1.0,12.1,9.9,10.5,9.4,49.4,39.0,43.7,36.7,10.9,8.6,9.6,8.1,37.2,MEDIUM,MEDIUM,MEDIUM,MEDIUM,N,27.4,24.6
2026-07-19 15:15,15,15,6,-0.7518,-0.6593,-0.7818,0.6235,1,0,0,Clear,1.0,10.9,8.6,9.6,8.1,48.1,40.7,44.5,36.9,10.6,9.0,9.8,8.1,37.5,MEDIUM,MEDIUM,MEDIUM,MEDIUM,N,27.1,24.9
2026-07-19 15:30,15,30,6,-0.7934,-0.6088,-0.7818,0.6235,1,0,0,Clear,1.0,10.6,9.0,9.8,8.1,49.7,38.5,44.2,35.1,10.9,8.5,9.7,7.7,36.8,MEDIUM,MEDIUM,MEDIUM,MEDIUM,N,27.5,24.5
2026-07-19 15:45,15,45,6,-0.8315,-0.5556,-0.7818,0.6235,1,0,0,Clear,1.0,10.9,8.5,9.7,7.7,51.1,38.2,43.4,33.8,11.2,8.4,9.5,7.4,36.5,MEDIUM,MEDIUM,MEDIUM,MEDIUM,N,28.0,24.0
2026-07-19 16:00,16,0,6,-0.866,-0.5,-0.7818,0.6235,1,0,0,Clear,1.0,11.2,8.4,9.5,7.4,43.2,38.6,36.9,35.4,9.5,8.5,8.1,7.8,33.9,MEDIUM,MEDIUM,MEDIUM,MEDIUM,N,27.8,24.2
2026-07-19 16:15,16,15,6,-0.8969,-0.4423,-0.7818,0.6235,1,0,0,Rain,1.25,9.5,8.5,8.1,7.8,51.0,46.2,47.8,44.5,11.2,10.2,10.5,9.8,41.7,MEDIUM,MEDIUM,MEDIUM,MEDIUM,N,26.8,25.2
2026-07-19 16:30,16,30,6,-0.9239,-0.3827,-0.7818,0.6235,1,0,0,Clear,1.0,11.2,10.2,10.5,9.8,41.3,39.1,39.1,35.5,9.1,8.6,8.6,7.8,34.1,MEDIUM,MEDIUM,MEDIUM,MEDIUM,N,26.8,25.2
2026-07-19 16:45,16,45,6,-0.9469,-0.3214,-0.7818,0.6235,1,0,0,Clear,1.0,9.1,8.6,8.6,7.8,41.1,37.6,38.7,34.7,9.0,8.3,8.5,7.6,33.4,MEDIUM,MEDIUM,MEDIUM,MEDIUM,N,26.8,25.2
2026-07-19 17:00,17,0,6,-0.9659,-0.2588,-0.7818,0.6235,1,0,0,Clear,1.0,9.0,8.3,8.5,7.6,38.7,41.1,34.3,39.7,8.5,9.0,7.5,8.7,33.7,MEDIUM,MEDIUM,MEDIUM,MEDIUM,S,26.7,25.3
2026-07-19 17:15,17,15,6,-0.9808,-0.1951,-0.7818,0.6235,1,0,0,Clear,1.0,8.5,9.0,7.5,8.7,38.5,41.3,35.1,38.5,8.5,9.1,7.7,8.5,33.8,MEDIUM,MEDIUM,MEDIUM,MEDIUM,S,27.0,25.0
2026-07-19 17:30,17,30,6,-0.9914,-0.1305,-0.7818,0.6235,1,0,0,Clear,1.0,8.5,9.1,7.7,8.5,37.8,44.4,32.9,37.2,8.3,9.8,7.2,8.2,33.5,MEDIUM,MEDIUM,MEDIUM,MEDIUM,S,28.2,23.8
2026-07-19 17:45,17,45,6,-0.9979,-0.0654,-0.7818,0.6235,1,0,0,Rain,1.25,8.3,9.8,7.2,8.2,47.5,51.6,41.6,49.0,10.4,11.4,9.2,10.8,41.8,MEDIUM,MEDIUM,MEDIUM,MEDIUM,S,26.9,25.1
2026-07-19 18:00,18,0,6,-1.0,-0.0,-0.7818,0.6235,1,0,0,Rain,1.25,10.4,11.4,9.2,10.8,28.1,28.4,25.8,25.7,6.2,6.2,5.7,5.7,23.8,MEDIUM,MEDIUM,LOW,LOW,N,27.2,24.8
2026-07-19 18:15,18,15,6,-0.9979,0.0654,-0.7818,0.6235,1,0,0,Clear,1.0,6.2,6.2,5.7,5.7,22.1,21.0,19.4,20.2,4.9,4.6,4.3,4.4,18.2,LOW,LOW,LOW,LOW,N,27.1,24.9
2026-07-19 18:30,18,30,6,-0.9914,0.1305,-0.7818,0.6235,1,0,0,Rain,1.25,4.9,4.6,4.3,4.4,26.2,27.6,25.8,26.2,5.8,6.1,5.7,5.8,23.4,LOW,MEDIUM,LOW,LOW,S,26.6,25.4
2026-07-19 18:45,18,45,6,-0.9808,0.1951,-0.7818,0.6235,1,0,0,Clear,1.0,5.8,6.1,5.7,5.8,21.9,22.6,19.0,19.3,4.8,5.0,4.2,4.2,18.2,LOW,LOW,LOW,LOW,S,28.0,24.0
2026-07-19 19:00,19,0,6,-0.9659,0.2588,-0.7818,0.6235,1,0,0,Clear,1.0,4.8,5.0,4.2,4.2,22.4,22.7,19.4,20.4,4.9,5.0,4.3,4.5,18.7,LOW,LOW,LOW,LOW,S,27.5,24.5
2026-07-19 19:15,19,15,6,-0.9469,0.3214,-0.7818,0.6235,1,0,0,Clear,1.0,4.9,5.0,4.3,4.5,22.1,21.7,20.2,20.9,4.9,4.8,4.4,4.6,18.7,LOW,LOW,LOW,LOW,N,26.8,25.2
2026-07-19 19:30,19,30,6,-0.9239,0.3827,-0.7818,0.6235,1,0,0,Clear,1.0,4.9,4.8,4.4,4.6,22.4,21.3,19.6,19.2,4.9,4.7,4.3,4.2,18.1,LOW,LOW,LOW,LOW,N,27.6,24.4
2026-07-19 19:45,19,45,6,-0.8969,0.4423,-0.7818,0.6235,1,0,0,Clear,1.0,4.9,4.7,4.3,4.2,22.5,21.6,20.9,20.7,5.0,4.8,4.6,4.6,19.0,LOW,LOW,LOW,LOW,N,26.9,25.1
2026-07-19 20:00,20,0,6,-0.866,0.5,-0.7818,0.6235,1,0,0,Clear,1.0,5.0,4.8,4.6,4.6,21.1,21.5,19.2,20.1,4.6,4.7,4.2,4.4,17.9,LOW,LOW,LOW,LOW,S,27.0,25.0
2026-07-19 20:15,20,15,6,-0.8315,0.5556,-0.7818,0.6235,1,0,0,Clear,1.0,4.6,4.7,4.2,4.4,20.9,21.0,19.9,19.5,4.6,4.6,4.4,4.3,17.9,LOW,LOW,LOW,LOW,N,26.8,25.2
2026-07-19 20:30,20,30,6,-0.7934,0.6088,-0.7818,0.6235,1,0,0,Clear,1.0,4.6,4.6,4.4,4.3,22.4,21.3,20.0,19.1,4.9,4.7,4.4,4.2,18.2,LOW,LOW,LOW,LOW,N,27.5,24.5
2026-07-19 20:45,20,45,6,-0.7518,0.6593,-0.7818,0.6235,1,0,0,Clear,1.0,4.9,4.7,4.4,4.2,22.7,22.0,20.5,19.5,5.0,4.8,4.5,4.3,18.6,LOW,LOW,LOW,LOW,N,27.4,24.6
2026-07-19 21:00,21,0,6,-0.7071,0.7071,-0.7818,0.6235,1,0,0,Clear,1.0,5.0,4.8,4.5,4.3,22.7,21.5,20.1,19.2,5.0,4.7,4.4,4.2,18.3,LOW,LOW,LOW,LOW,N,27.6,24.4
2026-07-19 21:15,21,15,6,-0.6593,0.7518,-0.7818,0.6235,1,0,0,Clear,1.0,5.0,4.7,4.4,4.2,21.4,21.2,20.8,19.0,4.7,4.7,4.6,4.2,18.2,LOW,LOW,LOW,LOW,N,26.6,25.4
2026-07-19 21:30,21,30,6,-0.6088,0.7934,-0.7818,0.6235,1,0,0,Clear,1.0,4.7,4.7,4.6,4.2,22.6,22.7,20.5,20.7,5.0,5.0,4.5,4.6,19.1,LOW,LOW,LOW,LOW,N,27.2,24.8
2026-07-19 21:45,21,45,6,-0.5556,0.8315,-0.7818,0.6235,1,0,0,Clear,1.0,5.0,5.0,4.5,4.6,21.5,22.6,20.6,20.8,4.7,5.0,4.5,4.6,18.8,LOW,LOW,LOW,LOW,S,26.9,25.1
2026-07-19 22:00,22,0,6,-0.5,0.866,-0.7818,0.6235,1,0,0,Clear,1.0,4.7,5.0,4.5,4.6,21.6,21.0,19.6,19.2,4.8,4.6,4.3,4.2,17.9,LOW,LOW,LOW,LOW,N,27.2,24.8
2026-07-19 22:15,22,15,6,-0.4423,0.8969,-0.7818,0.6235,1,0,0,Clear,1.0,4.8,4.6,4.3,4.2,22.1,22.9,20.6,20.8,4.9,5.0,4.5,4.6,19.0,LOW,LOW,LOW,LOW,S,27.2,24.8
2026-07-19 22:30,22,30,6,-0.3827,0.9239,-0.7818,0.6235,1,0,0,Clear,1.0,4.9,5.0,4.5,4.6,22.3,21.1,19.4,19.8,4.9,4.6,4.3,4.4,18.2,LOW,LOW,LOW,LOW,N,27.4,24.6
2026-07-19 22:45,22,45,6,-0.3214,0.9469,-0.7818,0.6235,1,0,0,Clear,1.0,4.9,4.6,4.3,4.4,21.7,21.9,20.5,20.0,4.8,4.8,4.5,4.4,18.5,LOW,LOW,LOW,LOW,N,26.9,25.1
2026-07-19 23:00,23,0,6,-0.2588,0.9659,-0.7818,0.6235,1,0,0,Clear,1.0,4.8,4.8,4.5,4.4,6.1,6.1,5.0,5.0,1.3,1.3,1.1,1.1,4.8,LOW,LOW,LOW,LOW,N,28.6,23.4
2026-07-19 23:15,23,15,6,-0.1951,0.9808,-0.7818,0.6235,1,0,0,Clear,1.0,1.3,1.3,1.1,1.1,6.0,5.7,5.1,5.0,1.3,1.3,1.1,1.1,4.8,LOW,LOW,LOW,LOW,N,28.0,24.0
2026-07-19 23:30,23,30,6,-0.1305,0.9914,-0.7818,0.6235,1,0,0,Clear,1.0,1.3,1.3,1.1,1.1,6.1,6.0,5.0,5.1,1.3,1.3,1.1,1.1,4.8,LOW,LOW,LOW,LOW,N,28.3,23.7
2026-07-19 23:45,23,45,6,-0.0654,0.9979,-0.7818,0.6235,1,0,0,Heavy Rain,1.5,1.3,1.3,1.1,1.1,8.8,9.1,7.3,7.6,1.9,2.0,1.6,1.7,7.2,LOW,LOW,LOW,LOW,S,28.4,23.6
2026-07-20 00:00,0,0,0,0.0,1.0,0.0,1.0,0,0,0,Clear,1.0,1.9,2.0,1.6,1.7,6.1,5.8,5.2,5.0,1.3,1.3,1.1,1.1,4.8,LOW,LOW,LOW,LOW,N,28.0,24.0
2026-07-20 00:15,0,15,0,0.0654,0.9979,0.0,1.0,0,0,0,Clear,1.0,1.3,1.3,1.1,1.1,5.9,6.0,4.8,5.0,1.3,1.3,1.1,1.1,4.8,LOW,LOW,LOW,LOW,N,28.4,23.6
2026-07-20 00:30,0,30,0,0.1305,0.9914,0.0,1.0,0,0,0,Rain,1.25,1.3,1.3,1.1,1.1,7.6,7.2,6.4,6.1,1.7,1.6,1.4,1.3,6.0,LOW,LOW,LOW,LOW,N,28.2,23.8
2026-07-20 00:45,0,45,0,0.1951,0.9808,0.0,1.0,0,0,0,Heavy Rain,1.5,1.7,1.6,1.4,1.3,9.0,8.6,7.3,7.9,2.0,1.9,1.6,1.7,7.2,LOW,LOW,LOW,LOW,N,27.8,24.2
2026-07-20 01:00,1,0,0,0.2588,0.9659,0.0,1.0,0,0,0,Clear,1.0,2.0,1.9,1.6,1.7,6.0,5.9,5.1,5.1,1.3,1.3,1.1,1.1,4.8,LOW,LOW,LOW,LOW,N,28.1,23.9
2026-07-20 01:15,1,15,0,0.3214,0.9469,0.0,1.0,0,0,0,Clear,1.0,1.3,1.3,1.1,1.1,5.8,5.8,5.0,5.0,1.3,1.3,1.1,1.1,4.8,LOW,LOW,LOW,LOW,N,27.9,24.1
2026-07-20 01:30,1,30,0,0.3827,0.9239,0.0,1.0,0,0,0,Clear,1.0,1.3,1.3,1.1,1.1,5.9,6.2,5.0,5.0,1.3,1.4,1.1,1.1,4.9,LOW,LOW,LOW,LOW,S,28.6,23.4
2026-07-20 01:45,1,45,0,0.4423,0.8969,0.0,1.0,0,0,0,Heavy Rain,1.5,1.3,1.4,1.1,1.1,8.6,9.2,7.3,7.6,1.9,2.0,1.6,1.7,7.2,LOW,LOW,LOW,LOW,S,28.4,23.6
2026-07-20 02:00,2,0,0,0.5,0.866,0.0,1.0,0,0,0,Clear,1.0,1.9,2.0,1.6,1.7,6.1,6.0,5.0,4.9,1.3,1.3,1.1,1.1,4.8,LOW,LOW,LOW,LOW,N,28.6,23.4
2026-07-20 02:15,2,15,0,0.5556,0.8315,0.0,1.0,0,0,0,Clear,1.0,1.3,1.3,1.1,1.1,5.8,6.3,5.0,5.0,1.3,1.4,1.1,1.1,4.9,LOW,LOW,LOW,LOW,S,28.7,23.3
2026-07-20 02:30,2,30,0,0.6088,0.7934,0.0,1.0,0,0,0,Clear,1.0,1.3,1.4,1.1,1.1,5.7,5.9,5.2,5.0,1.3,1.3,1.1,1.1,4.8,LOW,LOW,LOW,LOW,N,27.7,24.3
2026-07-20 02:45,2,45,0,0.6593,0.7518,0.0,1.0,0,0,0,Clear,1.0,1.3,1.3,1.1,1.1,6.0,6.3,5.0,5.1,1.3,1.4,1.1,1.1,4.9,LOW,LOW,LOW,LOW,S,28.6,23.4
2026-07-20 03:00,3,0,0,0.7071,0.7071,0.0,1.0,0,0,0,Clear,1.0,1.3,1.4,1.1,1.1,5.7,5.7,4.8,5.0,1.3,1.3,1.1,1.1,4.8,LOW,LOW,LOW,LOW,N,27.8,24.2
2026-07-20 03:15,3,15,0,0.7518,0.6593,0.0,1.0,0,0,0,Clear,1.0,1.3,1.3,1.1,1.1,5.8,6.0,4.8,5.2,1.3,1.3,1.1,1.1,4.8,LOW,LOW,LOW,LOW,N,28.0,24.0
2026-07-20 03:30,3,30,0,0.7934,0.6088,0.0,1.0,0,0,0,Clear,1.0,1.3,1.3,1.1,1.1,6.0,5.7,5.2,4.8,1.3,1.3,1.1,1.1,4.8,LOW,LOW,LOW,LOW,N,27.9,24.1
2026-07-20 03:45,3,45,0,0.8315,0.5556,0.0,1.0,0,0,0,Clear,1.0,1.3,1.3,1.1,1.1,5.8,6.1,4.8,4.8,1.3,1.3,1.1,1.1,4.8,LOW,LOW,LOW,LOW,N,28.9,23.1
2026-07-20 04:00,4,0,0,0.866,0.5,0.0,1.0,0,0,0,Clear,1.0,1.3,1.3,1.1,1.1,5.9,5.9,4.9,4.9,1.3,1.3,1.1,1.1,4.8,LOW,LOW,LOW,LOW,N,28.4,23.6
2026-07-20 04:15,4,15,0,0.8969,0.4423,0.0,1.0,0,0,0,Clear,1.0,1.3,1.3,1.1,1.1,5.8,5.9,5.0,4.9,1.3,1.3,1.1,1.1,4.8,LOW,LOW,LOW,LOW,N,28.2,23.8
2026-07-20 04:30,4,30,0,0.9239,0.3827,0.0,1.0,0,0,0,Clear,1.0,1.3,1.3,1.1,1.1,6.2,6.1,5.0,5.0,1.4,1.3,1.1,1.1,4.9,LOW,LOW,LOW,LOW,N,28.7,23.3
2026-07-20 04:45,4,45,0,0.9469,0.3214,0.0,1.0,0,0,0,Heavy Rain,1.5,1.4,1.3,1.1,1.1,9.2,8.6,7.5,7.7,2.0,1.9,1.6,1.7,7.2,LOW,LOW,LOW,LOW,N,28.2,23.8
2026-07-20 05:00,5,0,0,0.9659,0.2588,0.0,1.0,0,0,0,Clear,1.0,2.0,1.9,1.6,1.7,6.2,5.9,5.0,5.0,1.4,1.3,1.1,1.1,4.9,LOW,LOW,LOW,LOW,N,28.6,23.4
2026-07-20 05:15,5,15,0,0.9808,0.1951,0.0,1.0,0,0,0,Clear,1.0,1.4,1.3,1.1,1.1,6.0,5.9,4.9,5.0,1.3,1.3,1.1,1.1,4.8,LOW,LOW,LOW,LOW,N,28.4,23.6
2026-07-20 05:30,5,30,0,0.9914,0.1305,0.0,1.0,0,0,0,Clear,1.0,1.3,1.3,1.1,1.1,6.2,6.2,5.0,5.2,1.4,1.4,1.1,1.1,5.0,LOW,LOW,LOW,LOW,N,28.4,23.6
2026-07-20 05:45,5,45,0,0.9979,0.0654,0.0,1.0,0,0,0,Clear,1.0,1.4,1.4,1.1,1.1,6.1,5.8,4.9,4.9,1.3,1.3,1.1,1.1,4.8,LOW,LOW,LOW,LOW,N,28.7,23.3
2026-07-20 06:00,6,0,0,1.0,0.0,0.0,1.0,0,0,0,Rain,1.25,1.3,1.3,1.1,1.1,32.0,31.7,27.6,28.3,7.0,7.0,6.1,6.2,26.3,MEDIUM,MEDIUM,MEDIUM,MEDIUM,N,27.6,24.4
2026-07-20 06:15,6,15,0,0.9979,-0.0654,0.0,1.0,0,0,0,Clear,1.0,7.0,7.0,6.1,6.2,24.5,25.8,21.8,21.0,5.4,5.7,4.8,4.6,20.5,LOW,LOW,LOW,LOW,S,28.1,23.9
2026-07-20 06:30,6,30,0,0.9914,-0.1305,0.0,1.0,0,0,0,Clear,1.0,5.4,5.7,4.8,4.6,24.0,24.7,22.5,21.2,5.3,5.4,5.0,4.7,20.4,LOW,LOW,LOW,LOW,S,27.3,24.7
2026-07-20 06:45,6,45,0,0.9808,-0.1951,0.0,1.0,0,0,0,Rain,1.25,5.3,5.4,5.0,4.7,30.1,32.6,26.5,27.5,6.6,7.2,5.8,6.0,25.6,MEDIUM,MEDIUM,LOW,MEDIUM,S,28.1,23.9
2026-07-20 07:00,7,0,0,0.9659,-0.2588,0.0,1.0,0,1,0,Clear,1.0,6.6,7.2,5.8,6.0,109.8,17.3,83.4,17.8,24.2,3.8,18.3,3.9,50.2,VERY_HIGH,LOW,HIGH,LOW,N,29.3,22.7
2026-07-20 07:15,7,15,0,0.9469,-0.3214,0.0,1.0,0,1,0,Clear,1.0,24.2,3.8,18.3,3.9,109.4,17.8,85.6,17.7,24.1,3.9,18.8,3.9,50.7,VERY_HIGH,LOW,HIGH,LOW,N,29.0,23.0
2026-07-20 07:30,7,30,0,0.9239,-0.3827,0.0,1.0,0,1,0,Clear,1.0,24.1,3.9,18.8,3.9,111.7,17.1,83.5,17.2,24.6,3.8,18.4,3.8,50.6,VERY_HIGH,LOW,HIGH,LOW,N,29.5,22.5
2026-07-20 07:45,7,45,0,0.8969,-0.4423,0.0,1.0,0,1,0,Clear,1.0,24.6,3.8,18.4,3.8,111.0,17.5,83.6,18.8,24.4,3.9,18.4,4.1,50.8,VERY_HIGH,LOW,HIGH,LOW,N,29.4,22.6
2026-07-20 08:00,8,0,0,0.866,-0.5,0.0,1.0,0,1,0,Rain,1.25,24.4,3.9,18.4,4.1,180.7,22.1,137.0,21.8,39.8,4.9,30.1,4.8,79.6,VERY_HIGH,LOW,VERY_HIGH,LOW,N,29.4,22.6
2026-07-20 08:15,8,15,0,0.8315,-0.5556,0.0,1.0,0,1,0,Clear,1.0,39.8,4.9,30.1,4.8,147.9,18.8,115.7,17.1,32.5,4.1,25.5,3.8,65.9,VERY_HIGH,LOW,VERY_HIGH,LOW,N,29.1,22.9
2026-07-20 08:30,8,30,0,0.7934,-0.6088,0.0,1.0,0,1,0,Clear,1.0,32.5,4.1,25.5,3.8,140.5,18.7,108.8,18.2,30.9,4.1,23.9,4.0,62.9,VERY_HIGH,LOW,HIGH,LOW,N,29.2,22.8
2026-07-20 08:45,8,45,0,0.7518,-0.6593,0.0,1.0,0,1,0,Clear,1.0,30.9,4.1,23.9,4.0,144.4,17.9,115.3,18.2,31.8,3.9,25.4,4.0,65.1,VERY_HIGH,LOW,VERY_HIGH,LOW,N,28.8,23.2
2026-07-20 09:00,9,0,0,0.7071,-0.7071,0.0,1.0,0,1,0,Clear,1.0,31.8,3.9,25.4,4.0,107.8,18.3,83.8,18.4,23.7,4.0,18.4,4.0,50.1,HIGH,LOW,HIGH,LOW,N,29.0,23.0
2026-07-20 09:15,9,15,0,0.6593,-0.7518,0.0,1.0,0,1,0,Clear,1.0,23.7,4.0,18.4,4.0,109.8,18.4,81.4,18.4,24.2,4.0,17.9,4.0,50.1,VERY_HIGH,LOW,HIGH,LOW,N,29.6,22.4
2026-07-20 09:30,9,30,0,0.6088,-0.7934,0.0,1.0,0,1,0,Clear,1.0,24.2,4.0,17.9,4.0,112.6,17.3,85.9,17.4,24.8,3.8,18.9,3.8,51.3,VERY_HIGH,LOW,HIGH,LOW,N,29.3,22.7
2026-07-20 09:45,9,45,0,0.5556,-0.8315,0.0,1.0,0,1,0,Clear,1.0,24.8,3.8,18.9,3.8,107.5,17.3,81.4,18.7,23.6,3.8,17.9,4.1,49.4,HIGH,LOW,HIGH,LOW,N,29.3,22.7
2026-07-20 10:00,10,0,0,0.5,-0.866,0.0,1.0,0,0,0,Clear,1.0,23.6,3.8,17.9,4.1,24.3,24.0,23.0,22.3,5.3,5.3,5.1,4.9,20.6,LOW,LOW,LOW,LOW,N,26.8,25.2
2026-07-20 10:15,10,15,0,0.4423,-0.8969,0.0,1.0,0,0,0,Rain,1.25,5.3,5.3,5.1,4.9,32.4,30.4,26.5,28.2,7.1,6.7,5.8,6.2,25.8,MEDIUM,MEDIUM,LOW,MEDIUM,N,27.8,24.2
2026-07-20 10:30,10,30,0,0.3827,-0.9239,0.0,1.0,0,0,0,Clear,1.0,7.1,6.7,5.8,6.2,25.9,24.4,22.3,22.1,5.7,5.4,4.9,4.9,20.9,LOW,LOW,LOW,LOW,N,27.8,24.2
2026-07-20 10:45,10,45,0,0.3214,-0.9469,0.0,1.0,0,0,0,Clear,1.0,5.7,5.4,4.9,4.9,25.8,24.0,21.8,23.1,5.7,5.3,4.8,5.1,20.9,LOW,LOW,LOW,LOW,N,27.4,24.6
2026-07-20 11:00,11,0,0,0.2588,-0.9659,0.0,1.0,0,0,0,Clear,1.0,5.7,5.3,4.8,5.1,41.8,38.2,35.9,34.9,9.2,8.4,7.9,7.7,33.2,MEDIUM,MEDIUM,MEDIUM,MEDIUM,N,27.8,24.2
2026-07-20 11:15,11,15,0,0.1951,-0.9808,0.0,1.0,0,0,0,Rain,1.25,9.2,8.4,7.9,7.7,51.1,48.0,44.3,45.9,11.2,10.6,9.7,10.1,41.6,MEDIUM,MEDIUM,MEDIUM,MEDIUM,N,27.3,24.7
2026-07-20 11:30,11,30,0,0.1305,-0.9914,0.0,1.0,0,0,0,Clear,1.0,11.2,10.6,9.7,10.1,39.0,41.6,34.2,34.9,8.6,9.2,7.5,7.7,33.0,MEDIUM,MEDIUM,MEDIUM,MEDIUM,S,28.1,23.9
2026-07-20 11:45,11,45,0,0.0654,-0.9979,0.0,1.0,0,0,0,Clear,1.0,8.6,9.2,7.5,7.7,38.1,39.0,35.9,35.0,8.4,8.6,7.9,7.7,32.6,MEDIUM,MEDIUM,MEDIUM,MEDIUM,S,27.1,24.9
2026-07-20 12:00,12,0,0,0.0,-1.0,0.0,1.0,0,0,0,Clear,1.0,8.4,8.6,7.9,7.7,40.6,38.6,35.1,36.3,8.9,8.5,7.7,8.0,33.1,MEDIUM,MEDIUM,MEDIUM,MEDIUM,N,27.4,24.6
2026-07-20 12:15,12,15,0,-0.0654,-0.9979,0.0,1.0,0,0,0,Clear,1.0,8.9,8.5,7.7,8.0,38.7,40.1,33.8,35.4,8.5,8.8,7.4,7.8,32.5,MEDIUM,MEDIUM,MEDIUM,MEDIUM,S,27.7,24.3
2026-07-20 12:30,12,30,0,-0.1305,-0.9914,0.0,1.0,0,0,0,Heavy Rain,1.5,8.5,8.8,7.4,7.8,62.7,62.3,54.6,54.1,13.8,13.7,12.0,11.9,51.4,MEDIUM,MEDIUM,MEDIUM,MEDIUM,N,27.8,24.2
2026-07-20 12:45,12,45,0,-0.1951,-0.9808,0.0,1.0,0,0,0,Clear,1.0,13.8,13.7,12.0,11.9,41.5,40.2,34.9,33.9,9.1,8.8,7.7,7.5,33.1,MEDIUM,MEDIUM,MEDIUM,MEDIUM,N,28.2,23.8
2026-07-20 13:00,13,0,0,-0.2588,-0.9659,0.0,1.0,0,0,0,Clear,1.0,9.1,8.8,7.7,7.5,39.8,39.7,34.8,33.5,8.8,8.7,7.7,7.4,32.6,MEDIUM,MEDIUM,MEDIUM,MEDIUM,N,27.9,24.1
2026-07-20 13:15,13,15,0,-0.3214,-0.9469,0.0,1.0,0,0,0,Clear,1.0,8.8,8.7,7.7,7.4,39.7,38.4,34.6,36.1,8.7,8.4,7.6,7.9,32.6,MEDIUM,MEDIUM,MEDIUM,MEDIUM,N,27.3,24.7
2026-07-20 13:30,13,30,0,-0.3827,-0.9239,0.0,1.0,0,0,0,Clear,1.0,8.7,8.4,7.6,7.9,39.1,40.5,35.0,34.7,8.6,8.9,7.7,7.6,32.8,MEDIUM,MEDIUM,MEDIUM,MEDIUM,S,27.8,24.2
2026-07-20 13:45,13,45,0,-0.4423,-0.8969,0.0,1.0,0,0,0,Clear,1.0,8.6,8.9,7.7,7.6,39.9,41.9,33.8,34.1,8.8,9.2,7.4,7.5,32.9,MEDIUM,MEDIUM,MEDIUM,MEDIUM,S,28.5,23.5
2026-07-20 14:00,14,0,0,-0.5,-0.866,0.0,1.0,0,0,0,Clear,1.0,8.8,9.2,7.4,7.5,40.0,40.8,36.5,33.7,8.8,9.0,8.0,7.4,33.2,MEDIUM,MEDIUM,MEDIUM,MEDIUM,S,27.6,24.4
2026-07-20 14:15,14,15,0,-0.5556,-0.8315,0.0,1.0,0,0,0,Clear,1.0,8.8,9.0,8.0,7.4,41.1,38.6,36.4,34.5,9.0,8.5,8.0,7.6,33.1,MEDIUM,MEDIUM,MEDIUM,MEDIUM,N,27.5,24.5
2026-07-20 14:30,14,30,0,-0.6088,-0.7934,0.0,1.0,0,0,0,Clear,1.0,9.0,8.5,8.0,7.6,40.3,39.9,36.3,35.5,8.9,8.8,8.0,7.8,33.5,MEDIUM,MEDIUM,MEDIUM,MEDIUM,N,27.4,24.6
2026-07-20 14:45,14,45,0,-0.6593,-0.7518,0.0,1.0,0,0,0,Rain,1.25,8.9,8.8,8.0,7.8,50.4,51.3,44.4,44.2,11.1,11.3,9.8,9.7,41.9,MEDIUM,MEDIUM,MEDIUM,MEDIUM,S,27.8,24.2
2026-07-20 15:00,15,0,0,-0.7071,-0.7071,0.0,1.0,0,0,0,Clear,1.0,11.1,11.3,9.8,9.7,39.0,40.3,36.4,33.4,8.6,8.9,8.0,7.3,32.8,MEDIUM,MEDIUM,MEDIUM,MEDIUM,S,27.5,24.5
2026-07-20 15:15,15,15,0,-0.7518,-0.6593,0.0,1.0,0,0,0,Clear,1.0,8.6,8.9,8.0,7.3,39.5,39.9,36.3,33.6,8.7,8.8,8.0,7.4,32.9,MEDIUM,MEDIUM,MEDIUM,MEDIUM,S,27.4,24.6
2026-07-20 15:30,15,30,0,-0.7934,-0.6088,0.0,1.0,0,0,0,Clear,1.0,8.7,8.8,8.0,7.4,40.4,39.8,35.2,36.3,8.9,8.8,7.7,8.0,33.4,MEDIUM,MEDIUM,MEDIUM,MEDIUM,N,27.4,24.6
2026-07-20 15:45,15,45,0,-0.8315,-0.5556,0.0,1.0,0,0,0,Clear,1.0,8.9,8.8,7.7,8.0,39.0,40.4,34.2,36.7,8.6,8.9,7.5,8.1,33.1,MEDIUM,MEDIUM,MEDIUM,MEDIUM,S,27.4,24.6
2026-07-20 16:00,16,0,0,-0.866,-0.5,0.0,1.0,0,0,1,Clear,1.0,8.6,8.9,7.5,8.1,18.1,109.4,18.3,82.4,4.0,24.1,4.0,18.1,50.2,LOW,VERY_HIGH,LOW,HIGH,S,29.4,22.6
2026-07-20 16:15,16,15,0,-0.8969,-0.4423,0.0,1.0,0,0,1,Clear,1.0,4.0,24.1,4.0,18.1,17.2,114.6,18.2,87.1,3.8,25.2,4.0,19.2,52.2,LOW,VERY_HIGH,LOW,HIGH,S,29.3,22.7
2026-07-20 16:30,16,30,0,-0.9239,-0.3827,0.0,1.0,0,0,1,Rain,1.25,3.8,25.2,4.0,19.2,23.1,132.1,22.3,110.1,5.1,29.1,4.9,24.2,63.3,LOW,VERY_HIGH,LOW,VERY_HIGH,S,28.2,23.8
2026-07-20 16:45,16,45,0,-0.9469,-0.3214,0.0,1.0,0,0,1,Clear,1.0,5.1,29.1,4.9,24.2,18.2,106.5,17.4,82.0,4.0,23.4,3.8,18.0,49.2,LOW,HIGH,LOW,HIGH,S,29.2,22.8
2026-07-20 17:00,17,0,0,-0.9659,-0.2588,0.0,1.0,0,0,1,Clear,1.0,4.0,23.4,3.8,18.0,17.2,130.3,18.4,97.1,3.8,28.7,4.0,21.4,57.9,LOW,VERY_HIGH,LOW,HIGH,S,29.6,22.4
2026-07-20 17:15,17,15,0,-0.9808,-0.1951,0.0,1.0,0,0,1,Clear,1.0,3.8,28.7,4.0,21.4,17.5,134.8,18.7,104.2,3.9,29.7,4.1,22.9,60.6,LOW,VERY_HIGH,LOW,HIGH,S,29.1,22.9
2026-07-20 17:30,17,30,0,-0.9914,-0.1305,0.0,1.0,0,0,1,Rain,1.25,3.9,29.7,4.1,22.9,22.2,161.3,21.7,130.3,4.9,35.5,4.8,28.7,73.9,LOW,VERY_HIGH,LOW,VERY_HIGH,S,28.6,23.4
2026-07-20 17:45,17,45,0,-0.9979,-0.0654,0.0,1.0,0,0,1,Clear,1.0,4.9,35.5,4.8,28.7,18.8,137.8,18.0,106.7,4.1,30.3,4.0,23.5,61.9,LOW,VERY_HIGH,LOW,HIGH,S,29.2,22.8
2026-07-20 18:00,18,0,0,-1.0,-0.0,0.0,1.0,0,0,1,Clear,1.0,4.1,30.3,4.0,23.5,17.7,133.0,17.5,99.1,3.9,29.3,3.9,21.8,58.9,LOW,VERY_HIGH,LOW,HIGH,S,29.6,22.4
2026-07-20 18:15,18,15,0,-0.9979,0.0654,0.0,1.0,0,0,1,Clear,1.0,3.9,29.3,3.9,21.8,17.1,135.7,18.4,105.3,3.8,29.9,4.0,23.2,60.9,LOW,VERY_HIGH,LOW,HIGH,S,29.1,22.9
2026-07-20 18:30,18,30,0,-0.9914,0.1305,0.0,1.0,0,0,1,Rain,1.25,3.8,29.9,4.0,23.2,21.5,171.2,22.6,132.3,4.7,37.7,5.0,29.1,76.5,LOW,VERY_HIGH,LOW,VERY_HIGH,S,29.1,22.9
2026-07-20 18:45,18,45,0,-0.9808,0.1951,0.0,1.0,0,0,1,Clear,1.0,4.7,37.7,5.0,29.1,17.2,130.5,18.4,102.6,3.8,28.7,4.0,22.6,59.1,LOW,VERY_HIGH,LOW,HIGH,S,28.9,23.1
2026-07-20 19:00,19,0,0,-0.9659,0.2588,0.0,1.0,0,0,1,Rain,1.25,3.8,28.7,4.0,22.6,22.5,140.2,22.4,102.1,5.0,30.8,4.9,22.5,63.2,LOW,VERY_HIGH,LOW,HIGH,S,29.8,22.2
2026-07-20 19:15,19,15,0,-0.9469,0.3214,0.0,1.0,0,0,1,Clear,1.0,5.0,30.8,4.9,22.5,18.3,110.0,18.0,83.5,4.0,24.2,4.0,18.4,50.6,LOW,VERY_HIGH,LOW,HIGH,S,29.4,22.6
2026-07-20 19:30,19,30,0,-0.9239,0.3827,0.0,1.0,0,0,1,Clear,1.0,4.0,24.2,4.0,18.4,17.4,108.4,17.2,87.8,3.8,23.8,3.8,19.3,50.7,LOW,HIGH,LOW,HIGH,S,28.6,23.4
2026-07-20 19:45,19,45,0,-0.8969,0.4423,0.0,1.0,0,0,1,Clear,1.0,3.8,23.8,3.8,19.3,18.2,115.3,17.3,85.8,4.0,25.4,3.8,18.9,52.1,LOW,VERY_HIGH,LOW,HIGH,S,29.6,22.4
2026-07-20 20:00,20,0,0,-0.866,0.5,0.0,1.0,0,0,0,Clear,1.0,4.0,25.4,3.8,18.9,24.8,25.9,22.9,22.5,5.5,5.7,5.0,5.0,21.2,LOW,LOW,LOW,LOW,S,27.5,24.5
2026-07-20 20:15,20,15,0,-0.8315,0.5556,0.0,1.0,0,0,0,Clear,1.0,5.5,5.7,5.0,5.0,24.9,24.6,22.1,21.0,5.5,5.4,4.9,4.6,20.4,LOW,LOW,LOW,LOW,N,27.7,24.3
2026-07-20 20:30,20,30,0,-0.7934,0.6088,0.0,1.0,0,0,0,Clear,1.0,5.5,5.4,4.9,4.6,23.9,25.1,21.8,21.2,5.3,5.5,4.8,4.7,20.3,LOW,LOW,LOW,LOW,S,27.8,24.2
2026-07-20 20:45,20,45,0,-0.7518,0.6593,0.0,1.0,0,0,0,Clear,1.0,5.3,5.5,4.8,4.7,23.8,24.3,21.2,21.7,5.2,5.3,4.7,4.8,20.0,LOW,LOW,LOW,LOW,S,27.5,24.5
2026-07-20 21:00,21,0,0,-0.7071,0.7071,0.0,1.0,0,0,0,Clear,1.0,5.2,5.3,4.7,4.8,25.3,26.1,22.0,21.6,5.6,5.7,4.8,4.8,20.9,LOW,LOW,LOW,LOW,S,28.2,23.8
2026-07-20 21:15,21,15,0,-0.6593,0.7518,0.0,1.0,0,0,0,Clear,1.0,5.6,5.7,4.8,4.8,24.8,25.8,21.5,21.2,5.5,5.7,4.7,4.7,20.6,LOW,LOW,LOW,LOW,S,28.3,23.7
2026-07-20 21:30,21,30,0,-0.6088,0.7934,0.0,1.0,0,0,0,Clear,1.0,5.5,5.7,4.7,4.7,26.2,24.7,22.7,21.5,5.8,5.4,5.0,4.7,20.9,LOW,LOW,LOW,LOW,N,27.8,24.2
2026-07-20 21:45,21,45,0,-0.5556,0.8315,0.0,1.0,0,0,0,Clear,1.0,5.8,5.4,5.0,4.7,25.7,24.6,21.7,20.9,5.7,5.4,4.8,4.6,20.5,LOW,LOW,LOW,LOW,N,28.2,23.8
2026-07-20 22:00,22,0,0,-0.5,0.866,0.0,1.0,0,0,0,Rain,1.25,5.7,5.4,4.8,4.6,31.3,29.8,28.8,27.4,6.9,6.6,6.3,6.0,25.8,MEDIUM,MEDIUM,MEDIUM,MEDIUM,N,27.1,24.9
2026-07-20 22:15,22,15,0,-0.4423,0.8969,0.0,1.0,0,0,0,Rain,1.25,6.9,6.6,6.3,6.0,30.8,30.9,27.9,27.0,6.8,6.8,6.1,5.9,25.6,MEDIUM,MEDIUM,MEDIUM,LOW,N,27.4,24.6
2026-07-20 22:30,22,30,0,-0.3827,0.9239,0.0,1.0,0,0,0,Clear,1.0,6.8,6.8,6.1,5.9,24.0,26.1,21.9,22.8,5.3,5.7,4.8,5.0,20.8,LOW,LOW,LOW,LOW,S,27.6,24.4
2026-07-20 22:45,22,45,0,-0.3214,0.9469,0.0,1.0,0,0,0,Clear,1.0,5.3,5.7,4.8,5.0,24.5,25.0,23.0,21.1,5.4,5.5,5.1,4.6,20.6,LOW,LOW,LOW,LOW,S,27.3,24.7
2026-07-20 23:00,23,0,0,-0.2588,0.9659,0.0,1.0,0,0,0,Clear,1.0,5.4,5.5,5.1,4.6,6.1,5.9,5.1,5.0,1.3,1.3,1.1,1.1,4.8,LOW,LOW,LOW,LOW,N,28.3,23.7
2026-07-20 23:15,23,15,0,-0.1951,0.9808,0.0,1.0,0,0,0,Rain,1.25,1.3,1.3,1.1,1.1,7.6,7.6,6.4,6.0,1.7,1.7,1.4,1.3,6.1,LOW,LOW,LOW,LOW,N,28.4,23.6
2026-07-20 23:30,23,30,0,-0.1305,0.9914,0.0,1.0,0,0,0,Clear,1.0,1.7,1.7,1.4,1.3,5.9,6.2,4.9,4.8,1.3,1.4,1.1,1.1,4.9,LOW,LOW,LOW,LOW,S,29.0,23.0
2026-07-20 23:45,23,45,0,-0.0654,0.9979,0.0,1.0,0,0,0,Clear,1.0,1.3,1.4,1.1,1.1,6.0,5.9,5.2,4.9,1.3,1.3,1.1,1.1,4.8,LOW,LOW,LOW,LOW,N,28.0,24.0
2026-07-21 00:00,0,0,1,0.0,1.0,0.7818,0.6235,0,0,0,Clear,1.0,1.3,1.3,1.1,1.1,5.8,6.1,4.9,4.9,1.3,1.3,1.1,1.1,4.8,LOW,LOW,LOW,LOW,N,28.7,23.3
2026-07-21 00:15,0,15,1,0.0654,0.9979,0.7818,0.6235,0,0,0,Rain,1.25,1.3,1.3,1.1,1.1,7.4,7.7,6.5,6.5,1.6,1.7,1.4,1.4,6.1,LOW,LOW,LOW,LOW,S,28.1,23.9
2026-07-21 00:30,0,30,1,0.1305,0.9914,0.7818,0.6235,0,0,0,Clear,1.0,1.6,1.7,1.4,1.4,5.9,5.8,4.8,5.0,1.3,1.3,1.1,1.1,4.8,LOW,LOW,LOW,LOW,N,28.2,23.8
2026-07-21 00:45,0,45,1,0.1951,0.9808,0.7818,0.6235,0,0,0,Rain,1.25,1.3,1.3,1.1,1.1,7.5,7.4,6.1,6.1,1.6,1.6,1.3,1.3,5.8,LOW,LOW,LOW,LOW,N,28.6,23.4
2026-07-21 01:00,1,0,1,0.2588,0.9659,0.7818,0.6235,0,0,0,Clear,1.0,1.6,1.6,1.3,1.3,5.8,5.9,5.1,4.9,1.3,1.3,1.1,1.1,4.8,LOW,LOW,LOW,LOW,N,28.0,24.0
2026-07-21 01:15,1,15,1,0.3214,0.9469,0.7818,0.6235,0,0,0,Clear,1.0,1.3,1.3,1.1,1.1,6.1,6.1,4.8,5.1,1.3,1.3,1.1,1.1,4.8,LOW,LOW,LOW,LOW,N,28.5,23.5
2026-07-21 01:30,1,30,1,0.3827,0.9239,0.7818,0.6235,0,0,0,Clear,1.0,1.3,1.3,1.1,1.1,6.1,6.0,5.0,5.1,1.3,1.3,1.1,1.1,4.8,LOW,LOW,LOW,LOW,N,28.3,23.7
2026-07-21 01:45,1,45,1,0.4423,0.8969,0.7818,0.6235,0,0,0,Clear,1.0,1.3,1.3,1.1,1.1,5.9,6.2,4.8,5.1,1.3,1.4,1.1,1.1,4.9,LOW,LOW,LOW,LOW,S,28.6,23.4
2026-07-21 02:00,2,0,1,0.5,0.866,0.7818,0.6235,0,0,0,Heavy Rain,1.5,1.3,1.4,1.1,1.1,8.7,9.4,7.5,7.2,1.9,2.1,1.6,1.6,7.2,LOW,LOW,LOW,LOW,S,28.8,23.2
2026-07-21 02:15,2,15,1,0.5556,0.8315,0.7818,0.6235,0,0,0,Rain,1.25,1.9,2.1,1.6,1.6,7.7,7.2,6.6,6.5,1.7,1.6,1.5,1.4,6.2,LOW,LOW,LOW,LOW,N,27.8,24.2
2026-07-21 02:30,2,30,1,0.6088,0.7934,0.7818,0.6235,0,0,0,Clear,1.0,1.7,1.6,1.5,1.4,5.9,6.0,4.9,5.1,1.3,1.3,1.1,1.1,4.8,LOW,LOW,LOW,LOW,N,28.2,23.8
2026-07-21 02:45,2,45,1,0.6593,0.7518,0.7818,0.6235,0,0,0,Clear,1.0,1.3,1.3,1.1,1.1,6.2,6.1,5.1,4.8,1.4,1.3,1.1,1.1,4.9,LOW,LOW,LOW,LOW,N,28.7,23.3
2026-07-21 03:00,3,0,1,0.7071,0.7071,0.7818,0.6235,0,0,0,Clear,1.0,1.4,1.3,1.1,1.1,5.8,6.2,4.9,4.9,1.3,1.4,1.1,1.1,4.9,LOW,LOW,LOW,LOW,S,28.8,23.2
2026-07-21 03:15,3,15,1,0.7518,0.6593,0.7818,0.6235,0,0,0,Clear,1.0,1.3,1.4,1.1,1.1,6.2,6.1,5.1,5.0,1.4,1.3,1.1,1.1,4.9,LOW,LOW,LOW,LOW,N,28.5,23.5
2026-07-21 03:30,3,30,1,0.7934,0.6088,0.7818,0.6235,0,0,0,Clear,1.0,1.4,1.3,1.1,1.1,5.8,5.9,5.0,4.8,1.3,1.3,1.1,1.1,4.8,LOW,LOW,LOW,LOW,N,28.2,23.8
2026-07-21 03:45,3,45,1,0.8315,0.5556,0.7818,0.6235,0,0,0,Clear,1.0,1.3,1.3,1.1,1.1,5.8,6.2,4.9,4.9,1.3,1.4,1.1,1.1,4.9,LOW,LOW,LOW,LOW,S,28.8,23.2
2026-07-21 04:00,4,0,1,0.866,0.5,0.7818,0.6235,0,0,0,Clear,1.0,1.3,1.4,1.1,1.1,6.0,6.2,5.2,5.1,1.3,1.4,1.1,1.1,4.9,LOW,LOW,LOW,LOW,S,28.2,23.8
2026-07-21 04:15,4,15,1,0.8969,0.4423,0.7818,0.6235,0,0,0,Rain,1.25,1.3,1.4,1.1,1.1,7.3,7.3,6.2,6.4,1.6,1.6,1.4,1.4,6.0,LOW,LOW,LOW,LOW,N,27.8,24.2
2026-07-21 04:30,4,30,1,0.9239,0.3827,0.7818,0.6235,0,0,0,Clear,1.0,1.6,1.6,1.4,1.4,6.1,5.8,5.2,4.8,1.3,1.3,1.1,1.1,4.8,LOW,LOW,LOW,LOW,N,28.2,23.8
2026-07-21 04:45,4,45,1,0.9469,0.3214,0.7818,0.6235,0,0,0,Clear,1.0,1.3,1.3,1.1,1.1,6.0,6.3,4.8,5.1,1.3,1.4,1.1,1.1,4.9,LOW,LOW,LOW,LOW,S,28.8,23.2
2026-07-21 05:00,5,0,1,0.9659,0.2588,0.7818,0.6235,0,0,0,Clear,1.0,1.3,1.4,1.1,1.1,5.7,5.8,5.2,5.2,1.3,1.3,1.1,1.1,4.8,LOW,LOW,LOW,LOW,N,27.4,24.6
2026-07-21 05:15,5,15,1,0.9808,0.1951,0.7818,0.6235,0,0,0,Clear,1.0,1.3,1.3,1.1,1.1,5.9,5.9,5.1,4.9,1.3,1.3,1.1,1.1,4.8,LOW,LOW,LOW,LOW,N,28.0,24.0
2026-07-21 05:30,5,30,1,0.9914,0.1305,0.7818,0.6235,0,0,0,Rain,1.25,1.3,1.3,1.1,1.1,7.5,7.2,6.2,6.0,1.6,1.6,1.4,1.3,5.9,LOW,LOW,LOW,LOW,N,28.4,23.6
2026-07-21 05:45,5,45,1,0.9979,0.0654,0.7818,0.6235,0,0,0,Rain,1.25,1.6,1.6,1.4,1.3,7.3,7.8,6.5,6.0,1.6,1.7,1.4,1.3,6.0,LOW,LOW,LOW,LOW,S,28.4,23.6
2026-07-21 06:00,6,0,1,1.0,0.0,0.7818,0.6235,0,0,0,Rain,1.25,1.6,1.7,1.4,1.3,32.6,29.8,26.4,26.9,7.2,6.6,5.8,5.9,25.5,MEDIUM,MEDIUM,LOW,LOW,N,28.3,23.7
2026-07-21 06:15,6,15,1,0.9979,-0.0654,0.7818,0.6235,0,0,0,Clear,1.0,7.2,6.6,5.8,5.9,24.1,25.1,22.2,21.5,5.3,5.5,4.9,4.7,20.4,LOW,LOW,LOW,LOW,S,27.6,24.4
2026-07-21 06:30,6,30,1,0.9914,-0.1305,0.7818,0.6235,0,0,0,Clear,1.0,5.3,5.5,4.9,4.7,25.8,25.5,21.8,22.9,5.7,5.6,4.8,5.0,21.1,LOW,LOW,LOW,LOW,N,27.7,24.3
2026-07-21 06:45,6,45,1,0.9808,-0.1951,0.7818,0.6235,0,0,0,Clear,1.0,5.7,5.6,4.8,5.0,24.9,25.2,21.5,21.9,5.5,5.5,4.7,4.8,20.5,LOW,LOW,LOW,LOW,N,27.8,24.2
2026-07-21 07:00,7,0,1,0.9659,-0.2588,0.7818,0.6235,0,1,0,Clear,1.0,5.5,5.5,4.7,4.8,111.1,18.5,87.1,17.3,24.4,4.1,19.2,3.8,51.5,VERY_HIGH,LOW,HIGH,LOW,N,29.0,23.0
2026-07-21 07:15,7,15,1,0.9469,-0.3214,0.7818,0.6235,0,1,0,Clear,1.0,24.4,4.1,19.2,3.8,115.5,17.5,84.8,18.5,25.4,3.9,18.7,4.1,52.1,VERY_HIGH,LOW,HIGH,LOW,N,29.7,22.3
2026-07-21 07:30,7,30,1,0.9239,-0.3827,0.7818,0.6235,0,1,0,Clear,1.0,25.4,3.9,18.7,4.1,107.8,17.3,82.4,17.9,23.7,3.8,18.1,3.9,49.5,HIGH,LOW,HIGH,LOW,N,29.2,22.8
2026-07-21 07:45,7,45,1,0.8969,-0.4423,0.7818,0.6235,0,1,0,Clear,1.0,23.7,3.8,18.1,3.9,113.1,18.2,82.7,18.7,24.9,4.0,18.2,4.1,51.2,VERY_HIGH,LOW,HIGH,LOW,N,29.8,22.2
2026-07-21 08:00,8,0,1,0.866,-0.5,0.7818,0.6235,0,1,0,Clear,1.0,24.9,4.0,18.2,4.1,137.9,17.8,111.9,18.8,30.3,3.9,24.6,4.1,62.9,VERY_HIGH,LOW,VERY_HIGH,LOW,N,28.5,23.5
2026-07-21 08:15,8,15,1,0.8315,-0.5556,0.7818,0.6235,0,1,0,Clear,1.0,30.3,3.9,24.6,4.1,149.7,18.1,105.1,17.8,32.9,4.0,23.1,3.9,63.9,VERY_HIGH,LOW,HIGH,LOW,N,30.3,21.7
2026-07-21 08:30,8,30,1,0.7934,-0.6088,0.7818,0.6235,0,1,0,Clear,1.0,32.9,4.0,23.1,3.9,143.7,18.0,112.9,18.3,31.6,4.0,24.8,4.0,64.4,VERY_HIGH,LOW,VERY_HIGH,LOW,N,29.0,23.0
2026-07-21 08:45,8,45,1,0.7518,-0.6593,0.7818,0.6235,0,1,0,Clear,1.0,31.6,4.0,24.8,4.0,136.9,18.1,111.4,18.4,30.1,4.0,24.5,4.0,62.6,VERY_HIGH,LOW,VERY_HIGH,LOW,N,28.5,23.5
2026-07-21 09:00,9,0,1,0.7071,-0.7071,0.7818,0.6235,0,1,0,Clear,1.0,30.1,4.0,24.5,4.0,110.8,18.6,84.2,18.2,24.4,4.1,18.5,4.0,51.0,VERY_HIGH,LOW,HIGH,LOW,N,29.3,22.7
2026-07-21 09:15,9,15,1,0.6593,-0.7518,0.7818,0.6235,0,1,0,Clear,1.0,24.4,4.1,18.5,4.0,109.7,17.7,82.6,17.9,24.1,3.9,18.2,3.9,50.1,VERY_HIGH,LOW,HIGH,LOW,N,29.4,22.6
2026-07-21 09:30,9,30,1,0.6088,-0.7934,0.7818,0.6235,0,1,0,Clear,1.0,24.1,3.9,18.2,3.9,113.6,17.3,86.9,18.7,25.0,3.8,19.1,4.1,52.0,VERY_HIGH,LOW,HIGH,LOW,N,29.2,22.8
2026-07-21 09:45,9,45,1,0.5556,-0.8315,0.7818,0.6235,0,1,0,Clear,1.0,25.0,3.8,19.1,4.1,109.6,18.6,85.8,17.7,24.1,4.1,18.9,3.9,51.0,VERY_HIGH,LOW,HIGH,LOW,N,29.0,23.0
2026-07-21 10:00,10,0,1,0.5,-0.866,0.7818,0.6235,0,0,0,Clear,1.0,24.1,4.1,18.9,3.9,25.9,26.0,20.9,21.0,5.7,5.7,4.6,4.6,20.6,LOW,LOW,LOW,LOW,N,28.8,23.2
2026-07-21 10:15,10,15,1,0.4423,-0.8969,0.7818,0.6235,0,0,0,Clear,1.0,5.7,5.7,4.6,4.6,25.3,26.0,20.9,22.2,5.6,5.7,4.6,4.9,20.8,LOW,LOW,LOW,LOW,S,28.2,23.8
2026-07-21 10:30,10,30,1,0.3827,-0.9239,0.7818,0.6235,0,0,0,Clear,1.0,5.6,5.7,4.6,4.9,26.1,26.1,21.2,21.6,5.7,5.7,4.7,4.8,20.9,LOW,LOW,LOW,LOW,N,28.5,23.5
2026-07-21 10:45,10,45,1,0.3214,-0.9469,0.7818,0.6235,0,0,0,Clear,1.0,5.7,5.7,4.7,4.8,25.8,25.0,22.7,21.5,5.7,5.5,5.0,4.7,20.9,LOW,LOW,LOW,LOW,N,27.7,24.3
2026-07-21 11:00,11,0,1,0.2588,-0.9659,0.7818,0.6235,0,0,0,Clear,1.0,5.7,5.5,5.0,4.7,39.9,39.9,35.0,34.6,8.8,8.8,7.7,7.6,32.9,MEDIUM,MEDIUM,MEDIUM,MEDIUM,N,27.7,24.3
2026-07-21 11:15,11,15,1,0.1951,-0.9808,0.7818,0.6235,0,0,0,Clear,1.0,8.8,8.8,7.7,7.6,40.5,38.1,35.2,36.3,8.9,8.4,7.7,8.0,33.0,MEDIUM,MEDIUM,MEDIUM,MEDIUM,N,27.3,24.7
2026-07-21 11:30,11,30,1,0.1305,-0.9914,0.7818,0.6235,0,0,0,Clear,1.0,8.9,8.4,7.7,8.0,40.0,38.5,35.4,33.7,8.8,8.5,7.8,7.4,32.5,MEDIUM,MEDIUM,MEDIUM,MEDIUM,N,27.6,24.4
2026-07-21 11:45,11,45,1,0.0654,-0.9979,0.7818,0.6235,0,0,0,Clear,1.0,8.8,8.5,7.8,7.4,40.5,41.8,35.7,35.7,8.9,9.2,7.9,7.9,33.9,MEDIUM,MEDIUM,MEDIUM,MEDIUM,S,27.9,24.1
2026-07-21 12:00,12,0,1,0.0,-1.0,0.7818,0.6235,0,0,0,Clear,1.0,8.9,9.2,7.9,7.9,42.0,39.8,34.2,35.9,9.2,8.8,7.5,7.9,33.4,MEDIUM,MEDIUM,MEDIUM,MEDIUM,N,28.0,24.0
2026-07-21 12:15,12,15,1,-0.0654,-0.9979,0.7818,0.6235,0,0,0,Clear,1.0,9.2,8.8,7.5,7.9,40.0,39.7,35.2,34.3,8.8,8.7,7.7,7.5,32.7,MEDIUM,MEDIUM,MEDIUM,MEDIUM,N,27.7,24.3
2026-07-21 12:30,12,30,1,-0.1305,-0.9914,0.7818,0.6235,0,0,0,Clear,1.0,8.8,8.7,7.7,7.5,41.1,38.7,36.6,34.8,9.0,8.5,8.1,7.7,33.3,MEDIUM,MEDIUM,MEDIUM,MEDIUM,N,27.5,24.5
2026-07-21 12:45,12,45,1,-0.1951,-0.9808,0.7818,0.6235,0,0,0,Rain,1.25,9.0,8.5,8.1,7.7,50.3,48.8,44.4,42.7,11.1,10.7,9.8,9.4,41.0,MEDIUM,MEDIUM,MEDIUM,MEDIUM,N,27.6,24.4
2026-07-21 13:00,13,0,1,-0.2588,-0.9659,0.7818,0.6235,0,0,0,Rain,1.25,11.1,10.7,9.8,9.4,52.4,51.9,43.7,45.5,11.5,11.4,9.6,10.0,42.5,MEDIUM,MEDIUM,MEDIUM,MEDIUM,N,27.9,24.1
2026-07-21 13:15,13,15,1,-0.3214,-0.9469,0.7818,0.6235,0,0,0,Clear,1.0,11.5,11.4,9.6,10.0,41.0,41.2,35.0,34.4,9.0,9.1,7.7,7.6,33.4,MEDIUM,MEDIUM,MEDIUM,MEDIUM,S,28.2,23.8
2026-07-21 13:30,13,30,1,-0.3827,-0.9239,0.7818,0.6235,0,0,0,Clear,1.0,9.0,9.1,7.7,7.6,38.6,38.6,35.9,33.9,8.5,8.5,7.9,7.5,32.4,MEDIUM,MEDIUM,MEDIUM,MEDIUM,N,27.1,24.9
2026-07-21 13:45,13,45,1,-0.4423,-0.8969,0.7818,0.6235,0,0,0,Clear,1.0,8.5,8.5,7.9,7.5,41.1,38.9,36.1,33.8,9.0,8.6,7.9,7.4,32.9,MEDIUM,MEDIUM,MEDIUM,MEDIUM,N,27.7,24.3
2026-07-21 14:00,14,0,1,-0.5,-0.866,0.7818,0.6235,0,0,0,Clear,1.0,9.0,8.6,7.9,7.4,38.5,40.6,35.8,35.0,8.5,8.9,7.9,7.7,33.0,MEDIUM,MEDIUM,MEDIUM,MEDIUM,S,27.5,24.5
2026-07-21 14:15,14,15,1,-0.5556,-0.8315,0.7818,0.6235,0,0,0,Rain,1.25,8.5,8.9,7.9,7.7,47.5,51.2,42.4,42.1,10.4,11.3,9.3,9.3,40.3,MEDIUM,MEDIUM,MEDIUM,MEDIUM,S,28.2,23.8
2026-07-21 14:30,14,30,1,-0.6088,-0.7934,0.7818,0.6235,0,0,0,Clear,1.0,10.4,11.3,9.3,9.3,41.1,38.1,33.5,35.7,9.0,8.4,7.4,7.9,32.7,MEDIUM,MEDIUM,MEDIUM,MEDIUM,N,27.8,24.2
2026-07-21 14:45,14,45,1,-0.6593,-0.7518,0.7818,0.6235,0,0,0,Clear,1.0,9.0,8.4,7.4,7.9,40.4,38.3,34.1,33.4,8.9,8.4,7.5,7.3,32.1,MEDIUM,MEDIUM,MEDIUM,MEDIUM,N,28.1,23.9
2026-07-21 15:00,15,0,1,-0.7071,-0.7071,0.7818,0.6235,0,0,0,Clear,1.0,8.9,8.4,7.5,7.3,40.5,39.6,33.3,36.5,8.9,8.7,7.3,8.0,32.9,MEDIUM,MEDIUM,MEDIUM,MEDIUM,N,27.6,24.4
2026-07-21 15:15,15,15,1,-0.7518,-0.6593,0.7818,0.6235,0,0,0,Clear,1.0,8.9,8.7,7.3,8.0,39.9,39.5,35.3,34.9,8.8,8.7,7.8,7.7,33.0,MEDIUM,MEDIUM,MEDIUM,MEDIUM,N,27.6,24.4
2026-07-21 15:30,15,30,1,-0.7934,-0.6088,0.7818,0.6235,0,0,0,Clear,1.0,8.8,8.7,7.8,7.7,38.7,42.0,36.3,35.8,8.5,9.2,8.0,7.9,33.6,MEDIUM,MEDIUM,MEDIUM,MEDIUM,S,27.7,24.3
2026-07-21 15:45,15,45,1,-0.8315,-0.5556,0.7818,0.6235,0,0,0,Clear,1.0,8.5,9.2,8.0,7.9,38.3,41.4,35.0,33.8,8.4,9.1,7.7,7.4,32.6,MEDIUM,MEDIUM,MEDIUM,MEDIUM,S,28.0,24.0
2026-07-21 16:00,16,0,1,-0.866,-0.5,0.7818,0.6235,0,0,1,Clear,1.0,8.4,9.1,7.7,7.4,18.6,111.9,17.7,87.5,4.1,24.6,3.9,19.2,51.8,LOW,VERY_HIGH,LOW,HIGH,S,29.0,23.0
2026-07-21 16:15,16,15,1,-0.8969,-0.4423,0.7818,0.6235,0,0,1,Clear,1.0,4.1,24.6,3.9,19.2,18.6,115.4,18.0,81.4,4.1,25.4,4.0,17.9,51.4,LOW,VERY_HIGH,LOW,HIGH,S,30.2,21.8
2026-07-21 16:30,16,30,1,-0.9239,-0.3827,0.7818,0.6235,0,0,1,Clear,1.0,4.1,25.4,4.0,17.9,17.8,114.2,17.7,87.8,3.9,25.1,3.9,19.3,52.2,LOW,VERY_HIGH,LOW,HIGH,S,29.2,22.8
2026-07-21 16:45,16,45,1,-0.9469,-0.3214,0.7818,0.6235,0,0,1,Clear,1.0,3.9,25.1,3.9,19.3,18.7,109.7,17.9,87.8,4.1,24.1,3.9,19.3,51.4,LOW,VERY_HIGH,LOW,HIGH,S,28.7,23.3
2026-07-21 17:00,17,0,1,-0.9659,-0.2588,0.7818,0.6235,0,0,1,Clear,1.0,4.1,24.1,3.9,19.3,18.3,131.4,17.6,103.0,4.0,28.9,3.9,22.7,59.5,LOW,VERY_HIGH,LOW,HIGH,S,29.0,23.0
2026-07-21 17:15,17,15,1,-0.9808,-0.1951,0.7818,0.6235,0,0,1,Clear,1.0,4.0,28.9,3.9,22.7,17.2,131.5,17.8,105.7,3.8,28.9,3.9,23.3,59.9,LOW,VERY_HIGH,LOW,HIGH,S,28.7,23.3
2026-07-21 17:30,17,30,1,-0.9914,-0.1305,0.7818,0.6235,0,0,1,Clear,1.0,3.8,28.9,3.9,23.3,17.3,137.2,17.9,100.3,3.8,30.2,3.9,22.1,60.0,LOW,VERY_HIGH,LOW,HIGH,S,29.8,22.2
2026-07-21 17:45,17,45,1,-0.9979,-0.0654,0.7818,0.6235,0,0,1,Rain,1.25,3.8,30.2,3.9,22.1,21.5,168.0,21.6,133.7,4.7,37.0,4.8,29.4,75.9,LOW,VERY_HIGH,LOW,VERY_HIGH,S,28.8,23.2
2026-07-21 18:00,18,0,1,-1.0,-0.0,0.7818,0.6235,0,0,1,Clear,1.0,4.7,37.0,4.8,29.4,18.8,126.6,18.0,100.9,4.1,27.9,4.0,22.2,58.2,LOW,VERY_HIGH,LOW,HIGH,S,28.8,23.2
2026-07-21 18:15,18,15,1,-0.9979,0.0654,0.7818,0.6235,0,0,1,Clear,1.0,4.1,27.9,4.0,22.2,18.2,130.3,17.5,106.2,4.0,28.7,3.9,23.4,60.0,LOW,VERY_HIGH,LOW,HIGH,S,28.5,23.5
2026-07-21 18:30,18,30,1,-0.9914,0.1305,0.7818,0.6235,0,0,1,Rain,1.25,4.0,28.7,3.9,23.4,21.7,171.9,22.6,129.0,4.8,37.8,5.0,28.4,76.0,LOW,VERY_HIGH,LOW,VERY_HIGH,S,29.5,22.5
2026-07-21 18:45,18,45,1,-0.9808,0.1951,0.7818,0.6235,0,0,1,Clear,1.0,4.8,37.8,5.0,28.4,17.4,129.2,18.2,97.5,3.8,28.4,4.0,21.4,57.6,LOW,VERY_HIGH,LOW,HIGH,S,29.4,22.6
2026-07-21 19:00,19,0,1,-0.9659,0.2588,0.7818,0.6235,0,0,1,Clear,1.0,3.8,28.4,4.0,21.4,18.7,111.6,17.4,82.1,4.1,24.6,3.8,18.1,50.6,LOW,VERY_HIGH,LOW,HIGH,S,29.8,22.2
2026-07-21 19:15,19,15,1,-0.9469,0.3214,0.7818,0.6235,0,0,1,Clear,1.0,4.1,24.6,3.8,18.1,17.6,115.2,18.5,86.8,3.9,25.3,4.1,19.1,52.4,LOW,VERY_HIGH,LOW,HIGH,S,29.4,22.6
2026-07-21 19:30,19,30,1,-0.9239,0.3827,0.7818,0.6235,0,0,1,Rain,1.25,3.9,25.3,4.1,19.1,23.3,141.1,22.9,107.9,5.1,31.0,5.0,23.7,64.8,LOW,VERY_HIGH,LOW,HIGH,S,29.3,22.7
2026-07-21 19:45,19,45,1,-0.8969,0.4423,0.7818,0.6235,0,0,1,Clear,1.0,5.1,31.0,5.0,23.7,18.1,115.2,18.3,81.7,4.0,25.3,4.0,18.0,51.3,LOW,VERY_HIGH,LOW,HIGH,S,30.1,21.9
2026-07-21 20:00,20,0,1,-0.866,0.5,0.7818,0.6235,0,0,0,Clear,1.0,4.0,25.3,4.0,18.0,26.0,25.6,21.8,22.7,5.7,5.6,4.8,5.0,21.1,LOW,LOW,LOW,LOW,N,27.8,24.2
2026-07-21 20:15,20,15,1,-0.8315,0.5556,0.7818,0.6235,0,0,0,Clear,1.0,5.7,5.6,4.8,5.0,24.8,25.4,23.0,21.3,5.5,5.6,5.1,4.7,20.9,LOW,LOW,LOW,LOW,S,27.5,24.5
2026-07-21 20:30,20,30,1,-0.7934,0.6088,0.7818,0.6235,0,0,0,Clear,1.0,5.5,5.6,5.1,4.7,25.7,25.0,21.1,22.1,5.7,5.5,4.6,4.9,20.7,LOW,LOW,LOW,LOW,N,28.0,24.0
2026-07-21 20:45,20,45,1,-0.7518,0.6593,0.7818,0.6235,0,0,0,Clear,1.0,5.7,5.5,4.6,4.9,25.7,25.0,22.4,22.4,5.7,5.5,4.9,4.9,21.0,LOW,LOW,LOW,LOW,N,27.7,24.3
2026-07-21 21:00,21,0,1,-0.7071,0.7071,0.7818,0.6235,0,0,0,Rain,1.25,5.7,5.5,4.9,4.9,30.5,30.1,26.3,27.9,6.7,6.6,5.8,6.1,25.2,MEDIUM,MEDIUM,LOW,MEDIUM,N,27.3,24.7
2026-07-21 21:15,21,15,1,-0.6593,0.7518,0.7818,0.6235,0,0,0,Clear,1.0,6.7,6.6,5.8,6.1,25.7,25.4,23.0,23.1,5.7,5.6,5.1,5.1,21.5,LOW,LOW,LOW,LOW,N,27.4,24.6
2026-07-21 21:30,21,30,1,-0.6088,0.7934,0.7818,0.6235,0,0,0,Heavy Rain,1.5,5.7,5.6,5.1,5.1,37.0,36.1,32.3,34.0,8.1,7.9,7.1,7.5,30.6,MEDIUM,MEDIUM,MEDIUM,MEDIUM,N,27.2,24.8
2026-07-21 21:45,21,45,1,-0.5556,0.8315,0.7818,0.6235,0,0,0,Clear,1.0,8.1,7.9,7.1,7.5,25.7,25.1,23.1,23.0,5.7,5.5,5.1,5.1,21.4,LOW,LOW,LOW,LOW,N,27.3,24.7
2026-07-21 22:00,22,0,1,-0.5,0.866,0.7818,0.6235,0,0,0,Clear,1.0,5.7,5.5,5.1,5.1,25.0,23.9,22.9,21.0,5.5,5.3,5.0,4.6,20.4,LOW,LOW,LOW,LOW,N,27.3,24.7
2026-07-21 22:15,22,15,1,-0.4423,0.8969,0.7818,0.6235,0,0,0,Clear,1.0,5.5,5.3,5.0,4.6,26.2,25.2,21.3,22.0,5.8,5.5,4.7,4.8,20.8,LOW,LOW,LOW,LOW,N,28.2,23.8
2026-07-21 22:30,22,30,1,-0.3827,0.9239,0.7818,0.6235,0,0,0,Clear,1.0,5.8,5.5,4.7,4.8,25.4,25.6,22.6,22.6,5.6,5.6,5.0,5.0,21.2,LOW,LOW,LOW,LOW,N,27.6,24.4
2026-07-21 22:45,22,45,1,-0.3214,0.9469,0.7818,0.6235,0,0,0,Clear,1.0,5.6,5.6,5.0,5.0,24.4,24.2,22.3,22.5,5.4,5.3,4.9,5.0,20.6,LOW,LOW,LOW,LOW,N,27.1,24.9
2026-07-21 23:00,23,0,1,-0.2588,0.9659,0.7818,0.6235,0,0,0,Clear,1.0,5.4,5.3,4.9,5.0,6.1,6.3,4.8,4.9,1.3,1.4,1.1,1.1,4.9,LOW,LOW,LOW,LOW,S,29.2,22.8
2026-07-21 23:15,23,15,1,-0.1951,0.9808,0.7818,0.6235,0,0,0,Clear,1.0,1.3,1.4,1.1,1.1,5.9,6.2,4.8,5.1,1.3,1.4,1.1,1.1,4.9,LOW,LOW,LOW,LOW,S,28.6,23.4
2026-07-21 23:30,23,30,1,-0.1305,0.9914,0.7818,0.6235,0,0,0,Clear,1.0,1.3,1.4,1.1,1.1,6.0,5.7,4.9,5.0,1.3,1.3,1.1,1.1,4.8,LOW,LOW,LOW,LOW,N,28.3,23.7
2026-07-21 23:45,23,45,1,-0.0654,0.9979,0.7818,0.6235,0,0,0,Rain,1.25,1.3,1.3,1.1,1.1,7.1,7.6,6.1,6.3,1.6,1.7,1.3,1.4,6.0,LOW,LOW,LOW,LOW,S,28.3,23.7
2026-07-22 00:00,0,0,2,0.0,1.0,0.9749,-0.2225,0,0,0,Clear,1.0,1.6,1.7,1.3,1.4,6.2,6.3,4.8,4.8,1.4,1.4,1.1,1.1,5.0,LOW,LOW,LOW,LOW,N,29.5,22.5
2026-07-22 00:15,0,15,2,0.0654,0.9979,0.9749,-0.2225,0,0,0,Clear,1.0,1.4,1.4,1.1,1.1,5.9,6.1,5.1,5.0,1.3,1.3,1.1,1.1,4.8,LOW,LOW,LOW,LOW,N,28.3,23.7
2026-07-22 00:30,0,30,2,0.1305,0.9914,0.9749,-0.2225,0,0,0,Rain,1.25,1.3,1.3,1.1,1.1,7.3,7.2,6.6,6.2,1.6,1.6,1.5,1.4,6.1,LOW,LOW,LOW,LOW,N,27.5,24.5
2026-07-22 00:45,0,45,2,0.1951,0.9808,0.9749,-0.2225,0,0,0,Clear,1.0,1.6,1.6,1.5,1.4,6.1,6.2,5.2,5.0,1.3,1.4,1.1,1.1,4.9,LOW,LOW,LOW,LOW,S,28.4,23.6
2026-07-22 01:00,1,0,2,0.2588,0.9659,0.9749,-0.2225,0,0,0,Heavy Rain,1.5,1.3,1.4,1.1,1.1,9.1,8.8,7.4,7.8,2.0,1.9,1.6,1.7,7.2,LOW,LOW,LOW,LOW,N,28.1,23.9
2026-07-22 01:15,1,15,2,0.3214,0.9469,0.9749,-0.2225,0,0,0,Clear,1.0,2.0,1.9,1.6,1.7,6.2,6.0,5.1,4.9,1.4,1.3,1.1,1.1,4.9,LOW,LOW,LOW,LOW,N,28.6,23.4
2026-07-22 01:30,1,30,2,0.3827,0.9239,0.9749,-0.2225,0,0,0,Clear,1.0,1.4,1.3,1.1,1.1,6.3,5.7,5.1,5.1,1.4,1.3,1.1,1.1,4.9,LOW,LOW,LOW,LOW,N,28.4,23.6
2026-07-22 01:45,1,45,2,0.4423,0.8969,0.9749,-0.2225,0,0,0,Clear,1.0,1.4,1.3,1.1,1.1,6.2,5.7,5.2,5.2,1.4,1.3,1.1,1.1,4.9,LOW,LOW,LOW,LOW,N,28.0,24.0
2026-07-22 02:00,2,0,2,0.5,0.866,0.9749,-0.2225,0,0,0,Clear,1.0,1.4,1.3,1.1,1.1,6.2,5.9,4.8,4.8,1.4,1.3,1.1,1.1,4.9,LOW,LOW,LOW,LOW,N,29.1,22.9
2026-07-22 02:15,2,15,2,0.5556,0.8315,0.9749,-0.2225,0,0,0,Clear,1.0,1.4,1.3,1.1,1.1,6.1,6.1,5.1,5.2,1.3,1.3,1.1,1.1,4.8,LOW,LOW,LOW,LOW,N,28.1,23.9
2026-07-22 02:30,2,30,2,0.6088,0.7934,0.9749,-0.2225,0,0,0,Clear,1.0,1.3,1.3,1.1,1.1,5.9,6.1,5.1,4.8,1.3,1.3,1.1,1.1,4.8,LOW,LOW,LOW,LOW,N,28.4,23.6
2026-07-22 02:45,2,45,2,0.6593,0.7518,0.9749,-0.2225,0,0,0,Clear,1.0,1.3,1.3,1.1,1.1,5.9,5.8,5.1,5.1,1.3,1.3,1.1,1.1,4.8,LOW,LOW,LOW,LOW,N,27.8,24.2
2026-07-22 03:00,3,0,2,0.7071,0.7071,0.9749,-0.2225,0,0,0,Clear,1.0,1.3,1.3,1.1,1.1,5.7,5.8,4.8,5.0,1.3,1.3,1.1,1.1,4.8,LOW,LOW,LOW,LOW,N,28.0,24.0
2026-07-22 03:15,3,15,2,0.7518,0.6593,0.9749,-0.2225,0,0,0,Rain,1.25,1.3,1.3,1.1,1.1,7.5,7.3,6.1,6.0,1.6,1.6,1.3,1.3,5.8,LOW,LOW,LOW,LOW,N,28.6,23.4
2026-07-22 03:30,3,30,2,0.7934,0.6088,0.9749,-0.2225,0,0,0,Clear,1.0,1.6,1.6,1.3,1.3,6.2,5.9,5.2,5.2,1.4,1.3,1.1,1.1,4.9,LOW,LOW,LOW,LOW,N,28.1,23.9
2026-07-22 03:45,3,45,2,0.8315,0.5556,0.9749,-0.2225,0,0,0,Clear,1.0,1.4,1.3,1.1,1.1,5.8,6.3,5.0,5.0,1.3,1.4,1.1,1.1,4.9,LOW,LOW,LOW,LOW,S,28.7,23.3
2026-07-22 04:00,4,0,2,0.866,0.5,0.9749,-0.2225,0,0,0,Clear,1.0,1.3,1.4,1.1,1.1,5.7,6.2,4.8,5.0,1.3,1.4,1.1,1.1,4.9,LOW,LOW,LOW,LOW,S,28.6,23.4
2026-07-22 04:15,4,15,2,0.8969,0.4423,0.9749,-0.2225,0,0,0,Clear,1.0,1.3,1.4,1.1,1.1,6.1,6.1,4.8,5.1,1.3,1.3,1.1,1.1,4.8,LOW,LOW,LOW,LOW,N,28.5,23.5
2026-07-22 04:30,4,30,2,0.9239,0.3827,0.9749,-0.2225,0,0,0,Clear,1.0,1.3,1.3,1.1,1.1,5.9,6.0,5.0,4.9,1.3,1.3,1.1,1.1,4.8,LOW,LOW,LOW,LOW,N,28.4,23.6
2026-07-22 04:45,4,45,2,0.9469,0.3214,0.9749,-0.2225,0,0,0,Clear,1.0,1.3,1.3,1.1,1.1,5.7,6.3,4.8,4.9,1.3,1.4,1.1,1.1,4.9,LOW,LOW,LOW,LOW,S,29.0,23.0
2026-07-22 05:00,5,0,2,0.9659,0.2588,0.9749,-0.2225,0,0,0,Clear,1.0,1.3,1.4,1.1,1.1,6.0,5.7,5.2,5.2,1.3,1.3,1.1,1.1,4.8,LOW,LOW,LOW,LOW,N,27.7,24.3
2026-07-22 05:15,5,15,2,0.9808,0.1951,0.9749,-0.2225,0,0,0,Rain,1.25,1.3,1.3,1.1,1.1,7.4,7.4,6.3,6.2,1.6,1.6,1.4,1.4,6.0,LOW,LOW,LOW,LOW,N,28.1,23.9
2026-07-22 05:30,5,30,2,0.9914,0.1305,0.9749,-0.2225,0,0,0,Clear,1.0,1.6,1.6,1.4,1.4,5.9,6.3,5.2,5.1,1.3,1.4,1.1,1.1,4.9,LOW,LOW,LOW,LOW,S,28.3,23.7
2026-07-22 05:45,5,45,2,0.9979,0.0654,0.9749,-0.2225,0,0,0,Clear,1.0,1.3,1.4,1.1,1.1,5.9,6.0,5.0,5.1,1.3,1.3,1.1,1.1,4.8,LOW,LOW,LOW,LOW,N,28.1,23.9
2026-07-22 06:00,6,0,2,1.0,0.0,0.9749,-0.2225,0,0,0,Clear,1.0,1.3,1.3,1.1,1.1,24.7,23.9,22.5,21.7,5.4,5.3,5.0,4.8,20.5,LOW,LOW,LOW,LOW,N,27.2,24.8
2026-07-22 06:15,6,15,2,0.9979,-0.0654,0.9749,-0.2225,0,0,0,Clear,1.0,5.4,5.3,5.0,4.8,24.5,24.2,23.0,22.6,5.4,5.3,5.1,5.0,20.8,LOW,LOW,LOW,LOW,N,26.8,25.2
2026-07-22 06:30,6,30,2,0.9914,-0.1305,0.9749,-0.2225,0,0,0,Clear,1.0,5.4,5.3,5.1,5.0,24.3,26.1,21.2,22.9,5.3,5.7,4.7,5.0,20.7,LOW,LOW,LOW,LOW,S,27.7,24.3
2026-07-22 06:45,6,45,2,0.9808,-0.1951,0.9749,-0.2225,0,0,0,Clear,1.0,5.3,5.7,4.7,5.0,23.9,24.7,21.5,21.4,5.3,5.4,4.7,4.7,20.1,LOW,LOW,LOW,LOW,S,27.7,24.3
2026-07-22 07:00,7,0,2,0.9659,-0.2588,0.9749,-0.2225,0,1,0,Rain,1.25,5.3,5.4,4.7,4.7,139.4,21.8,102.7,23.6,30.7,4.8,22.6,5.2,63.3,VERY_HIGH,LOW,HIGH,LOW,N,29.6,22.4
2026-07-22 07:15,7,15,2,0.9469,-0.3214,0.9749,-0.2225,0,1,0,Clear,1.0,30.7,4.8,22.6,5.2,104.9,18.4,84.1,18.7,23.1,4.0,18.5,4.1,49.7,HIGH,LOW,HIGH,LOW,N,28.7,23.3
2026-07-22 07:30,7,30,2,0.9239,-0.3827,0.9749,-0.2225,0,1,0,Clear,1.0,23.1,4.0,18.5,4.1,104.9,18.1,85.3,17.5,23.1,4.0,18.8,3.9,49.8,HIGH,LOW,HIGH,LOW,N,28.5,23.5
2026-07-22 07:45,7,45,2,0.8969,-0.4423,0.9749,-0.2225,0,1,0,Clear,1.0,23.1,4.0,18.8,3.9,114.1,18.2,81.4,18.2,25.1,4.0,17.9,4.0,51.0,VERY_HIGH,LOW,HIGH,LOW,N,30.1,21.9
2026-07-22 08:00,8,0,2,0.866,-0.5,0.9749,-0.2225,0,1,0,Clear,1.0,25.1,4.0,17.9,4.0,149.0,18.7,113.2,18.4,32.8,4.1,24.9,4.0,65.8,VERY_HIGH,LOW,VERY_HIGH,LOW,N,29.4,22.6
2026-07-22 08:15,8,15,2,0.8315,-0.5556,0.9749,-0.2225,0,1,0,Clear,1.0,32.8,4.1,24.9,4.0,149.1,18.8,107.0,18.8,32.8,4.1,23.5,4.1,64.5,VERY_HIGH,LOW,HIGH,LOW,N,30.1,21.9
2026-07-22 08:30,8,30,2,0.7934,-0.6088,0.9749,-0.2225,0,1,0,Clear,1.0,32.8,4.1,23.5,4.1,144.4,17.4,113.0,17.7,31.8,3.8,24.9,3.9,64.4,VERY_HIGH,LOW,VERY_HIGH,LOW,N,29.0,23.0
2026-07-22 08:45,8,45,2,0.7518,-0.6593,0.9749,-0.2225,0,1,0,Clear,1.0,31.8,3.8,24.9,3.9,149.9,18.8,107.4,17.9,33.0,4.1,23.6,3.9,64.6,VERY_HIGH,LOW,HIGH,LOW,N,30.1,21.9
2026-07-22 09:00,9,0,2,0.7071,-0.7071,0.9749,-0.2225,0,1,0,Clear,1.0,33.0,4.1,23.6,3.9,109.8,18.8,89.0,17.2,24.2,4.1,19.6,3.8,51.7,VERY_HIGH,LOW,HIGH,LOW,N,28.6,23.4
2026-07-22 09:15,9,15,2,0.6593,-0.7518,0.9749,-0.2225,0,1,0,Clear,1.0,24.2,4.1,19.6,3.8,104.5,18.3,86.2,17.7,23.0,4.0,19.0,3.9,49.9,HIGH,LOW,HIGH,LOW,N,28.4,23.6
2026-07-22 09:30,9,30,2,0.6088,-0.7934,0.9749,-0.2225,0,1,0,Clear,1.0,23.0,4.0,19.0,3.9,115.0,18.9,88.7,18.1,25.3,4.2,19.5,4.0,53.0,VERY_HIGH,LOW,HIGH,LOW,N,29.2,22.8
2026-07-22 09:45,9,45,2,0.5556,-0.8315,0.9749,-0.2225,0,1,0,Clear,1.0,25.3,4.2,19.5,4.0,106.9,18.9,81.3,17.9,23.5,4.2,17.9,3.9,49.5,HIGH,LOW,HIGH,LOW,N,29.4,22.6
2026-07-22 10:00,10,0,2,0.5,-0.866,0.9749,-0.2225,0,0,0,Clear,1.0,23.5,4.2,17.9,3.9,25.1,24.3,22.5,22.5,5.5,5.3,5.0,5.0,20.8,LOW,LOW,LOW,LOW,N,27.3,24.7
2026-07-22 10:15,10,15,2,0.4423,-0.8969,0.9749,-0.2225,0,0,0,Clear,1.0,5.5,5.3,5.0,5.0,25.0,24.8,22.7,22.7,5.5,5.5,5.0,5.0,21.0,LOW,LOW,LOW,LOW,N,27.2,24.8
2026-07-22 10:30,10,30,2,0.3827,-0.9239,0.9749,-0.2225,0,0,0,Clear,1.0,5.5,5.5,5.0,5.0,25.3,25.2,22.3,21.2,5.6,5.5,4.9,4.7,20.7,LOW,LOW,LOW,LOW,N,27.8,24.2
2026-07-22 10:45,10,45,2,0.3214,-0.9469,0.9749,-0.2225,0,0,0,Clear,1.0,5.6,5.5,4.9,4.7,24.9,25.3,22.7,22.7,5.5,5.6,5.0,5.0,21.1,LOW,LOW,LOW,LOW,S,27.4,24.6
2026-07-22 11:00,11,0,2,0.2588,-0.9659,0.9749,-0.2225,0,0,0,Clear,1.0,5.5,5.6,5.0,5.0,39.7,42.0,33.7,35.6,8.7,9.2,7.4,7.8,33.1,MEDIUM,MEDIUM,MEDIUM,MEDIUM,S,28.1,23.9
2026-07-22 11:15,11,15,2,0.1951,-0.9808,0.9749,-0.2225,0,0,0,Rain,1.25,8.7,9.2,7.4,7.8,52.3,49.1,44.7,45.0,11.5,10.8,9.8,9.9,42.0,MEDIUM,MEDIUM,MEDIUM,MEDIUM,N,27.8,24.2
2026-07-22 11:30,11,30,2,0.1305,-0.9914,0.9749,-0.2225,0,0,0,Clear,1.0,11.5,10.8,9.8,9.9,41.5,41.7,36.3,36.0,9.1,9.2,8.0,7.9,34.2,MEDIUM,MEDIUM,MEDIUM,MEDIUM,S,27.8,24.2
2026-07-22 11:45,11,45,2,0.0654,-0.9979,0.9749,-0.2225,0,0,0,Clear,1.0,9.1,9.2,8.0,7.9,42.0,41.5,35.1,35.2,9.2,9.1,7.7,7.7,33.7,MEDIUM,MEDIUM,MEDIUM,MEDIUM,N,28.3,23.7
2026-07-22 12:00,12,0,2,0.0,-1.0,0.9749,-0.2225,0,0,0,Clear,1.0,9.2,9.1,7.7,7.7,40.8,38.7,35.6,35.6,9.0,8.5,7.8,7.8,33.1,MEDIUM,MEDIUM,MEDIUM,MEDIUM,N,27.6,24.4
2026-07-22 12:15,12,15,2,-0.0654,-0.9979,0.9749,-0.2225,0,0,0,Clear,1.0,9.0,8.5,7.8,7.8,38.8,41.6,35.2,35.1,8.5,9.2,7.7,7.7,33.1,MEDIUM,MEDIUM,MEDIUM,MEDIUM,S,27.9,24.1
2026-07-22 12:30,12,30,2,-0.1305,-0.9914,0.9749,-0.2225,0,0,0,Clear,1.0,8.5,9.2,7.7,7.7,39.2,38.6,34.9,34.2,8.6,8.5,7.7,7.5,32.3,MEDIUM,MEDIUM,MEDIUM,MEDIUM,N,27.5,24.5
2026-07-22 12:45,12,45,2,-0.1951,-0.9808,0.9749,-0.2225,0,0,0,Clear,1.0,8.6,8.5,7.7,7.5,38.4,39.6,34.9,33.3,8.4,8.7,7.7,7.3,32.1,MEDIUM,MEDIUM,MEDIUM,MEDIUM,S,27.7,24.3
2026-07-22 13:00,13,0,2,-0.2588,-0.9659,0.9749,-0.2225,0,0,0,Clear,1.0,8.4,8.7,7.7,7.3,38.6,38.6,36.7,36.2,8.5,8.5,8.1,8.0,33.1,MEDIUM,MEDIUM,MEDIUM,MEDIUM,N,26.7,25.3
2026-07-22 13:15,13,15,2,-0.3214,-0.9469,0.9749,-0.2225,0,0,0,Clear,1.0,8.5,8.5,8.1,8.0,38.7,39.2,35.0,34.5,8.5,8.6,7.7,7.6,32.4,MEDIUM,MEDIUM,MEDIUM,MEDIUM,S,27.5,24.5
2026-07-22 13:30,13,30,2,-0.3827,-0.9239,0.9749,-0.2225,0,0,0,Clear,1.0,8.5,8.6,7.7,7.6,39.3,40.4,34.9,35.0,8.6,8.9,7.7,7.7,32.9,MEDIUM,MEDIUM,MEDIUM,MEDIUM,S,27.8,24.2
2026-07-22 13:45,13,45,2,-0.4423,-0.8969,0.9749,-0.2225,0,0,0,Clear,1.0,8.6,8.9,7.7,7.7,39.7,40.0,33.4,34.0,8.7,8.8,7.3,7.5,32.3,MEDIUM,MEDIUM,MEDIUM,MEDIUM,S,28.1,23.9
2026-07-22 14:00,14,0,2,-0.5,-0.866,0.9749,-0.2225,0,0,0,Rain,1.25,8.7,8.8,7.3,7.5,52.2,49.8,45.6,42.6,11.5,11.0,10.0,9.4,41.9,MEDIUM,MEDIUM,MEDIUM,MEDIUM,N,27.8,24.2
2026-07-22 14:15,14,15,2,-0.5556,-0.8315,0.9749,-0.2225,0,0,0,Clear,1.0,11.5,11.0,10.0,9.4,39.3,41.2,34.4,35.8,8.6,9.1,7.6,7.9,33.2,MEDIUM,MEDIUM,MEDIUM,MEDIUM,S,27.8,24.2
2026-07-22 14:30,14,30,2,-0.6088,-0.7934,0.9749,-0.2225,0,0,0,Clear,1.0,8.6,9.1,7.6,7.9,39.7,41.8,34.3,33.4,8.7,9.2,7.5,7.3,32.7,MEDIUM,MEDIUM,MEDIUM,MEDIUM,S,28.5,23.5
2026-07-22 14:45,14,45,2,-0.6593,-0.7518,0.9749,-0.2225,0,0,0,Clear,1.0,8.7,9.2,7.5,7.3,39.8,41.1,35.0,35.2,8.8,9.0,7.7,7.7,33.2,MEDIUM,MEDIUM,MEDIUM,MEDIUM,S,27.9,24.1
2026-07-22 15:00,15,0,2,-0.7071,-0.7071,0.9749,-0.2225,0,0,0,Clear,1.0,8.8,9.0,7.7,7.7,41.5,40.5,35.0,35.9,9.1,8.9,7.7,7.9,33.6,MEDIUM,MEDIUM,MEDIUM,MEDIUM,N,27.9,24.1
2026-07-22 15:15,15,15,2,-0.7518,-0.6593,0.9749,-0.2225,0,0,0,Clear,1.0,9.1,8.9,7.7,7.9,40.8,38.5,33.5,35.7,9.0,8.5,7.4,7.9,32.8,MEDIUM,MEDIUM,MEDIUM,MEDIUM,N,27.8,24.2
2026-07-22 15:30,15,30,2,-0.7934,-0.6088,0.9749,-0.2225,0,0,0,Clear,1.0,9.0,8.5,7.4,7.9,40.3,40.8,33.8,35.2,8.9,9.0,7.4,7.7,33.0,MEDIUM,MEDIUM,MEDIUM,MEDIUM,S,28.0,24.0
2026-07-22 15:45,15,45,2,-0.8315,-0.5556,0.9749,-0.2225,0,0,0,Clear,1.0,8.9,9.0,7.4,7.7,40.8,39.6,33.6,33.4,9.0,8.7,7.4,7.3,32.4,MEDIUM,MEDIUM,MEDIUM,MEDIUM,N,28.4,23.6
2026-07-22 16:00,16,0,2,-0.866,-0.5,0.9749,-0.2225,0,0,1,Clear,1.0,9.0,8.7,7.4,7.3,18.5,107.6,18.6,88.2,4.1,23.7,4.1,19.4,51.3,LOW,HIGH,LOW,HIGH,S,28.4,23.6
2026-07-22 16:15,16,15,2,-0.8969,-0.4423,0.9749,-0.2225,0,0,1,Clear,1.0,4.1,23.7,4.1,19.4,18.6,115.2,17.2,85.7,4.1,25.3,3.8,18.9,52.1,LOW,VERY_HIGH,LOW,HIGH,S,29.7,22.3
2026-07-22 16:30,16,30,2,-0.9239,-0.3827,0.9749,-0.2225,0,0,1,Clear,1.0,4.1,25.3,3.8,18.9,17.8,109.8,18.1,84.5,3.9,24.2,4.0,18.6,50.7,LOW,VERY_HIGH,LOW,HIGH,S,29.2,22.8
2026-07-22 16:45,16,45,2,-0.9469,-0.3214,0.9749,-0.2225,0,0,1,Clear,1.0,3.9,24.2,4.0,18.6,18.6,112.7,17.3,85.8,4.1,24.8,3.8,18.9,51.6,LOW,VERY_HIGH,LOW,HIGH,S,29.4,22.6
2026-07-22 17:00,17,0,2,-0.9659,-0.2588,0.9749,-0.2225,0,0,1,Rain,1.25,4.1,24.8,3.8,18.9,22.1,166.7,21.9,133.5,4.9,36.7,4.8,29.4,75.8,LOW,VERY_HIGH,LOW,VERY_HIGH,S,28.7,23.3
2026-07-22 17:15,17,15,2,-0.9808,-0.1951,0.9749,-0.2225,0,0,1,Clear,1.0,4.9,36.7,4.8,29.4,17.4,135.5,18.9,101.4,3.8,29.8,4.2,22.3,60.1,LOW,VERY_HIGH,LOW,HIGH,S,29.5,22.5
2026-07-22 17:30,17,30,2,-0.9914,-0.1305,0.9749,-0.2225,0,0,1,Clear,1.0,3.8,29.8,4.2,22.3,18.4,126.1,17.5,104.4,4.0,27.7,3.9,23.0,58.6,LOW,VERY_HIGH,LOW,HIGH,S,28.4,23.6
2026-07-22 17:45,17,45,2,-0.9979,-0.0654,0.9749,-0.2225,0,0,1,Clear,1.0,4.0,27.7,3.9,23.0,17.2,132.9,18.6,97.4,3.8,29.2,4.1,21.4,58.5,LOW,VERY_HIGH,LOW,HIGH,S,29.7,22.3
2026-07-22 18:00,18,0,2,-1.0,-0.0,0.9749,-0.2225,0,0,1,Rain,1.25,3.8,29.2,4.1,21.4,21.4,171.8,21.5,126.5,4.7,37.8,4.7,27.8,75.0,LOW,VERY_HIGH,LOW,VERY_HIGH,S,29.8,22.2
2026-07-22 18:15,18,15,2,-0.9979,0.0654,0.9749,-0.2225,0,0,1,Clear,1.0,4.7,37.8,4.7,27.8,17.9,132.4,17.3,101.5,3.9,29.1,3.8,22.3,59.1,LOW,VERY_HIGH,LOW,HIGH,S,29.3,22.7
2026-07-22 18:30,18,30,2,-0.9914,0.1305,0.9749,-0.2225,0,0,1,Clear,1.0,3.9,29.1,3.8,22.3,18.2,125.6,17.9,98.5,4.0,27.6,3.9,21.7,57.2,LOW,VERY_HIGH,LOW,HIGH,S,29.0,23.0
2026-07-22 18:45,18,45,2,-0.9808,0.1951,0.9749,-0.2225,0,0,1,Clear,1.0,4.0,27.6,3.9,21.7,17.8,137.1,17.3,102.8,3.9,30.2,3.8,22.6,60.5,LOW,VERY_HIGH,LOW,HIGH,S,29.6,22.4
2026-07-22 19:00,19,0,2,-0.9659,0.2588,0.9749,-0.2225,0,0,1,Clear,1.0,3.9,30.2,3.8,22.6,17.7,113.8,18.8,86.4,3.9,25.0,4.1,19.0,52.0,LOW,VERY_HIGH,LOW,HIGH,S,29.3,22.7
2026-07-22 19:15,19,15,2,-0.9469,0.3214,0.9749,-0.2225,0,0,1,Rain,1.25,3.9,25.0,4.1,19.0,22.7,131.2,22.3,104.8,5.0,28.9,4.9,23.1,61.9,LOW,VERY_HIGH,LOW,HIGH,S,28.7,23.3
2026-07-22 19:30,19,30,2,-0.9239,0.3827,0.9749,-0.2225,0,0,1,Clear,1.0,5.0,28.9,4.9,23.1,18.5,105.9,18.2,88.7,4.1,23.3,4.0,19.5,50.9,LOW,HIGH,LOW,HIGH,S,28.2,23.8
2026-07-22 19:45,19,45,2,-0.8969,0.4423,0.9749,-0.2225,0,0,1,Clear,1.0,4.1,23.3,4.0,19.5,17.6,105.0,17.7,87.2,3.9,23.1,3.9,19.2,50.1,LOW,HIGH,LOW,HIGH,S,28.3,23.7
2026-07-22 20:00,20,0,2,-0.866,0.5,0.9749,-0.2225,0,0,0,Clear,1.0,3.9,23.1,3.9,19.2,25.7,25.9,21.8,22.1,5.7,5.7,4.8,4.9,21.1,LOW,LOW,LOW,LOW,N,28.1,23.9
2026-07-22 20:15,20,15,2,-0.8315,0.5556,0.9749,-0.2225,0,0,0,Clear,1.0,5.7,5.7,4.8,4.9,23.8,25.2,21.8,22.0,5.2,5.5,4.8,4.8,20.3,LOW,LOW,LOW,LOW,S,27.6,24.4
2026-07-22 20:30,20,30,2,-0.7934,0.6088,0.9749,-0.2225,0,0,0,Clear,1.0,5.2,5.5,4.8,4.8,25.7,24.2,21.3,21.2,5.7,5.3,4.7,4.7,20.4,LOW,LOW,LOW,LOW,N,28.3,23.7
2026-07-22 20:45,20,45,2,-0.7518,0.6593,0.9749,-0.2225,0,0,0,Rain,1.25,5.7,5.3,4.7,4.7,30.9,29.8,26.8,27.4,6.8,6.6,5.9,6.0,25.3,MEDIUM,MEDIUM,LOW,MEDIUM,N,27.5,24.5
2026-07-22 21:00,21,0,2,-0.7071,0.7071,0.9749,-0.2225,0,0,0,Heavy Rain,1.5,6.8,6.6,5.9,6.0,35.7,37.7,31.6,34.2,7.9,8.3,7.0,7.5,30.7,MEDIUM,MEDIUM,MEDIUM,MEDIUM,S,27.3,24.7
2026-07-22 21:15,21,15,2,-0.6593,0.7518,0.9749,-0.2225,0,0,0,Clear,1.0,7.9,8.3,7.0,7.5,25.1,24.4,22.0,21.9,5.5,5.4,4.8,4.8,20.5,LOW,LOW,LOW,LOW,N,27.6,24.4
2026-07-22 21:30,21,30,2,-0.6088,0.7934,0.9749,-0.2225,0,0,0,Clear,1.0,5.5,5.4,4.8,4.8,24.9,24.2,21.4,22.2,5.5,5.3,4.7,4.9,20.4,LOW,LOW,LOW,LOW,N,27.5,24.5
2026-07-22 21:45,21,45,2,-0.5556,0.8315,0.9749,-0.2225,0,0,0,Rain,1.25,5.5,5.3,4.7,4.9,32.2,29.8,27.4,28.6,7.1,6.6,6.0,6.3,26.0,MEDIUM,MEDIUM,MEDIUM,MEDIUM,N,27.4,24.6
2026-07-22 22:00,22,0,2,-0.5,0.866,0.9749,-0.2225,0,0,0,Clear,1.0,7.1,6.6,6.0,6.3,25.2,25.5,21.5,21.3,5.5,5.6,4.7,4.7,20.5,LOW,LOW,LOW,LOW,S,28.2,23.8
2026-07-22 22:15,22,15,2,-0.4423,0.8969,0.9749,-0.2225,0,0,0,Clear,1.0,5.5,5.6,4.7,4.7,26.0,23.8,22.9,21.2,5.7,5.2,5.0,4.7,20.6,LOW,LOW,LOW,LOW,N,27.6,24.4
2026-07-22 22:30,22,30,2,-0.3827,0.9239,0.9749,-0.2225,0,0,0,Clear,1.0,5.7,5.2,5.0,4.7,24.4,24.1,22.0,21.1,5.4,5.3,4.8,4.6,20.1,LOW,LOW,LOW,LOW,N,27.4,24.6
2026-07-22 22:45,22,45,2,-0.3214,0.9469,0.9749,-0.2225,0,0,0,Clear,1.0,5.4,5.3,4.8,4.6,23.9,25.3,22.4,22.3,5.3,5.6,4.9,4.9,20.7,LOW,LOW,LOW,LOW,S,27.4,24.6
2026-07-22 23:00,23,0,2,-0.2588,0.9659,0.9749,-0.2225,0,0,0,Clear,1.0,5.3,5.6,4.9,4.9,6.1,6.3,4.8,5.1,1.3,1.4,1.1,1.1,4.9,LOW,LOW,LOW,LOW,S,28.8,23.2
2026-07-22 23:15,23,15,2,-0.1951,0.9808,0.9749,-0.2225,0,0,0,Clear,1.0,1.3,1.4,1.1,1.1,6.1,5.8,5.1,5.0,1.3,1.3,1.1,1.1,4.8,LOW,LOW,LOW,LOW,N,28.2,23.8
2026-07-22 23:30,23,30,2,-0.1305,0.9914,0.9749,-0.2225,0,0,0,Rain,1.25,1.3,1.3,1.1,1.1,7.4,7.7,6.5,6.4,1.6,1.7,1.4,1.4,6.1,LOW,LOW,LOW,LOW,S,28.1,23.9
2026-07-22 23:45,23,45,2,-0.0654,0.9979,0.9749,-0.2225,0,0,0,Clear,1.0,1.6,1.7,1.4,1.4,5.8,6.1,4.9,4.9,1.3,1.3,1.1,1.1,4.8,LOW,LOW,LOW,LOW,N,28.7,23.3
2026-07-23 00:00,0,0,3,0.0,1.0,0.4339,-0.901,0,0,0,Clear,1.0,1.3,1.3,1.1,1.1,5.9,6.1,4.9,5.0,1.3,1.3,1.1,1.1,4.8,LOW,LOW,LOW,LOW,N,28.5,23.5
2026-07-23 00:15,0,15,3,0.0654,0.9979,0.4339,-0.901,0,0,0,Clear,1.0,1.3,1.3,1.1,1.1,5.8,6.2,5.1,5.0,1.3,1.4,1.1,1.1,4.9,LOW,LOW,LOW,LOW,S,28.4,23.6
2026-07-23 00:30,0,30,3,0.1305,0.9914,0.4339,-0.901,0,0,0,Clear,1.0,1.3,1.4,1.1,1.1,6.3,6.1,5.2,5.2,1.4,1.3,1.1,1.1,4.9,LOW,LOW,LOW,LOW,N,28.4,23.6
2026-07-23 00:45,0,45,3,0.1951,0.9808,0.4339,-0.901,0,0,0,Clear,1.0,1.4,1.3,1.1,1.1,5.9,5.9,5.0,5.1,1.3,1.3,1.1,1.1,4.8,LOW,LOW,LOW,LOW,N,28.0,24.0
2026-07-23 01:00,1,0,3,0.2588,0.9659,0.4339,-0.901,0,0,0,Rain,1.25,1.3,1.3,1.1,1.1,7.2,7.3,6.2,6.5,1.6,1.6,1.4,1.4,6.0,LOW,LOW,LOW,LOW,N,27.6,24.4
2026-07-23 01:15,1,15,3,0.3214,0.9469,0.4339,-0.901,0,0,0,Clear,1.0,1.6,1.6,1.4,1.4,5.9,5.8,5.0,5.0,1.3,1.3,1.1,1.1,4.8,LOW,LOW,LOW,LOW,N,28.1,23.9
2026-07-23 01:30,1,30,3,0.3827,0.9239,0.4339,-0.901,0,0,0,Clear,1.0,1.3,1.3,1.1,1.1,6.0,6.1,5.1,5.0,1.3,1.3,1.1,1.1,4.8,LOW,LOW,LOW,LOW,N,28.3,23.7
2026-07-23 01:45,1,45,3,0.4423,0.8969,0.4339,-0.901,0,0,0,Clear,1.0,1.3,1.3,1.1,1.1,6.2,6.2,5.0,5.1,1.4,1.4,1.1,1.1,5.0,LOW,LOW,LOW,LOW,N,28.6,23.4
2026-07-23 02:00,2,0,3,0.5,0.866,0.4339,-0.901,0,0,0,Clear,1.0,1.4,1.4,1.1,1.1,6.1,6.0,5.0,4.9,1.3,1.3,1.1,1.1,4.8,LOW,LOW,LOW,LOW,N,28.6,23.4
2026-07-23 02:15,2,15,3,0.5556,0.8315,0.4339,-0.901,0,0,0,Clear,1.0,1.3,1.3,1.1,1.1,6.0,6.3,5.1,5.2,1.3,1.4,1.1,1.1,4.9,LOW,LOW,LOW,LOW,S,28.4,23.6
2026-07-23 02:30,2,30,3,0.6088,0.7934,0.4339,-0.901,0,0,0,Clear,1.0,1.3,1.4,1.1,1.1,6.1,5.7,4.9,5.0,1.3,1.3,1.1,1.1,4.8,LOW,LOW,LOW,LOW,N,28.4,23.6
2026-07-23 02:45,2,45,3,0.6593,0.7518,0.4339,-0.901,0,0,0,Clear,1.0,1.3,1.3,1.1,1.1,5.8,6.1,5.2,4.8,1.3,1.3,1.1,1.1,4.8,LOW,LOW,LOW,LOW,N,28.2,23.8
2026-07-23 03:00,3,0,3,0.7071,0.7071,0.4339,-0.901,0,0,0,Clear,1.0,1.3,1.3,1.1,1.1,6.1,6.2,5.2,5.2,1.3,1.4,1.1,1.1,4.9,LOW,LOW,LOW,LOW,S,28.2,23.8
2026-07-23 03:15,3,15,3,0.7518,0.6593,0.4339,-0.901,0,0,0,Clear,1.0,1.3,1.4,1.1,1.1,6.1,5.7,5.2,4.8,1.3,1.3,1.1,1.1,4.8,LOW,LOW,LOW,LOW,N,28.1,23.9
2026-07-23 03:30,3,30,3,0.7934,0.6088,0.4339,-0.901,0,0,0,Clear,1.0,1.3,1.3,1.1,1.1,6.1,6.1,5.1,4.8,1.3,1.3,1.1,1.1,4.8,LOW,LOW,LOW,LOW,N,28.5,23.5
2026-07-23 03:45,3,45,3,0.8315,0.5556,0.4339,-0.901,0,0,0,Clear,1.0,1.3,1.3,1.1,1.1,6.1,6.0,5.1,4.9,1.3,1.3,1.1,1.1,4.8,LOW,LOW,LOW,LOW,N,28.4,23.6
2026-07-23 04:00,4,0,3,0.866,0.5,0.4339,-0.901,0,0,0,Clear,1.0,1.3,1.3,1.1,1.1,5.7,5.9,4.8,4.8,1.3,1.3,1.1,1.1,4.8,LOW,LOW,LOW,LOW,N,28.6,23.4
2026-07-23 04:15,4,15,3,0.8969,0.4423,0.4339,-0.901,0,0,0,Clear,1.0,1.3,1.3,1.1,1.1,6.2,5.9,5.1,5.1,1.4,1.3,1.1,1.1,4.9,LOW,LOW,LOW,LOW,N,28.4,23.6
2026-07-23 04:30,4,30,3,0.9239,0.3827,0.4339,-0.901,0,0,0,Clear,1.0,1.4,1.3,1.1,1.1,6.0,6.3,5.1,5.2,1.3,1.4,1.1,1.1,4.9,LOW,LOW,LOW,LOW,S,28.4,23.6
2026-07-23 04:45,4,45,3,0.9469,0.3214,0.4339,-0.901,0,0,0,Rain,1.25,1.3,1.4,1.1,1.1,7.2,7.5,6.2,6.3,1.6,1.6,1.4,1.4,6.0,LOW,LOW,LOW,LOW,N,28.2,23.8
2026-07-23 05:00,5,0,3,0.9659,0.2588,0.4339,-0.901,0,0,0,Clear,1.0,1.6,1.6,1.4,1.4,6.2,6.3,5.0,5.2,1.4,1.4,1.1,1.1,5.0,LOW,LOW,LOW,LOW,N,28.6,23.4
2026-07-23 05:15,5,15,3,0.9808,0.1951,0.4339,-0.901,0,0,0,Clear,1.0,1.4,1.4,1.1,1.1,6.3,6.2,4.9,4.9,1.4,1.4,1.1,1.1,5.0,LOW,LOW,LOW,LOW,N,29.2,22.8
2026-07-23 05:30,5,30,3,0.9914,0.1305,0.4339,-0.901,0,0,0,Heavy Rain,1.5,1.4,1.4,1.1,1.1,8.9,9.2,7.5,7.5,2.0,2.0,1.6,1.6,7.2,LOW,LOW,LOW,LOW,N,28.5,23.5
2026-07-23 05:45,5,45,3,0.9979,0.0654,0.4339,-0.901,0,0,0,Clear,1.0,2.0,2.0,1.6,1.6,5.9,5.9,5.0,5.0,1.3,1.3,1.1,1.1,4.8,LOW,LOW,LOW,LOW,N,28.1,23.9
2026-07-23 06:00,6,0,3,1.0,0.0,0.4339,-0.901,0,0,0,Clear,1.0,1.3,1.3,1.1,1.1,24.0,24.9,21.7,22.5,5.3,5.5,4.8,5.0,20.6,LOW,LOW,LOW,LOW,S,27.3,24.7
2026-07-23 06:15,6,15,3,0.9979,-0.0654,0.4339,-0.901,0,0,0,Rain,1.25,5.3,5.5,4.8,5.0,31.7,31.3,26.5,27.5,7.0,6.9,5.8,6.0,25.7,MEDIUM,MEDIUM,LOW,MEDIUM,N,27.9,24.1
2026-07-23 06:30,6,30,3,0.9914,-0.1305,0.4339,-0.901,0,0,0,Clear,1.0,7.0,6.9,5.8,6.0,24.7,25.7,20.9,21.6,5.4,5.7,4.6,4.8,20.5,LOW,LOW,LOW,LOW,S,28.2,23.8
2026-07-23 06:45,6,45,3,0.9808,-0.1951,0.4339,-0.901,0,0,0,Clear,1.0,5.4,5.7,4.6,4.8,24.0,23.8,22.8,22.7,5.3,5.2,5.0,5.0,20.5,LOW,LOW,LOW,LOW,N,26.7,25.3
2026-07-23 07:00,7,0,3,0.9659,-0.2588,0.4339,-0.901,0,1,0,Rain,1.25,5.3,5.2,5.0,5.0,134.2,21.8,110.9,21.6,29.5,4.8,24.4,4.8,63.5,VERY_HIGH,LOW,VERY_HIGH,LOW,N,28.3,23.7
2026-07-23 07:15,7,15,3,0.9469,-0.3214,0.4339,-0.901,0,1,0,Clear,1.0,29.5,4.8,24.4,4.8,113.6,18.0,88.3,17.5,25.0,4.0,19.4,3.9,52.3,VERY_HIGH,LOW,HIGH,LOW,N,29.1,22.9
2026-07-23 07:30,7,30,3,0.9239,-0.3827,0.4339,-0.901,0,1,0,Clear,1.0,25.0,4.0,19.4,3.9,107.5,17.7,86.2,17.5,23.6,3.9,19.0,3.9,50.4,HIGH,LOW,HIGH,LOW,N,28.7,23.3
2026-07-23 07:45,7,45,3,0.8969,-0.4423,0.4339,-0.901,0,1,0,Clear,1.0,23.6,3.9,19.0,3.9,104.8,18.8,85.3,18.6,23.1,4.1,18.8,4.1,50.1,HIGH,LOW,HIGH,LOW,N,28.5,23.5
2026-07-23 08:00,8,0,3,0.866,-0.5,0.4339,-0.901,0,1,0,Rain,1.25,23.1,4.1,18.8,4.1,182.6,22.3,139.1,22.1,40.2,4.9,30.6,4.9,80.6,VERY_HIGH,LOW,VERY_HIGH,LOW,N,29.4,22.6
2026-07-23 08:15,8,15,3,0.8315,-0.5556,0.4339,-0.901,0,1,0,Clear,1.0,40.2,4.9,30.6,4.9,145.2,17.5,105.7,18.3,31.9,3.9,23.3,4.0,63.1,VERY_HIGH,LOW,HIGH,LOW,N,29.9,22.1
2026-07-23 08:30,8,30,3,0.7934,-0.6088,0.4339,-0.901,0,1,0,Clear,1.0,31.9,3.9,23.3,4.0,136.5,18.1,110.4,18.5,30.0,4.0,24.3,4.1,62.4,VERY_HIGH,LOW,VERY_HIGH,LOW,N,28.6,23.4
2026-07-23 08:45,8,45,3,0.7518,-0.6593,0.4339,-0.901,0,1,0,Clear,1.0,30.0,4.0,24.3,4.1,144.7,17.2,107.8,17.6,31.8,3.8,23.7,3.9,63.2,VERY_HIGH,LOW,HIGH,LOW,N,29.6,22.4
2026-07-23 09:00,9,0,3,0.7071,-0.7071,0.4339,-0.901,0,1,0,Clear,1.0,31.8,3.8,23.7,3.9,113.0,18.5,85.7,18.7,24.9,4.1,18.9,4.1,52.0,VERY_HIGH,LOW,HIGH,LOW,N,29.3,22.7
2026-07-23 09:15,9,15,3,0.6593,-0.7518,0.4339,-0.901,0,1,0,Clear,1.0,24.9,4.1,18.9,4.1,108.7,18.9,81.1,17.4,23.9,4.2,17.8,3.8,49.7,HIGH,LOW,HIGH,LOW,N,29.6,22.4
2026-07-23 09:30,9,30,3,0.6088,-0.7934,0.4339,-0.901,0,1,0,Rain,1.25,23.9,4.2,17.8,3.8,132.0,21.6,103.7,23.2,29.0,4.8,22.8,5.1,61.7,VERY_HIGH,LOW,HIGH,LOW,N,28.9,23.1
2026-07-23 09:45,9,45,3,0.5556,-0.8315,0.4339,-0.901,0,1,0,Clear,1.0,29.0,4.8,22.8,5.1,106.1,18.2,87.7,17.8,23.3,4.0,19.3,3.9,50.5,HIGH,LOW,HIGH,LOW,N,28.3,23.7
2026-07-23 10:00,10,0,3,0.5,-0.866,0.4339,-0.901,0,0,0,Clear,1.0,23.3,4.0,19.3,3.9,25.6,25.3,21.5,22.9,5.6,5.6,4.7,5.0,20.9,LOW,LOW,LOW,LOW,N,27.6,24.4
2026-07-23 10:15,10,15,3,0.4423,-0.8969,0.4339,-0.901,0,0,0,Clear,1.0,5.6,5.6,4.7,5.0,25.8,24.5,22.7,20.9,5.7,5.4,5.0,4.6,20.7,LOW,LOW,LOW,LOW,N,27.8,24.2
2026-07-23 10:30,10,30,3,0.3827,-0.9239,0.4339,-0.901,0,0,0,Clear,1.0,5.7,5.4,5.0,4.6,25.2,25.5,23.1,21.8,5.5,5.6,5.1,4.8,21.0,LOW,LOW,LOW,LOW,S,27.4,24.6
2026-07-23 10:45,10,45,3,0.3214,-0.9469,0.4339,-0.901,0,0,0,Clear,1.0,5.5,5.6,5.1,4.8,23.8,24.1,22.3,22.4,5.2,5.3,4.9,4.9,20.3,LOW,LOW,LOW,LOW,S,26.9,25.1
2026-07-23 11:00,11,0,3,0.2588,-0.9659,0.4339,-0.901,0,0,0,Clear,1.0,5.2,5.3,4.9,4.9,38.5,38.7,35.1,33.7,8.5,8.5,7.7,7.4,32.1,MEDIUM,MEDIUM,MEDIUM,MEDIUM,N,27.4,24.6
2026-07-23 11:15,11,15,3,0.1951,-0.9808,0.4339,-0.901,0,0,0,Clear,1.0,8.5,8.5,7.7,7.4,39.0,38.8,36.0,36.7,8.6,8.5,7.9,8.1,33.1,MEDIUM,MEDIUM,MEDIUM,MEDIUM,N,26.8,25.2
2026-07-23 11:30,11,30,3,0.1305,-0.9914,0.4339,-0.901,0,0,0,Clear,1.0,8.6,8.5,7.9,8.1,40.7,39.0,36.0,35.1,9.0,8.6,7.9,7.7,33.2,MEDIUM,MEDIUM,MEDIUM,MEDIUM,N,27.5,24.5
2026-07-23 11:45,11,45,3,0.0654,-0.9979,0.4339,-0.901,0,0,0,Rain,1.25,9.0,8.6,7.9,7.7,49.0,49.2,44.1,43.5,10.8,10.8,9.7,9.6,40.9,MEDIUM,MEDIUM,MEDIUM,MEDIUM,N,27.5,24.5
2026-07-23 12:00,12,0,3,0.0,-1.0,0.4339,-0.901,0,0,0,Clear,1.0,10.8,10.8,9.7,9.6,41.0,38.0,33.6,35.8,9.0,8.4,7.4,7.9,32.7,MEDIUM,MEDIUM,MEDIUM,MEDIUM,N,27.7,24.3
2026-07-23 12:15,12,15,3,-0.0654,-0.9979,0.4339,-0.901,0,0,0,Clear,1.0,9.0,8.4,7.4,7.9,40.5,39.9,34.0,34.6,8.9,8.8,7.5,7.6,32.8,MEDIUM,MEDIUM,MEDIUM,MEDIUM,N,28.1,23.9
2026-07-23 12:30,12,30,3,-0.1305,-0.9914,0.4339,-0.901,0,0,0,Rain,1.25,8.9,8.8,7.5,7.6,48.1,48.5,45.5,43.3,10.6,10.7,10.0,9.5,40.8,MEDIUM,MEDIUM,MEDIUM,MEDIUM,S,27.0,25.0
2026-07-23 12:45,12,45,3,-0.1951,-0.9808,0.4339,-0.901,0,0,0,Clear,1.0,10.6,10.7,10.0,9.5,38.5,40.8,35.1,35.9,8.5,9.0,7.7,7.9,33.1,MEDIUM,MEDIUM,MEDIUM,MEDIUM,S,27.5,24.5
2026-07-23 13:00,13,0,3,-0.2588,-0.9659,0.4339,-0.901,0,0,0,Clear,1.0,8.5,9.0,7.7,7.9,40.0,40.0,36.7,36.4,8.8,8.8,8.1,8.0,33.7,MEDIUM,MEDIUM,MEDIUM,MEDIUM,N,27.1,24.9
2026-07-23 13:15,13,15,3,-0.3214,-0.9469,0.4339,-0.901,0,0,0,Clear,1.0,8.8,8.8,8.1,8.0,39.8,40.3,35.8,33.3,8.8,8.9,7.9,7.3,32.9,MEDIUM,MEDIUM,MEDIUM,MEDIUM,S,27.7,24.3
2026-07-23 13:30,13,30,3,-0.3827,-0.9239,0.4339,-0.901,0,0,0,Clear,1.0,8.8,8.9,7.9,7.3,38.4,41.9,35.2,35.0,8.4,9.2,7.7,7.7,33.0,MEDIUM,MEDIUM,MEDIUM,MEDIUM,S,28.0,24.0
2026-07-23 13:45,13,45,3,-0.4423,-0.8969,0.4339,-0.901,0,0,0,Clear,1.0,8.4,9.2,7.7,7.7,41.2,39.2,36.7,34.4,9.1,8.6,8.1,7.6,33.4,MEDIUM,MEDIUM,MEDIUM,MEDIUM,N,27.6,24.4
2026-07-23 14:00,14,0,3,-0.5,-0.866,0.4339,-0.901,0,0,0,Clear,1.0,9.1,8.6,8.1,7.6,39.3,38.5,33.5,36.2,8.6,8.5,7.4,8.0,32.5,MEDIUM,MEDIUM,MEDIUM,MEDIUM,N,27.3,24.7
2026-07-23 14:15,14,15,3,-0.5556,-0.8315,0.4339,-0.901,0,0,0,Clear,1.0,8.6,8.5,7.4,8.0,38.0,40.4,36.3,33.3,8.4,8.9,8.0,7.3,32.6,MEDIUM,MEDIUM,MEDIUM,MEDIUM,S,27.5,24.5
2026-07-23 14:30,14,30,3,-0.6088,-0.7934,0.4339,-0.901,0,0,0,Clear,1.0,8.4,8.9,8.0,7.3,38.8,40.5,36.6,35.9,8.5,8.9,8.1,7.9,33.4,MEDIUM,MEDIUM,MEDIUM,MEDIUM,S,27.2,24.8
2026-07-23 14:45,14,45,3,-0.6593,-0.7518,0.4339,-0.901,0,0,0,Heavy Rain,1.5,8.5,8.9,8.1,7.9,57.7,58.1,52.6,50.2,12.7,12.8,11.6,11.0,48.1,MEDIUM,MEDIUM,MEDIUM,MEDIUM,S,27.4,24.6
2026-07-23 15:00,15,0,3,-0.7071,-0.7071,0.4339,-0.901,0,0,0,Clear,1.0,12.7,12.8,11.6,11.0,39.1,39.9,35.0,34.5,8.6,8.8,7.7,7.6,32.7,MEDIUM,MEDIUM,MEDIUM,MEDIUM,S,27.7,24.3
2026-07-23 15:15,15,15,3,-0.7518,-0.6593,0.4339,-0.901,0,0,0,Clear,1.0,8.6,8.8,7.7,7.6,38.9,41.8,35.3,35.9,8.6,9.2,7.8,7.9,33.5,MEDIUM,MEDIUM,MEDIUM,MEDIUM,S,27.8,24.2
2026-07-23 15:30,15,30,3,-0.7934,-0.6088,0.4339,-0.901,0,0,0,Clear,1.0,8.6,9.2,7.8,7.9,39.4,39.5,34.0,33.8,8.7,8.7,7.5,7.4,32.3,MEDIUM,MEDIUM,MEDIUM,MEDIUM,N,28.0,24.0
2026-07-23 15:45,15,45,3,-0.8315,-0.5556,0.4339,-0.901,0,0,0,Clear,1.0,8.7,8.7,7.5,7.4,38.0,41.3,33.6,35.2,8.4,9.1,7.4,7.7,32.6,MEDIUM,MEDIUM,MEDIUM,MEDIUM,S,28.0,24.0
2026-07-23 16:00,16,0,3,-0.866,-0.5,0.4339,-0.901,0,0,1,Clear,1.0,8.4,9.1,7.4,7.7,18.1,114.7,18.9,84.6,4.0,25.2,4.2,18.6,52.0,LOW,VERY_HIGH,LOW,HIGH,S,29.7,22.3
2026-07-23 16:15,16,15,3,-0.8969,-0.4423,0.4339,-0.901,0,0,1,Clear,1.0,4.0,25.2,4.2,18.6,17.4,114.0,18.3,85.1,3.8,25.1,4.0,18.7,51.6,LOW,VERY_HIGH,LOW,HIGH,S,29.5,22.5
2026-07-23 16:30,16,30,3,-0.9239,-0.3827,0.4339,-0.901,0,0,1,Clear,1.0,3.8,25.1,4.0,18.7,18.2,114.8,18.1,81.6,4.0,25.3,4.0,18.0,51.3,LOW,VERY_HIGH,LOW,HIGH,S,30.1,21.9
2026-07-23 16:45,16,45,3,-0.9469,-0.3214,0.4339,-0.901,0,0,1,Clear,1.0,4.0,25.3,4.0,18.0,18.6,109.8,18.1,82.6,4.1,24.2,4.0,18.2,50.5,LOW,VERY_HIGH,LOW,HIGH,S,29.5,22.5
2026-07-23 17:00,17,0,3,-0.9659,-0.2588,0.4339,-0.901,0,0,1,Clear,1.0,4.1,24.2,4.0,18.2,17.7,138.6,17.1,96.9,3.9,30.5,3.8,21.3,59.5,LOW,VERY_HIGH,LOW,HIGH,S,30.4,21.6
2026-07-23 17:15,17,15,3,-0.9808,-0.1951,0.4339,-0.901,0,0,1,Clear,1.0,3.9,30.5,3.8,21.3,17.8,133.7,17.7,98.5,3.9,29.4,3.9,21.7,58.9,LOW,VERY_HIGH,LOW,HIGH,S,29.7,22.3
2026-07-23 17:30,17,30,3,-0.9914,-0.1305,0.4339,-0.901,0,0,1,Heavy Rain,1.5,3.9,29.4,3.9,21.7,25.9,199.8,27.0,148.2,5.7,44.0,5.9,32.6,88.2,LOW,VERY_HIGH,LOW,VERY_HIGH,S,29.6,22.4
2026-07-23 17:45,17,45,3,-0.9979,-0.0654,0.4339,-0.901,0,0,1,Rain,1.25,5.7,44.0,5.9,32.6,23.3,166.4,22.5,129.8,5.1,36.6,5.0,28.6,75.3,LOW,VERY_HIGH,LOW,VERY_HIGH,S,29.1,22.9
2026-07-23 18:00,18,0,3,-1.0,-0.0,0.4339,-0.901,0,0,1,Clear,1.0,5.1,36.6,5.0,28.6,17.3,128.5,18.8,98.4,3.8,28.3,4.1,21.6,57.8,LOW,VERY_HIGH,LOW,HIGH,S,29.2,22.8
2026-07-23 18:15,18,15,3,-0.9979,0.0654,0.4339,-0.901,0,0,1,Clear,1.0,3.8,28.3,4.1,21.6,17.6,138.1,18.9,104.8,3.9,30.4,4.2,23.1,61.6,LOW,VERY_HIGH,LOW,HIGH,S,29.3,22.7
2026-07-23 18:30,18,30,3,-0.9914,0.1305,0.4339,-0.901,0,0,1,Clear,1.0,3.9,30.4,4.2,23.1,17.4,127.4,17.7,103.2,3.8,28.0,3.9,22.7,58.4,LOW,VERY_HIGH,LOW,HIGH,S,28.6,23.4
2026-07-23 18:45,18,45,3,-0.9808,0.1951,0.4339,-0.901,0,0,1,Clear,1.0,3.8,28.0,3.9,22.7,18.1,138.2,17.7,99.4,4.0,30.4,3.9,21.9,60.2,LOW,VERY_HIGH,LOW,HIGH,S,30.0,22.0
2026-07-23 19:00,19,0,3,-0.9659,0.2588,0.4339,-0.901,0,0,1,Clear,1.0,4.0,30.4,3.9,21.9,17.4,105.2,18.7,85.8,3.8,23.1,4.1,18.9,49.9,LOW,HIGH,LOW,HIGH,S,28.4,23.6
2026-07-23 19:15,19,15,3,-0.9469,0.3214,0.4339,-0.901,0,0,1,Clear,1.0,3.8,23.1,4.1,18.9,17.7,112.5,17.6,81.0,3.9,24.8,3.9,17.8,50.4,LOW,VERY_HIGH,LOW,HIGH,S,30.0,22.0
2026-07-23 19:30,19,30,3,-0.9239,0.3827,0.4339,-0.901,0,0,1,Clear,1.0,3.9,24.8,3.9,17.8,18.8,113.3,17.9,84.6,4.1,24.9,3.9,18.6,51.5,LOW,VERY_HIGH,LOW,HIGH,S,29.6,22.4
2026-07-23 19:45,19,45,3,-0.8969,0.4423,0.4339,-0.901,0,0,1,Clear,1.0,4.1,24.9,3.9,18.6,17.8,107.6,18.0,83.3,3.9,23.7,4.0,18.3,49.9,LOW,HIGH,LOW,HIGH,S,29.1,22.9
2026-07-23 20:00,20,0,3,-0.866,0.5,0.4339,-0.901,0,0,0,Clear,1.0,3.9,23.7,4.0,18.3,24.0,24.9,21.4,22.8,5.3,5.5,4.7,5.0,20.5,LOW,LOW,LOW,LOW,S,27.2,24.8
2026-07-23 20:15,20,15,3,-0.8315,0.5556,0.4339,-0.901,0,0,0,Clear,1.0,5.3,5.5,4.7,5.0,24.3,25.6,21.0,21.9,5.3,5.6,4.6,4.8,20.3,LOW,LOW,LOW,LOW,S,28.0,24.0
2026-07-23 20:30,20,30,3,-0.7934,0.6088,0.4339,-0.901,0,0,0,Clear,1.0,5.3,5.6,4.6,4.8,24.7,25.1,22.7,22.2,5.4,5.5,5.0,4.9,20.8,LOW,LOW,LOW,LOW,S,27.3,24.7
2026-07-23 20:45,20,45,3,-0.7518,0.6593,0.4339,-0.901,0,0,0,Clear,1.0,5.4,5.5,5.0,4.9,25.9,24.1,21.6,22.7,5.7,5.3,4.8,5.0,20.8,LOW,LOW,LOW,LOW,N,27.6,24.4
2026-07-23 21:00,21,0,3,-0.7071,0.7071,0.4339,-0.901,0,0,0,Clear,1.0,5.7,5.3,4.8,5.0,24.5,24.3,21.5,22.7,5.4,5.3,4.7,5.0,20.4,LOW,LOW,LOW,LOW,N,27.1,24.9
2026-07-23 21:15,21,15,3,-0.6593,0.7518,0.4339,-0.901,0,0,0,Heavy Rain,1.5,5.4,5.3,4.7,5.0,37.1,36.1,32.5,32.9,8.2,7.9,7.2,7.2,30.5,MEDIUM,MEDIUM,MEDIUM,MEDIUM,N,27.5,24.5
2026-07-23 21:30,21,30,3,-0.6088,0.7934,0.4339,-0.901,0,0,0,Clear,1.0,8.2,7.9,7.2,7.2,24.0,24.8,21.3,22.4,5.3,5.5,4.7,4.9,20.4,LOW,LOW,LOW,LOW,S,27.4,24.6
2026-07-23 21:45,21,45,3,-0.5556,0.8315,0.4339,-0.901,0,0,0,Rain,1.25,5.3,5.5,4.7,4.9,30.2,31.4,27.3,28.2,6.6,6.9,6.0,6.2,25.7,MEDIUM,MEDIUM,MEDIUM,MEDIUM,S,27.4,24.6
2026-07-23 22:00,22,0,3,-0.5,0.866,0.4339,-0.901,0,0,0,Clear,1.0,6.6,6.9,6.0,6.2,24.3,24.7,21.8,22.1,5.3,5.4,4.8,4.9,20.4,LOW,LOW,LOW,LOW,S,27.4,24.6
2026-07-23 22:15,22,15,3,-0.4423,0.8969,0.4339,-0.901,0,0,0,Clear,1.0,5.3,5.4,4.8,4.9,26.2,25.1,21.3,21.4,5.8,5.5,4.7,4.7,20.7,LOW,LOW,LOW,LOW,N,28.5,23.5
2026-07-23 22:30,22,30,3,-0.3827,0.9239,0.4339,-0.901,0,0,0,Clear,1.0,5.8,5.5,4.7,4.7,25.5,25.0,22.4,22.6,5.6,5.5,4.9,5.0,21.0,LOW,LOW,LOW,LOW,N,27.5,24.5
2026-07-23 22:45,22,45,3,-0.3214,0.9469,0.4339,-0.901,0,0,0,Clear,1.0,5.6,5.5,4.9,5.0,25.9,25.3,22.0,21.4,5.7,5.6,4.8,4.7,20.8,LOW,LOW,LOW,LOW,N,28.1,23.9
2026-07-23 23:00,23,0,3,-0.2588,0.9659,0.4339,-0.901,0,0,0,Heavy Rain,1.5,5.7,5.6,4.8,4.7,9.0,8.8,7.3,7.7,2.0,1.9,1.6,1.7,7.2,LOW,LOW,LOW,LOW,N,28.1,23.9
2026-07-23 23:15,23,15,3,-0.1951,0.9808,0.4339,-0.901,0,0,0,Clear,1.0,2.0,1.9,1.6,1.7,5.7,5.9,5.1,5.1,1.3,1.3,1.1,1.1,4.8,LOW,LOW,LOW,LOW,N,27.8,24.2
2026-07-23 23:30,23,30,3,-0.1305,0.9914,0.4339,-0.901,0,0,0,Clear,1.0,1.3,1.3,1.1,1.1,6.0,6.3,4.8,5.2,1.3,1.4,1.1,1.1,4.9,LOW,LOW,LOW,LOW,S,28.6,23.4
2026-07-23 23:45,23,45,3,-0.0654,0.9979,0.4339,-0.901,0,0,0,Clear,1.0,1.3,1.4,1.1,1.1,6.2,5.9,5.1,4.9,1.4,1.3,1.1,1.1,4.9,LOW,LOW,LOW,LOW,N,28.5,23.5
2026-07-24 00:00,0,0,4,0.0,1.0,-0.4339,-0.901,0,0,0,Clear,1.0,1.4,1.3,1.1,1.1,6.1,5.8,4.8,4.9,1.3,1.3,1.1,1.1,4.8,LOW,LOW,LOW,LOW,N,28.7,23.3
2026-07-24 00:15,0,15,4,0.0654,0.9979,-0.4339,-0.901,0,0,0,Clear,1.0,1.3,1.3,1.1,1.1,6.3,5.8,4.8,5.1,1.4,1.3,1.1,1.1,4.9,LOW,LOW,LOW,LOW,N,28.7,23.3
2026-07-24 00:30,0,30,4,0.1305,0.9914,-0.4339,-0.901,0,0,0,Clear,1.0,1.4,1.3,1.1,1.1,5.8,6.0,4.9,5.2,1.3,1.3,1.1,1.1,4.8,LOW,LOW,LOW,LOW,N,27.9,24.1
2026-07-24 00:45,0,45,4,0.1951,0.9808,-0.4339,-0.901,0,0,0,Clear,1.0,1.3,1.3,1.1,1.1,6.3,6.2,5.1,4.8,1.4,1.4,1.1,1.1,5.0,LOW,LOW,LOW,LOW,N,28.9,23.1
2026-07-24 01:00,1,0,4,0.2588,0.9659,-0.4339,-0.901,0,0,0,Clear,1.0,1.4,1.4,1.1,1.1,5.8,5.8,5.2,5.2,1.3,1.3,1.1,1.1,4.8,LOW,LOW,LOW,LOW,N,27.4,24.6
2026-07-24 01:15,1,15,4,0.3214,0.9469,-0.4339,-0.901,0,0,0,Clear,1.0,1.3,1.3,1.1,1.1,6.2,6.0,5.1,5.1,1.4,1.3,1.1,1.1,4.9,LOW,LOW,LOW,LOW,N,28.4,23.6
2026-07-24 01:30,1,30,4,0.3827,0.9239,-0.4339,-0.901,0,0,0,Clear,1.0,1.4,1.3,1.1,1.1,6.2,6.0,4.9,5.2,1.4,1.3,1.1,1.1,4.9,LOW,LOW,LOW,LOW,N,28.4,23.6
2026-07-24 01:45,1,45,4,0.4423,0.8969,-0.4339,-0.901,0,0,0,Rain,1.25,1.4,1.3,1.1,1.1,7.8,7.6,6.0,6.5,1.7,1.7,1.3,1.4,6.1,LOW,LOW,LOW,LOW,N,28.5,23.5
2026-07-24 02:00,2,0,4,0.5,0.866,-0.4339,-0.901,0,0,0,Clear,1.0,1.7,1.7,1.3,1.4,5.8,6.1,5.1,4.8,1.3,1.3,1.1,1.1,4.8,LOW,LOW,LOW,LOW,N,28.4,23.6
2026-07-24 02:15,2,15,4,0.5556,0.8315,-0.4339,-0.901,0,0,0,Clear,1.0,1.3,1.3,1.1,1.1,6.1,5.8,5.2,5.0,1.3,1.3,1.1,1.1,4.8,LOW,LOW,LOW,LOW,N,28.0,24.0
2026-07-24 02:30,2,30,4,0.6088,0.7934,-0.4339,-0.901,0,0,0,Clear,1.0,1.3,1.3,1.1,1.1,5.7,6.1,5.2,5.2,1.3,1.3,1.1,1.1,4.8,LOW,LOW,LOW,LOW,N,27.8,24.2
2026-07-24 02:45,2,45,4,0.6593,0.7518,-0.4339,-0.901,0,0,0,Clear,1.0,1.3,1.3,1.1,1.1,5.9,5.9,4.8,5.1,1.3,1.3,1.1,1.1,4.8,LOW,LOW,LOW,LOW,N,28.1,23.9
2026-07-24 03:00,3,0,4,0.7071,0.7071,-0.4339,-0.901,0,0,0,Clear,1.0,1.3,1.3,1.1,1.1,6.0,6.3,5.1,5.2,1.3,1.4,1.1,1.1,4.9,LOW,LOW,LOW,LOW,S,28.4,23.6
2026-07-24 03:15,3,15,4,0.7518,0.6593,-0.4339,-0.901,0,0,0,Clear,1.0,1.3,1.4,1.1,1.1,5.8,6.0,4.9,4.8,1.3,1.3,1.1,1.1,4.8,LOW,LOW,LOW,LOW,N,28.6,23.4
2026-07-24 03:30,3,30,4,0.7934,0.6088,-0.4339,-0.901,0,0,0,Clear,1.0,1.3,1.3,1.1,1.1,6.2,6.1,5.2,4.9,1.4,1.3,1.1,1.1,4.9,LOW,LOW,LOW,LOW,N,28.4,23.6
2026-07-24 03:45,3,45,4,0.8315,0.5556,-0.4339,-0.901,0,0,0,Rain,1.25,1.4,1.3,1.1,1.1,7.7,7.6,6.1,6.2,1.7,1.7,1.3,1.4,6.1,LOW,LOW,LOW,LOW,N,28.8,23.2
2026-07-24 04:00,4,0,4,0.866,0.5,-0.4339,-0.901,0,0,0,Clear,1.0,1.7,1.7,1.3,1.4,6.1,6.2,5.0,4.9,1.3,1.4,1.1,1.1,4.9,LOW,LOW,LOW,LOW,S,28.8,23.2
2026-07-24 04:15,4,15,4,0.8969,0.4423,-0.4339,-0.901,0,0,0,Clear,1.0,1.3,1.4,1.1,1.1,6.2,6.3,5.0,4.9,1.4,1.4,1.1,1.1,5.0,LOW,LOW,LOW,LOW,N,29.0,23.0
2026-07-24 04:30,4,30,4,0.9239,0.3827,-0.4339,-0.901,0,0,0,Clear,1.0,1.4,1.4,1.1,1.1,6.1,5.9,4.8,5.1,1.3,1.3,1.1,1.1,4.8,LOW,LOW,LOW,LOW,N,28.4,23.6
2026-07-24 04:45,4,45,4,0.9469,0.3214,-0.4339,-0.901,0,0,0,Clear,1.0,1.3,1.3,1.1,1.1,5.9,5.8,4.9,4.9,1.3,1.3,1.1,1.1,4.8,LOW,LOW,LOW,LOW,N,28.4,23.6
2026-07-24 05:00,5,0,4,0.9659,0.2588,-0.4339,-0.901,0,0,0,Rain,1.25,1.3,1.3,1.1,1.1,7.2,7.6,6.5,6.4,1.6,1.7,1.4,1.4,6.1,LOW,LOW,LOW,LOW,S,27.9,24.1
2026-07-24 05:15,5,15,4,0.9808,0.1951,-0.4339,-0.901,0,0,0,Clear,1.0,1.6,1.7,1.4,1.4,6.0,5.9,5.1,5.2,1.3,1.3,1.1,1.1,4.8,LOW,LOW,LOW,LOW,N,27.9,24.1
2026-07-24 05:30,5,30,4,0.9914,0.1305,-0.4339,-0.901,0,0,0,Rain,1.25,1.3,1.3,1.1,1.1,7.9,7.2,6.4,6.1,1.7,1.6,1.4,1.3,6.0,LOW,LOW,LOW,LOW,N,28.6,23.4
2026-07-24 05:45,5,45,4,0.9979,0.0654,-0.4339,-0.901,0,0,0,Clear,1.0,1.7,1.6,1.4,1.3,6.3,6.3,5.1,4.9,1.4,1.4,1.1,1.1,5.0,LOW,LOW,LOW,LOW,N,28.9,23.1
2026-07-24 06:00,6,0,4,1.0,0.0,-0.4339,-0.901,0,0,0,Clear,1.0,1.4,1.4,1.1,1.1,25.2,25.5,23.1,21.6,5.5,5.6,5.1,4.8,21.0,LOW,LOW,LOW,LOW,S,27.5,24.5
2026-07-24 06:15,6,15,4,0.9979,-0.0654,-0.4339,-0.901,0,0,0,Clear,1.0,5.5,5.6,5.1,4.8,25.0,25.5,23.0,22.7,5.5,5.6,5.1,5.0,21.2,LOW,LOW,LOW,LOW,S,27.3,24.7
2026-07-24 06:30,6,30,4,0.9914,-0.1305,-0.4339,-0.901,0,0,0,Clear,1.0,5.5,5.6,5.1,5.0,25.9,25.1,22.7,22.4,5.7,5.5,5.0,4.9,21.1,LOW,LOW,LOW,LOW,N,27.7,24.3
2026-07-24 06:45,6,45,4,0.9808,-0.1951,-0.4339,-0.901,0,0,0,Clear,1.0,5.7,5.5,5.0,4.9,26.1,25.7,22.8,20.9,5.7,5.7,5.0,4.6,21.0,LOW,LOW,LOW,LOW,N,28.0,24.0
2026-07-24 07:00,7,0,4,0.9659,-0.2588,-0.4339,-0.901,0,1,0,Clear,1.0,5.7,5.7,5.0,4.6,108.6,18.6,87.5,17.7,23.9,4.1,19.2,3.9,51.1,HIGH,LOW,HIGH,LOW,N,28.7,23.3
2026-07-24 07:15,7,15,4,0.9469,-0.3214,-0.4339,-0.901,0,1,0,Rain,1.25,23.9,4.1,19.2,3.9,131.1,23.3,105.9,22.0,28.8,5.1,23.3,4.8,62.0,VERY_HIGH,LOW,HIGH,LOW,N,28.6,23.4
2026-07-24 07:30,7,30,4,0.9239,-0.3827,-0.4339,-0.901,0,1,0,Clear,1.0,28.8,5.1,23.3,4.8,113.2,18.4,84.7,18.2,24.9,4.0,18.6,4.0,51.5,VERY_HIGH,LOW,HIGH,LOW,N,29.5,22.5
2026-07-24 07:45,7,45,4,0.8969,-0.4423,-0.4339,-0.901,0,1,0,Clear,1.0,24.9,4.0,18.6,4.0,109.0,18.6,89.0,17.3,24.0,4.1,19.6,3.8,51.5,VERY_HIGH,LOW,HIGH,LOW,N,28.5,23.5
2026-07-24 08:00,8,0,4,0.866,-0.5,-0.4339,-0.901,0,1,0,Clear,1.0,24.0,4.1,19.6,3.8,136.0,17.4,113.3,17.5,29.9,3.8,24.9,3.9,62.5,VERY_HIGH,LOW,VERY_HIGH,LOW,N,28.3,23.7
2026-07-24 08:15,8,15,4,0.8315,-0.5556,-0.4339,-0.901,0,1,0,Rain,1.25,29.9,3.8,24.9,3.9,172.7,21.7,139.8,21.7,38.0,4.8,30.8,4.8,78.4,VERY_HIGH,LOW,VERY_HIGH,LOW,N,28.6,23.4
2026-07-24 08:30,8,30,4,0.7934,-0.6088,-0.4339,-0.901,0,1,0,Clear,1.0,38.0,4.8,30.8,4.8,139.7,18.9,107.5,18.7,30.7,4.2,23.6,4.1,62.6,VERY_HIGH,LOW,HIGH,LOW,N,29.2,22.8
2026-07-24 08:45,8,45,4,0.7518,-0.6593,-0.4339,-0.901,0,1,0,Clear,1.0,30.7,4.2,23.6,4.1,145.1,18.6,106.7,17.4,31.9,4.1,23.5,3.8,63.3,VERY_HIGH,LOW,HIGH,LOW,N,29.8,22.2
2026-07-24 09:00,9,0,4,0.7071,-0.7071,-0.4339,-0.901,0,1,0,Clear,1.0,31.9,4.1,23.5,3.8,113.5,18.8,82.3,18.0,25.0,4.1,18.1,4.0,51.2,VERY_HIGH,LOW,HIGH,LOW,N,29.9,22.1
2026-07-24 09:15,9,15,4,0.6593,-0.7518,-0.4339,-0.901,0,1,0,Rain,1.25,25.0,4.1,18.1,4.0,140.4,22.5,107.4,22.7,30.9,5.0,23.6,5.0,64.5,VERY_HIGH,LOW,HIGH,LOW,N,29.2,22.8
2026-07-24 09:30,9,30,4,0.6088,-0.7934,-0.4339,-0.901,0,1,0,Clear,1.0,30.9,5.0,23.6,5.0,112.0,18.3,80.9,17.8,24.6,4.0,17.8,3.9,50.3,VERY_HIGH,LOW,HIGH,LOW,N,30.0,22.0
2026-07-24 09:45,9,45,4,0.5556,-0.8315,-0.4339,-0.901,0,1,0,Rain,1.25,24.6,4.0,17.8,3.9,143.0,21.5,108.7,21.4,31.5,4.7,23.9,4.7,64.8,VERY_HIGH,LOW,HIGH,LOW,N,29.3,22.7
2026-07-24 10:00,10,0,4,0.5,-0.866,-0.4339,-0.901,0,0,0,Clear,1.0,31.5,4.7,23.9,4.7,25.5,23.8,21.7,22.7,5.6,5.2,4.8,5.0,20.6,LOW,LOW,LOW,LOW,N,27.4,24.6
2026-07-24 10:15,10,15,4,0.4423,-0.8969,-0.4339,-0.901,0,0,0,Clear,1.0,5.6,5.2,4.8,5.0,24.9,24.5,21.9,21.6,5.5,5.4,4.8,4.8,20.5,LOW,LOW,LOW,LOW,N,27.7,24.3
2026-07-24 10:30,10,30,4,0.3827,-0.9239,-0.4339,-0.901,0,0,0,Clear,1.0,5.5,5.4,4.8,4.8,25.5,25.2,22.3,20.9,5.6,5.5,4.9,4.6,20.6,LOW,LOW,LOW,LOW,N,27.9,24.1
2026-07-24 10:45,10,45,4,0.3214,-0.9469,-0.4339,-0.901,0,0,0,Clear,1.0,5.6,5.5,4.9,4.6,24.3,26.1,21.8,21.5,5.3,5.7,4.8,4.7,20.5,LOW,LOW,LOW,LOW,S,28.1,23.9
2026-07-24 11:00,11,0,4,0.2588,-0.9659,-0.4339,-0.901,0,0,0,Clear,1.0,5.3,5.7,4.8,4.7,41.0,38.4,34.4,35.6,9.0,8.4,7.6,7.8,32.8,MEDIUM,MEDIUM,MEDIUM,MEDIUM,N,27.7,24.3
2026-07-24 11:15,11,15,4,0.1951,-0.9808,-0.4339,-0.901,0,0,0,Clear,1.0,9.0,8.4,7.6,7.8,38.6,40.7,35.0,34.9,8.5,9.0,7.7,7.7,32.9,MEDIUM,MEDIUM,MEDIUM,MEDIUM,S,27.8,24.2
2026-07-24 11:30,11,30,4,0.1305,-0.9914,-0.4339,-0.901,0,0,0,Clear,1.0,8.5,9.0,7.7,7.7,41.8,40.5,33.3,33.6,9.2,8.9,7.3,7.4,32.8,MEDIUM,MEDIUM,MEDIUM,MEDIUM,N,28.8,23.2
2026-07-24 11:45,11,45,4,0.0654,-0.9979,-0.4339,-0.901,0,0,0,Clear,1.0,9.2,8.9,7.3,7.4,39.2,39.0,36.0,34.5,8.6,8.6,7.9,7.6,32.7,MEDIUM,MEDIUM,MEDIUM,MEDIUM,N,27.2,24.8
2026-07-24 12:00,12,0,4,0.0,-1.0,-0.4339,-0.901,0,0,0,Clear,1.0,8.6,8.6,7.9,7.6,41.6,41.9,36.0,36.2,9.2,9.2,7.9,8.0,34.3,MEDIUM,MEDIUM,MEDIUM,MEDIUM,N,27.9,24.1
2026-07-24 12:15,12,15,4,-0.0654,-0.9979,-0.4339,-0.901,0,0,0,Heavy Rain,1.5,9.2,9.2,7.9,8.0,58.9,59.1,51.2,53.6,13.0,13.0,11.3,11.8,49.1,MEDIUM,MEDIUM,MEDIUM,MEDIUM,N,27.4,24.6
2026-07-24 12:30,12,30,4,-0.1305,-0.9914,-0.4339,-0.901,0,0,0,Clear,1.0,13.0,13.0,11.3,11.8,39.4,41.7,33.9,36.0,8.7,9.2,7.5,7.9,33.3,MEDIUM,MEDIUM,MEDIUM,MEDIUM,S,27.9,24.1
2026-07-24 12:45,12,45,4,-0.1951,-0.9808,-0.4339,-0.901,0,0,0,Clear,1.0,8.7,9.2,7.5,7.9,39.9,39.8,34.9,33.6,8.8,8.8,7.7,7.4,32.7,MEDIUM,MEDIUM,MEDIUM,MEDIUM,N,27.9,24.1
2026-07-24 13:00,13,0,4,-0.2588,-0.9659,-0.4339,-0.901,0,0,0,Rain,1.25,8.8,8.8,7.7,7.4,52.5,50.1,43.4,44.0,11.6,11.0,9.5,9.7,41.8,MEDIUM,MEDIUM,MEDIUM,MEDIUM,N,28.2,23.8
2026-07-24 13:15,13,15,4,-0.3214,-0.9469,-0.4339,-0.901,0,0,0,Clear,1.0,11.6,11.0,9.5,9.7,39.3,41.3,35.7,36.7,8.6,9.1,7.9,8.1,33.7,MEDIUM,MEDIUM,MEDIUM,MEDIUM,S,27.5,24.5
2026-07-24 13:30,13,30,4,-0.3827,-0.9239,-0.4339,-0.901,0,0,0,Clear,1.0,8.6,9.1,7.9,8.1,40.3,38.3,34.2,33.4,8.9,8.4,7.5,7.3,32.1,MEDIUM,MEDIUM,MEDIUM,MEDIUM,N,28.0,24.0
2026-07-24 13:45,13,45,4,-0.4423,-0.8969,-0.4339,-0.901,0,0,0,Clear,1.0,8.9,8.4,7.5,7.3,38.3,39.5,35.8,34.9,8.4,8.7,7.9,7.7,32.7,MEDIUM,MEDIUM,MEDIUM,MEDIUM,S,27.3,24.7
2026-07-24 14:00,14,0,4,-0.5,-0.866,-0.4339,-0.901,0,0,0,Clear,1.0,8.4,8.7,7.9,7.7,41.4,41.8,34.0,33.4,9.1,9.2,7.5,7.3,33.1,MEDIUM,MEDIUM,MEDIUM,MEDIUM,S,28.7,23.3
2026-07-24 14:15,14,15,4,-0.5556,-0.8315,-0.4339,-0.901,0,0,0,Clear,1.0,9.1,9.2,7.5,7.3,39.6,39.2,34.9,34.4,8.7,8.6,7.7,7.6,32.6,MEDIUM,MEDIUM,MEDIUM,MEDIUM,N,27.7,24.3
2026-07-24 14:30,14,30,4,-0.6088,-0.7934,-0.4339,-0.901,0,0,0,Clear,1.0,8.7,8.6,7.7,7.6,39.7,40.3,35.8,34.0,8.7,8.9,7.9,7.5,33.0,MEDIUM,MEDIUM,MEDIUM,MEDIUM,S,27.7,24.3
2026-07-24 14:45,14,45,4,-0.6593,-0.7518,-0.4339,-0.901,0,0,0,Clear,1.0,8.7,8.9,7.9,7.5,39.9,39.3,36.5,34.4,8.8,8.6,8.0,7.6,33.0,MEDIUM,MEDIUM,MEDIUM,MEDIUM,N,27.3,24.7
2026-07-24 15:00,15,0,4,-0.7071,-0.7071,-0.4339,-0.901,0,0,0,Clear,1.0,8.8,8.6,8.0,7.6,41.2,39.4,36.4,36.3,9.1,8.7,8.0,8.0,33.8,MEDIUM,MEDIUM,MEDIUM,MEDIUM,N,27.5,24.5
2026-07-24 15:15,15,15,4,-0.7518,-0.6593,-0.4339,-0.901,0,0,0,Clear,1.0,9.1,8.7,8.0,8.0,40.5,38.4,33.8,33.6,8.9,8.4,7.4,7.4,32.1,MEDIUM,MEDIUM,MEDIUM,MEDIUM,N,28.2,23.8
2026-07-24 15:30,15,30,4,-0.7934,-0.6088,-0.4339,-0.901,0,0,0,Clear,1.0,8.9,8.4,7.4,7.4,40.9,39.2,35.6,33.6,9.0,8.6,7.8,7.4,32.8,MEDIUM,MEDIUM,MEDIUM,MEDIUM,N,27.9,24.1
2026-07-24 15:45,15,45,4,-0.8315,-0.5556,-0.4339,-0.901,0,0,0,Clear,1.0,9.0,8.6,7.8,7.4,41.2,41.8,35.0,33.8,9.1,9.2,7.7,7.4,33.4,MEDIUM,MEDIUM,MEDIUM,MEDIUM,S,28.4,23.6
2026-07-24 16:00,16,0,4,-0.866,-0.5,-0.4339,-0.901,0,0,1,Clear,1.0,9.1,9.2,7.7,7.4,18.5,115.4,18.5,84.6,4.1,25.4,4.1,18.6,52.2,LOW,VERY_HIGH,LOW,HIGH,S,29.8,22.2
2026-07-24 16:15,16,15,4,-0.8969,-0.4423,-0.4339,-0.901,0,0,1,Heavy Rain,1.5,4.1,25.4,4.1,18.6,27.2,169.3,26.5,128.7,6.0,37.2,5.8,28.3,77.3,MEDIUM,VERY_HIGH,LOW,VERY_HIGH,S,29.4,22.6
2026-07-24 16:30,16,30,4,-0.9239,-0.3827,-0.4339,-0.901,0,0,1,Heavy Rain,1.5,6.0,37.2,5.8,28.3,27.0,161.0,26.8,129.6,5.9,35.4,5.9,28.5,75.7,LOW,VERY_HIGH,LOW,VERY_HIGH,S,28.6,23.4
2026-07-24 16:45,16,45,4,-0.9469,-0.3214,-0.4339,-0.901,0,0,1,Clear,1.0,5.9,35.4,5.9,28.5,18.4,112.7,17.5,84.8,4.0,24.8,3.9,18.7,51.4,LOW,VERY_HIGH,LOW,HIGH,S,29.5,22.5
2026-07-24 17:00,17,0,4,-0.9659,-0.2588,-0.4339,-0.901,0,0,1,Heavy Rain,1.5,4.0,24.8,3.9,18.7,27.3,194.9,26.1,158.6,6.0,42.9,5.7,34.9,89.5,MEDIUM,VERY_HIGH,LOW,VERY_HIGH,S,28.6,23.4
2026-07-24 17:15,17,15,4,-0.9808,-0.1951,-0.4339,-0.901,0,0,1,Clear,1.0,6.0,42.9,5.7,34.9,18.6,134.8,17.8,103.9,4.1,29.7,3.9,22.9,60.6,LOW,VERY_HIGH,LOW,HIGH,S,29.2,22.8
2026-07-24 17:30,17,30,4,-0.9914,-0.1305,-0.4339,-0.901,0,0,1,Rain,1.25,4.1,29.7,3.9,22.9,21.5,170.4,22.2,130.4,4.7,37.5,4.9,28.7,75.8,LOW,VERY_HIGH,LOW,VERY_HIGH,S,29.3,22.7
2026-07-24 17:45,17,45,4,-0.9979,-0.0654,-0.4339,-0.901,0,0,1,Clear,1.0,4.7,37.5,4.9,28.7,17.4,137.9,17.3,99.2,3.8,30.3,3.8,21.8,59.7,LOW,VERY_HIGH,LOW,HIGH,S,30.0,22.0
2026-07-24 18:00,18,0,4,-1.0,-0.0,-0.4339,-0.901,0,0,1,Clear,1.0,3.8,30.3,3.8,21.8,17.8,137.2,17.3,97.7,3.9,30.2,3.8,21.5,59.4,LOW,VERY_HIGH,LOW,HIGH,S,30.2,21.8
2026-07-24 18:15,18,15,4,-0.9979,0.0654,-0.4339,-0.901,0,0,1,Heavy Rain,1.5,3.9,30.2,3.8,21.5,27.2,198.0,28.2,149.3,6.0,43.6,6.2,32.8,88.6,MEDIUM,VERY_HIGH,MEDIUM,VERY_HIGH,S,29.4,22.6
2026-07-24 18:30,18,30,4,-0.9914,0.1305,-0.4339,-0.901,0,0,1,Clear,1.0,6.0,43.6,6.2,32.8,18.3,130.7,17.6,104.2,4.0,28.8,3.9,22.9,59.6,LOW,VERY_HIGH,LOW,HIGH,S,28.8,23.2
2026-07-24 18:45,18,45,4,-0.9808,0.1951,-0.4339,-0.901,0,0,1,Rain,1.25,4.0,28.8,3.9,22.9,23.5,168.2,22.3,123.5,5.2,37.0,4.9,27.2,74.3,LOW,VERY_HIGH,LOW,VERY_HIGH,S,29.8,22.2
2026-07-24 19:00,19,0,4,-0.9659,0.2588,-0.4339,-0.901,0,0,1,Clear,1.0,5.2,37.0,4.9,27.2,17.2,108.7,17.8,85.0,3.8,23.9,3.9,18.7,50.3,LOW,HIGH,LOW,HIGH,S,29.0,23.0
2026-07-24 19:15,19,15,4,-0.9469,0.3214,-0.4339,-0.901,0,0,1,Clear,1.0,3.8,23.9,3.9,18.7,18.0,105.4,18.5,83.2,4.0,23.2,4.1,18.3,49.6,LOW,HIGH,LOW,HIGH,S,28.8,23.2
2026-07-24 19:30,19,30,4,-0.9239,0.3827,-0.4339,-0.901,0,0,1,Clear,1.0,4.0,23.2,4.1,18.3,18.4,106.2,18.3,84.1,4.0,23.4,4.0,18.5,49.9,LOW,HIGH,LOW,HIGH,S,28.8,23.2
2026-07-24 19:45,19,45,4,-0.8969,0.4423,-0.4339,-0.901,0,0,1,Clear,1.0,4.0,23.4,4.0,18.5,18.1,107.6,18.9,89.0,4.0,23.7,4.2,19.6,51.5,LOW,HIGH,LOW,HIGH,S,28.3,23.7
2026-07-24 20:00,20,0,4,-0.866,0.5,-0.4339,-0.901,0,0,0,Clear,1.0,4.0,23.7,4.2,19.6,26.1,23.9,22.5,22.2,5.7,5.3,5.0,4.9,20.9,LOW,LOW,LOW,LOW,N,27.7,24.3
2026-07-24 20:15,20,15,4,-0.8315,0.5556,-0.4339,-0.901,0,0,0,Heavy Rain,1.5,5.7,5.3,5.0,4.9,39.0,38.5,33.6,32.4,8.6,8.5,7.4,7.1,31.6,MEDIUM,MEDIUM,MEDIUM,MEDIUM,N,28.0,24.0
2026-07-24 20:30,20,30,4,-0.7934,0.6088,-0.4339,-0.901,0,0,0,Clear,1.0,8.6,8.5,7.4,7.1,26.0,24.5,22.0,22.2,5.7,5.4,4.8,4.9,20.8,LOW,LOW,LOW,LOW,N,27.9,24.1
2026-07-24 20:45,20,45,4,-0.7518,0.6593,-0.4339,-0.901,0,0,0,Clear,1.0,5.7,5.4,4.8,4.9,26.2,24.2,22.9,22.0,5.8,5.3,5.0,4.8,20.9,LOW,LOW,LOW,LOW,N,27.6,24.4
2026-07-24 21:00,21,0,4,-0.7071,0.7071,-0.4339,-0.901,0,0,0,Clear,1.0,5.8,5.3,5.0,4.8,24.6,26.2,22.9,22.2,5.4,5.8,5.0,4.9,21.1,LOW,LOW,LOW,LOW,S,27.6,24.4
2026-07-24 21:15,21,15,4,-0.6593,0.7518,-0.4339,-0.901,0,0,0,Clear,1.0,5.4,5.8,5.0,4.9,24.2,25.5,23.0,22.8,5.3,5.6,5.1,5.0,21.0,LOW,LOW,LOW,LOW,S,27.2,24.8
2026-07-24 21:30,21,30,4,-0.6088,0.7934,-0.4339,-0.901,0,0,0,Clear,1.0,5.3,5.6,5.1,5.0,24.5,24.2,21.0,22.4,5.4,5.3,4.6,4.9,20.2,LOW,LOW,LOW,LOW,N,27.3,24.7
2026-07-24 21:45,21,45,4,-0.5556,0.8315,-0.4339,-0.901,0,0,0,Clear,1.0,5.4,5.3,4.6,4.9,24.2,24.7,22.6,21.5,5.3,5.4,5.0,4.7,20.4,LOW,LOW,LOW,LOW,S,27.3,24.7
2026-07-24 22:00,22,0,4,-0.5,0.866,-0.4339,-0.901,0,0,0,Rain,1.25,5.3,5.4,5.0,4.7,32.3,30.6,27.5,28.0,7.1,6.7,6.0,6.2,26.0,MEDIUM,MEDIUM,MEDIUM,MEDIUM,N,27.7,24.3
2026-07-24 22:15,22,15,4,-0.4423,0.8969,-0.4339,-0.901,0,0,0,Clear,1.0,7.1,6.7,6.0,6.2,26.1,25.6,21.2,20.9,5.7,5.6,4.7,4.6,20.6,LOW,LOW,LOW,LOW,N,28.7,23.3
2026-07-24 22:30,22,30,4,-0.3827,0.9239,-0.4339,-0.901,0,0,0,Clear,1.0,5.7,5.6,4.7,4.6,26.2,23.9,22.0,21.9,5.8,5.3,4.8,4.8,20.7,LOW,LOW,LOW,LOW,N,28.0,24.0
2026-07-24 22:45,22,45,4,-0.3214,0.9469,-0.4339,-0.901,0,0,0,Clear,1.0,5.8,5.3,4.8,4.8,24.7,24.7,22.4,21.4,5.4,5.4,4.9,4.7,20.4,LOW,LOW,LOW,LOW,N,27.4,24.6
2026-07-24 23:00,23,0,4,-0.2588,0.9659,-0.4339,-0.901,0,0,0,Clear,1.0,5.4,5.4,4.9,4.7,6.3,6.2,4.9,5.2,1.4,1.4,1.1,1.1,5.0,LOW,LOW,LOW,LOW,N,28.6,23.4
2026-07-24 23:15,23,15,4,-0.1951,0.9808,-0.4339,-0.901,0,0,0,Clear,1.0,1.4,1.4,1.1,1.1,6.0,5.9,5.1,5.2,1.3,1.3,1.1,1.1,4.8,LOW,LOW,LOW,LOW,N,27.9,24.1
2026-07-24 23:30,23,30,4,-0.1305,0.9914,-0.4339,-0.901,0,0,0,Clear,1.0,1.3,1.3,1.1,1.1,6.2,6.0,5.2,5.0,1.4,1.3,1.1,1.1,4.9,LOW,LOW,LOW,LOW,N,28.3,23.7
2026-07-24 23:45,23,45,4,-0.0654,0.9979,-0.4339,-0.901,0,0,0,Clear,1.0,1.4,1.3,1.1,1.1,5.8,6.3,5.0,4.9,1.3,1.4,1.1,1.1,4.9,LOW,LOW,LOW,LOW,S,28.8,23.2
2026-07-25 00:00,0,0,5,0.0,1.0,-0.9749,-0.2225,1,0,0,Clear,1.0,1.3,1.4,1.1,1.1,5.8,6.1,5.1,4.9,1.3,1.3,1.1,1.1,4.8,LOW,LOW,LOW,LOW,N,28.3,23.7
2026-07-25 00:15,0,15,5,0.0654,0.9979,-0.9749,-0.2225,1,0,0,Clear,1.0,1.3,1.3,1.1,1.1,6.0,6.1,5.2,4.9,1.3,1.3,1.1,1.1,4.8,LOW,LOW,LOW,LOW,N,28.2,23.8
2026-07-25 00:30,0,30,5,0.1305,0.9914,-0.9749,-0.2225,1,0,0,Clear,1.0,1.3,1.3,1.1,1.1,6.1,5.9,4.9,4.8,1.3,1.3,1.1,1.1,4.8,LOW,LOW,LOW,LOW,N,28.8,23.2
2026-07-25 00:45,0,45,5,0.1951,0.9808,-0.9749,-0.2225,1,0,0,Clear,1.0,1.3,1.3,1.1,1.1,6.0,6.0,4.8,5.0,1.3,1.3,1.1,1.1,4.8,LOW,LOW,LOW,LOW,N,28.5,23.5
2026-07-25 01:00,1,0,5,0.2588,0.9659,-0.9749,-0.2225,1,0,0,Clear,1.0,1.3,1.3,1.1,1.1,6.2,5.8,5.1,4.9,1.4,1.3,1.1,1.1,4.9,LOW,LOW,LOW,LOW,N,28.4,23.6
2026-07-25 01:15,1,15,5,0.3214,0.9469,-0.9749,-0.2225,1,0,0,Clear,1.0,1.4,1.3,1.1,1.1,5.8,5.7,5.1,5.2,1.3,1.3,1.1,1.1,4.8,LOW,LOW,LOW,LOW,N,27.4,24.6
2026-07-25 01:30,1,30,5,0.3827,0.9239,-0.9749,-0.2225,1,0,0,Clear,1.0,1.3,1.3,1.1,1.1,6.2,5.8,4.8,5.2,1.4,1.3,1.1,1.1,4.9,LOW,LOW,LOW,LOW,N,28.3,23.7
2026-07-25 01:45,1,45,5,0.4423,0.8969,-0.9749,-0.2225,1,0,0,Clear,1.0,1.4,1.3,1.1,1.1,5.7,5.9,4.8,5.2,1.3,1.3,1.1,1.1,4.8,LOW,LOW,LOW,LOW,N,27.8,24.2
2026-07-25 02:00,2,0,5,0.5,0.866,-0.9749,-0.2225,1,0,0,Clear,1.0,1.3,1.3,1.1,1.1,6.2,6.0,5.2,4.8,1.4,1.3,1.1,1.1,4.9,LOW,LOW,LOW,LOW,N,28.4,23.6
2026-07-25 02:15,2,15,5,0.5556,0.8315,-0.9749,-0.2225,1,0,0,Clear,1.0,1.4,1.3,1.1,1.1,6.0,6.0,5.0,5.2,1.3,1.3,1.1,1.1,4.8,LOW,LOW,LOW,LOW,N,28.0,24.0
2026-07-25 02:30,2,30,5,0.6088,0.7934,-0.9749,-0.2225,1,0,0,Clear,1.0,1.3,1.3,1.1,1.1,6.2,6.0,5.1,5.2,1.4,1.3,1.1,1.1,4.9,LOW,LOW,LOW,LOW,N,28.2,23.8
2026-07-25 02:45,2,45,5,0.6593,0.7518,-0.9749,-0.2225,1,0,0,Clear,1.0,1.4,1.3,1.1,1.1,6.1,5.9,5.1,4.9,1.3,1.3,1.1,1.1,4.8,LOW,LOW,LOW,LOW,N,28.3,23.7
2026-07-25 03:00,3,0,5,0.7071,0.7071,-0.9749,-0.2225,1,0,0,Clear,1.0,1.3,1.3,1.1,1.1,6.1,5.8,5.0,5.2,1.3,1.3,1.1,1.1,4.8,LOW,LOW,LOW,LOW,N,28.0,24.0
2026-07-25 03:15,3,15,5,0.7518,0.6593,-0.9749,-0.2225,1,0,0,Clear,1.0,1.3,1.3,1.1,1.1,5.7,6.2,4.9,5.1,1.3,1.4,1.1,1.1,4.9,LOW,LOW,LOW,LOW,S,28.4,23.6
2026-07-25 03:30,3,30,5,0.7934,0.6088,-0.9749,-0.2225,1,0,0,Clear,1.0,1.3,1.4,1.1,1.1,6.2,5.8,5.1,5.1,1.4,1.3,1.1,1.1,4.9,LOW,LOW,LOW,LOW,N,28.3,23.7
2026-07-25 03:45,3,45,5,0.8315,0.5556,-0.9749,-0.2225,1,0,0,Clear,1.0,1.4,1.3,1.1,1.1,6.1,6.3,5.1,5.0,1.3,1.4,1.1,1.1,4.9,LOW,LOW,LOW,LOW,S,28.7,23.3
2026-07-25 04:00,4,0,5,0.866,0.5,-0.9749,-0.2225,1,0,0,Clear,1.0,1.3,1.4,1.1,1.1,6.2,6.2,4.8,5.1,1.4,1.4,1.1,1.1,5.0,LOW,LOW,LOW,LOW,N,28.7,23.3
2026-07-25 04:15,4,15,5,0.8969,0.4423,-0.9749,-0.2225,1,0,0,Clear,1.0,1.4,1.4,1.1,1.1,6.2,5.8,4.8,4.8,1.4,1.3,1.1,1.1,4.9,LOW,LOW,LOW,LOW,N,29.1,22.9
2026-07-25 04:30,4,30,5,0.9239,0.3827,-0.9749,-0.2225,1,0,0,Heavy Rain,1.5,1.4,1.3,1.1,1.1,8.8,8.7,7.5,7.4,1.9,1.9,1.6,1.6,7.0,LOW,LOW,LOW,LOW,N,28.1,23.9
2026-07-25 04:45,4,45,5,0.9469,0.3214,-0.9749,-0.2225,1,0,0,Rain,1.25,1.9,1.9,1.6,1.6,7.8,7.2,6.2,6.1,1.7,1.6,1.4,1.3,6.0,LOW,LOW,LOW,LOW,N,28.8,23.2
2026-07-25 05:00,5,0,5,0.9659,0.2588,-0.9749,-0.2225,1,0,0,Clear,1.0,1.7,1.6,1.4,1.3,6.3,6.2,4.9,4.8,1.4,1.4,1.1,1.1,5.0,LOW,LOW,LOW,LOW,N,29.3,22.7
2026-07-25 05:15,5,15,5,0.9808,0.1951,-0.9749,-0.2225,1,0,0,Clear,1.0,1.4,1.4,1.1,1.1,6.1,6.1,4.9,4.8,1.3,1.3,1.1,1.1,4.8,LOW,LOW,LOW,LOW,N,28.9,23.1
2026-07-25 05:30,5,30,5,0.9914,0.1305,-0.9749,-0.2225,1,0,0,Clear,1.0,1.3,1.3,1.1,1.1,6.0,6.0,5.2,4.9,1.3,1.3,1.1,1.1,4.8,LOW,LOW,LOW,LOW,N,28.1,23.9
2026-07-25 05:45,5,45,5,0.9979,0.0654,-0.9749,-0.2225,1,0,0,Rain,1.25,1.3,1.3,1.1,1.1,7.8,7.3,6.0,6.3,1.7,1.6,1.3,1.4,6.0,LOW,LOW,LOW,LOW,N,28.7,23.3
2026-07-25 06:00,6,0,5,1.0,0.0,-0.9749,-0.2225,1,0,0,Rain,1.25,1.7,1.6,1.3,1.4,26.4,28.4,25.3,25.8,5.8,6.2,5.6,5.7,23.3,LOW,MEDIUM,LOW,LOW,S,27.1,24.9
2026-07-25 06:15,6,15,5,0.9979,-0.0654,-0.9749,-0.2225,1,0,0,Rain,1.25,5.8,6.2,5.6,5.7,26.5,28.5,23.8,24.7,5.8,6.3,5.2,5.4,22.7,LOW,MEDIUM,LOW,LOW,S,27.7,24.3
2026-07-25 06:30,6,30,5,0.9914,-0.1305,-0.9749,-0.2225,1,0,0,Clear,1.0,5.8,6.3,5.2,5.4,21.3,21.1,19.8,20.3,4.7,4.6,4.4,4.5,18.2,LOW,LOW,LOW,LOW,N,26.7,25.3
2026-07-25 06:45,6,45,5,0.9808,-0.1951,-0.9749,-0.2225,1,0,0,Rain,1.25,4.7,4.6,4.4,4.5,27.4,27.8,25.9,23.9,6.0,6.1,5.7,5.3,23.1,MEDIUM,MEDIUM,LOW,LOW,S,27.1,24.9
2026-07-25 07:00,7,0,5,0.9659,-0.2588,-0.9749,-0.2225,1,0,0,Clear,1.0,6.0,6.1,5.7,5.3,21.2,21.9,21.0,19.0,4.7,4.8,4.6,4.2,18.3,LOW,LOW,LOW,LOW,S,26.8,25.2
2026-07-25 07:15,7,15,5,0.9469,-0.3214,-0.9749,-0.2225,1,0,0,Clear,1.0,4.7,4.8,4.6,4.2,22.2,21.8,19.8,19.7,4.9,4.8,4.4,4.3,18.4,LOW,LOW,LOW,LOW,N,27.4,24.6
2026-07-25 07:30,7,30,5,0.9239,-0.3827,-0.9749,-0.2225,1,0,0,Clear,1.0,4.9,4.8,4.4,4.3,21.6,21.3,19.2,20.6,4.8,4.7,4.2,4.5,18.2,LOW,LOW,LOW,LOW,N,26.8,25.2
2026-07-25 07:45,7,45,5,0.8969,-0.4423,-0.9749,-0.2225,1,0,0,Clear,1.0,4.8,4.7,4.2,4.5,21.9,22.7,19.3,20.7,4.8,5.0,4.2,4.6,18.6,LOW,LOW,LOW,LOW,S,27.3,24.7
2026-07-25 08:00,8,0,5,0.866,-0.5,-0.9749,-0.2225,1,0,0,Clear,1.0,4.8,5.0,4.2,4.6,23.0,22.9,19.9,20.9,5.1,5.0,4.4,4.6,19.1,LOW,LOW,LOW,LOW,N,27.4,24.6
2026-07-25 08:15,8,15,5,0.8315,-0.5556,-0.9749,-0.2225,1,0,0,Clear,1.0,5.1,5.0,4.4,4.6,22.3,21.1,20.1,19.3,4.9,4.6,4.4,4.2,18.1,LOW,LOW,LOW,LOW,N,27.3,24.7
2026-07-25 08:30,8,30,5,0.7934,-0.6088,-0.9749,-0.2225,1,0,0,Clear,1.0,4.9,4.6,4.4,4.2,22.8,22.3,19.9,20.0,5.0,4.9,4.4,4.4,18.7,LOW,LOW,LOW,LOW,N,27.6,24.4
2026-07-25 08:45,8,45,5,0.7518,-0.6593,-0.9749,-0.2225,1,0,0,Clear,1.0,5.0,4.9,4.4,4.4,21.1,22.5,20.8,20.5,4.6,5.0,4.6,4.5,18.7,LOW,LOW,LOW,LOW,S,26.9,25.1
2026-07-25 09:00,9,0,5,0.7071,-0.7071,-0.9749,-0.2225,1,0,0,Clear,1.0,4.6,5.0,4.6,4.5,21.5,21.3,19.7,20.5,4.7,4.7,4.3,4.5,18.2,LOW,LOW,LOW,LOW,N,26.7,25.3
2026-07-25 09:15,9,15,5,0.6593,-0.7518,-0.9749,-0.2225,1,0,0,Clear,1.0,4.7,4.7,4.3,4.5,21.1,22.7,20.2,20.3,4.6,5.0,4.4,4.5,18.5,LOW,LOW,LOW,LOW,S,27.2,24.8
2026-07-25 09:30,9,30,5,0.6088,-0.7934,-0.9749,-0.2225,1,0,0,Clear,1.0,4.6,5.0,4.4,4.5,22.1,22.8,20.1,19.8,4.9,5.0,4.4,4.4,18.7,LOW,LOW,LOW,LOW,S,27.6,24.4
2026-07-25 09:45,9,45,5,0.5556,-0.8315,-0.9749,-0.2225,1,0,0,Clear,1.0,4.9,5.0,4.4,4.4,21.1,21.2,20.4,19.5,4.6,4.7,4.5,4.3,18.1,LOW,LOW,LOW,LOW,S,26.6,25.4
2026-07-25 10:00,10,0,5,0.5,-0.866,-0.9749,-0.2225,1,0,0,Heavy Rain,1.5,4.6,4.7,4.5,4.3,60.1,58.6,53.8,53.3,13.2,12.9,11.8,11.7,49.6,MEDIUM,MEDIUM,MEDIUM,MEDIUM,N,27.4,24.6
2026-07-25 10:15,10,15,5,0.4423,-0.8969,-0.9749,-0.2225,1,0,0,Clear,1.0,13.2,12.9,11.8,11.7,40.2,38.7,36.0,35.3,8.8,8.5,7.9,7.8,33.0,MEDIUM,MEDIUM,MEDIUM,MEDIUM,N,27.4,24.6
2026-07-25 10:30,10,30,5,0.3827,-0.9239,-0.9749,-0.2225,1,0,0,Clear,1.0,8.8,8.5,7.9,7.8,41.2,38.2,36.0,33.3,9.1,8.4,7.9,7.3,32.7,MEDIUM,MEDIUM,MEDIUM,MEDIUM,N,27.8,24.2
2026-07-25 10:45,10,45,5,0.3214,-0.9469,-0.9749,-0.2225,1,0,0,Rain,1.25,9.1,8.4,7.9,7.3,50.7,49.0,43.9,45.1,11.2,10.8,9.7,9.9,41.6,MEDIUM,MEDIUM,MEDIUM,MEDIUM,N,27.5,24.5
2026-07-25 11:00,11,0,5,0.2588,-0.9659,-0.9749,-0.2225,1,0,0,Rain,1.25,11.2,10.8,9.7,9.9,48.0,57.0,40.6,49.0,10.6,12.5,8.9,10.8,42.8,MEDIUM,MEDIUM,MEDIUM,MEDIUM,S,28.0,24.0
2026-07-25 11:15,11,15,5,0.1951,-0.9808,-0.9749,-0.2225,1,0,0,Clear,1.0,10.6,12.5,8.9,10.8,38.4,44.2,35.1,40.1,8.4,9.7,7.7,8.8,34.6,MEDIUM,MEDIUM,MEDIUM,MEDIUM,S,27.2,24.8
2026-07-25 11:30,11,30,5,0.1305,-0.9914,-0.9749,-0.2225,1,0,0,Clear,1.0,8.4,9.7,7.7,8.8,37.4,46.4,33.7,39.6,8.2,10.2,7.4,8.7,34.5,MEDIUM,MEDIUM,MEDIUM,MEDIUM,S,27.9,24.1
2026-07-25 11:45,11,45,5,0.0654,-0.9979,-0.9749,-0.2225,1,0,0,Clear,1.0,8.2,10.2,7.4,8.7,38.5,42.9,35.1,39.3,8.5,9.4,7.7,8.6,34.2,MEDIUM,MEDIUM,MEDIUM,MEDIUM,S,27.2,24.8
2026-07-25 12:00,12,0,5,0.0,-1.0,-0.9749,-0.2225,1,0,0,Clear,1.0,8.5,9.4,7.7,8.6,42.7,53.6,35.7,45.9,9.4,11.8,7.9,10.1,39.2,MEDIUM,MEDIUM,MEDIUM,MEDIUM,S,28.1,23.9
2026-07-25 12:15,12,15,5,-0.0654,-0.9979,-0.9749,-0.2225,1,0,0,Clear,1.0,9.4,11.8,7.9,10.1,42.7,54.2,36.1,43.9,9.4,11.9,7.9,9.7,38.9,MEDIUM,MEDIUM,MEDIUM,MEDIUM,S,28.6,23.4
2026-07-25 12:30,12,30,5,-0.1305,-0.9914,-0.9749,-0.2225,1,0,0,Clear,1.0,9.4,11.9,7.9,9.7,38.7,49.5,36.2,47.3,8.5,10.9,8.0,10.4,37.8,MEDIUM,MEDIUM,MEDIUM,MEDIUM,S,26.6,25.4
2026-07-25 12:45,12,45,5,-0.1951,-0.9808,-0.9749,-0.2225,1,0,0,Clear,1.0,8.5,10.9,8.0,10.4,41.1,49.5,37.0,42.8,9.0,10.9,8.1,9.4,37.4,MEDIUM,MEDIUM,MEDIUM,MEDIUM,S,27.8,24.2
2026-07-25 13:00,13,0,5,-0.2588,-0.9659,-0.9749,-0.2225,1,0,0,Clear,1.0,9.0,10.9,8.1,9.4,46.1,54.4,43.3,43.8,10.1,12.0,9.5,9.6,41.2,MEDIUM,MEDIUM,MEDIUM,MEDIUM,S,28.3,23.7
2026-07-25 13:15,13,15,5,-0.3214,-0.9469,-0.9749,-0.2225,1,0,0,Clear,1.0,10.1,12.0,9.5,9.6,49.7,54.0,43.1,45.5,10.9,11.9,9.5,10.0,42.3,MEDIUM,MEDIUM,MEDIUM,MEDIUM,S,28.1,23.9
2026-07-25 13:30,13,30,5,-0.3827,-0.9239,-0.9749,-0.2225,1,0,0,Clear,1.0,10.9,11.9,9.5,10.0,46.4,51.8,41.6,46.8,10.2,11.4,9.2,10.3,41.1,MEDIUM,MEDIUM,MEDIUM,MEDIUM,S,27.3,24.7
2026-07-25 13:45,13,45,5,-0.4423,-0.8969,-0.9749,-0.2225,1,0,0,Clear,1.0,10.2,11.4,9.2,10.3,46.6,53.0,44.0,46.5,10.3,11.7,9.7,10.2,41.9,MEDIUM,MEDIUM,MEDIUM,MEDIUM,S,27.5,24.5
2026-07-25 14:00,14,0,5,-0.5,-0.866,-0.9749,-0.2225,1,0,0,Clear,1.0,10.3,11.7,9.7,10.2,54.9,47.0,45.6,41.0,12.1,10.3,10.0,9.0,41.4,MEDIUM,MEDIUM,MEDIUM,MEDIUM,N,28.3,23.7
2026-07-25 14:15,14,15,5,-0.5556,-0.8315,-0.9749,-0.2225,1,0,0,Rain,1.25,12.1,10.3,10.0,9.0,66.2,58.3,58.3,48.8,14.6,12.8,12.8,10.7,50.9,HIGH,MEDIUM,MEDIUM,MEDIUM,N,27.8,24.2
2026-07-25 14:30,14,30,5,-0.6088,-0.7934,-0.9749,-0.2225,1,0,0,Clear,1.0,14.6,12.8,12.8,10.7,53.8,48.0,46.6,42.4,11.8,10.6,10.3,9.3,42.0,MEDIUM,MEDIUM,MEDIUM,MEDIUM,N,27.8,24.2
2026-07-25 14:45,14,45,5,-0.6593,-0.7518,-0.9749,-0.2225,1,0,0,Clear,1.0,11.8,10.6,10.3,9.3,53.5,47.9,45.8,41.3,11.8,10.5,10.1,9.1,41.5,MEDIUM,MEDIUM,MEDIUM,MEDIUM,N,28.0,24.0
2026-07-25 15:00,15,0,5,-0.7071,-0.7071,-0.9749,-0.2225,1,0,0,Rain,1.25,11.8,10.5,10.1,9.1,63.4,48.4,57.4,42.4,13.9,10.6,12.6,9.3,46.4,MEDIUM,MEDIUM,MEDIUM,MEDIUM,N,27.4,24.6
2026-07-25 15:15,15,15,5,-0.7518,-0.6593,-0.9749,-0.2225,1,0,0,Rain,1.25,13.9,10.6,12.6,9.3,60.7,49.1,53.0,42.5,13.4,10.8,11.7,9.4,45.3,MEDIUM,MEDIUM,MEDIUM,MEDIUM,N,27.8,24.2
2026-07-25 15:30,15,30,5,-0.7934,-0.6088,-0.9749,-0.2225,1,0,0,Rain,1.25,13.4,10.8,11.7,9.4,63.3,49.3,53.3,43.9,13.9,10.8,11.7,9.7,46.1,MEDIUM,MEDIUM,MEDIUM,MEDIUM,N,28.1,23.9
2026-07-25 15:45,15,45,5,-0.8315,-0.5556,-0.9749,-0.2225,1,0,0,Clear,1.0,13.9,10.8,11.7,9.7,50.7,37.4,43.3,36.5,11.2,8.2,9.5,8.0,36.9,MEDIUM,MEDIUM,MEDIUM,MEDIUM,N,27.7,24.3
2026-07-25 16:00,16,0,5,-0.866,-0.5,-0.9749,-0.2225,1,0,0,Clear,1.0,11.2,8.2,9.5,8.0,41.2,37.1,37.7,34.2,9.1,8.2,8.3,7.5,33.1,MEDIUM,MEDIUM,MEDIUM,MEDIUM,N,27.1,24.9
2026-07-25 16:15,16,15,5,-0.8969,-0.4423,-0.9749,-0.2225,1,0,0,Clear,1.0,9.1,8.2,8.3,7.5,44.8,37.9,37.5,35.4,9.9,8.3,8.2,7.8,34.2,MEDIUM,MEDIUM,MEDIUM,MEDIUM,N,28.0,24.0
2026-07-25 16:30,16,30,5,-0.9239,-0.3827,-0.9749,-0.2225,1,0,0,Clear,1.0,9.9,8.3,8.2,7.8,40.6,35.6,37.0,33.5,8.9,7.8,8.1,7.4,32.2,MEDIUM,MEDIUM,MEDIUM,MEDIUM,N,27.1,24.9
2026-07-25 16:45,16,45,5,-0.9469,-0.3214,-0.9749,-0.2225,1,0,0,Clear,1.0,8.9,7.8,8.1,7.4,40.7,37.6,38.6,35.7,9.0,8.3,8.5,7.9,33.7,MEDIUM,MEDIUM,MEDIUM,MEDIUM,N,26.7,25.3
2026-07-25 17:00,17,0,5,-0.9659,-0.2588,-0.9749,-0.2225,1,0,0,Clear,1.0,9.0,8.3,8.5,7.9,37.5,44.7,34.3,37.2,8.2,9.8,7.5,8.2,33.7,MEDIUM,MEDIUM,MEDIUM,MEDIUM,S,28.1,23.9
2026-07-25 17:15,17,15,5,-0.9808,-0.1951,-0.9749,-0.2225,1,0,0,Heavy Rain,1.5,8.2,9.8,7.5,8.2,56.9,62.9,53.6,57.9,12.5,13.8,11.8,12.7,50.8,MEDIUM,MEDIUM,MEDIUM,MEDIUM,S,27.0,25.0
2026-07-25 17:30,17,30,5,-0.9914,-0.1305,-0.9749,-0.2225,1,0,0,Rain,1.25,12.5,13.8,11.8,12.7,48.1,54.9,42.4,46.5,10.6,12.1,9.3,10.2,42.2,MEDIUM,MEDIUM,MEDIUM,MEDIUM,S,28.0,24.0
2026-07-25 17:45,17,45,5,-0.9979,-0.0654,-0.9749,-0.2225,1,0,0,Clear,1.0,10.6,12.1,9.3,10.2,37.4,41.7,33.8,39.8,8.2,9.2,7.4,8.8,33.6,MEDIUM,MEDIUM,MEDIUM,MEDIUM,S,26.8,25.2
2026-07-25 18:00,18,0,5,-1.0,-0.0,-0.9749,-0.2225,1,0,0,Rain,1.25,8.2,9.2,7.4,8.8,27.3,28.5,25.0,26.0,6.0,6.3,5.5,5.7,23.5,MEDIUM,MEDIUM,LOW,LOW,S,27.2,24.8
2026-07-25 18:15,18,15,5,-0.9979,0.0654,-0.9749,-0.2225,1,0,0,Clear,1.0,6.0,6.3,5.5,5.7,21.6,22.2,20.0,19.5,4.8,4.9,4.4,4.3,18.4,LOW,LOW,LOW,LOW,S,27.3,24.7
2026-07-25 18:30,18,30,5,-0.9914,0.1305,-0.9749,-0.2225,1,0,0,Clear,1.0,4.8,4.9,4.4,4.3,21.8,23.0,19.2,21.0,4.8,5.1,4.2,4.6,18.7,LOW,LOW,LOW,LOW,S,27.3,24.7
2026-07-25 18:45,18,45,5,-0.9808,0.1951,-0.9749,-0.2225,1,0,0,Clear,1.0,4.8,5.1,4.2,4.6,22.2,21.7,20.8,20.5,4.9,4.8,4.6,4.5,18.8,LOW,LOW,LOW,LOW,N,26.8,25.2
2026-07-25 19:00,19,0,5,-0.9659,0.2588,-0.9749,-0.2225,1,0,0,Clear,1.0,4.9,4.8,4.6,4.5,21.9,22.7,20.4,20.1,4.8,5.0,4.5,4.4,18.7,LOW,LOW,LOW,LOW,S,27.3,24.7
2026-07-25 19:15,19,15,5,-0.9469,0.3214,-0.9749,-0.2225,1,0,0,Rain,1.25,4.8,5.0,4.5,4.4,26.6,26.2,24.5,25.8,5.9,5.8,5.4,5.7,22.8,LOW,LOW,LOW,LOW,N,26.5,25.5
2026-07-25 19:30,19,30,5,-0.9239,0.3827,-0.9749,-0.2225,1,0,0,Clear,1.0,5.9,5.8,5.4,5.7,21.3,23.0,20.5,20.4,4.7,5.1,4.5,4.5,18.8,LOW,LOW,LOW,LOW,S,27.3,24.7
2026-07-25 19:45,19,45,5,-0.8969,0.4423,-0.9749,-0.2225,1,0,0,Clear,1.0,4.7,5.1,4.5,4.5,21.0,22.9,19.8,19.8,4.6,5.0,4.4,4.4,18.4,LOW,LOW,LOW,LOW,S,27.6,24.4
2026-07-25 20:00,20,0,5,-0.866,0.5,-0.9749,-0.2225,1,0,0,Clear,1.0,4.6,5.0,4.4,4.4,22.7,22.2,19.7,20.6,5.0,4.9,4.3,4.5,18.7,LOW,LOW,LOW,LOW,N,27.3,24.7
2026-07-25 20:15,20,15,5,-0.8315,0.5556,-0.9749,-0.2225,1,0,0,Clear,1.0,5.0,4.9,4.3,4.5,21.4,23.0,19.7,19.9,4.7,5.1,4.3,4.4,18.5,LOW,LOW,LOW,LOW,S,27.7,24.3
2026-07-25 20:30,20,30,5,-0.7934,0.6088,-0.9749,-0.2225,1,0,0,Clear,1.0,4.7,5.1,4.3,4.4,22.7,20.9,19.8,20.2,5.0,4.6,4.4,4.4,18.4,LOW,LOW,LOW,LOW,N,27.3,24.7
2026-07-25 20:45,20,45,5,-0.7518,0.6593,-0.9749,-0.2225,1,0,0,Clear,1.0,5.0,4.6,4.4,4.4,22.8,22.8,19.1,20.3,5.0,5.0,4.2,4.5,18.7,LOW,LOW,LOW,LOW,N,27.7,24.3
2026-07-25 21:00,21,0,5,-0.7071,0.7071,-0.9749,-0.2225,1,0,0,Clear,1.0,5.0,5.0,4.2,4.5,22.6,22.5,20.5,20.4,5.0,5.0,4.5,4.5,19.0,LOW,LOW,LOW,LOW,N,27.3,24.7
2026-07-25 21:15,21,15,5,-0.6593,0.7518,-0.9749,-0.2225,1,0,0,Clear,1.0,5.0,5.0,4.5,4.5,21.7,22.2,19.5,20.3,4.8,4.9,4.3,4.5,18.5,LOW,LOW,LOW,LOW,S,27.2,24.8
2026-07-25 21:30,21,30,5,-0.6088,0.7934,-0.9749,-0.2225,1,0,0,Clear,1.0,4.8,4.9,4.3,4.5,22.2,20.9,20.4,19.4,4.9,4.6,4.5,4.3,18.3,LOW,LOW,LOW,LOW,N,27.1,24.9
2026-07-25 21:45,21,45,5,-0.5556,0.8315,-0.9749,-0.2225,1,0,0,Clear,1.0,4.9,4.6,4.5,4.3,21.4,22.3,19.6,19.7,4.7,4.9,4.3,4.3,18.2,LOW,LOW,LOW,LOW,S,27.5,24.5
2026-07-25 22:00,22,0,5,-0.5,0.866,-0.9749,-0.2225,1,0,0,Heavy Rain,1.5,4.7,4.9,4.3,4.3,33.9,33.5,28.7,29.5,7.5,7.4,6.3,6.5,27.7,MEDIUM,MEDIUM,MEDIUM,MEDIUM,N,27.9,24.1
2026-07-25 22:15,22,15,5,-0.4423,0.8969,-0.9749,-0.2225,1,0,0,Clear,1.0,7.5,7.4,6.3,6.5,21.6,22.8,20.4,20.2,4.8,5.0,4.5,4.4,18.7,LOW,LOW,LOW,LOW,S,27.3,24.7
2026-07-25 22:30,22,30,5,-0.3827,0.9239,-0.9749,-0.2225,1,0,0,Clear,1.0,4.8,5.0,4.5,4.4,21.4,21.8,20.4,20.2,4.7,4.8,4.5,4.4,18.4,LOW,LOW,LOW,LOW,S,26.8,25.2
2026-07-25 22:45,22,45,5,-0.3214,0.9469,-0.9749,-0.2225,1,0,0,Clear,1.0,4.7,4.8,4.5,4.4,21.5,21.9,19.3,20.2,4.7,4.8,4.2,4.4,18.1,LOW,LOW,LOW,LOW,S,27.1,24.9
2026-07-25 23:00,23,0,5,-0.2588,0.9659,-0.9749,-0.2225,1,0,0,Clear,1.0,4.7,4.8,4.2,4.4,5.9,5.7,5.0,4.9,1.3,1.3,1.1,1.1,4.8,LOW,LOW,LOW,LOW,N,28.1,23.9
2026-07-25 23:15,23,15,5,-0.1951,0.9808,-0.9749,-0.2225,1,0,0,Clear,1.0,1.3,1.3,1.1,1.1,6.2,6.0,5.1,4.9,1.4,1.3,1.1,1.1,4.9,LOW,LOW,LOW,LOW,N,28.6,23.4
2026-07-25 23:30,23,30,5,-0.1305,0.9914,-0.9749,-0.2225,1,0,0,Heavy Rain,1.5,1.4,1.3,1.1,1.1,9.1,8.7,7.4,7.8,2.0,1.9,1.6,1.7,7.2,LOW,LOW,LOW,LOW,N,28.0,24.0
2026-07-25 23:45,23,45,5,-0.0654,0.9979,-0.9749,-0.2225,1,0,0,Clear,1.0,2.0,1.9,1.6,1.7,5.9,5.9,5.1,5.1,1.3,1.3,1.1,1.1,4.8,LOW,LOW,LOW,LOW,N,27.9,24.1
2026-07-26 00:00,0,0,6,0.0,1.0,-0.7818,0.6235,1,0,0,Clear,1.0,1.3,1.3,1.1,1.1,6.0,5.9,5.1,5.0,1.3,1.3,1.1,1.1,4.8,LOW,LOW,LOW,LOW,N,28.1,23.9
2026-07-26 00:15,0,15,6,0.0654,0.9979,-0.7818,0.6235,1,0,0,Heavy Rain,1.5,1.3,1.3,1.1,1.1,9.2,9.0,7.8,7.3,2.0,2.0,1.7,1.6,7.3,LOW,LOW,LOW,LOW,N,28.3,23.7
2026-07-26 00:30,0,30,6,0.1305,0.9914,-0.7818,0.6235,1,0,0,Clear,1.0,2.0,2.0,1.7,1.6,6.2,6.0,4.9,4.9,1.4,1.3,1.1,1.1,4.9,LOW,LOW,LOW,LOW,N,28.9,23.1
2026-07-26 00:45,0,45,6,0.1951,0.9808,-0.7818,0.6235,1,0,0,Clear,1.0,1.4,1.3,1.1,1.1,5.8,6.0,4.9,5.0,1.3,1.3,1.1,1.1,4.8,LOW,LOW,LOW,LOW,N,28.3,23.7
2026-07-26 01:00,1,0,6,0.2588,0.9659,-0.7818,0.6235,1,0,0,Clear,1.0,1.3,1.3,1.1,1.1,6.2,6.1,4.8,5.0,1.4,1.3,1.1,1.1,4.9,LOW,LOW,LOW,LOW,N,28.9,23.1
2026-07-26 01:15,1,15,6,0.3214,0.9469,-0.7818,0.6235,1,0,0,Clear,1.0,1.4,1.3,1.1,1.1,6.0,6.0,5.0,5.0,1.3,1.3,1.1,1.1,4.8,LOW,LOW,LOW,LOW,N,28.4,23.6
2026-07-26 01:30,1,30,6,0.3827,0.9239,-0.7818,0.6235,1,0,0,Clear,1.0,1.3,1.3,1.1,1.1,5.9,5.7,5.2,5.2,1.3,1.3,1.1,1.1,4.8,LOW,LOW,LOW,LOW,N,27.5,24.5
2026-07-26 01:45,1,45,6,0.4423,0.8969,-0.7818,0.6235,1,0,0,Clear,1.0,1.3,1.3,1.1,1.1,5.9,5.8,5.0,5.2,1.3,1.3,1.1,1.1,4.8,LOW,LOW,LOW,LOW,N,27.7,24.3
2026-07-26 02:00,2,0,6,0.5,0.866,-0.7818,0.6235,1,0,0,Clear,1.0,1.3,1.3,1.1,1.1,6.2,6.1,5.2,5.2,1.4,1.3,1.1,1.1,4.9,LOW,LOW,LOW,LOW,N,28.2,23.8
2026-07-26 02:15,2,15,6,0.5556,0.8315,-0.7818,0.6235,1,0,0,Clear,1.0,1.4,1.3,1.1,1.1,5.8,6.0,5.2,4.9,1.3,1.3,1.1,1.1,4.8,LOW,LOW,LOW,LOW,N,27.9,24.1
2026-07-26 02:30,2,30,6,0.6088,0.7934,-0.7818,0.6235,1,0,0,Clear,1.0,1.3,1.3,1.1,1.1,6.1,6.1,4.9,4.8,1.3,1.3,1.1,1.1,4.8,LOW,LOW,LOW,LOW,N,28.9,23.1
2026-07-26 02:45,2,45,6,0.6593,0.7518,-0.7818,0.6235,1,0,0,Clear,1.0,1.3,1.3,1.1,1.1,5.8,5.7,4.9,5.0,1.3,1.3,1.1,1.1,4.8,LOW,LOW,LOW,LOW,N,27.9,24.1
2026-07-26 03:00,3,0,6,0.7071,0.7071,-0.7818,0.6235,1,0,0,Clear,1.0,1.3,1.3,1.1,1.1,6.1,5.9,5.2,5.2,1.3,1.3,1.1,1.1,4.8,LOW,LOW,LOW,LOW,N,28.0,24.0
2026-07-26 03:15,3,15,6,0.7518,0.6593,-0.7818,0.6235,1,0,0,Clear,1.0,1.3,1.3,1.1,1.1,5.8,5.7,5.1,5.0,1.3,1.3,1.1,1.1,4.8,LOW,LOW,LOW,LOW,N,27.7,24.3
2026-07-26 03:30,3,30,6,0.7934,0.6088,-0.7818,0.6235,1,0,0,Clear,1.0,1.3,1.3,1.1,1.1,5.8,5.7,4.8,5.0,1.3,1.3,1.1,1.1,4.8,LOW,LOW,LOW,LOW,N,28.0,24.0
2026-07-26 03:45,3,45,6,0.8315,0.5556,-0.7818,0.6235,1,0,0,Clear,1.0,1.3,1.3,1.1,1.1,6.1,6.2,5.0,4.9,1.3,1.4,1.1,1.1,4.9,LOW,LOW,LOW,LOW,S,28.8,23.2
2026-07-26 04:00,4,0,6,0.866,0.5,-0.7818,0.6235,1,0,0,Clear,1.0,1.3,1.4,1.1,1.1,6.1,5.8,5.1,5.0,1.3,1.3,1.1,1.1,4.8,LOW,LOW,LOW,LOW,N,28.2,23.8
2026-07-26 04:15,4,15,6,0.8969,0.4423,-0.7818,0.6235,1,0,0,Clear,1.0,1.3,1.3,1.1,1.1,6.0,5.8,5.1,4.9,1.3,1.3,1.1,1.1,4.8,LOW,LOW,LOW,LOW,N,28.1,23.9
2026-07-26 04:30,4,30,6,0.9239,0.3827,-0.7818,0.6235,1,0,0,Clear,1.0,1.3,1.3,1.1,1.1,6.0,6.2,4.8,5.2,1.3,1.4,1.1,1.1,4.9,LOW,LOW,LOW,LOW,S,28.4,23.6
2026-07-26 04:45,4,45,6,0.9469,0.3214,-0.7818,0.6235,1,0,0,Clear,1.0,1.3,1.4,1.1,1.1,6.1,6.2,5.0,5.1,1.3,1.4,1.1,1.1,4.9,LOW,LOW,LOW,LOW,S,28.5,23.5
2026-07-26 05:00,5,0,6,0.9659,0.2588,-0.7818,0.6235,1,0,0,Clear,1.0,1.3,1.4,1.1,1.1,6.1,5.8,4.8,4.9,1.3,1.3,1.1,1.1,4.8,LOW,LOW,LOW,LOW,N,28.7,23.3
2026-07-26 05:15,5,15,6,0.9808,0.1951,-0.7818,0.6235,1,0,0,Clear,1.0,1.3,1.3,1.1,1.1,6.2,5.8,5.2,4.8,1.4,1.3,1.1,1.1,4.9,LOW,LOW,LOW,LOW,N,28.3,23.7
2026-07-26 05:30,5,30,6,0.9914,0.1305,-0.7818,0.6235,1,0,0,Clear,1.0,1.4,1.3,1.1,1.1,6.2,6.1,5.0,4.9,1.4,1.3,1.1,1.1,4.9,LOW,LOW,LOW,LOW,N,28.8,23.2
2026-07-26 05:45,5,45,6,0.9979,0.0654,-0.7818,0.6235,1,0,0,Clear,1.0,1.4,1.3,1.1,1.1,6.1,6.2,4.8,5.0,1.3,1.4,1.1,1.1,4.9,LOW,LOW,LOW,LOW,S,28.9,23.1
2026-07-26 06:00,6,0,6,1.0,0.0,-0.7818,0.6235,1,0,0,Clear,1.0,1.3,1.4,1.1,1.1,22.5,23.0,20.0,19.2,5.0,5.1,4.4,4.2,18.7,LOW,LOW,LOW,LOW,S,27.9,24.1
2026-07-26 06:15,6,15,6,0.9979,-0.0654,-0.7818,0.6235,1,0,0,Heavy Rain,1.5,5.0,5.1,4.4,4.2,31.8,34.3,30.9,29.5,7.0,7.5,6.8,6.5,27.8,MEDIUM,MEDIUM,MEDIUM,MEDIUM,S,27.3,24.7
2026-07-26 06:30,6,30,6,0.9914,-0.1305,-0.7818,0.6235,1,0,0,Rain,1.25,7.0,7.5,6.8,6.5,28.1,26.3,25.8,24.9,6.2,5.8,5.7,5.5,23.2,MEDIUM,LOW,LOW,LOW,N,27.0,25.0
2026-07-26 06:45,6,45,6,0.9808,-0.1951,-0.7818,0.6235,1,0,0,Clear,1.0,6.2,5.8,5.7,5.5,23.0,22.1,20.9,19.2,5.1,4.9,4.6,4.2,18.8,LOW,LOW,LOW,LOW,N,27.4,24.6
2026-07-26 07:00,7,0,6,0.9659,-0.2588,-0.7818,0.6235,1,0,0,Clear,1.0,5.1,4.9,4.6,4.2,21.1,21.9,19.3,19.3,4.6,4.8,4.2,4.2,17.8,LOW,LOW,LOW,LOW,S,27.5,24.5
2026-07-26 07:15,7,15,6,0.9469,-0.3214,-0.7818,0.6235,1,0,0,Clear,1.0,4.6,4.8,4.2,4.2,22.5,22.3,21.0,20.4,5.0,4.9,4.6,4.5,19.0,LOW,LOW,LOW,LOW,N,27.0,25.0
2026-07-26 07:30,7,30,6,0.9239,-0.3827,-0.7818,0.6235,1,0,0,Rain,1.25,5.0,4.9,4.6,4.5,26.4,27.3,24.5,25.0,5.8,6.0,5.4,5.5,22.7,LOW,MEDIUM,LOW,LOW,S,27.1,24.9
2026-07-26 07:45,7,45,6,0.8969,-0.4423,-0.7818,0.6235,1,0,0,Clear,1.0,5.8,6.0,5.4,5.5,22.0,22.1,20.4,20.6,4.8,4.9,4.5,4.5,18.7,LOW,LOW,LOW,LOW,S,26.9,25.1
2026-07-26 08:00,8,0,6,0.866,-0.5,-0.7818,0.6235,1,0,0,Rain,1.25,4.8,4.9,4.5,4.5,28.7,27.9,25.8,23.8,6.3,6.1,5.7,5.2,23.3,MEDIUM,MEDIUM,LOW,LOW,N,27.6,24.4
2026-07-26 08:15,8,15,6,0.8315,-0.5556,-0.7818,0.6235,1,0,0,Rain,1.25,6.3,6.1,5.7,5.2,26.7,26.4,24.0,24.6,5.9,5.8,5.3,5.4,22.4,LOW,LOW,LOW,LOW,N,27.1,24.9
2026-07-26 08:30,8,30,6,0.7934,-0.6088,-0.7818,0.6235,1,0,0,Clear,1.0,5.9,5.8,5.3,5.4,21.1,22.5,19.7,19.7,4.6,5.0,4.3,4.3,18.2,LOW,LOW,LOW,LOW,S,27.5,24.5
2026-07-26 08:45,8,45,6,0.7518,-0.6593,-0.7818,0.6235,1,0,0,Clear,1.0,4.6,5.0,4.3,4.3,22.7,22.6,19.2,20.9,5.0,5.0,4.2,4.6,18.8,LOW,LOW,LOW,LOW,N,27.3,24.7
2026-07-26 09:00,9,0,6,0.7071,-0.7071,-0.7818,0.6235,1,0,0,Clear,1.0,5.0,5.0,4.2,4.6,21.3,22.1,20.3,19.4,4.7,4.9,4.5,4.3,18.4,LOW,LOW,LOW,LOW,S,27.1,24.9
2026-07-26 09:15,9,15,6,0.6593,-0.7518,-0.7818,0.6235,1,0,0,Clear,1.0,4.7,4.9,4.5,4.3,22.7,22.5,19.5,19.2,5.0,5.0,4.3,4.2,18.5,LOW,LOW,LOW,LOW,N,28.0,24.0
2026-07-26 09:30,9,30,6,0.6088,-0.7934,-0.7818,0.6235,1,0,0,Clear,1.0,5.0,5.0,4.3,4.2,23.0,22.6,20.0,19.6,5.1,5.0,4.4,4.3,18.8,LOW,LOW,LOW,LOW,N,27.8,24.2
2026-07-26 09:45,9,45,6,0.5556,-0.8315,-0.7818,0.6235,1,0,0,Clear,1.0,5.1,5.0,4.4,4.3,22.8,22.7,19.2,19.3,5.0,5.0,4.2,4.2,18.4,LOW,LOW,LOW,LOW,N,28.2,23.8
2026-07-26 10:00,10,0,6,0.5,-0.866,-0.7818,0.6235,1,0,0,Clear,1.0,5.0,5.0,4.2,4.2,42.0,40.2,37.5,35.6,9.2,8.8,8.2,7.8,34.0,MEDIUM,MEDIUM,MEDIUM,MEDIUM,N,27.5,24.5
2026-07-26 10:15,10,15,6,0.4423,-0.8969,-0.7818,0.6235,1,0,0,Clear,1.0,9.2,8.8,8.2,7.8,39.6,36.7,38.0,33.3,8.7,8.1,8.4,7.3,32.5,MEDIUM,MEDIUM,MEDIUM,MEDIUM,N,26.7,25.3
2026-07-26 10:30,10,30,6,0.3827,-0.9239,-0.7818,0.6235,1,0,0,Clear,1.0,8.7,8.1,8.4,7.3,40.9,37.2,36.4,36.4,9.0,8.2,8.0,8.0,33.2,MEDIUM,MEDIUM,MEDIUM,MEDIUM,N,27.2,24.8
2026-07-26 10:45,10,45,6,0.3214,-0.9469,-0.7818,0.6235,1,0,0,Clear,1.0,9.0,8.2,8.0,8.0,38.9,37.5,38.5,33.5,8.6,8.2,8.5,7.4,32.7,MEDIUM,MEDIUM,MEDIUM,MEDIUM,N,26.5,25.5
2026-07-26 11:00,11,0,6,0.2588,-0.9659,-0.7818,0.6235,1,0,0,Clear,1.0,8.6,8.2,8.5,7.4,38.8,44.3,34.1,39.1,8.5,9.7,7.5,8.6,34.3,MEDIUM,MEDIUM,MEDIUM,MEDIUM,S,27.6,24.4
2026-07-26 11:15,11,15,6,0.1951,-0.9808,-0.7818,0.6235,1,0,0,Rain,1.25,8.5,9.7,7.5,8.6,44.1,55.3,41.3,51.6,9.7,12.2,9.1,11.4,42.4,MEDIUM,MEDIUM,MEDIUM,MEDIUM,S,26.9,25.1
2026-07-26 11:30,11,30,6,0.1305,-0.9914,-0.7818,0.6235,1,0,0,Rain,1.25,9.7,12.2,9.1,11.4,48.2,54.2,41.2,49.3,10.6,11.9,9.1,10.8,42.4,MEDIUM,MEDIUM,MEDIUM,MEDIUM,S,27.4,24.6
2026-07-26 11:45,11,45,6,0.0654,-0.9979,-0.7818,0.6235,1,0,0,Clear,1.0,10.6,11.9,9.1,10.8,35.2,44.8,34.9,38.3,7.7,9.9,7.7,8.4,33.7,MEDIUM,MEDIUM,MEDIUM,MEDIUM,S,27.6,24.4
2026-07-26 12:00,12,0,6,0.0,-1.0,-0.7818,0.6235,1,0,0,Clear,1.0,7.7,9.9,7.7,8.4,40.9,51.7,36.9,44.2,9.0,11.4,8.1,9.7,38.2,MEDIUM,MEDIUM,MEDIUM,MEDIUM,S,27.9,24.1
2026-07-26 12:15,12,15,6,-0.0654,-0.9979,-0.7818,0.6235,1,0,0,Clear,1.0,9.0,11.4,8.1,9.7,42.5,53.8,36.6,46.6,9.4,11.8,8.1,10.3,39.6,MEDIUM,MEDIUM,MEDIUM,MEDIUM,S,27.9,24.1
2026-07-26 12:30,12,30,6,-0.1305,-0.9914,-0.7818,0.6235,1,0,0,Clear,1.0,9.4,11.8,8.1,10.3,41.7,52.4,37.9,43.0,9.2,11.5,8.3,9.5,38.5,MEDIUM,MEDIUM,MEDIUM,MEDIUM,S,28.3,23.7
2026-07-26 12:45,12,45,6,-0.1951,-0.9808,-0.7818,0.6235,1,0,0,Clear,1.0,9.2,11.5,8.3,9.5,39.7,53.2,38.3,45.4,8.7,11.7,8.4,10.0,38.8,MEDIUM,MEDIUM,MEDIUM,MEDIUM,S,27.7,24.3
2026-07-26 13:00,13,0,6,-0.2588,-0.9659,-0.7818,0.6235,1,0,0,Clear,1.0,8.7,11.7,8.4,10.0,48.2,49.7,42.6,47.5,10.6,10.9,9.4,10.4,41.3,MEDIUM,MEDIUM,MEDIUM,MEDIUM,S,26.8,25.2
2026-07-26 13:15,13,15,6,-0.3214,-0.9469,-0.7818,0.6235,1,0,0,Clear,1.0,10.6,10.9,9.4,10.4,50.5,51.2,42.3,43.6,11.1,11.3,9.3,9.6,41.3,MEDIUM,MEDIUM,MEDIUM,MEDIUM,S,28.1,23.9
2026-07-26 13:30,13,30,6,-0.3827,-0.9239,-0.7818,0.6235,1,0,0,Clear,1.0,11.1,11.3,9.3,9.6,49.2,53.9,42.6,43.5,10.8,11.9,9.4,9.6,41.7,MEDIUM,MEDIUM,MEDIUM,MEDIUM,S,28.6,23.4
2026-07-26 13:45,13,45,6,-0.4423,-0.8969,-0.7818,0.6235,1,0,0,Clear,1.0,10.8,11.9,9.4,9.6,48.3,52.8,42.9,44.4,10.6,11.6,9.4,9.8,41.4,MEDIUM,MEDIUM,MEDIUM,MEDIUM,S,28.1,23.9
2026-07-26 14:00,14,0,6,-0.5,-0.866,-0.7818,0.6235,1,0,0,Clear,1.0,10.6,11.6,9.4,9.8,53.7,45.8,47.6,42.2,11.8,10.1,10.5,9.3,41.7,MEDIUM,MEDIUM,MEDIUM,MEDIUM,N,27.4,24.6
2026-07-26 14:15,14,15,6,-0.5556,-0.8315,-0.7818,0.6235,1,0,0,Clear,1.0,11.8,10.1,10.5,9.3,53.1,46.4,45.0,39.6,11.7,10.2,9.9,8.7,40.5,MEDIUM,MEDIUM,MEDIUM,MEDIUM,N,28.1,23.9
2026-07-26 14:30,14,30,6,-0.6088,-0.7934,-0.7818,0.6235,1,0,0,Clear,1.0,11.7,10.2,9.9,8.7,54.4,46.2,47.5,42.9,12.0,10.2,10.4,9.4,42.0,MEDIUM,MEDIUM,MEDIUM,MEDIUM,N,27.6,24.4
2026-07-26 14:45,14,45,6,-0.6593,-0.7518,-0.7818,0.6235,1,0,0,Clear,1.0,12.0,10.2,10.4,9.4,55.1,44.8,44.5,42.0,12.1,9.9,9.8,9.2,41.0,MEDIUM,MEDIUM,MEDIUM,MEDIUM,N,28.3,23.7
2026-07-26 15:00,15,0,6,-0.7071,-0.7071,-0.7818,0.6235,1,0,0,Clear,1.0,12.1,9.9,9.8,9.2,48.5,39.2,45.4,35.3,10.7,8.6,10.0,7.8,37.1,MEDIUM,MEDIUM,MEDIUM,MEDIUM,N,27.0,25.0
2026-07-26 15:15,15,15,6,-0.7518,-0.6593,-0.7818,0.6235,1,0,0,Clear,1.0,10.7,8.6,10.0,7.8,48.4,37.8,45.8,35.8,10.6,8.3,10.1,7.9,36.9,MEDIUM,MEDIUM,MEDIUM,MEDIUM,N,26.7,25.3
2026-07-26 15:30,15,30,6,-0.7934,-0.6088,-0.7818,0.6235,1,0,0,Clear,1.0,10.6,8.3,10.1,7.9,49.4,39.4,45.3,36.3,10.9,8.7,10.0,8.0,37.6,MEDIUM,MEDIUM,MEDIUM,MEDIUM,N,27.1,24.9
2026-07-26 15:45,15,45,6,-0.8315,-0.5556,-0.7818,0.6235,1,0,0,Clear,1.0,10.9,8.7,10.0,8.0,51.6,38.1,42.6,36.2,11.4,8.4,9.4,8.0,37.2,MEDIUM,MEDIUM,MEDIUM,MEDIUM,N,28.1,23.9
2026-07-26 16:00,16,0,6,-0.866,-0.5,-0.7818,0.6235,1,0,0,Clear,1.0,11.4,8.4,9.4,8.0,41.8,36.6,39.5,33.1,9.2,8.1,8.7,7.3,33.3,MEDIUM,MEDIUM,MEDIUM,MEDIUM,N,26.9,25.1
2026-07-26 16:15,16,15,6,-0.8969,-0.4423,-0.7818,0.6235,1,0,0,Clear,1.0,9.2,8.1,8.7,7.3,44.1,38.7,37.4,34.4,9.7,8.5,8.2,7.6,34.0,MEDIUM,MEDIUM,MEDIUM,MEDIUM,N,28.0,24.0
2026-07-26 16:30,16,30,6,-0.9239,-0.3827,-0.7818,0.6235,1,0,0,Clear,1.0,9.7,8.5,8.2,7.6,42.5,35.8,37.5,34.6,9.4,7.9,8.2,7.6,33.1,MEDIUM,MEDIUM,MEDIUM,MEDIUM,N,27.3,24.7
2026-07-26 16:45,16,45,6,-0.9469,-0.3214,-0.7818,0.6235,1,0,0,Clear,1.0,9.4,7.9,8.2,7.6,41.5,36.8,38.3,33.3,9.1,8.1,8.4,7.3,32.9,MEDIUM,MEDIUM,MEDIUM,MEDIUM,N,27.1,24.9
2026-07-26 17:00,17,0,6,-0.9659,-0.2588,-0.7818,0.6235,1,0,0,Clear,1.0,9.1,8.1,8.4,7.3,36.0,42.1,34.4,39.0,7.9,9.3,7.6,8.6,33.4,MEDIUM,MEDIUM,MEDIUM,MEDIUM,S,26.9,25.1
2026-07-26 17:15,17,15,6,-0.9808,-0.1951,-0.7818,0.6235,1,0,0,Rain,1.25,7.9,9.3,7.6,8.6,46.6,55.2,42.7,50.0,10.3,12.1,9.4,11.0,42.8,MEDIUM,MEDIUM,MEDIUM,MEDIUM,S,27.3,24.7
2026-07-26 17:30,17,30,6,-0.9914,-0.1305,-0.7818,0.6235,1,0,0,Clear,1.0,10.3,12.1,9.4,11.0,35.8,40.7,34.8,39.6,7.9,9.0,7.7,8.7,33.3,MEDIUM,MEDIUM,MEDIUM,MEDIUM,S,26.4,25.6
2026-07-26 17:45,17,45,6,-0.9979,-0.0654,-0.7818,0.6235,1,0,0,Rain,1.25,7.9,9.0,7.7,8.7,47.6,51.1,42.8,46.1,10.5,11.2,9.4,10.1,41.2,MEDIUM,MEDIUM,MEDIUM,MEDIUM,S,27.3,24.7
2026-07-26 18:00,18,0,6,-1.0,-0.0,-0.7818,0.6235,1,0,0,Rain,1.25,10.5,11.2,9.4,10.1,28.2,27.4,24.1,24.0,6.2,6.0,5.3,5.3,22.8,MEDIUM,MEDIUM,LOW,LOW,N,28.0,24.0
2026-07-26 18:15,18,15,6,-0.9979,0.0654,-0.7818,0.6235,1,0,0,Clear,1.0,6.2,6.0,5.3,5.3,22.3,21.8,20.1,19.6,4.9,4.8,4.4,4.3,18.4,LOW,LOW,LOW,LOW,N,27.4,24.6
2026-07-26 18:30,18,30,6,-0.9914,0.1305,-0.7818,0.6235,1,0,0,Rain,1.25,4.9,4.8,4.4,4.3,27.1,27.3,24.5,23.8,6.0,6.0,5.4,5.2,22.6,MEDIUM,MEDIUM,LOW,LOW,N,27.5,24.5
2026-07-26 18:45,18,45,6,-0.9808,0.1951,-0.7818,0.6235,1,0,0,Clear,1.0,6.0,6.0,5.4,5.2,22.9,21.0,20.1,19.3,5.0,4.6,4.4,4.2,18.2,LOW,LOW,LOW,LOW,N,27.5,24.5
2026-07-26 19:00,19,0,6,-0.9659,0.2588,-0.7818,0.6235,1,0,0,Clear,1.0,5.0,4.6,4.4,4.2,21.7,21.4,21.0,20.6,4.8,4.7,4.6,4.5,18.6,LOW,LOW,LOW,LOW,N,26.4,25.6
2026-07-26 19:15,19,15,6,-0.9469,0.3214,-0.7818,0.6235,1,0,0,Clear,1.0,4.8,4.7,4.6,4.5,22.8,22.9,19.2,19.8,5.0,5.0,4.2,4.4,18.6,LOW,LOW,LOW,LOW,N,28.0,24.0
2026-07-26 19:30,19,30,6,-0.9239,0.3827,-0.7818,0.6235,1,0,0,Clear,1.0,5.0,5.0,4.2,4.4,23.0,22.8,20.4,20.3,5.1,5.0,4.5,4.5,19.1,LOW,LOW,LOW,LOW,N,27.5,24.5
2026-07-26 19:45,19,45,6,-0.8969,0.4423,-0.7818,0.6235,1,0,0,Clear,1.0,5.1,5.0,4.5,4.5,22.3,21.7,20.0,20.1,4.9,4.8,4.4,4.4,18.5,LOW,LOW,LOW,LOW,N,27.3,24.7
2026-07-26 20:00,20,0,6,-0.866,0.5,-0.7818,0.6235,1,0,0,Clear,1.0,4.9,4.8,4.4,4.4,21.1,22.0,19.3,19.3,4.6,4.8,4.2,4.2,17.8,LOW,LOW,LOW,LOW,S,27.6,24.4
2026-07-26 20:15,20,15,6,-0.8315,0.5556,-0.7818,0.6235,1,0,0,Clear,1.0,4.6,4.8,4.2,4.2,22.4,22.6,19.2,20.7,4.9,5.0,4.2,4.6,18.7,LOW,LOW,LOW,LOW,S,27.4,24.6
2026-07-26 20:30,20,30,6,-0.7934,0.6088,-0.7818,0.6235,1,0,0,Clear,1.0,4.9,5.0,4.2,4.6,21.7,21.3,19.7,20.0,4.8,4.7,4.3,4.4,18.2,LOW,LOW,LOW,LOW,N,27.0,25.0
2026-07-26 20:45,20,45,6,-0.7518,0.6593,-0.7818,0.6235,1,0,0,Clear,1.0,4.8,4.7,4.3,4.4,20.9,23.1,19.2,19.5,4.6,5.1,4.2,4.3,18.2,LOW,LOW,LOW,LOW,S,27.9,24.1
2026-07-26 21:00,21,0,6,-0.7071,0.7071,-0.7818,0.6235,1,0,0,Clear,1.0,4.6,5.1,4.2,4.3,22.3,20.9,20.5,20.7,4.9,4.6,4.5,4.6,18.6,LOW,LOW,LOW,LOW,N,26.8,25.2
2026-07-26 21:15,21,15,6,-0.6593,0.7518,-0.7818,0.6235,1,0,0,Clear,1.0,4.9,4.6,4.5,4.6,21.7,21.1,20.1,19.9,4.8,4.6,4.4,4.4,18.2,LOW,LOW,LOW,LOW,N,26.9,25.1
2026-07-26 21:30,21,30,6,-0.6088,0.7934,-0.7818,0.6235,1,0,0,Clear,1.0,4.8,4.6,4.4,4.4,21.0,21.0,19.6,19.7,4.6,4.6,4.3,4.3,17.8,LOW,LOW,LOW,LOW,N,26.8,25.2
2026-07-26 21:45,21,45,6,-0.5556,0.8315,-0.7818,0.6235,1,0,0,Clear,1.0,4.6,4.6,4.3,4.3,21.0,21.5,20.2,20.1,4.6,4.7,4.4,4.4,18.1,LOW,LOW,LOW,LOW,S,26.7,25.3
2026-07-26 22:00,22,0,6,-0.5,0.866,-0.7818,0.6235,1,0,0,Clear,1.0,4.6,4.7,4.4,4.4,22.0,21.2,19.9,20.0,4.8,4.7,4.4,4.4,18.3,LOW,LOW,LOW,LOW,N,27.1,24.9
2026-07-26 22:15,22,15,6,-0.4423,0.8969,-0.7818,0.6235,1,0,0,Clear,1.0,4.8,4.7,4.4,4.4,21.7,23.0,19.6,19.4,4.8,5.1,4.3,4.3,18.5,LOW,LOW,LOW,LOW,S,27.9,24.1
2026-07-26 22:30,22,30,6,-0.3827,0.9239,-0.7818,0.6235,1,0,0,Heavy Rain,1.5,4.8,5.1,4.3,4.3,32.3,32.5,31.3,30.2,7.1,7.2,6.9,6.6,27.8,MEDIUM,MEDIUM,MEDIUM,MEDIUM,S,26.6,25.4
2026-07-26 22:45,22,45,6,-0.3214,0.9469,-0.7818,0.6235,1,0,0,Clear,1.0,7.1,7.2,6.9,6.6,21.0,21.7,20.8,20.4,4.6,4.8,4.6,4.5,18.5,LOW,LOW,LOW,LOW,S,26.5,25.5
2026-07-26 23:00,23,0,6,-0.2588,0.9659,-0.7818,0.6235,1,0,0,Clear,1.0,4.6,4.8,4.6,4.5,5.9,6.2,4.9,5.0,1.3,1.4,1.1,1.1,4.9,LOW,LOW,LOW,LOW,S,28.7,23.3
2026-07-26 23:15,23,15,6,-0.1951,0.9808,-0.7818,0.6235,1,0,0,Clear,1.0,1.3,1.4,1.1,1.1,5.7,6.1,4.9,5.0,1.3,1.3,1.1,1.1,4.8,LOW,LOW,LOW,LOW,N,28.4,23.6
2026-07-26 23:30,23,30,6,-0.1305,0.9914,-0.7818,0.6235,1,0,0,Clear,1.0,1.3,1.3,1.1,1.1,5.8,6.2,5.1,4.8,1.3,1.4,1.1,1.1,4.9,LOW,LOW,LOW,LOW,S,28.5,23.5
2026-07-26 23:45,23,45,6,-0.0654,0.9979,-0.7818,0.6235,1,0,0,Clear,1.0,1.3,1.4,1.1,1.1,6.1,6.3,4.8,4.8,1.3,1.4,1.1,1.1,4.9,LOW,LOW,LOW,LOW,S,29.4,22.6
2026-07-27 00:00,0,0,0,0.0,1.0,0.0,1.0,0,0,0,Clear,1.0,1.3,1.4,1.1,1.1,6.0,6.1,4.8,5.0,1.3,1.3,1.1,1.1,4.8,LOW,LOW,LOW,LOW,N,28.7,23.3
2026-07-27 00:15,0,15,0,0.0654,0.9979,0.0,1.0,0,0,0,Clear,1.0,1.3,1.3,1.1,1.1,6.2,6.0,5.1,5.0,1.4,1.3,1.1,1.1,4.9,LOW,LOW,LOW,LOW,N,28.5,23.5
2026-07-27 00:30,0,30,0,0.1305,0.9914,0.0,1.0,0,0,0,Clear,1.0,1.4,1.3,1.1,1.1,5.8,6.2,5.2,5.2,1.3,1.4,1.1,1.1,4.9,LOW,LOW,LOW,LOW,S,28.1,23.9
2026-07-27 00:45,0,45,0,0.1951,0.9808,0.0,1.0,0,0,0,Rain,1.25,1.3,1.4,1.1,1.1,7.3,7.4,6.4,6.0,1.6,1.6,1.4,1.3,5.9,LOW,LOW,LOW,LOW,N,28.0,24.0
2026-07-27 01:00,1,0,0,0.2588,0.9659,0.0,1.0,0,0,0,Clear,1.0,1.6,1.6,1.4,1.3,6.2,6.2,5.1,4.8,1.4,1.4,1.1,1.1,5.0,LOW,LOW,LOW,LOW,N,28.7,23.3
2026-07-27 01:15,1,15,0,0.3214,0.9469,0.0,1.0,0,0,0,Clear,1.0,1.4,1.4,1.1,1.1,6.0,5.8,5.2,4.9,1.3,1.3,1.1,1.1,4.8,LOW,LOW,LOW,LOW,N,27.9,24.1
2026-07-27 01:30,1,30,0,0.3827,0.9239,0.0,1.0,0,0,0,Rain,1.25,1.3,1.3,1.1,1.1,7.4,7.2,6.3,6.5,1.6,1.6,1.4,1.4,6.0,LOW,LOW,LOW,LOW,N,27.7,24.3
2026-07-27 01:45,1,45,0,0.4423,0.8969,0.0,1.0,0,0,0,Clear,1.0,1.6,1.6,1.4,1.4,6.1,6.2,5.1,5.1,1.3,1.4,1.1,1.1,4.9,LOW,LOW,LOW,LOW,S,28.5,23.5
2026-07-27 02:00,2,0,0,0.5,0.866,0.0,1.0,0,0,0,Clear,1.0,1.3,1.4,1.1,1.1,5.7,5.8,4.9,4.9,1.3,1.3,1.1,1.1,4.8,LOW,LOW,LOW,LOW,N,28.1,23.9
2026-07-27 02:15,2,15,0,0.5556,0.8315,0.0,1.0,0,0,0,Clear,1.0,1.3,1.3,1.1,1.1,6.1,5.9,4.8,4.8,1.3,1.3,1.1,1.1,4.8,LOW,LOW,LOW,LOW,N,29.0,23.0
2026-07-27 02:30,2,30,0,0.6088,0.7934,0.0,1.0,0,0,0,Clear,1.0,1.3,1.3,1.1,1.1,5.9,6.0,5.2,5.2,1.3,1.3,1.1,1.1,4.8,LOW,LOW,LOW,LOW,N,27.8,24.2
2026-07-27 02:45,2,45,0,0.6593,0.7518,0.0,1.0,0,0,0,Clear,1.0,1.3,1.3,1.1,1.1,6.1,6.3,4.9,5.2,1.3,1.4,1.1,1.1,4.9,LOW,LOW,LOW,LOW,S,28.6,23.4
2026-07-27 03:00,3,0,0,0.7071,0.7071,0.0,1.0,0,0,0,Clear,1.0,1.3,1.4,1.1,1.1,6.3,6.0,5.1,5.2,1.4,1.3,1.1,1.1,4.9,LOW,LOW,LOW,LOW,N,28.4,23.6
2026-07-27 03:15,3,15,0,0.7518,0.6593,0.0,1.0,0,0,0,Clear,1.0,1.4,1.3,1.1,1.1,5.9,6.3,4.9,4.9,1.3,1.4,1.1,1.1,4.9,LOW,LOW,LOW,LOW,S,29.0,23.0
2026-07-27 03:30,3,30,0,0.7934,0.6088,0.0,1.0,0,0,0,Rain,1.25,1.3,1.4,1.1,1.1,7.3,7.6,6.5,6.4,1.6,1.7,1.4,1.4,6.1,LOW,LOW,LOW,LOW,S,27.9,24.1
2026-07-27 03:45,3,45,0,0.8315,0.5556,0.0,1.0,0,0,0,Clear,1.0,1.6,1.7,1.4,1.4,6.0,5.7,5.2,5.0,1.3,1.3,1.1,1.1,4.8,LOW,LOW,LOW,LOW,N,27.8,24.2
2026-07-27 04:00,4,0,0,0.866,0.5,0.0,1.0,0,0,0,Clear,1.0,1.3,1.3,1.1,1.1,5.8,6.1,4.9,4.8,1.3,1.3,1.1,1.1,4.8,LOW,LOW,LOW,LOW,N,28.7,23.3
2026-07-27 04:15,4,15,0,0.8969,0.4423,0.0,1.0,0,0,0,Clear,1.0,1.3,1.3,1.1,1.1,6.1,6.0,5.0,4.9,1.3,1.3,1.1,1.1,4.8,LOW,LOW,LOW,LOW,N,28.6,23.4
2026-07-27 04:30,4,30,0,0.9239,0.3827,0.0,1.0,0,0,0,Heavy Rain,1.5,1.3,1.3,1.1,1.1,9.3,9.2,7.6,7.7,2.0,2.0,1.7,1.7,7.4,LOW,LOW,LOW,LOW,N,28.5,23.5
2026-07-27 04:45,4,45,0,0.9469,0.3214,0.0,1.0,0,0,0,Clear,1.0,2.0,2.0,1.7,1.7,6.1,5.8,4.9,4.8,1.3,1.3,1.1,1.1,4.8,LOW,LOW,LOW,LOW,N,28.7,23.3
2026-07-27 05:00,5,0,0,0.9659,0.2588,0.0,1.0,0,0,0,Clear,1.0,1.3,1.3,1.1,1.1,5.9,5.7,4.9,5.0,1.3,1.3,1.1,1.1,4.8,LOW,LOW,LOW,LOW,N,28.1,23.9
2026-07-27 05:15,5,15,0,0.9808,0.1951,0.0,1.0,0,0,0,Clear,1.0,1.3,1.3,1.1,1.1,6.3,5.8,4.8,4.8,1.4,1.3,1.1,1.1,4.9,LOW,LOW,LOW,LOW,N,29.2,22.8
2026-07-27 05:30,5,30,0,0.9914,0.1305,0.0,1.0,0,0,0,Clear,1.0,1.4,1.3,1.1,1.1,5.9,6.0,5.2,5.2,1.3,1.3,1.1,1.1,4.8,LOW,LOW,LOW,LOW,N,27.8,24.2
2026-07-27 05:45,5,45,0,0.9979,0.0654,0.0,1.0,0,0,0,Clear,1.0,1.3,1.3,1.1,1.1,6.0,6.3,5.1,5.0,1.3,1.4,1.1,1.1,4.9,LOW,LOW,LOW,LOW,S,28.6,23.4
2026-07-27 06:00,6,0,0,1.0,0.0,0.0,1.0,0,0,0,Clear,1.0,1.3,1.4,1.1,1.1,24.7,25.7,22.6,21.7,5.4,5.7,5.0,4.8,20.9,LOW,LOW,LOW,LOW,S,27.7,24.3
2026-07-27 06:15,6,15,0,0.9979,-0.0654,0.0,1.0,0,0,0,Clear,1.0,5.4,5.7,5.0,4.8,25.3,24.8,21.1,22.6,5.6,5.5,4.6,5.0,20.7,LOW,LOW,LOW,LOW,N,27.6,24.4
2026-07-27 06:30,6,30,0,0.9914,-0.1305,0.0,1.0,0,0,0,Clear,1.0,5.6,5.5,4.6,5.0,25.0,25.9,22.8,21.2,5.5,5.7,5.0,4.7,20.9,LOW,LOW,LOW,LOW,S,27.8,24.2
2026-07-27 06:45,6,45,0,0.9808,-0.1951,0.0,1.0,0,0,0,Clear,1.0,5.5,5.7,5.0,4.7,24.2,24.2,21.8,22.4,5.3,5.3,4.8,4.9,20.3,LOW,LOW,LOW,LOW,N,27.1,24.9
2026-07-27 07:00,7,0,0,0.9659,-0.2588,0.0,1.0,0,1,0,Clear,1.0,5.3,5.3,4.8,4.9,106.3,17.8,83.0,17.7,23.4,3.9,18.3,3.9,49.5,HIGH,LOW,HIGH,LOW,N,29.0,23.0
2026-07-27 07:15,7,15,0,0.9469,-0.3214,0.0,1.0,0,1,0,Clear,1.0,23.4,3.9,18.3,3.9,104.9,17.2,86.0,17.5,23.1,3.8,18.9,3.9,49.7,HIGH,LOW,HIGH,LOW,N,28.4,23.6
2026-07-27 07:30,7,30,0,0.9239,-0.3827,0.0,1.0,0,1,0,Clear,1.0,23.1,3.8,18.9,3.9,113.2,17.2,81.8,17.7,24.9,3.8,18.0,3.9,50.6,VERY_HIGH,LOW,HIGH,LOW,N,29.9,22.1
2026-07-27 07:45,7,45,0,0.8969,-0.4423,0.0,1.0,0,1,0,Clear,1.0,24.9,3.8,18.0,3.9,110.9,18.7,88.8,18.8,24.4,4.1,19.5,4.1,52.1,VERY_HIGH,LOW,HIGH,LOW,N,28.7,23.3
2026-07-27 08:00,8,0,0,0.866,-0.5,0.0,1.0,0,1,0,Rain,1.25,24.4,4.1,19.5,4.1,182.4,21.4,134.6,21.4,40.1,4.7,29.6,4.7,79.1,VERY_HIGH,LOW,VERY_HIGH,LOW,N,29.7,22.3
2026-07-27 08:15,8,15,0,0.8315,-0.5556,0.0,1.0,0,1,0,Clear,1.0,40.1,4.7,29.6,4.7,145.0,18.5,115.4,18.0,31.9,4.1,25.4,4.0,65.4,VERY_HIGH,LOW,VERY_HIGH,LOW,N,28.8,23.2
2026-07-27 08:30,8,30,0,0.7934,-0.6088,0.0,1.0,0,1,0,Clear,1.0,31.9,4.1,25.4,4.0,143.1,18.5,108.3,17.3,31.5,4.1,23.8,3.8,63.2,VERY_HIGH,LOW,HIGH,LOW,N,29.5,22.5
2026-07-27 08:45,8,45,0,0.7518,-0.6593,0.0,1.0,0,1,0,Clear,1.0,31.5,4.1,23.8,3.8,139.9,17.6,109.2,18.1,30.8,3.9,24.0,4.0,62.7,VERY_HIGH,LOW,VERY_HIGH,LOW,N,29.0,23.0
2026-07-27 09:00,9,0,0,0.7071,-0.7071,0.0,1.0,0,1,0,Clear,1.0,30.8,3.9,24.0,4.0,109.2,18.7,84.1,17.2,24.0,4.1,18.5,3.8,50.4,VERY_HIGH,LOW,HIGH,LOW,N,29.2,22.8
2026-07-27 09:15,9,15,0,0.6593,-0.7518,0.0,1.0,0,1,0,Clear,1.0,24.0,4.1,18.5,3.8,105.7,18.7,80.9,18.1,23.3,4.1,17.8,4.0,49.2,HIGH,LOW,HIGH,LOW,N,29.3,22.7
2026-07-27 09:30,9,30,0,0.6088,-0.7934,0.0,1.0,0,1,0,Clear,1.0,23.3,4.1,17.8,4.0,110.2,18.6,81.5,17.3,24.2,4.1,17.9,3.8,50.0,VERY_HIGH,LOW,HIGH,LOW,N,29.7,22.3
2026-07-27 09:45,9,45,0,0.5556,-0.8315,0.0,1.0,0,1,0,Clear,1.0,24.2,4.1,17.9,3.8,111.9,17.2,85.4,18.2,24.6,3.8,18.8,4.0,51.2,VERY_HIGH,LOW,HIGH,LOW,N,29.2,22.8
2026-07-27 10:00,10,0,0,0.5,-0.866,0.0,1.0,0,0,0,Clear,1.0,24.6,3.8,18.8,4.0,23.8,26.0,21.3,21.5,5.2,5.7,4.7,4.7,20.3,LOW,LOW,LOW,LOW,S,28.2,23.8
2026-07-27 10:15,10,15,0,0.4423,-0.8969,0.0,1.0,0,0,0,Clear,1.0,5.2,5.7,4.7,4.7,25.1,26.0,23.0,23.0,5.5,5.7,5.1,5.1,21.4,LOW,LOW,LOW,LOW,S,27.5,24.5
2026-07-27 10:30,10,30,0,0.3827,-0.9239,0.0,1.0,0,0,0,Clear,1.0,5.5,5.7,5.1,5.1,25.2,23.8,22.4,21.3,5.5,5.2,4.9,4.7,20.3,LOW,LOW,LOW,LOW,N,27.5,24.5
2026-07-27 10:45,10,45,0,0.3214,-0.9469,0.0,1.0,0,0,0,Clear,1.0,5.5,5.2,4.9,4.7,23.9,26.1,22.5,22.8,5.3,5.7,5.0,5.0,21.0,LOW,LOW,LOW,LOW,S,27.5,24.5
2026-07-27 11:00,11,0,0,0.2588,-0.9659,0.0,1.0,0,0,0,Clear,1.0,5.3,5.7,5.0,5.0,39.7,38.2,36.7,33.6,8.7,8.4,8.1,7.4,32.6,MEDIUM,MEDIUM,MEDIUM,MEDIUM,N,27.2,24.8
2026-07-27 11:15,11,15,0,0.1951,-0.9808,0.0,1.0,0,0,0,Clear,1.0,8.7,8.4,8.1,7.4,39.0,41.3,34.2,34.1,8.6,9.1,7.5,7.5,32.7,MEDIUM,MEDIUM,MEDIUM,MEDIUM,S,28.3,23.7
2026-07-27 11:30,11,30,0,0.1305,-0.9914,0.0,1.0,0,0,0,Rain,1.25,8.6,9.1,7.5,7.5,52.2,49.0,44.4,45.0,11.5,10.8,9.8,9.9,42.0,MEDIUM,MEDIUM,MEDIUM,MEDIUM,N,27.8,24.2
2026-07-27 11:45,11,45,0,0.0654,-0.9979,0.0,1.0,0,0,0,Clear,1.0,11.5,10.8,9.8,9.9,39.9,39.1,34.1,33.6,8.8,8.6,7.5,7.4,32.3,MEDIUM,MEDIUM,MEDIUM,MEDIUM,N,28.0,24.0
2026-07-27 12:00,12,0,0,0.0,-1.0,0.0,1.0,0,0,0,Clear,1.0,8.8,8.6,7.5,7.4,41.2,39.5,35.7,34.5,9.1,8.7,7.9,7.6,33.3,MEDIUM,MEDIUM,MEDIUM,MEDIUM,N,27.8,24.2
2026-07-27 12:15,12,15,0,-0.0654,-0.9979,0.0,1.0,0,0,0,Clear,1.0,9.1,8.7,7.9,7.6,38.7,41.7,36.2,36.1,8.5,9.2,8.0,7.9,33.6,MEDIUM,MEDIUM,MEDIUM,MEDIUM,S,27.6,24.4
2026-07-27 12:30,12,30,0,-0.1305,-0.9914,0.0,1.0,0,0,0,Clear,1.0,8.5,9.2,8.0,7.9,39.6,40.1,36.2,34.5,8.7,8.8,8.0,7.6,33.1,MEDIUM,MEDIUM,MEDIUM,MEDIUM,S,27.4,24.6
2026-07-27 12:45,12,45,0,-0.1951,-0.9808,0.0,1.0,0,0,0,Rain,1.25,8.7,8.8,8.0,7.6,48.9,48.7,43.5,42.0,10.8,10.7,9.6,9.2,40.3,MEDIUM,MEDIUM,MEDIUM,MEDIUM,N,27.6,24.4
2026-07-27 13:00,13,0,0,-0.2588,-0.9659,0.0,1.0,0,0,0,Rain,1.25,10.8,10.7,9.6,9.2,50.1,49.7,45.1,42.7,11.0,10.9,9.9,9.4,41.2,MEDIUM,MEDIUM,MEDIUM,MEDIUM,N,27.5,24.5
2026-07-27 13:15,13,15,0,-0.3214,-0.9469,0.0,1.0,0,0,0,Clear,1.0,11.0,10.9,9.9,9.4,41.8,41.9,36.6,35.7,9.2,9.2,8.1,7.9,34.4,MEDIUM,MEDIUM,MEDIUM,MEDIUM,N,27.8,24.2
2026-07-27 13:30,13,30,0,-0.3827,-0.9239,0.0,1.0,0,0,0,Clear,1.0,9.2,9.2,8.1,7.9,39.9,38.8,35.4,35.5,8.8,8.5,7.8,7.8,32.9,MEDIUM,MEDIUM,MEDIUM,MEDIUM,N,27.4,24.6
2026-07-27 13:45,13,45,0,-0.4423,-0.8969,0.0,1.0,0,0,0,Clear,1.0,8.8,8.5,7.8,7.8,38.4,41.1,34.8,33.9,8.4,9.0,7.7,7.5,32.6,MEDIUM,MEDIUM,MEDIUM,MEDIUM,S,28.0,24.0
2026-07-27 14:00,14,0,0,-0.5,-0.866,0.0,1.0,0,0,0,Clear,1.0,8.4,9.0,7.7,7.5,38.3,41.4,34.0,34.4,8.4,9.1,7.5,7.6,32.6,MEDIUM,MEDIUM,MEDIUM,MEDIUM,S,28.2,23.8
2026-07-27 14:15,14,15,0,-0.5556,-0.8315,0.0,1.0,0,0,0,Clear,1.0,8.4,9.1,7.5,7.6,38.2,40.0,35.4,33.6,8.4,8.8,7.8,7.4,32.4,MEDIUM,MEDIUM,MEDIUM,MEDIUM,S,27.6,24.4
2026-07-27 14:30,14,30,0,-0.6088,-0.7934,0.0,1.0,0,0,0,Rain,1.25,8.4,8.8,7.8,7.4,51.7,50.6,44.5,42.2,11.4,11.1,9.8,9.3,41.6,MEDIUM,MEDIUM,MEDIUM,MEDIUM,N,28.0,24.0
2026-07-27 14:45,14,45,0,-0.6593,-0.7518,0.0,1.0,0,0,0,Clear,1.0,11.4,11.1,9.8,9.3,39.8,40.0,33.9,36.2,8.8,8.8,7.5,8.0,33.1,MEDIUM,MEDIUM,MEDIUM,MEDIUM,N,27.5,24.5
2026-07-27 15:00,15,0,0,-0.7071,-0.7071,0.0,1.0,0,0,0,Clear,1.0,8.8,8.8,7.5,8.0,41.2,42.0,34.5,33.3,9.1,9.2,7.6,7.3,33.2,MEDIUM,MEDIUM,MEDIUM,MEDIUM,S,28.6,23.4
2026-07-27 15:15,15,15,0,-0.7518,-0.6593,0.0,1.0,0,0,0,Clear,1.0,9.1,9.2,7.6,7.3,41.6,38.4,35.9,35.0,9.2,8.4,7.9,7.7,33.2,MEDIUM,MEDIUM,MEDIUM,MEDIUM,N,27.7,24.3
2026-07-27 15:30,15,30,0,-0.7934,-0.6088,0.0,1.0,0,0,0,Clear,1.0,9.2,8.4,7.9,7.7,38.9,40.0,35.8,34.9,8.6,8.8,7.9,7.7,33.0,MEDIUM,MEDIUM,MEDIUM,MEDIUM,S,27.4,24.6
2026-07-27 15:45,15,45,0,-0.8315,-0.5556,0.0,1.0,0,0,0,Heavy Rain,1.5,8.6,8.8,7.9,7.7,61.2,57.1,50.8,53.4,13.5,12.6,11.2,11.7,49.0,MEDIUM,MEDIUM,MEDIUM,MEDIUM,N,27.7,24.3
2026-07-27 16:00,16,0,0,-0.866,-0.5,0.0,1.0,0,0,1,Clear,1.0,13.5,12.6,11.2,11.7,18.0,105.7,17.2,84.6,4.0,23.3,3.8,18.6,49.7,LOW,HIGH,LOW,HIGH,S,28.7,23.3
2026-07-27 16:15,16,15,0,-0.8969,-0.4423,0.0,1.0,0,0,1,Clear,1.0,4.0,23.3,3.8,18.6,18.4,107.7,17.1,87.0,4.0,23.7,3.8,19.1,50.6,LOW,HIGH,LOW,HIGH,S,28.7,23.3
2026-07-27 16:30,16,30,0,-0.9239,-0.3827,0.0,1.0,0,0,1,Clear,1.0,4.0,23.7,3.8,19.1,17.8,114.8,18.7,82.7,3.9,25.3,4.1,18.2,51.5,LOW,VERY_HIGH,LOW,HIGH,S,29.9,22.1
2026-07-27 16:45,16,45,0,-0.9469,-0.3214,0.0,1.0,0,0,1,Rain,1.25,3.9,25.3,4.1,18.2,23.4,137.6,22.2,102.1,5.1,30.3,4.9,22.5,62.8,LOW,VERY_HIGH,LOW,HIGH,S,29.7,22.3
2026-07-27 17:00,17,0,0,-0.9659,-0.2588,0.0,1.0,0,0,1,Clear,1.0,5.1,30.3,4.9,22.5,17.7,131.2,18.9,99.3,3.9,28.9,4.2,21.8,58.8,LOW,VERY_HIGH,LOW,HIGH,S,29.4,22.6
2026-07-27 17:15,17,15,0,-0.9808,-0.1951,0.0,1.0,0,0,1,Clear,1.0,3.9,28.9,4.2,21.8,17.6,132.0,18.4,104.9,3.9,29.0,4.0,23.1,60.0,LOW,VERY_HIGH,LOW,HIGH,S,28.8,23.2
2026-07-27 17:30,17,30,0,-0.9914,-0.1305,0.0,1.0,0,0,1,Clear,1.0,3.9,29.0,4.0,23.1,17.8,126.0,17.5,102.8,3.9,27.7,3.9,22.6,58.1,LOW,VERY_HIGH,LOW,HIGH,S,28.5,23.5
2026-07-27 17:45,17,45,0,-0.9979,-0.0654,0.0,1.0,0,0,1,Clear,1.0,3.9,27.7,3.9,22.6,18.9,135.6,18.3,98.6,4.2,29.8,4.0,21.7,59.7,LOW,VERY_HIGH,LOW,HIGH,S,29.9,22.1
2026-07-27 18:00,18,0,0,-1.0,-0.0,0.0,1.0,0,0,1,Clear,1.0,4.2,29.8,4.0,21.7,17.6,133.0,17.5,106.8,3.9,29.3,3.9,23.5,60.6,LOW,VERY_HIGH,LOW,HIGH,S,28.7,23.3
2026-07-27 18:15,18,15,0,-0.9979,0.0654,0.0,1.0,0,0,1,Clear,1.0,3.9,29.3,3.9,23.5,17.6,130.0,18.5,104.6,3.9,28.6,4.1,23.0,59.6,LOW,VERY_HIGH,LOW,HIGH,S,28.6,23.4
2026-07-27 18:30,18,30,0,-0.9914,0.1305,0.0,1.0,0,0,1,Clear,1.0,3.9,28.6,4.1,23.0,17.8,129.8,18.7,106.3,3.9,28.6,4.1,23.4,60.0,LOW,VERY_HIGH,LOW,HIGH,S,28.4,23.6
2026-07-27 18:45,18,45,0,-0.9808,0.1951,0.0,1.0,0,0,1,Clear,1.0,3.9,28.6,4.1,23.4,17.9,130.1,18.7,105.0,3.9,28.6,4.1,23.1,59.7,LOW,VERY_HIGH,LOW,HIGH,S,28.6,23.4
2026-07-27 19:00,19,0,0,-0.9659,0.2588,0.0,1.0,0,0,1,Clear,1.0,3.9,28.6,4.1,23.1,18.4,106.1,18.5,80.9,4.0,23.3,4.1,17.8,49.2,LOW,HIGH,LOW,HIGH,S,29.3,22.7
2026-07-27 19:15,19,15,0,-0.9469,0.3214,0.0,1.0,0,0,1,Clear,1.0,4.0,23.3,4.1,17.8,18.7,113.6,17.2,89.0,4.1,25.0,3.8,19.6,52.5,LOW,VERY_HIGH,LOW,HIGH,S,29.0,23.0
2026-07-27 19:30,19,30,0,-0.9239,0.3827,0.0,1.0,0,0,1,Clear,1.0,4.1,25.0,3.8,19.6,17.8,111.1,18.7,86.0,3.9,24.4,4.1,18.9,51.3,LOW,VERY_HIGH,LOW,HIGH,S,29.1,22.9
2026-07-27 19:45,19,45,0,-0.8969,0.4423,0.0,1.0,0,0,1,Clear,1.0,3.9,24.4,4.1,18.9,17.8,114.3,17.2,83.5,3.9,25.1,3.8,18.4,51.2,LOW,VERY_HIGH,LOW,HIGH,S,29.8,22.2
2026-07-27 20:00,20,0,0,-0.866,0.5,0.0,1.0,0,0,0,Clear,1.0,3.9,25.1,3.8,18.4,24.6,25.4,21.9,21.8,5.4,5.6,4.8,4.8,20.6,LOW,LOW,LOW,LOW,S,27.8,24.2
2026-07-27 20:15,20,15,0,-0.8315,0.5556,0.0,1.0,0,0,0,Clear,1.0,5.4,5.6,4.8,4.8,23.8,24.6,21.6,23.0,5.2,5.4,4.8,5.1,20.5,LOW,LOW,LOW,LOW,S,27.0,25.0
2026-07-27 20:30,20,30,0,-0.7934,0.6088,0.0,1.0,0,0,0,Rain,1.25,5.2,5.4,4.8,5.1,31.3,32.7,28.6,26.3,6.9,7.2,6.3,5.8,26.2,MEDIUM,MEDIUM,MEDIUM,LOW,S,27.9,24.1
2026-07-27 20:45,20,45,0,-0.7518,0.6593,0.0,1.0,0,0,0,Clear,1.0,6.9,7.2,6.3,5.8,24.6,25.5,22.9,21.7,5.4,5.6,5.0,4.8,20.8,LOW,LOW,LOW,LOW,S,27.5,24.5
2026-07-27 21:00,21,0,0,-0.7071,0.7071,0.0,1.0,0,0,0,Rain,1.25,5.4,5.6,5.0,4.8,32.0,32.2,27.9,27.5,7.0,7.1,6.1,6.0,26.2,MEDIUM,MEDIUM,MEDIUM,MEDIUM,S,27.9,24.1
2026-07-27 21:15,21,15,0,-0.6593,0.7518,0.0,1.0,0,0,0,Rain,1.25,7.0,7.1,6.1,6.0,31.7,30.9,28.2,26.8,7.0,6.8,6.2,5.9,25.9,MEDIUM,MEDIUM,MEDIUM,LOW,N,27.6,24.4
2026-07-27 21:30,21,30,0,-0.6088,0.7934,0.0,1.0,0,0,0,Clear,1.0,7.0,6.8,6.2,5.9,25.3,24.4,22.9,22.2,5.6,5.4,5.0,4.9,20.9,LOW,LOW,LOW,LOW,N,27.3,24.7
2026-07-27 21:45,21,45,0,-0.5556,0.8315,0.0,1.0,0,0,0,Clear,1.0,5.6,5.4,5.0,4.9,25.1,25.2,23.0,21.7,5.5,5.5,5.1,4.8,20.9,LOW,LOW,LOW,LOW,N,27.4,24.6
2026-07-27 22:00,22,0,0,-0.5,0.866,0.0,1.0,0,0,0,Clear,1.0,5.5,5.5,5.1,4.8,26.2,25.5,22.6,21.8,5.8,5.6,5.0,4.8,21.2,LOW,LOW,LOW,LOW,N,27.9,24.1
2026-07-27 22:15,22,15,0,-0.4423,0.8969,0.0,1.0,0,0,0,Clear,1.0,5.8,5.6,5.0,4.8,25.6,25.6,21.3,21.7,5.6,5.6,4.7,4.8,20.7,LOW,LOW,LOW,LOW,N,28.2,23.8
2026-07-27 22:30,22,30,0,-0.3827,0.9239,0.0,1.0,0,0,0,Clear,1.0,5.6,5.6,4.7,4.8,26.0,24.3,21.3,21.3,5.7,5.3,4.7,4.7,20.4,LOW,LOW,LOW,LOW,N,28.4,23.6
2026-07-27 22:45,22,45,0,-0.3214,0.9469,0.0,1.0,0,0,0,Clear,1.0,5.7,5.3,4.7,4.7,24.4,23.9,22.3,22.1,5.4,5.3,4.9,4.9,20.5,LOW,LOW,LOW,LOW,N,27.1,24.9
2026-07-27 23:00,23,0,0,-0.2588,0.9659,0.0,1.0,0,0,0,Clear,1.0,5.4,5.3,4.9,4.9,6.1,6.3,5.1,5.2,1.3,1.4,1.1,1.1,4.9,LOW,LOW,LOW,LOW,S,28.4,23.6
2026-07-27 23:15,23,15,0,-0.1951,0.9808,0.0,1.0,0,0,0,Clear,1.0,1.3,1.4,1.1,1.1,6.0,5.8,5.1,5.1,1.3,1.3,1.1,1.1,4.8,LOW,LOW,LOW,LOW,N,28.0,24.0
2026-07-27 23:30,23,30,0,-0.1305,0.9914,0.0,1.0,0,0,0,Rain,1.25,1.3,1.3,1.1,1.1,7.8,7.5,6.5,5.9,1.7,1.6,1.4,1.3,6.0,LOW,LOW,LOW,LOW,N,28.5,23.5
2026-07-27 23:45,23,45,0,-0.0654,0.9979,0.0,1.0,0,0,0,Clear,1.0,1.7,1.6,1.4,1.3,6.0,6.1,5.1,5.1,1.3,1.3,1.1,1.1,4.8,LOW,LOW,LOW,LOW,N,28.3,23.7
2026-07-28 00:00,0,0,1,0.0,1.0,0.7818,0.6235,0,0,0,Clear,1.0,1.3,1.3,1.1,1.1,6.2,5.7,4.8,4.9,1.4,1.3,1.1,1.1,4.9,LOW,LOW,LOW,LOW,N,28.8,23.2
2026-07-28 00:15,0,15,1,0.0654,0.9979,0.7818,0.6235,0,0,0,Clear,1.0,1.4,1.3,1.1,1.1,6.3,6.1,5.0,4.9,1.4,1.3,1.1,1.1,4.9,LOW,LOW,LOW,LOW,N,29.0,23.0
2026-07-28 00:30,0,30,1,0.1305,0.9914,0.7818,0.6235,0,0,0,Clear,1.0,1.4,1.3,1.1,1.1,6.2,5.9,5.1,5.0,1.4,1.3,1.1,1.1,4.9,LOW,LOW,LOW,LOW,N,28.4,23.6
2026-07-28 00:45,0,45,1,0.1951,0.9808,0.7818,0.6235,0,0,0,Clear,1.0,1.4,1.3,1.1,1.1,6.3,6.1,5.0,5.0,1.4,1.3,1.1,1.1,4.9,LOW,LOW,LOW,LOW,N,28.9,23.1
2026-07-28 01:00,1,0,1,0.2588,0.9659,0.7818,0.6235,0,0,0,Clear,1.0,1.4,1.3,1.1,1.1,6.1,6.1,4.8,5.1,1.3,1.3,1.1,1.1,4.8,LOW,LOW,LOW,LOW,N,28.5,23.5
2026-07-28 01:15,1,15,1,0.3214,0.9469,0.7818,0.6235,0,0,0,Clear,1.0,1.3,1.3,1.1,1.1,5.8,5.9,5.0,5.1,1.3,1.3,1.1,1.1,4.8,LOW,LOW,LOW,LOW,N,27.9,24.1
2026-07-28 01:30,1,30,1,0.3827,0.9239,0.7818,0.6235,0,0,0,Clear,1.0,1.3,1.3,1.1,1.1,6.0,6.0,5.0,5.0,1.3,1.3,1.1,1.1,4.8,LOW,LOW,LOW,LOW,N,28.4,23.6
2026-07-28 01:45,1,45,1,0.4423,0.8969,0.7818,0.6235,0,0,0,Rain,1.25,1.3,1.3,1.1,1.1,7.4,7.2,6.0,6.0,1.6,1.6,1.3,1.3,5.8,LOW,LOW,LOW,LOW,N,28.6,23.4
2026-07-28 02:00,2,0,1,0.5,0.866,0.7818,0.6235,0,0,0,Clear,1.0,1.6,1.6,1.3,1.3,6.1,5.9,4.9,5.2,1.3,1.3,1.1,1.1,4.8,LOW,LOW,LOW,LOW,N,28.2,23.8
2026-07-28 02:15,2,15,1,0.5556,0.8315,0.7818,0.6235,0,0,0,Clear,1.0,1.3,1.3,1.1,1.1,5.8,6.2,5.2,4.9,1.3,1.4,1.1,1.1,4.9,LOW,LOW,LOW,LOW,S,28.3,23.7
2026-07-28 02:30,2,30,1,0.6088,0.7934,0.7818,0.6235,0,0,0,Clear,1.0,1.3,1.4,1.1,1.1,5.8,6.0,5.2,5.0,1.3,1.3,1.1,1.1,4.8,LOW,LOW,LOW,LOW,N,27.9,24.1
2026-07-28 02:45,2,45,1,0.6593,0.7518,0.7818,0.6235,0,0,0,Clear,1.0,1.3,1.3,1.1,1.1,5.9,6.2,4.9,4.9,1.3,1.4,1.1,1.1,4.9,LOW,LOW,LOW,LOW,S,28.9,23.1
2026-07-28 03:00,3,0,1,0.7071,0.7071,0.7818,0.6235,0,0,0,Clear,1.0,1.3,1.4,1.1,1.1,6.2,6.1,5.1,5.0,1.4,1.3,1.1,1.1,4.9,LOW,LOW,LOW,LOW,N,28.5,23.5
2026-07-28 03:15,3,15,1,0.7518,0.6593,0.7818,0.6235,0,0,0,Clear,1.0,1.4,1.3,1.1,1.1,6.1,5.7,5.2,4.9,1.3,1.3,1.1,1.1,4.8,LOW,LOW,LOW,LOW,N,28.0,24.0
2026-07-28 03:30,3,30,1,0.7934,0.6088,0.7818,0.6235,0,0,0,Clear,1.0,1.3,1.3,1.1,1.1,5.9,6.0,5.0,4.8,1.3,1.3,1.1,1.1,4.8,LOW,LOW,LOW,LOW,N,28.4,23.6
2026-07-28 03:45,3,45,1,0.8315,0.5556,0.7818,0.6235,0,0,0,Clear,1.0,1.3,1.3,1.1,1.1,6.0,6.1,5.1,4.8,1.3,1.3,1.1,1.1,4.8,LOW,LOW,LOW,LOW,N,28.5,23.5
2026-07-28 04:00,4,0,1,0.866,0.5,0.7818,0.6235,0,0,0,Clear,1.0,1.3,1.3,1.1,1.1,6.1,6.2,5.2,4.8,1.3,1.4,1.1,1.1,4.9,LOW,LOW,LOW,LOW,S,28.5,23.5
2026-07-28 04:15,4,15,1,0.8969,0.4423,0.7818,0.6235,0,0,0,Clear,1.0,1.3,1.4,1.1,1.1,6.2,5.8,4.9,4.9,1.4,1.3,1.1,1.1,4.9,LOW,LOW,LOW,LOW,N,28.8,23.2
2026-07-28 04:30,4,30,1,0.9239,0.3827,0.7818,0.6235,0,0,0,Clear,1.0,1.4,1.3,1.1,1.1,5.8,6.1,4.8,5.0,1.3,1.3,1.1,1.1,4.8,LOW,LOW,LOW,LOW,N,28.5,23.5
2026-07-28 04:45,4,45,1,0.9469,0.3214,0.7818,0.6235,0,0,0,Rain,1.25,1.3,1.3,1.1,1.1,7.9,7.8,6.2,6.0,1.7,1.7,1.4,1.3,6.1,LOW,LOW,LOW,LOW,N,29.2,22.8
2026-07-28 05:00,5,0,1,0.9659,0.2588,0.7818,0.6235,0,0,0,Clear,1.0,1.7,1.7,1.4,1.3,6.2,5.8,4.8,5.1,1.4,1.3,1.1,1.1,4.9,LOW,LOW,LOW,LOW,N,28.5,23.5
2026-07-28 05:15,5,15,1,0.9808,0.1951,0.7818,0.6235,0,0,0,Clear,1.0,1.4,1.3,1.1,1.1,6.1,5.7,5.2,5.2,1.3,1.3,1.1,1.1,4.8,LOW,LOW,LOW,LOW,N,27.8,24.2
2026-07-28 05:30,5,30,1,0.9914,0.1305,0.7818,0.6235,0,0,0,Clear,1.0,1.3,1.3,1.1,1.1,6.1,5.8,4.8,5.0,1.3,1.3,1.1,1.1,4.8,LOW,LOW,LOW,LOW,N,28.5,23.5
2026-07-28 05:45,5,45,1,0.9979,0.0654,0.7818,0.6235,0,0,0,Rain,1.25,1.3,1.3,1.1,1.1,7.5,7.6,6.4,6.2,1.6,1.7,1.4,1.4,6.1,LOW,LOW,LOW,LOW,S,28.3,23.7
2026-07-28 06:00,6,0,1,1.0,0.0,0.7818,0.6235,0,0,0,Clear,1.0,1.6,1.7,1.4,1.4,26.0,24.2,22.2,22.4,5.7,5.3,4.9,4.9,20.8,LOW,LOW,LOW,LOW,N,27.7,24.3
2026-07-28 06:15,6,15,1,0.9979,-0.0654,0.7818,0.6235,0,0,0,Rain,1.25,5.7,5.3,4.9,4.9,30.8,32.3,26.7,28.7,6.8,7.1,5.9,6.3,26.1,MEDIUM,MEDIUM,LOW,MEDIUM,S,27.6,24.4
2026-07-28 06:30,6,30,1,0.9914,-0.1305,0.7818,0.6235,0,0,0,Clear,1.0,6.8,7.1,5.9,6.3,24.8,23.8,21.0,22.8,5.5,5.2,4.6,5.0,20.3,LOW,LOW,LOW,LOW,N,27.2,24.8
2026-07-28 06:45,6,45,1,0.9808,-0.1951,0.7818,0.6235,0,0,0,Clear,1.0,5.5,5.2,4.6,5.0,24.5,23.9,21.9,22.6,5.4,5.3,4.8,5.0,20.5,LOW,LOW,LOW,LOW,N,27.1,24.9
2026-07-28 07:00,7,0,1,0.9659,-0.2588,0.7818,0.6235,0,1,0,Clear,1.0,5.4,5.3,4.8,5.0,111.5,18.2,83.7,17.9,24.5,4.0,18.4,3.9,50.8,VERY_HIGH,LOW,HIGH,LOW,N,29.5,22.5
2026-07-28 07:15,7,15,1,0.9469,-0.3214,0.7818,0.6235,0,1,0,Clear,1.0,24.5,4.0,18.4,3.9,112.5,17.4,82.5,17.1,24.8,3.8,18.1,3.8,50.5,VERY_HIGH,LOW,HIGH,LOW,N,29.8,22.2
2026-07-28 07:30,7,30,1,0.9239,-0.3827,0.7818,0.6235,0,1,0,Clear,1.0,24.8,3.8,18.1,3.8,108.1,17.9,82.8,18.1,23.8,3.9,18.2,4.0,49.9,HIGH,LOW,HIGH,LOW,N,29.2,22.8
2026-07-28 07:45,7,45,1,0.8969,-0.4423,0.7818,0.6235,0,1,0,Clear,1.0,23.8,3.9,18.2,4.0,110.9,18.7,84.6,18.7,24.4,4.1,18.6,4.1,51.2,VERY_HIGH,LOW,HIGH,LOW,N,29.3,22.7
2026-07-28 08:00,8,0,1,0.866,-0.5,0.7818,0.6235,0,1,0,Clear,1.0,24.4,4.1,18.6,4.1,145.4,18.0,109.3,17.2,32.0,4.0,24.0,3.8,63.8,VERY_HIGH,LOW,VERY_HIGH,LOW,N,29.5,22.5
2026-07-28 08:15,8,15,1,0.8315,-0.5556,0.7818,0.6235,0,1,0,Clear,1.0,32.0,4.0,24.0,3.8,137.7,17.7,113.5,18.3,30.3,3.9,25.0,4.0,63.2,VERY_HIGH,LOW,VERY_HIGH,LOW,N,28.4,23.6
2026-07-28 08:30,8,30,1,0.7934,-0.6088,0.7818,0.6235,0,1,0,Clear,1.0,30.3,3.9,25.0,4.0,140.2,18.8,115.2,17.5,30.8,4.1,25.3,3.9,64.1,VERY_HIGH,LOW,VERY_HIGH,LOW,N,28.5,23.5
2026-07-28 08:45,8,45,1,0.7518,-0.6593,0.7818,0.6235,0,1,0,Clear,1.0,30.8,4.1,25.3,3.9,140.9,18.2,115.9,18.2,31.0,4.0,25.5,4.0,64.5,VERY_HIGH,LOW,VERY_HIGH,LOW,N,28.4,23.6
2026-07-28 09:00,9,0,1,0.7071,-0.7071,0.7818,0.6235,0,1,0,Clear,1.0,31.0,4.0,25.5,4.0,114.3,18.9,81.4,18.6,25.1,4.2,17.9,4.1,51.3,VERY_HIGH,LOW,HIGH,LOW,N,30.1,21.9
2026-07-28 09:15,9,15,1,0.6593,-0.7518,0.7818,0.6235,0,1,0,Clear,1.0,25.1,4.2,17.9,4.1,114.6,17.1,82.5,18.0,25.2,3.8,18.1,4.0,51.1,VERY_HIGH,LOW,HIGH,LOW,N,29.9,22.1
2026-07-28 09:30,9,30,1,0.6088,-0.7934,0.7818,0.6235,0,1,0,Clear,1.0,25.2,3.8,18.1,4.0,112.6,18.6,83.5,17.2,24.8,4.1,18.4,3.8,51.1,VERY_HIGH,LOW,HIGH,LOW,N,29.7,22.3
2026-07-28 09:45,9,45,1,0.5556,-0.8315,0.7818,0.6235,0,1,0,Clear,1.0,24.8,4.1,18.4,3.8,106.2,18.0,81.1,18.6,23.4,4.0,17.8,4.1,49.3,HIGH,LOW,HIGH,LOW,N,29.2,22.8
2026-07-28 10:00,10,0,1,0.5,-0.866,0.7818,0.6235,0,0,0,Clear,1.0,23.4,4.0,17.8,4.1,25.6,24.1,22.2,22.0,5.6,5.3,4.9,4.8,20.6,LOW,LOW,LOW,LOW,N,27.7,24.3
2026-07-28 10:15,10,15,1,0.4423,-0.8969,0.7818,0.6235,0,0,0,Rain,1.25,5.6,5.3,4.9,4.8,30.5,31.8,28.6,27.9,6.7,7.0,6.3,6.1,26.1,MEDIUM,MEDIUM,MEDIUM,MEDIUM,S,27.3,24.7
2026-07-28 10:30,10,30,1,0.3827,-0.9239,0.7818,0.6235,0,0,0,Clear,1.0,6.7,7.0,6.3,6.1,26.0,25.4,22.5,21.3,5.7,5.6,5.0,4.7,21.0,LOW,LOW,LOW,LOW,N,28.0,24.0
2026-07-28 10:45,10,45,1,0.3214,-0.9469,0.7818,0.6235,0,0,0,Rain,1.25,5.7,5.6,5.0,4.7,32.5,30.8,26.7,28.9,7.2,6.8,5.9,6.4,26.3,MEDIUM,MEDIUM,LOW,MEDIUM,N,27.6,24.4
2026-07-28 11:00,11,0,1,0.2588,-0.9659,0.7818,0.6235,0,0,0,Clear,1.0,7.2,6.8,5.9,6.4,38.7,41.3,33.8,35.6,8.5,9.1,7.4,7.8,32.8,MEDIUM,MEDIUM,MEDIUM,MEDIUM,S,27.9,24.1
2026-07-28 11:15,11,15,1,0.1951,-0.9808,0.7818,0.6235,0,0,0,Clear,1.0,8.5,9.1,7.4,7.8,39.7,40.9,34.1,34.7,8.7,9.0,7.5,7.6,32.8,MEDIUM,MEDIUM,MEDIUM,MEDIUM,S,28.1,23.9
2026-07-28 11:30,11,30,1,0.1305,-0.9914,0.7818,0.6235,0,0,0,Clear,1.0,8.7,9.0,7.5,7.6,38.7,38.7,35.3,35.6,8.5,8.5,7.8,7.8,32.6,MEDIUM,MEDIUM,MEDIUM,MEDIUM,N,27.1,24.9
2026-07-28 11:45,11,45,1,0.0654,-0.9979,0.7818,0.6235,0,0,0,Clear,1.0,8.5,8.5,7.8,7.8,38.6,40.0,35.3,36.6,8.5,8.8,7.8,8.1,33.2,MEDIUM,MEDIUM,MEDIUM,MEDIUM,S,27.2,24.8
2026-07-28 12:00,12,0,1,0.0,-1.0,0.7818,0.6235,0,0,0,Clear,1.0,8.5,8.8,7.8,8.1,41.4,40.9,34.5,36.4,9.1,9.0,7.6,8.0,33.7,MEDIUM,MEDIUM,MEDIUM,MEDIUM,N,27.8,24.2
2026-07-28 12:15,12,15,1,-0.0654,-0.9979,0.7818,0.6235,0,0,0,Clear,1.0,9.1,9.0,7.6,8.0,41.2,39.0,34.8,36.0,9.1,8.6,7.7,7.9,33.3,MEDIUM,MEDIUM,MEDIUM,MEDIUM,N,27.7,24.3
2026-07-28 12:30,12,30,1,-0.1305,-0.9914,0.7818,0.6235,0,0,0,Clear,1.0,9.1,8.6,7.7,7.9,38.3,41.3,35.3,34.3,8.4,9.1,7.8,7.5,32.8,MEDIUM,MEDIUM,MEDIUM,MEDIUM,S,27.9,24.1
2026-07-28 12:45,12,45,1,-0.1951,-0.9808,0.7818,0.6235,0,0,0,Rain,1.25,8.4,9.1,7.8,7.5,52.3,49.9,44.0,43.1,11.5,11.0,9.7,9.5,41.7,MEDIUM,MEDIUM,MEDIUM,MEDIUM,N,28.2,23.8
2026-07-28 13:00,13,0,1,-0.2588,-0.9659,0.7818,0.6235,0,0,0,Clear,1.0,11.5,11.0,9.7,9.5,41.8,41.0,34.5,36.6,9.2,9.0,7.6,8.1,33.9,MEDIUM,MEDIUM,MEDIUM,MEDIUM,N,27.9,24.1
2026-07-28 13:15,13,15,1,-0.3214,-0.9469,0.7818,0.6235,0,0,0,Clear,1.0,9.2,9.0,7.6,8.1,41.6,40.3,36.4,34.9,9.2,8.9,8.0,7.7,33.8,MEDIUM,MEDIUM,MEDIUM,MEDIUM,N,27.8,24.2
2026-07-28 13:30,13,30,1,-0.3827,-0.9239,0.7818,0.6235,0,0,0,Clear,1.0,9.2,8.9,8.0,7.7,40.8,38.4,35.8,36.3,9.0,8.4,7.9,8.0,33.3,MEDIUM,MEDIUM,MEDIUM,MEDIUM,N,27.4,24.6
2026-07-28 13:45,13,45,1,-0.4423,-0.8969,0.7818,0.6235,0,0,0,Clear,1.0,9.0,8.4,7.9,8.0,38.6,38.4,35.0,34.2,8.5,8.4,7.7,7.5,32.1,MEDIUM,MEDIUM,MEDIUM,MEDIUM,N,27.3,24.7
2026-07-28 14:00,14,0,1,-0.5,-0.866,0.7818,0.6235,0,0,0,Clear,1.0,8.5,8.4,7.7,7.5,38.9,41.9,36.3,36.2,8.6,9.2,8.0,8.0,33.8,MEDIUM,MEDIUM,MEDIUM,MEDIUM,S,27.6,24.4
2026-07-28 14:15,14,15,1,-0.5556,-0.8315,0.7818,0.6235,0,0,0,Clear,1.0,8.6,9.2,8.0,8.0,39.4,41.6,35.6,34.5,8.7,9.2,7.8,7.6,33.3,MEDIUM,MEDIUM,MEDIUM,MEDIUM,S,27.9,24.1
2026-07-28 14:30,14,30,1,-0.6088,-0.7934,0.7818,0.6235,0,0,0,Clear,1.0,8.7,9.2,7.8,7.6,41.3,38.5,35.1,35.3,9.1,8.5,7.7,7.8,33.1,MEDIUM,MEDIUM,MEDIUM,MEDIUM,N,27.8,24.2
2026-07-28 14:45,14,45,1,-0.6593,-0.7518,0.7818,0.6235,0,0,0,Clear,1.0,9.1,8.5,7.7,7.8,40.2,41.7,34.8,34.2,8.8,9.2,7.7,7.5,33.2,MEDIUM,MEDIUM,MEDIUM,MEDIUM,S,28.3,23.7
2026-07-28 15:00,15,0,1,-0.7071,-0.7071,0.7818,0.6235,0,0,0,Clear,1.0,8.8,9.2,7.7,7.5,40.1,41.3,34.6,34.5,8.8,9.1,7.6,7.6,33.1,MEDIUM,MEDIUM,MEDIUM,MEDIUM,S,28.2,23.8
2026-07-28 15:15,15,15,1,-0.7518,-0.6593,0.7818,0.6235,0,0,0,Clear,1.0,8.8,9.1,7.6,7.6,38.2,39.5,35.7,36.3,8.4,8.7,7.9,8.0,33.0,MEDIUM,MEDIUM,MEDIUM,MEDIUM,S,27.0,25.0
2026-07-28 15:30,15,30,1,-0.7934,-0.6088,0.7818,0.6235,0,0,0,Clear,1.0,8.4,8.7,7.9,8.0,41.9,39.8,33.5,34.1,9.2,8.8,7.4,7.5,32.9,MEDIUM,MEDIUM,MEDIUM,MEDIUM,N,28.6,23.4
2026-07-28 15:45,15,45,1,-0.8315,-0.5556,0.7818,0.6235,0,0,0,Clear,1.0,9.2,8.8,7.4,7.5,39.4,41.7,34.8,35.6,8.7,9.2,7.7,7.8,33.4,MEDIUM,MEDIUM,MEDIUM,MEDIUM,S,27.9,24.1
2026-07-28 16:00,16,0,1,-0.866,-0.5,0.7818,0.6235,0,0,1,Clear,1.0,8.7,9.2,7.7,7.8,17.4,109.4,18.9,83.6,3.8,24.1,4.2,18.4,50.5,LOW,VERY_HIGH,LOW,HIGH,S,29.2,22.8
2026-07-28 16:15,16,15,1,-0.8969,-0.4423,0.7818,0.6235,0,0,1,Clear,1.0,3.8,24.1,4.2,18.4,18.8,113.9,17.5,82.6,4.1,25.1,3.9,18.2,51.3,LOW,VERY_HIGH,LOW,HIGH,S,29.9,22.1
2026-07-28 16:30,16,30,1,-0.9239,-0.3827,0.7818,0.6235,0,0,1,Clear,1.0,4.1,25.1,3.9,18.2,17.1,113.2,18.8,85.0,3.8,24.9,4.1,18.7,51.5,LOW,VERY_HIGH,LOW,HIGH,S,29.4,22.6
2026-07-28 16:45,16,45,1,-0.9469,-0.3214,0.7818,0.6235,0,0,1,Rain,1.25,3.8,24.9,4.1,18.7,22.7,139.5,23.0,106.1,5.0,30.7,5.1,23.3,64.1,LOW,VERY_HIGH,LOW,HIGH,S,29.3,22.7
2026-07-28 17:00,17,0,1,-0.9659,-0.2588,0.7818,0.6235,0,0,1,Clear,1.0,5.0,30.7,5.1,23.3,18.4,131.5,18.4,106.8,4.0,28.9,4.0,23.5,60.4,LOW,VERY_HIGH,LOW,HIGH,S,28.6,23.4
2026-07-28 17:15,17,15,1,-0.9808,-0.1951,0.7818,0.6235,0,0,1,Clear,1.0,4.0,28.9,4.0,23.5,17.9,129.1,18.2,101.0,3.9,28.4,4.0,22.2,58.5,LOW,VERY_HIGH,LOW,HIGH,S,29.0,23.0
2026-07-28 17:30,17,30,1,-0.9914,-0.1305,0.7818,0.6235,0,0,1,Clear,1.0,3.9,28.4,4.0,22.2,18.7,138.0,17.8,98.6,4.1,30.4,3.9,21.7,60.1,LOW,VERY_HIGH,LOW,HIGH,S,30.1,21.9
2026-07-28 17:45,17,45,1,-0.9979,-0.0654,0.7818,0.6235,0,0,1,Clear,1.0,4.1,30.4,3.9,21.7,18.9,125.5,18.5,103.8,4.2,27.6,4.1,22.8,58.7,LOW,VERY_HIGH,LOW,HIGH,S,28.3,23.7
2026-07-28 18:00,18,0,1,-1.0,-0.0,0.7818,0.6235,0,0,1,Clear,1.0,4.2,27.6,4.1,22.8,18.1,126.6,18.6,98.5,4.0,27.9,4.1,21.7,57.7,LOW,VERY_HIGH,LOW,HIGH,S,29.1,22.9
2026-07-28 18:15,18,15,1,-0.9979,0.0654,0.7818,0.6235,0,0,1,Clear,1.0,4.0,27.9,4.1,21.7,17.5,126.9,18.0,98.0,3.9,27.9,4.0,21.6,57.4,LOW,VERY_HIGH,LOW,HIGH,S,29.1,22.9
2026-07-28 18:30,18,30,1,-0.9914,0.1305,0.7818,0.6235,0,0,1,Clear,1.0,3.9,27.9,4.0,21.6,18.5,135.1,18.3,104.0,4.1,29.7,4.0,22.9,60.7,LOW,VERY_HIGH,LOW,HIGH,S,29.2,22.8
2026-07-28 18:45,18,45,1,-0.9808,0.1951,0.7818,0.6235,0,0,1,Clear,1.0,4.1,29.7,4.0,22.9,18.1,133.1,18.4,98.7,4.0,29.3,4.0,21.7,59.0,LOW,VERY_HIGH,LOW,HIGH,S,29.6,22.4
2026-07-28 19:00,19,0,1,-0.9659,0.2588,0.7818,0.6235,0,0,1,Clear,1.0,4.0,29.3,4.0,21.7,17.2,115.3,17.9,86.2,3.8,25.4,3.9,19.0,52.1,LOW,VERY_HIGH,LOW,HIGH,S,29.5,22.5
2026-07-28 19:15,19,15,1,-0.9469,0.3214,0.7818,0.6235,0,0,1,Clear,1.0,3.8,25.4,3.9,19.0,17.2,112.7,18.3,88.8,3.8,24.8,4.0,19.5,52.1,LOW,VERY_HIGH,LOW,HIGH,S,28.9,23.1
2026-07-28 19:30,19,30,1,-0.9239,0.3827,0.7818,0.6235,0,0,1,Clear,1.0,3.8,24.8,4.0,19.5,17.5,108.6,17.5,83.0,3.9,23.9,3.9,18.3,50.0,LOW,HIGH,LOW,HIGH,S,29.3,22.7
2026-07-28 19:45,19,45,1,-0.8969,0.4423,0.7818,0.6235,0,0,1,Clear,1.0,3.9,23.9,3.9,18.3,18.9,111.4,17.1,88.4,4.2,24.5,3.8,19.4,51.9,LOW,VERY_HIGH,LOW,HIGH,S,28.9,23.1
2026-07-28 20:00,20,0,1,-0.866,0.5,0.7818,0.6235,0,0,0,Clear,1.0,4.2,24.5,3.8,19.4,25.9,23.8,22.6,22.6,5.7,5.2,5.0,5.0,20.9,LOW,LOW,LOW,LOW,N,27.5,24.5
2026-07-28 20:15,20,15,1,-0.8315,0.5556,0.7818,0.6235,0,0,0,Clear,1.0,5.7,5.2,5.0,5.0,25.7,25.1,21.6,21.2,5.7,5.5,4.8,4.7,20.7,LOW,LOW,LOW,LOW,N,28.2,23.8
2026-07-28 20:30,20,30,1,-0.7934,0.6088,0.7818,0.6235,0,0,0,Clear,1.0,5.7,5.5,4.8,4.7,24.8,25.1,22.8,22.5,5.5,5.5,5.0,5.0,21.0,LOW,LOW,LOW,LOW,N,27.3,24.7
2026-07-28 20:45,20,45,1,-0.7518,0.6593,0.7818,0.6235,0,0,0,Clear,1.0,5.5,5.5,5.0,5.0,23.8,24.3,21.1,22.6,5.2,5.3,4.6,5.0,20.1,LOW,LOW,LOW,LOW,S,27.1,24.9
2026-07-28 21:00,21,0,1,-0.7071,0.7071,0.7818,0.6235,0,0,0,Clear,1.0,5.2,5.3,4.6,5.0,25.8,25.6,21.2,22.7,5.7,5.6,4.7,5.0,21.0,LOW,LOW,LOW,LOW,N,27.9,24.1
2026-07-28 21:15,21,15,1,-0.6593,0.7518,0.7818,0.6235,0,0,0,Clear,1.0,5.7,5.6,4.7,5.0,24.7,25.2,21.8,22.8,5.4,5.5,4.8,5.0,20.7,LOW,LOW,LOW,LOW,S,27.4,24.6
2026-07-28 21:30,21,30,1,-0.6088,0.7934,0.7818,0.6235,0,0,0,Clear,1.0,5.4,5.5,4.8,5.0,24.1,24.7,21.8,20.9,5.3,5.4,4.8,4.6,20.1,LOW,LOW,LOW,LOW,S,27.7,24.3
2026-07-28 21:45,21,45,1,-0.5556,0.8315,0.7818,0.6235,0,0,0,Clear,1.0,5.3,5.4,4.8,4.6,24.3,24.2,22.0,22.1,5.3,5.3,4.8,4.9,20.3,LOW,LOW,LOW,LOW,N,27.2,24.8
2026-07-28 22:00,22,0,1,-0.5,0.866,0.7818,0.6235,0,0,0,Clear,1.0,5.3,5.3,4.8,4.9,25.8,25.2,23.0,21.2,5.7,5.5,5.1,4.7,21.0,LOW,LOW,LOW,LOW,N,27.7,24.3
2026-07-28 22:15,22,15,1,-0.4423,0.8969,0.7818,0.6235,0,0,0,Clear,1.0,5.7,5.5,5.1,4.7,23.9,25.3,22.8,21.8,5.3,5.6,5.0,4.8,20.7,LOW,LOW,LOW,LOW,S,27.3,24.7
2026-07-28 22:30,22,30,1,-0.3827,0.9239,0.7818,0.6235,0,0,0,Clear,1.0,5.3,5.6,5.0,4.8,25.0,26.1,21.0,21.8,5.5,5.7,4.6,4.8,20.6,LOW,LOW,LOW,LOW,S,28.3,23.7
2026-07-28 22:45,22,45,1,-0.3214,0.9469,0.7818,0.6235,0,0,0,Clear,1.0,5.5,5.7,4.6,4.8,23.8,24.1,21.9,21.9,5.2,5.3,4.8,4.8,20.1,LOW,LOW,LOW,LOW,S,27.2,24.8
2026-07-28 23:00,23,0,1,-0.2588,0.9659,0.7818,0.6235,0,0,0,Clear,1.0,5.2,5.3,4.8,4.8,6.2,6.0,4.9,5.2,1.4,1.3,1.1,1.1,4.9,LOW,LOW,LOW,LOW,N,28.4,23.6
2026-07-28 23:15,23,15,1,-0.1951,0.9808,0.7818,0.6235,0,0,0,Clear,1.0,1.4,1.3,1.1,1.1,6.3,6.1,5.0,4.9,1.4,1.3,1.1,1.1,4.9,LOW,LOW,LOW,LOW,N,29.0,23.0
2026-07-28 23:30,23,30,1,-0.1305,0.9914,0.7818,0.6235,0,0,0,Clear,1.0,1.4,1.3,1.1,1.1,6.3,5.9,5.1,5.1,1.4,1.3,1.1,1.1,4.9,LOW,LOW,LOW,LOW,N,28.5,23.5
2026-07-28 23:45,23,45,1,-0.0654,0.9979,0.7818,0.6235,0,0,0,Clear,1.0,1.4,1.3,1.1,1.1,5.8,5.7,5.0,4.9,1.3,1.3,1.1,1.1,4.8,LOW,LOW,LOW,LOW,N,27.9,24.1
2026-07-29 00:00,0,0,2,0.0,1.0,0.9749,-0.2225,0,0,0,Clear,1.0,1.3,1.3,1.1,1.1,6.2,6.3,4.9,5.2,1.4,1.4,1.1,1.1,5.0,LOW,LOW,LOW,LOW,N,28.6,23.4
2026-07-29 00:15,0,15,2,0.0654,0.9979,0.9749,-0.2225,0,0,0,Clear,1.0,1.4,1.4,1.1,1.1,6.0,6.0,4.8,5.0,1.3,1.3,1.1,1.1,4.8,LOW,LOW,LOW,LOW,N,28.5,23.5
2026-07-29 00:30,0,30,2,0.1305,0.9914,0.9749,-0.2225,0,0,0,Heavy Rain,1.5,1.3,1.3,1.1,1.1,9.1,8.7,7.8,7.4,2.0,1.9,1.7,1.6,7.2,LOW,LOW,LOW,LOW,N,28.0,24.0
2026-07-29 00:45,0,45,2,0.1951,0.9808,0.9749,-0.2225,0,0,0,Clear,1.0,2.0,1.9,1.7,1.6,6.1,5.9,5.2,5.1,1.3,1.3,1.1,1.1,4.8,LOW,LOW,LOW,LOW,N,28.0,24.0
2026-07-29 01:00,1,0,2,0.2588,0.9659,0.9749,-0.2225,0,0,0,Clear,1.0,1.3,1.3,1.1,1.1,5.9,5.8,5.1,5.1,1.3,1.3,1.1,1.1,4.8,LOW,LOW,LOW,LOW,N,27.8,24.2
2026-07-29 01:15,1,15,2,0.3214,0.9469,0.9749,-0.2225,0,0,0,Clear,1.0,1.3,1.3,1.1,1.1,5.8,5.7,5.2,4.9,1.3,1.3,1.1,1.1,4.8,LOW,LOW,LOW,LOW,N,27.6,24.4
2026-07-29 01:30,1,30,2,0.3827,0.9239,0.9749,-0.2225,0,0,0,Clear,1.0,1.3,1.3,1.1,1.1,5.7,6.3,4.8,5.1,1.3,1.4,1.1,1.1,4.9,LOW,LOW,LOW,LOW,S,28.6,23.4
2026-07-29 01:45,1,45,2,0.4423,0.8969,0.9749,-0.2225,0,0,0,Rain,1.25,1.3,1.4,1.1,1.1,7.4,7.2,6.1,6.3,1.6,1.6,1.3,1.4,5.9,LOW,LOW,LOW,LOW,N,28.1,23.9
2026-07-29 02:00,2,0,2,0.5,0.866,0.9749,-0.2225,0,0,0,Clear,1.0,1.6,1.6,1.3,1.4,5.7,6.0,5.0,4.8,1.3,1.3,1.1,1.1,4.8,LOW,LOW,LOW,LOW,N,28.3,23.7
2026-07-29 02:15,2,15,2,0.5556,0.8315,0.9749,-0.2225,0,0,0,Clear,1.0,1.3,1.3,1.1,1.1,6.1,5.8,4.9,4.8,1.3,1.3,1.1,1.1,4.8,LOW,LOW,LOW,LOW,N,28.7,23.3
2026-07-29 02:30,2,30,2,0.6088,0.7934,0.9749,-0.2225,0,0,0,Clear,1.0,1.3,1.3,1.1,1.1,5.9,5.8,4.8,5.0,1.3,1.3,1.1,1.1,4.8,LOW,LOW,LOW,LOW,N,28.2,23.8
2026-07-29 02:45,2,45,2,0.6593,0.7518,0.9749,-0.2225,0,0,0,Clear,1.0,1.3,1.3,1.1,1.1,5.9,5.9,4.8,5.1,1.3,1.3,1.1,1.1,4.8,LOW,LOW,LOW,LOW,N,28.1,23.9
2026-07-29 03:00,3,0,2,0.7071,0.7071,0.9749,-0.2225,0,0,0,Clear,1.0,1.3,1.3,1.1,1.1,5.9,5.9,4.9,5.1,1.3,1.3,1.1,1.1,4.8,LOW,LOW,LOW,LOW,N,28.0,24.0
2026-07-29 03:15,3,15,2,0.7518,0.6593,0.9749,-0.2225,0,0,0,Clear,1.0,1.3,1.3,1.1,1.1,6.0,6.1,5.0,5.2,1.3,1.3,1.1,1.1,4.8,LOW,LOW,LOW,LOW,N,28.1,23.9
2026-07-29 03:30,3,30,2,0.7934,0.6088,0.9749,-0.2225,0,0,0,Clear,1.0,1.3,1.3,1.1,1.1,6.0,6.0,4.9,5.0,1.3,1.3,1.1,1.1,4.8,LOW,LOW,LOW,LOW,N,28.4,23.6
2026-07-29 03:45,3,45,2,0.8315,0.5556,0.9749,-0.2225,0,0,0,Clear,1.0,1.3,1.3,1.1,1.1,6.2,6.3,5.2,5.1,1.4,1.4,1.1,1.1,5.0,LOW,LOW,LOW,LOW,N,28.5,23.5
2026-07-29 04:00,4,0,2,0.866,0.5,0.9749,-0.2225,0,0,0,Clear,1.0,1.4,1.4,1.1,1.1,6.3,5.7,5.1,5.0,1.4,1.3,1.1,1.1,4.9,LOW,LOW,LOW,LOW,N,28.5,23.5
2026-07-29 04:15,4,15,2,0.8969,0.4423,0.9749,-0.2225,0,0,0,Clear,1.0,1.4,1.3,1.1,1.1,5.9,5.7,4.8,5.0,1.3,1.3,1.1,1.1,4.8,LOW,LOW,LOW,LOW,N,28.2,23.8
2026-07-29 04:30,4,30,2,0.9239,0.3827,0.9749,-0.2225,0,0,0,Clear,1.0,1.3,1.3,1.1,1.1,5.9,5.7,5.0,5.0,1.3,1.3,1.1,1.1,4.8,LOW,LOW,LOW,LOW,N,28.0,24.0
2026-07-29 04:45,4,45,2,0.9469,0.3214,0.9749,-0.2225,0,0,0,Clear,1.0,1.3,1.3,1.1,1.1,5.8,6.2,5.0,5.1,1.3,1.4,1.1,1.1,4.9,LOW,LOW,LOW,LOW,S,28.4,23.6
2026-07-29 05:00,5,0,2,0.9659,0.2588,0.9749,-0.2225,0,0,0,Clear,1.0,1.3,1.4,1.1,1.1,6.1,5.8,4.8,5.1,1.3,1.3,1.1,1.1,4.8,LOW,LOW,LOW,LOW,N,28.4,23.6
2026-07-29 05:15,5,15,2,0.9808,0.1951,0.9749,-0.2225,0,0,0,Clear,1.0,1.3,1.3,1.1,1.1,6.0,6.0,5.1,5.0,1.3,1.3,1.1,1.1,4.8,LOW,LOW,LOW,LOW,N,28.2,23.8
2026-07-29 05:30,5,30,2,0.9914,0.1305,0.9749,-0.2225,0,0,0,Clear,1.0,1.3,1.3,1.1,1.1,6.2,5.7,5.0,5.1,1.4,1.3,1.1,1.1,4.9,LOW,LOW,LOW,LOW,N,28.3,23.7
2026-07-29 05:45,5,45,2,0.9979,0.0654,0.9749,-0.2225,0,0,0,Clear,1.0,1.4,1.3,1.1,1.1,6.1,5.8,4.9,5.1,1.3,1.3,1.1,1.1,4.8,LOW,LOW,LOW,LOW,N,28.3,23.7
2026-07-29 06:00,6,0,2,1.0,0.0,0.9749,-0.2225,0,0,0,Clear,1.0,1.3,1.3,1.1,1.1,26.1,24.7,22.9,21.3,5.7,5.4,5.0,4.7,20.8,LOW,LOW,LOW,LOW,N,27.8,24.2
2026-07-29 06:15,6,15,2,0.9979,-0.0654,0.9749,-0.2225,0,0,0,Clear,1.0,5.7,5.4,5.0,4.7,24.6,23.8,21.7,22.1,5.4,5.2,4.8,4.9,20.3,LOW,LOW,LOW,LOW,N,27.3,24.7
2026-07-29 06:30,6,30,2,0.9914,-0.1305,0.9749,-0.2225,0,0,0,Clear,1.0,5.4,5.2,4.8,4.9,25.2,25.7,22.3,21.3,5.5,5.7,4.9,4.7,20.8,LOW,LOW,LOW,LOW,S,27.9,24.1
2026-07-29 06:45,6,45,2,0.9808,-0.1951,0.9749,-0.2225,0,0,0,Clear,1.0,5.5,5.7,4.9,4.7,24.8,25.3,21.5,22.7,5.5,5.6,4.7,5.0,20.8,LOW,LOW,LOW,LOW,S,27.5,24.5
2026-07-29 07:00,7,0,2,0.9659,-0.2588,0.9749,-0.2225,0,1,0,Clear,1.0,5.5,5.6,4.7,5.0,114.6,17.3,86.4,18.1,25.2,3.8,19.0,4.0,52.0,VERY_HIGH,LOW,HIGH,LOW,N,29.4,22.6
2026-07-29 07:15,7,15,2,0.9469,-0.3214,0.9749,-0.2225,0,1,0,Clear,1.0,25.2,3.8,19.0,4.0,115.1,18.8,87.8,17.6,25.3,4.1,19.3,3.9,52.6,VERY_HIGH,LOW,HIGH,LOW,N,29.3,22.7
2026-07-29 07:30,7,30,2,0.9239,-0.3827,0.9749,-0.2225,0,1,0,Rain,1.25,25.3,4.1,19.3,3.9,138.6,21.8,106.4,22.6,30.5,4.8,23.4,5.0,63.7,VERY_HIGH,LOW,HIGH,LOW,N,29.2,22.8
2026-07-29 07:45,7,45,2,0.8969,-0.4423,0.9749,-0.2225,0,1,0,Rain,1.25,30.5,4.8,23.4,5.0,136.4,22.7,106.8,23.2,30.0,5.0,23.5,5.1,63.6,VERY_HIGH,LOW,HIGH,LOW,N,29.0,23.0
2026-07-29 08:00,8,0,2,0.866,-0.5,0.9749,-0.2225,0,1,0,Clear,1.0,30.0,5.0,23.5,5.1,144.4,18.7,111.2,17.8,31.8,4.1,24.5,3.9,64.3,VERY_HIGH,LOW,VERY_HIGH,LOW,N,29.2,22.8
2026-07-29 08:15,8,15,2,0.8315,-0.5556,0.9749,-0.2225,0,1,0,Clear,1.0,31.8,4.1,24.5,3.9,141.4,18.5,108.2,17.6,31.1,4.1,23.8,3.9,62.9,VERY_HIGH,LOW,HIGH,LOW,N,29.3,22.7
2026-07-29 08:30,8,30,2,0.7934,-0.6088,0.9749,-0.2225,0,1,0,Rain,1.25,31.1,4.1,23.8,3.9,174.6,22.9,137.1,23.3,38.4,5.0,30.2,5.1,78.7,VERY_HIGH,LOW,VERY_HIGH,LOW,N,29.0,23.0
2026-07-29 08:45,8,45,2,0.7518,-0.6593,0.9749,-0.2225,0,1,0,Rain,1.25,38.4,5.0,30.2,5.1,177.0,22.0,136.1,22.6,38.9,4.8,29.9,5.0,78.6,VERY_HIGH,LOW,VERY_HIGH,LOW,N,29.2,22.8
2026-07-29 09:00,9,0,2,0.7071,-0.7071,0.9749,-0.2225,0,1,0,Clear,1.0,38.9,4.8,29.9,5.0,113.4,18.1,85.4,18.1,24.9,4.0,18.8,4.0,51.7,VERY_HIGH,LOW,HIGH,LOW,N,29.4,22.6
2026-07-29 09:15,9,15,2,0.6593,-0.7518,0.9749,-0.2225,0,1,0,Clear,1.0,24.9,4.0,18.8,4.0,107.5,17.1,81.2,17.6,23.6,3.8,17.9,3.9,49.2,HIGH,LOW,HIGH,LOW,N,29.4,22.6
2026-07-29 09:30,9,30,2,0.6088,-0.7934,0.9749,-0.2225,0,1,0,Clear,1.0,23.6,3.8,17.9,3.9,112.4,17.4,89.0,18.5,24.7,3.8,19.6,4.1,52.2,VERY_HIGH,LOW,HIGH,LOW,N,28.8,23.2
2026-07-29 09:45,9,45,2,0.5556,-0.8315,0.9749,-0.2225,0,1,0,Clear,1.0,24.7,3.8,19.6,4.1,113.0,17.6,86.0,17.6,24.9,3.9,18.9,3.9,51.6,VERY_HIGH,LOW,HIGH,LOW,N,29.3,22.7
2026-07-29 10:00,10,0,2,0.5,-0.866,0.9749,-0.2225,0,0,0,Clear,1.0,24.9,3.9,18.9,3.9,26.2,24.7,22.0,20.9,5.8,5.4,4.8,4.6,20.6,LOW,LOW,LOW,LOW,N,28.2,23.8
2026-07-29 10:15,10,15,2,0.4423,-0.8969,0.9749,-0.2225,0,0,0,Rain,1.25,5.8,5.4,4.8,4.6,30.4,32.2,27.1,28.2,6.7,7.1,6.0,6.2,26.0,MEDIUM,MEDIUM,MEDIUM,MEDIUM,S,27.7,24.3
2026-07-29 10:30,10,30,2,0.3827,-0.9239,0.9749,-0.2225,0,0,0,Rain,1.25,6.7,7.1,6.0,6.2,30.1,31.7,27.6,28.0,6.6,7.0,6.1,6.2,25.9,MEDIUM,MEDIUM,MEDIUM,MEDIUM,S,27.5,24.5
2026-07-29 10:45,10,45,2,0.3214,-0.9469,0.9749,-0.2225,0,0,0,Clear,1.0,6.6,7.0,6.1,6.2,24.7,23.9,21.7,21.2,5.4,5.3,4.8,4.7,20.2,LOW,LOW,LOW,LOW,N,27.6,24.4
2026-07-29 11:00,11,0,2,0.2588,-0.9659,0.9749,-0.2225,0,0,0,Clear,1.0,5.4,5.3,4.8,4.7,38.7,39.0,35.2,34.0,8.5,8.6,7.7,7.5,32.3,MEDIUM,MEDIUM,MEDIUM,MEDIUM,S,27.4,24.6
2026-07-29 11:15,11,15,2,0.1951,-0.9808,0.9749,-0.2225,0,0,0,Heavy Rain,1.5,8.5,8.6,7.7,7.5,59.3,60.0,52.4,53.8,13.0,13.2,11.5,11.8,49.5,MEDIUM,MEDIUM,MEDIUM,MEDIUM,S,27.5,24.5
2026-07-29 11:30,11,30,2,0.1305,-0.9914,0.9749,-0.2225,0,0,0,Clear,1.0,13.0,13.2,11.5,11.8,40.3,41.1,34.7,35.2,8.9,9.0,7.6,7.7,33.2,MEDIUM,MEDIUM,MEDIUM,MEDIUM,S,28.0,24.0
2026-07-29 11:45,11,45,2,0.0654,-0.9979,0.9749,-0.2225,0,0,0,Clear,1.0,8.9,9.0,7.6,7.7,41.3,40.2,36.2,33.6,9.1,8.8,8.0,7.4,33.3,MEDIUM,MEDIUM,MEDIUM,MEDIUM,N,27.9,24.1
2026-07-29 12:00,12,0,2,0.0,-1.0,0.9749,-0.2225,0,0,0,Clear,1.0,9.1,8.8,8.0,7.4,39.7,38.5,35.6,34.3,8.7,8.5,7.8,7.5,32.5,MEDIUM,MEDIUM,MEDIUM,MEDIUM,N,27.4,24.6
2026-07-29 12:15,12,15,2,-0.0654,-0.9979,0.9749,-0.2225,0,0,0,Clear,1.0,8.7,8.5,7.8,7.5,41.0,38.5,33.8,35.3,9.0,8.5,7.4,7.8,32.7,MEDIUM,MEDIUM,MEDIUM,MEDIUM,N,27.9,24.1
2026-07-29 12:30,12,30,2,-0.1305,-0.9914,0.9749,-0.2225,0,0,0,Clear,1.0,9.0,8.5,7.4,7.8,40.2,39.5,35.5,34.1,8.8,8.7,7.8,7.5,32.8,MEDIUM,MEDIUM,MEDIUM,MEDIUM,N,27.7,24.3
2026-07-29 12:45,12,45,2,-0.1951,-0.9808,0.9749,-0.2225,0,0,0,Clear,1.0,8.8,8.7,7.8,7.5,38.5,41.8,34.4,35.1,8.5,9.2,7.6,7.7,33.0,MEDIUM,MEDIUM,MEDIUM,MEDIUM,S,28.1,23.9
2026-07-29 13:00,13,0,2,-0.2588,-0.9659,0.9749,-0.2225,0,0,0,Clear,1.0,8.5,9.2,7.6,7.7,38.9,39.2,34.4,34.0,8.6,8.6,7.6,7.5,32.3,MEDIUM,MEDIUM,MEDIUM,MEDIUM,N,27.7,24.3
2026-07-29 13:15,13,15,2,-0.3214,-0.9469,0.9749,-0.2225,0,0,0,Clear,1.0,8.6,8.6,7.6,7.5,40.7,38.0,34.3,35.1,9.0,8.4,7.5,7.7,32.6,MEDIUM,MEDIUM,MEDIUM,MEDIUM,N,27.8,24.2
2026-07-29 13:30,13,30,2,-0.3827,-0.9239,0.9749,-0.2225,0,0,0,Clear,1.0,9.0,8.4,7.5,7.7,41.6,40.2,33.3,36.7,9.2,8.8,7.3,8.1,33.4,MEDIUM,MEDIUM,MEDIUM,MEDIUM,N,27.8,24.2
2026-07-29 13:45,13,45,2,-0.4423,-0.8969,0.9749,-0.2225,0,0,0,Clear,1.0,9.2,8.8,7.3,8.1,40.0,41.8,36.5,33.7,8.8,9.2,8.0,7.4,33.4,MEDIUM,MEDIUM,MEDIUM,MEDIUM,S,27.9,24.1
2026-07-29 14:00,14,0,2,-0.5,-0.866,0.9749,-0.2225,0,0,0,Clear,1.0,8.8,9.2,8.0,7.4,38.7,41.6,34.0,36.3,8.5,9.2,7.5,8.0,33.2,MEDIUM,MEDIUM,MEDIUM,MEDIUM,S,27.7,24.3
2026-07-29 14:15,14,15,2,-0.5556,-0.8315,0.9749,-0.2225,0,0,0,Clear,1.0,8.5,9.2,7.5,8.0,39.1,38.1,34.7,34.6,8.6,8.4,7.6,7.6,32.2,MEDIUM,MEDIUM,MEDIUM,MEDIUM,N,27.5,24.5
2026-07-29 14:30,14,30,2,-0.6088,-0.7934,0.9749,-0.2225,0,0,0,Rain,1.25,8.6,8.4,7.6,7.6,52.3,51.3,41.6,44.1,11.5,11.3,9.2,9.7,41.7,MEDIUM,MEDIUM,MEDIUM,MEDIUM,N,28.3,23.7
2026-07-29 14:45,14,45,2,-0.6593,-0.7518,0.9749,-0.2225,0,0,0,Clear,1.0,11.5,11.3,9.2,9.7,41.9,39.2,36.0,33.6,9.2,8.6,7.9,7.4,33.1,MEDIUM,MEDIUM,MEDIUM,MEDIUM,N,28.0,24.0
2026-07-29 15:00,15,0,2,-0.7071,-0.7071,0.9749,-0.2225,0,0,0,Clear,1.0,9.2,8.6,7.9,7.4,38.5,39.9,34.1,34.0,8.5,8.8,7.5,7.5,32.3,MEDIUM,MEDIUM,MEDIUM,MEDIUM,S,27.9,24.1
2026-07-29 15:15,15,15,2,-0.7518,-0.6593,0.9749,-0.2225,0,0,0,Clear,1.0,8.5,8.8,7.5,7.5,40.1,41.5,35.8,34.4,8.8,9.1,7.9,7.6,33.4,MEDIUM,MEDIUM,MEDIUM,MEDIUM,S,27.9,24.1
2026-07-29 15:30,15,30,2,-0.7934,-0.6088,0.9749,-0.2225,0,0,0,Clear,1.0,8.8,9.1,7.9,7.6,41.8,39.7,34.7,34.9,9.2,8.7,7.6,7.7,33.2,MEDIUM,MEDIUM,MEDIUM,MEDIUM,N,28.2,23.8
2026-07-29 15:45,15,45,2,-0.8315,-0.5556,0.9749,-0.2225,0,0,0,Clear,1.0,9.2,8.7,7.6,7.7,40.1,39.6,36.7,33.5,8.8,8.7,8.1,7.4,33.0,MEDIUM,MEDIUM,MEDIUM,MEDIUM,N,27.4,24.6
2026-07-29 16:00,16,0,2,-0.866,-0.5,0.9749,-0.2225,0,0,1,Rain,1.25,8.8,8.7,8.1,7.4,22.9,139.6,21.6,104.3,5.0,30.7,4.8,22.9,63.4,LOW,VERY_HIGH,LOW,HIGH,S,29.6,22.4
2026-07-29 16:15,16,15,2,-0.8969,-0.4423,0.9749,-0.2225,0,0,1,Clear,1.0,5.0,30.7,4.8,22.9,17.5,110.3,18.7,87.8,3.9,24.3,4.1,19.3,51.6,LOW,VERY_HIGH,LOW,HIGH,S,28.7,23.3
2026-07-29 16:30,16,30,2,-0.9239,-0.3827,0.9749,-0.2225,0,0,1,Rain,1.25,3.9,24.3,4.1,19.3,23.4,134.9,22.1,101.9,5.1,29.7,4.9,22.4,62.1,LOW,VERY_HIGH,LOW,HIGH,S,29.4,22.6
2026-07-29 16:45,16,45,2,-0.9469,-0.3214,0.9749,-0.2225,0,0,1,Heavy Rain,1.5,5.1,29.7,4.9,22.4,26.8,158.7,25.9,130.9,5.9,34.9,5.7,28.8,75.3,LOW,VERY_HIGH,LOW,VERY_HIGH,S,28.4,23.6
2026-07-29 17:00,17,0,2,-0.9659,-0.2588,0.9749,-0.2225,0,0,1,Clear,1.0,5.9,34.9,5.7,28.8,18.7,126.5,18.8,105.6,4.1,27.8,4.1,23.2,59.2,LOW,VERY_HIGH,LOW,HIGH,S,28.2,23.8
2026-07-29 17:15,17,15,2,-0.9808,-0.1951,0.9749,-0.2225,0,0,1,Clear,1.0,4.1,27.8,4.1,23.2,17.8,134.0,17.2,101.6,3.9,29.5,3.8,22.4,59.6,LOW,VERY_HIGH,LOW,HIGH,S,29.4,22.6
2026-07-29 17:30,17,30,2,-0.9914,-0.1305,0.9749,-0.2225,0,0,1,Rain,1.25,3.9,29.5,3.8,22.4,23.5,170.1,23.6,125.1,5.2,37.4,5.2,27.5,75.3,LOW,VERY_HIGH,LOW,VERY_HIGH,S,29.8,22.2
2026-07-29 17:45,17,45,2,-0.9979,-0.0654,0.9749,-0.2225,0,0,1,Clear,1.0,5.2,37.4,5.2,27.5,18.7,131.0,18.8,105.7,4.1,28.8,4.1,23.3,60.3,LOW,VERY_HIGH,LOW,HIGH,S,28.6,23.4
2026-07-29 18:00,18,0,2,-1.0,-0.0,0.9749,-0.2225,0,0,1,Rain,1.25,4.1,28.8,4.1,23.3,21.7,158.1,21.5,132.5,4.8,34.8,4.7,29.1,73.4,LOW,VERY_HIGH,LOW,VERY_HIGH,S,28.2,23.8
2026-07-29 18:15,18,15,2,-0.9979,0.0654,0.9749,-0.2225,0,0,1,Clear,1.0,4.8,34.8,4.7,29.1,17.6,137.3,17.6,104.4,3.9,30.2,3.9,23.0,61.0,LOW,VERY_HIGH,LOW,HIGH,S,29.4,22.6
2026-07-29 18:30,18,30,2,-0.9914,0.1305,0.9749,-0.2225,0,0,1,Clear,1.0,3.9,30.2,3.9,23.0,17.5,129.0,17.9,102.2,3.9,28.4,3.9,22.5,58.7,LOW,VERY_HIGH,LOW,HIGH,S,28.8,23.2
2026-07-29 18:45,18,45,2,-0.9808,0.1951,0.9749,-0.2225,0,0,1,Rain,1.25,3.9,28.4,3.9,22.5,21.7,158.6,21.6,125.0,4.8,34.9,4.8,27.5,72.0,LOW,VERY_HIGH,LOW,VERY_HIGH,S,28.9,23.1
2026-07-29 19:00,19,0,2,-0.9659,0.2588,0.9749,-0.2225,0,0,1,Clear,1.0,4.8,34.9,4.8,27.5,17.3,115.4,18.2,82.6,3.8,25.4,4.0,18.2,51.4,LOW,VERY_HIGH,LOW,HIGH,S,30.0,22.0
2026-07-29 19:15,19,15,2,-0.9469,0.3214,0.9749,-0.2225,0,0,1,Clear,1.0,3.8,25.4,4.0,18.2,17.3,105.6,17.4,83.8,3.8,23.2,3.8,18.4,49.2,LOW,HIGH,LOW,HIGH,S,28.8,23.2
2026-07-29 19:30,19,30,2,-0.9239,0.3827,0.9749,-0.2225,0,0,1,Clear,1.0,3.8,23.2,3.8,18.4,17.4,109.3,18.2,86.1,3.8,24.0,4.0,18.9,50.7,LOW,VERY_HIGH,LOW,HIGH,S,28.9,23.1
2026-07-29 19:45,19,45,2,-0.8969,0.4423,0.9749,-0.2225,0,0,1,Clear,1.0,3.8,24.0,4.0,18.9,18.8,106.8,18.0,88.5,4.1,23.5,4.0,19.5,51.1,LOW,HIGH,LOW,HIGH,S,28.3,23.7
2026-07-29 20:00,20,0,2,-0.866,0.5,0.9749,-0.2225,0,0,0,Heavy Rain,1.5,4.1,23.5,4.0,19.5,37.2,39.0,32.3,31.7,8.2,8.6,7.1,7.0,30.9,MEDIUM,MEDIUM,MEDIUM,MEDIUM,S,28.4,23.6
2026-07-29 20:15,20,15,2,-0.8315,0.5556,0.9749,-0.2225,0,0,0,Heavy Rain,1.5,8.2,8.6,7.1,7.0,36.4,38.8,32.4,33.8,8.0,8.5,7.1,7.4,31.0,MEDIUM,MEDIUM,MEDIUM,MEDIUM,S,27.7,24.3
2026-07-29 20:30,20,30,2,-0.7934,0.6088,0.9749,-0.2225,0,0,0,Clear,1.0,8.0,8.5,7.1,7.4,24.0,24.8,21.5,21.6,5.3,5.5,4.7,4.8,20.3,LOW,LOW,LOW,LOW,S,27.7,24.3
2026-07-29 20:45,20,45,2,-0.7518,0.6593,0.9749,-0.2225,0,0,0,Clear,1.0,5.3,5.5,4.7,4.8,25.9,23.9,21.2,21.6,5.7,5.3,4.7,4.8,20.5,LOW,LOW,LOW,LOW,N,28.2,23.8
2026-07-29 21:00,21,0,2,-0.7071,0.7071,0.9749,-0.2225,0,0,0,Clear,1.0,5.7,5.3,4.7,4.8,25.6,24.8,21.1,21.5,5.6,5.5,4.6,4.7,20.4,LOW,LOW,LOW,LOW,N,28.2,23.8
2026-07-29 21:15,21,15,2,-0.6593,0.7518,0.9749,-0.2225,0,0,0,Clear,1.0,5.6,5.5,4.6,4.7,24.2,25.7,22.5,21.1,5.3,5.7,5.0,4.6,20.6,LOW,LOW,LOW,LOW,S,27.7,24.3
2026-07-29 21:30,21,30,2,-0.6088,0.7934,0.9749,-0.2225,0,0,0,Clear,1.0,5.3,5.7,5.0,4.6,25.5,24.7,21.0,22.8,5.6,5.4,4.6,5.0,20.6,LOW,LOW,LOW,LOW,N,27.6,24.4
2026-07-29 21:45,21,45,2,-0.5556,0.8315,0.9749,-0.2225,0,0,0,Clear,1.0,5.6,5.4,4.6,5.0,25.8,26.0,22.3,22.8,5.7,5.7,4.9,5.0,21.3,LOW,LOW,LOW,LOW,N,27.8,24.2
2026-07-29 22:00,22,0,2,-0.5,0.866,0.9749,-0.2225,0,0,0,Clear,1.0,5.7,5.7,4.9,5.0,25.3,25.2,21.3,21.2,5.6,5.5,4.7,4.7,20.5,LOW,LOW,LOW,LOW,N,28.2,23.8
2026-07-29 22:15,22,15,2,-0.4423,0.8969,0.9749,-0.2225,0,0,0,Clear,1.0,5.6,5.5,4.7,4.7,24.2,24.8,22.1,22.4,5.3,5.5,4.9,4.9,20.6,LOW,LOW,LOW,LOW,S,27.3,24.7
2026-07-29 22:30,22,30,2,-0.3827,0.9239,0.9749,-0.2225,0,0,0,Rain,1.25,5.3,5.5,4.9,4.9,32.4,30.0,28.6,27.7,7.1,6.6,6.3,6.1,26.1,MEDIUM,MEDIUM,MEDIUM,MEDIUM,N,27.5,24.5
2026-07-29 22:45,22,45,2,-0.3214,0.9469,0.9749,-0.2225,0,0,0,Clear,1.0,7.1,6.6,6.3,6.1,23.8,24.0,22.8,21.3,5.2,5.3,5.0,4.7,20.2,LOW,LOW,LOW,LOW,S,26.9,25.1
2026-07-29 23:00,23,0,2,-0.2588,0.9659,0.9749,-0.2225,0,0,0,Clear,1.0,5.2,5.3,5.0,4.7,6.0,6.1,4.8,5.2,1.3,1.3,1.1,1.1,4.8,LOW,LOW,LOW,LOW,N,28.3,23.7
2026-07-29 23:15,23,15,2,-0.1951,0.9808,0.9749,-0.2225,0,0,0,Clear,1.0,1.3,1.3,1.1,1.1,6.0,5.9,4.8,5.0,1.3,1.3,1.1,1.1,4.8,LOW,LOW,LOW,LOW,N,28.4,23.6
2026-07-29 23:30,23,30,2,-0.1305,0.9914,0.9749,-0.2225,0,0,0,Clear,1.0,1.3,1.3,1.1,1.1,6.0,6.2,5.0,5.2,1.3,1.4,1.1,1.1,4.9,LOW,LOW,LOW,LOW,S,28.3,23.7
2026-07-29 23:45,23,45,2,-0.0654,0.9979,0.9749,-0.2225,0,0,0,Rain,1.25,1.3,1.4,1.1,1.1,7.6,7.6,6.0,6.5,1.7,1.7,1.3,1.4,6.1,LOW,LOW,LOW,LOW,N,28.3,23.7
2026-07-30 00:00,0,0,3,0.0,1.0,0.4339,-0.901,0,0,0,Clear,1.0,1.7,1.7,1.3,1.4,5.7,5.9,5.0,4.9,1.3,1.3,1.1,1.1,4.8,LOW,LOW,LOW,LOW,N,28.1,23.9
2026-07-30 00:15,0,15,3,0.0654,0.9979,0.4339,-0.901,0,0,0,Clear,1.0,1.3,1.3,1.1,1.1,6.2,6.2,4.9,5.0,1.4,1.4,1.1,1.1,5.0,LOW,LOW,LOW,LOW,N,28.9,23.1
2026-07-30 00:30,0,30,3,0.1305,0.9914,0.4339,-0.901,0,0,0,Clear,1.0,1.4,1.4,1.1,1.1,5.7,6.3,5.0,5.2,1.3,1.4,1.1,1.1,4.9,LOW,LOW,LOW,LOW,S,28.3,23.7
2026-07-30 00:45,0,45,3,0.1951,0.9808,0.4339,-0.901,0,0,0,Heavy Rain,1.5,1.3,1.4,1.1,1.1,9.3,9.0,7.5,7.6,2.0,2.0,1.6,1.7,7.3,LOW,LOW,LOW,LOW,N,28.6,23.4
2026-07-30 01:00,1,0,3,0.2588,0.9659,0.4339,-0.901,0,0,0,Clear,1.0,2.0,2.0,1.6,1.7,6.3,6.0,4.9,4.8,1.4,1.3,1.1,1.1,4.9,LOW,LOW,LOW,LOW,N,29.2,22.8
2026-07-30 01:15,1,15,3,0.3214,0.9469,0.4339,-0.901,0,0,0,Rain,1.25,1.4,1.3,1.1,1.1,7.6,7.3,6.5,6.5,1.7,1.6,1.4,1.4,6.1,LOW,LOW,LOW,LOW,N,27.9,24.1
2026-07-30 01:30,1,30,3,0.3827,0.9239,0.4339,-0.901,0,0,0,Clear,1.0,1.7,1.6,1.4,1.4,6.0,6.1,4.9,5.0,1.3,1.3,1.1,1.1,4.8,LOW,LOW,LOW,LOW,N,28.6,23.4
2026-07-30 01:45,1,45,3,0.4423,0.8969,0.4339,-0.901,0,0,0,Clear,1.0,1.3,1.3,1.1,1.1,6.3,6.2,5.0,4.8,1.4,1.4,1.1,1.1,5.0,LOW,LOW,LOW,LOW,N,29.1,22.9
2026-07-30 02:00,2,0,3,0.5,0.866,0.4339,-0.901,0,0,0,Clear,1.0,1.4,1.4,1.1,1.1,6.3,5.7,4.8,5.1,1.4,1.3,1.1,1.1,4.9,LOW,LOW,LOW,LOW,N,28.6,23.4
2026-07-30 02:15,2,15,3,0.5556,0.8315,0.4339,-0.901,0,0,0,Clear,1.0,1.4,1.3,1.1,1.1,6.0,6.2,5.0,4.8,1.3,1.4,1.1,1.1,4.9,LOW,LOW,LOW,LOW,S,28.8,23.2
2026-07-30 02:30,2,30,3,0.6088,0.7934,0.4339,-0.901,0,0,0,Rain,1.25,1.3,1.4,1.1,1.1,7.6,7.7,6.4,6.2,1.7,1.7,1.4,1.4,6.2,LOW,LOW,LOW,LOW,N,28.5,23.5
2026-07-30 02:45,2,45,3,0.6593,0.7518,0.4339,-0.901,0,0,0,Clear,1.0,1.7,1.7,1.4,1.4,6.2,6.1,5.1,5.0,1.4,1.3,1.1,1.1,4.9,LOW,LOW,LOW,LOW,N,28.5,23.5
2026-07-30 03:00,3,0,3,0.7071,0.7071,0.4339,-0.901,0,0,0,Clear,1.0,1.4,1.3,1.1,1.1,6.1,6.0,5.1,4.9,1.3,1.3,1.1,1.1,4.8,LOW,LOW,LOW,LOW,N,28.4,23.6
2026-07-30 03:15,3,15,3,0.7518,0.6593,0.4339,-0.901,0,0,0,Clear,1.0,1.3,1.3,1.1,1.1,6.2,6.2,5.0,4.9,1.4,1.4,1.1,1.1,5.0,LOW,LOW,LOW,LOW,N,28.9,23.1
2026-07-30 03:30,3,30,3,0.7934,0.6088,0.4339,-0.901,0,0,0,Clear,1.0,1.4,1.4,1.1,1.1,6.1,5.8,4.9,5.1,1.3,1.3,1.1,1.1,4.8,LOW,LOW,LOW,LOW,N,28.3,23.7
2026-07-30 03:45,3,45,3,0.8315,0.5556,0.4339,-0.901,0,0,0,Clear,1.0,1.3,1.3,1.1,1.1,5.7,6.3,5.2,4.8,1.3,1.4,1.1,1.1,4.9,LOW,LOW,LOW,LOW,S,28.4,23.6
2026-07-30 04:00,4,0,3,0.866,0.5,0.4339,-0.901,0,0,0,Clear,1.0,1.3,1.4,1.1,1.1,5.8,6.2,4.8,4.8,1.3,1.4,1.1,1.1,4.9,LOW,LOW,LOW,LOW,S,29.1,22.9
2026-07-30 04:15,4,15,3,0.8969,0.4423,0.4339,-0.901,0,0,0,Clear,1.0,1.3,1.4,1.1,1.1,6.2,5.9,4.8,5.1,1.4,1.3,1.1,1.1,4.9,LOW,LOW,LOW,LOW,N,28.6,23.4
2026-07-30 04:30,4,30,3,0.9239,0.3827,0.4339,-0.901,0,0,0,Rain,1.25,1.4,1.3,1.1,1.1,7.4,7.7,6.4,6.3,1.6,1.7,1.4,1.4,6.1,LOW,LOW,LOW,LOW,S,28.3,23.7
2026-07-30 04:45,4,45,3,0.9469,0.3214,0.4339,-0.901,0,0,0,Clear,1.0,1.6,1.7,1.4,1.4,5.7,5.7,4.9,5.1,1.3,1.3,1.1,1.1,4.8,LOW,LOW,LOW,LOW,N,27.6,24.4
2026-07-30 05:00,5,0,3,0.9659,0.2588,0.4339,-0.901,0,0,0,Clear,1.0,1.3,1.3,1.1,1.1,6.0,6.0,5.2,5.1,1.3,1.3,1.1,1.1,4.8,LOW,LOW,LOW,LOW,N,27.9,24.1
2026-07-30 05:15,5,15,3,0.9808,0.1951,0.4339,-0.901,0,0,0,Rain,1.25,1.3,1.3,1.1,1.1,7.4,7.3,6.3,6.4,1.6,1.6,1.4,1.4,6.0,LOW,LOW,LOW,LOW,N,27.9,24.1
2026-07-30 05:30,5,30,3,0.9914,0.1305,0.4339,-0.901,0,0,0,Clear,1.0,1.6,1.6,1.4,1.4,5.8,6.3,5.2,4.8,1.3,1.4,1.1,1.1,4.9,LOW,LOW,LOW,LOW,S,28.5,23.5
2026-07-30 05:45,5,45,3,0.9979,0.0654,0.4339,-0.901,0,0,0,Clear,1.0,1.3,1.4,1.1,1.1,5.9,6.0,5.1,5.1,1.3,1.3,1.1,1.1,4.8,LOW,LOW,LOW,LOW,N,28.1,23.9
2026-07-30 06:00,6,0,3,1.0,0.0,0.4339,-0.901,0,0,0,Clear,1.0,1.3,1.3,1.1,1.1,24.5,26.0,21.0,23.1,5.4,5.7,4.6,5.1,20.8,LOW,LOW,LOW,LOW,S,27.6,24.4
2026-07-30 06:15,6,15,3,0.9979,-0.0654,0.4339,-0.901,0,0,0,Clear,1.0,5.4,5.7,4.6,5.1,24.2,26.0,21.1,22.5,5.3,5.7,4.6,5.0,20.6,LOW,LOW,LOW,LOW,S,27.9,24.1
2026-07-30 06:30,6,30,3,0.9914,-0.1305,0.4339,-0.901,0,0,0,Clear,1.0,5.3,5.7,4.6,5.0,25.9,24.9,23.1,21.0,5.7,5.5,5.1,4.6,20.9,LOW,LOW,LOW,LOW,N,27.7,24.3
2026-07-30 06:45,6,45,3,0.9808,-0.1951,0.4339,-0.901,0,0,0,Clear,1.0,5.7,5.5,5.1,4.6,25.6,24.1,21.3,21.4,5.6,5.3,4.7,4.7,20.3,LOW,LOW,LOW,LOW,N,28.1,23.9
2026-07-30 07:00,7,0,3,0.9659,-0.2588,0.4339,-0.901,0,1,0,Heavy Rain,1.5,5.6,5.3,4.7,4.7,158.6,28.0,121.5,27.3,34.9,6.2,26.7,6.0,73.8,VERY_HIGH,MEDIUM,VERY_HIGH,MEDIUM,N,29.2,22.8
2026-07-30 07:15,7,15,3,0.9469,-0.3214,0.4339,-0.901,0,1,0,Clear,1.0,34.9,6.2,26.7,6.0,112.3,17.7,86.9,17.6,24.7,3.9,19.1,3.9,51.6,VERY_HIGH,LOW,HIGH,LOW,N,29.1,22.9
2026-07-30 07:30,7,30,3,0.9239,-0.3827,0.4339,-0.901,0,1,0,Rain,1.25,24.7,3.9,19.1,3.9,134.6,23.5,107.6,21.6,29.6,5.2,23.7,4.8,63.3,VERY_HIGH,LOW,HIGH,LOW,N,28.8,23.2
2026-07-30 07:45,7,45,3,0.8969,-0.4423,0.4339,-0.901,0,1,0,Clear,1.0,29.6,5.2,23.7,4.8,112.3,18.9,83.2,18.3,24.7,4.2,18.3,4.0,51.2,VERY_HIGH,LOW,HIGH,LOW,N,29.7,22.3
2026-07-30 08:00,8,0,3,0.866,-0.5,0.4339,-0.901,0,1,0,Clear,1.0,24.7,4.2,18.3,4.0,147.7,18.6,106.3,18.6,32.5,4.1,23.4,4.1,64.1,VERY_HIGH,LOW,HIGH,LOW,N,30.0,22.0
2026-07-30 08:15,8,15,3,0.8315,-0.5556,0.4339,-0.901,0,1,0,Heavy Rain,1.5,32.5,4.1,23.4,4.1,211.7,26.4,162.0,27.6,46.6,5.8,35.6,6.1,94.1,VERY_HIGH,LOW,VERY_HIGH,MEDIUM,N,29.3,22.7
2026-07-30 08:30,8,30,3,0.7934,-0.6088,0.4339,-0.901,0,1,0,Clear,1.0,46.6,5.8,35.6,6.1,142.7,18.4,108.0,17.4,31.4,4.0,23.8,3.8,63.0,VERY_HIGH,LOW,HIGH,LOW,N,29.5,22.5
2026-07-30 08:45,8,45,3,0.7518,-0.6593,0.4339,-0.901,0,1,0,Clear,1.0,31.4,4.0,23.8,3.8,137.4,17.5,113.0,18.4,30.2,3.9,24.9,4.0,63.0,VERY_HIGH,LOW,VERY_HIGH,LOW,N,28.4,23.6
2026-07-30 09:00,9,0,3,0.7071,-0.7071,0.4339,-0.901,0,1,0,Clear,1.0,30.2,3.9,24.9,4.0,113.6,17.4,86.1,18.1,25.0,3.8,18.9,4.0,51.7,VERY_HIGH,LOW,HIGH,LOW,N,29.3,22.7
2026-07-30 09:15,9,15,3,0.6593,-0.7518,0.4339,-0.901,0,1,0,Clear,1.0,25.0,3.8,18.9,4.0,112.9,17.8,83.9,17.5,24.8,3.9,18.5,3.9,51.1,VERY_HIGH,LOW,HIGH,LOW,N,29.6,22.4
2026-07-30 09:30,9,30,3,0.6088,-0.7934,0.4339,-0.901,0,1,0,Clear,1.0,24.8,3.9,18.5,3.9,107.5,17.9,87.6,17.7,23.6,3.9,19.3,3.9,50.7,HIGH,LOW,HIGH,LOW,N,28.5,23.5
2026-07-30 09:45,9,45,3,0.5556,-0.8315,0.4339,-0.901,0,1,0,Clear,1.0,23.6,3.9,19.3,3.9,106.6,18.9,82.7,18.2,23.5,4.2,18.2,4.0,49.9,HIGH,LOW,HIGH,LOW,N,29.1,22.9
2026-07-30 10:00,10,0,3,0.5,-0.866,0.4339,-0.901,0,0,0,Clear,1.0,23.5,4.2,18.2,4.0,24.9,26.0,22.3,22.1,5.5,5.7,4.9,4.9,21.0,LOW,LOW,LOW,LOW,S,27.9,24.1
2026-07-30 10:15,10,15,3,0.4423,-0.8969,0.4339,-0.901,0,0,0,Rain,1.25,5.5,5.7,4.9,4.9,31.6,31.8,27.1,28.7,7.0,7.0,6.0,6.3,26.3,MEDIUM,MEDIUM,MEDIUM,MEDIUM,N,27.5,24.5
2026-07-30 10:30,10,30,3,0.3827,-0.9239,0.4339,-0.901,0,0,0,Rain,1.25,7.0,7.0,6.0,6.3,32.3,30.7,27.3,27.5,7.1,6.8,6.0,6.0,25.9,MEDIUM,MEDIUM,MEDIUM,MEDIUM,N,27.9,24.1
2026-07-30 10:45,10,45,3,0.3214,-0.9469,0.4339,-0.901,0,0,0,Clear,1.0,7.1,6.8,6.0,6.0,24.8,25.7,22.8,22.5,5.5,5.7,5.0,5.0,21.2,LOW,LOW,LOW,LOW,S,27.5,24.5
2026-07-30 11:00,11,0,3,0.2588,-0.9659,0.4339,-0.901,0,0,0,Clear,1.0,5.5,5.7,5.0,5.0,40.0,39.4,34.8,36.4,8.8,8.7,7.7,8.0,33.2,MEDIUM,MEDIUM,MEDIUM,MEDIUM,N,27.3,24.7
2026-07-30 11:15,11,15,3,0.1951,-0.9808,0.4339,-0.901,0,0,0,Clear,1.0,8.8,8.7,7.7,8.0,41.3,39.7,33.7,33.6,9.1,8.7,7.4,7.4,32.6,MEDIUM,MEDIUM,MEDIUM,MEDIUM,N,28.5,23.5
2026-07-30 11:30,11,30,3,0.1305,-0.9914,0.4339,-0.901,0,0,0,Clear,1.0,9.1,8.7,7.4,7.4,39.5,40.2,36.4,34.1,8.7,8.8,8.0,7.5,33.0,MEDIUM,MEDIUM,MEDIUM,MEDIUM,S,27.4,24.6
2026-07-30 11:45,11,45,3,0.0654,-0.9979,0.4339,-0.901,0,0,0,Rain,1.25,8.7,8.8,8.0,7.5,50.7,52.1,41.9,43.2,11.2,11.5,9.2,9.5,41.4,MEDIUM,MEDIUM,MEDIUM,MEDIUM,S,28.4,23.6
2026-07-30 12:00,12,0,3,0.0,-1.0,0.4339,-0.901,0,0,0,Clear,1.0,11.2,11.5,9.2,9.5,38.8,40.2,36.6,36.5,8.5,8.8,8.1,8.0,33.4,MEDIUM,MEDIUM,MEDIUM,MEDIUM,S,27.1,24.9
2026-07-30 12:15,12,15,3,-0.0654,-0.9979,0.4339,-0.901,0,0,0,Clear,1.0,8.5,8.8,8.1,8.0,41.3,38.9,35.4,33.8,9.1,8.6,7.8,7.4,32.9,MEDIUM,MEDIUM,MEDIUM,MEDIUM,N,28.0,24.0
2026-07-30 12:30,12,30,3,-0.1305,-0.9914,0.4339,-0.901,0,0,0,Clear,1.0,9.1,8.6,7.8,7.4,38.9,40.4,34.7,36.1,8.6,8.9,7.6,7.9,33.0,MEDIUM,MEDIUM,MEDIUM,MEDIUM,S,27.5,24.5
2026-07-30 12:45,12,45,3,-0.1951,-0.9808,0.4339,-0.901,0,0,0,Rain,1.25,8.6,8.9,7.6,7.9,51.1,51.8,43.9,43.3,11.2,11.4,9.7,9.5,41.8,MEDIUM,MEDIUM,MEDIUM,MEDIUM,S,28.1,23.9
2026-07-30 13:00,13,0,3,-0.2588,-0.9659,0.4339,-0.901,0,0,0,Clear,1.0,11.2,11.4,9.7,9.5,38.4,41.5,36.3,34.8,8.4,9.1,8.0,7.7,33.2,MEDIUM,MEDIUM,MEDIUM,MEDIUM,S,27.6,24.4
2026-07-30 13:15,13,15,3,-0.3214,-0.9469,0.4339,-0.901,0,0,0,Clear,1.0,8.4,9.1,8.0,7.7,39.0,38.6,33.5,35.3,8.6,8.5,7.4,7.8,32.3,MEDIUM,MEDIUM,MEDIUM,MEDIUM,N,27.4,24.6
2026-07-30 13:30,13,30,3,-0.3827,-0.9239,0.4339,-0.901,0,0,0,Clear,1.0,8.6,8.5,7.4,7.8,38.5,38.5,36.3,35.1,8.5,8.5,8.0,7.7,32.7,MEDIUM,MEDIUM,MEDIUM,MEDIUM,N,26.9,25.1
2026-07-30 13:45,13,45,3,-0.4423,-0.8969,0.4339,-0.901,0,0,0,Rain,1.25,8.5,8.5,8.0,7.7,50.4,50.7,42.4,44.6,11.1,11.2,9.3,9.8,41.4,MEDIUM,MEDIUM,MEDIUM,MEDIUM,S,27.8,24.2
2026-07-30 14:00,14,0,3,-0.5,-0.866,0.4339,-0.901,0,0,0,Rain,1.25,11.1,11.2,9.3,9.8,47.9,51.4,42.7,44.2,10.5,11.3,9.4,9.7,40.9,MEDIUM,MEDIUM,MEDIUM,MEDIUM,S,27.8,24.2
2026-07-30 14:15,14,15,3,-0.5556,-0.8315,0.4339,-0.901,0,0,0,Clear,1.0,10.5,11.3,9.4,9.7,39.5,40.4,35.4,36.4,8.7,8.9,7.8,8.0,33.4,MEDIUM,MEDIUM,MEDIUM,MEDIUM,S,27.4,24.6
2026-07-30 14:30,14,30,3,-0.6088,-0.7934,0.4339,-0.901,0,0,0,Clear,1.0,8.7,8.9,7.8,8.0,39.4,39.8,36.0,33.7,8.7,8.8,7.9,7.4,32.8,MEDIUM,MEDIUM,MEDIUM,MEDIUM,S,27.5,24.5
2026-07-30 14:45,14,45,3,-0.6593,-0.7518,0.4339,-0.901,0,0,0,Clear,1.0,8.7,8.8,7.9,7.4,41.9,39.7,33.4,36.4,9.2,8.7,7.3,8.0,33.2,MEDIUM,MEDIUM,MEDIUM,MEDIUM,N,27.9,24.1
2026-07-30 15:00,15,0,3,-0.7071,-0.7071,0.4339,-0.901,0,0,0,Clear,1.0,9.2,8.7,7.3,8.0,41.7,40.2,36.2,36.7,9.2,8.8,8.0,8.1,34.1,MEDIUM,MEDIUM,MEDIUM,MEDIUM,N,27.6,24.4
2026-07-30 15:15,15,15,3,-0.7518,-0.6593,0.4339,-0.901,0,0,0,Clear,1.0,9.2,8.8,8.0,8.1,40.8,38.9,33.5,35.9,9.0,8.6,7.4,7.9,32.9,MEDIUM,MEDIUM,MEDIUM,MEDIUM,N,27.7,24.3
2026-07-30 15:30,15,30,3,-0.7934,-0.6088,0.4339,-0.901,0,0,0,Clear,1.0,9.0,8.6,7.4,7.9,39.9,39.1,35.4,35.5,8.8,8.6,7.8,7.8,33.0,MEDIUM,MEDIUM,MEDIUM,MEDIUM,N,27.5,24.5
2026-07-30 15:45,15,45,3,-0.8315,-0.5556,0.4339,-0.901,0,0,0,Rain,1.25,8.8,8.6,7.8,7.8,52.0,48.7,42.4,43.9,11.4,10.7,9.3,9.7,41.1,MEDIUM,MEDIUM,MEDIUM,MEDIUM,N,28.1,23.9
2026-07-30 16:00,16,0,3,-0.866,-0.5,0.4339,-0.901,0,0,1,Clear,1.0,11.4,10.7,9.3,9.7,18.8,111.8,17.9,84.0,4.1,24.6,3.9,18.5,51.1,LOW,VERY_HIGH,LOW,HIGH,S,29.5,22.5
2026-07-30 16:15,16,15,3,-0.8969,-0.4423,0.4339,-0.901,0,0,1,Clear,1.0,4.1,24.6,3.9,18.5,17.9,105.9,17.1,83.9,3.9,23.3,3.8,18.5,49.5,LOW,HIGH,LOW,HIGH,S,28.9,23.1
2026-07-30 16:30,16,30,3,-0.9239,-0.3827,0.4339,-0.901,0,0,1,Clear,1.0,3.9,23.3,3.8,18.5,17.1,104.5,18.0,86.0,3.8,23.0,4.0,18.9,49.7,LOW,HIGH,LOW,HIGH,S,28.3,23.7
2026-07-30 16:45,16,45,3,-0.9469,-0.3214,0.4339,-0.901,0,0,1,Clear,1.0,3.8,23.0,4.0,18.9,18.3,109.1,18.9,84.0,4.0,24.0,4.2,18.5,50.7,LOW,VERY_HIGH,LOW,HIGH,S,29.1,22.9
2026-07-30 17:00,17,0,3,-0.9659,-0.2588,0.4339,-0.901,0,0,1,Clear,1.0,4.0,24.0,4.2,18.5,17.4,133.6,18.9,101.6,3.8,29.4,4.2,22.4,59.8,LOW,VERY_HIGH,LOW,HIGH,S,29.3,22.7
2026-07-30 17:15,17,15,3,-0.9808,-0.1951,0.4339,-0.901,0,0,1,Clear,1.0,3.8,29.4,4.2,22.4,17.6,130.5,17.5,105.2,3.9,28.7,3.9,23.1,59.6,LOW,VERY_HIGH,LOW,HIGH,S,28.7,23.3
2026-07-30 17:30,17,30,3,-0.9914,-0.1305,0.4339,-0.901,0,0,1,Clear,1.0,3.9,28.7,3.9,23.1,17.1,132.1,17.7,99.5,3.8,29.1,3.9,21.9,58.7,LOW,VERY_HIGH,LOW,HIGH,S,29.5,22.5
2026-07-30 17:45,17,45,3,-0.9979,-0.0654,0.4339,-0.901,0,0,1,Clear,1.0,3.8,29.1,3.9,21.9,17.2,125.7,17.9,98.3,3.8,27.7,3.9,21.6,57.0,LOW,VERY_HIGH,LOW,HIGH,S,29.0,23.0
2026-07-30 18:00,18,0,3,-1.0,-0.0,0.4339,-0.901,0,0,1,Clear,1.0,3.8,27.7,3.9,21.6,17.4,128.8,18.8,98.4,3.8,28.3,4.1,21.6,57.8,LOW,VERY_HIGH,LOW,HIGH,S,29.2,22.8
2026-07-30 18:15,18,15,3,-0.9979,0.0654,0.4339,-0.901,0,0,1,Rain,1.25,3.8,28.3,4.1,21.6,21.5,170.3,22.5,131.1,4.7,37.5,5.0,28.8,76.0,LOW,VERY_HIGH,LOW,VERY_HIGH,S,29.2,22.8
2026-07-30 18:30,18,30,3,-0.9914,0.1305,0.4339,-0.901,0,0,1,Clear,1.0,4.7,37.5,5.0,28.8,18.9,127.7,18.1,104.1,4.2,28.1,4.0,22.9,59.2,LOW,VERY_HIGH,LOW,HIGH,S,28.5,23.5
2026-07-30 18:45,18,45,3,-0.9808,0.1951,0.4339,-0.901,0,0,1,Clear,1.0,4.2,28.1,4.0,22.9,18.3,126.9,17.5,106.8,4.0,27.9,3.9,23.5,59.3,LOW,VERY_HIGH,LOW,HIGH,S,28.2,23.8
2026-07-30 19:00,19,0,3,-0.9659,0.2588,0.4339,-0.901,0,0,1,Clear,1.0,4.0,27.9,3.9,23.5,18.6,113.6,17.1,81.3,4.1,25.0,3.8,17.9,50.8,LOW,VERY_HIGH,LOW,HIGH,S,30.1,21.9
2026-07-30 19:15,19,15,3,-0.9469,0.3214,0.4339,-0.901,0,0,1,Heavy Rain,1.5,4.1,25.0,3.8,17.9,27.2,160.7,27.5,132.3,6.0,35.4,6.0,29.1,76.5,MEDIUM,VERY_HIGH,MEDIUM,VERY_HIGH,S,28.4,23.6
2026-07-30 19:30,19,30,3,-0.9239,0.3827,0.4339,-0.901,0,0,1,Clear,1.0,6.0,35.4,6.0,29.1,17.5,105.5,17.3,88.2,3.9,23.2,3.8,19.4,50.3,LOW,HIGH,LOW,HIGH,S,28.2,23.8
2026-07-30 19:45,19,45,3,-0.8969,0.4423,0.4339,-0.901,0,0,1,Clear,1.0,3.9,23.2,3.8,19.4,18.3,112.2,17.8,89.0,4.0,24.7,3.9,19.6,52.2,LOW,VERY_HIGH,LOW,HIGH,S,28.8,23.2
2026-07-30 20:00,20,0,3,-0.866,0.5,0.4339,-0.901,0,0,0,Rain,1.25,4.0,24.7,3.9,19.6,32.0,31.4,26.9,27.0,7.0,6.9,5.9,5.9,25.7,MEDIUM,MEDIUM,LOW,LOW,N,28.2,23.8
2026-07-30 20:15,20,15,3,-0.8315,0.5556,0.4339,-0.901,0,0,0,Clear,1.0,7.0,6.9,5.9,5.9,24.4,25.2,22.2,22.9,5.4,5.5,4.9,5.0,20.8,LOW,LOW,LOW,LOW,S,27.2,24.8
2026-07-30 20:30,20,30,3,-0.7934,0.6088,0.4339,-0.901,0,0,0,Clear,1.0,5.4,5.5,4.9,5.0,24.8,25.6,22.3,22.7,5.5,5.6,4.9,5.0,21.0,LOW,LOW,LOW,LOW,S,27.5,24.5
2026-07-30 20:45,20,45,3,-0.7518,0.6593,0.4339,-0.901,0,0,0,Heavy Rain,1.5,5.5,5.6,4.9,5.0,38.2,37.4,33.1,31.9,8.4,8.2,7.3,7.0,30.9,MEDIUM,MEDIUM,MEDIUM,MEDIUM,N,27.9,24.1
2026-07-30 21:00,21,0,3,-0.7071,0.7071,0.4339,-0.901,0,0,0,Clear,1.0,8.4,8.2,7.3,7.0,24.0,25.1,21.6,21.8,5.3,5.5,4.8,4.8,20.4,LOW,LOW,LOW,LOW,S,27.7,24.3
2026-07-30 21:15,21,15,3,-0.6593,0.7518,0.4339,-0.901,0,0,0,Rain,1.25,5.3,5.5,4.8,4.8,31.9,31.4,26.7,28.7,7.0,6.9,5.9,6.3,26.1,MEDIUM,MEDIUM,LOW,MEDIUM,N,27.6,24.4
2026-07-30 21:30,21,30,3,-0.6088,0.7934,0.4339,-0.901,0,0,0,Clear,1.0,7.0,6.9,5.9,6.3,25.1,24.4,23.1,21.0,5.5,5.4,5.1,4.6,20.6,LOW,LOW,LOW,LOW,N,27.3,24.7
2026-07-30 21:45,21,45,3,-0.5556,0.8315,0.4339,-0.901,0,0,0,Clear,1.0,5.5,5.4,5.1,4.6,23.9,25.7,22.7,22.2,5.3,5.7,5.0,4.9,20.9,LOW,LOW,LOW,LOW,S,27.4,24.6
2026-07-30 22:00,22,0,3,-0.5,0.866,0.4339,-0.901,0,0,0,Rain,1.25,5.3,5.7,5.0,4.9,31.8,31.0,26.6,28.4,7.0,6.8,5.9,6.2,25.9,MEDIUM,MEDIUM,LOW,MEDIUM,N,27.6,24.4
2026-07-30 22:15,22,15,3,-0.4423,0.8969,0.4339,-0.901,0,0,0,Clear,1.0,7.0,6.8,5.9,6.2,24.8,26.1,22.1,21.7,5.5,5.7,4.9,4.8,20.9,LOW,LOW,LOW,LOW,S,28.1,23.9
2026-07-30 22:30,22,30,3,-0.3827,0.9239,0.4339,-0.901,0,0,0,Clear,1.0,5.5,5.7,4.9,4.8,26.0,24.2,22.2,21.2,5.7,5.3,4.9,4.7,20.6,LOW,LOW,LOW,LOW,N,28.0,24.0
2026-07-30 22:45,22,45,3,-0.3214,0.9469,0.4339,-0.901,0,0,0,Clear,1.0,5.7,5.3,4.9,4.7,24.1,26.2,21.0,21.2,5.3,5.8,4.6,4.7,20.4,LOW,LOW,LOW,LOW,S,28.5,23.5
2026-07-30 23:00,23,0,3,-0.2588,0.9659,0.4339,-0.901,0,0,0,Clear,1.0,5.3,5.8,4.6,4.7,5.8,6.0,4.8,4.9,1.3,1.3,1.1,1.1,4.8,LOW,LOW,LOW,LOW,N,28.6,23.4
2026-07-30 23:15,23,15,3,-0.1951,0.9808,0.4339,-0.901,0,0,0,Clear,1.0,1.3,1.3,1.1,1.1,6.0,5.7,4.9,5.2,1.3,1.3,1.1,1.1,4.8,LOW,LOW,LOW,LOW,N,27.9,24.1
2026-07-30 23:30,23,30,3,-0.1305,0.9914,0.4339,-0.901,0,0,0,Clear,1.0,1.3,1.3,1.1,1.1,5.7,6.2,4.9,4.9,1.3,1.4,1.1,1.1,4.9,LOW,LOW,LOW,LOW,S,28.8,23.2
2026-07-30 23:45,23,45,3,-0.0654,0.9979,0.4339,-0.901,0,0,0,Clear,1.0,1.3,1.4,1.1,1.1,6.3,5.7,4.8,5.2,1.4,1.3,1.1,1.1,4.9,LOW,LOW,LOW,LOW,N,28.4,23.6
