time_hour,sin_time,cos_time,is_rush_hour,flow_N,flow_S,flow_E,flow_W,pcu_N_L0,pcu_N_L1,pcu_S_L0,pcu_S_L1,pcu_E_L0,pcu_E_L1,pcu_W_L0,pcu_W_L1,tot_pcu_N,tot_pcu_S,tot_pcu_E,tot_pcu_W,max_wait_sec,active_axis,asym_ratio,optimal_policy_code,optimal_policy_name,optimal_green_sec
20.116666666666667,-0.8504,0.5262,0,24.6,17.6,60.9,21.3,1.9,3.2,5.2,4.2,5.1,11.9,2.3,0.6,5.1,9.4,17.0,2.9,29.5,EW,3.81,3,E_EXCLUSIVE_GREEN,45.0
7.233333333333333,0.9483,-0.3173,1,117.3,18.6,81.8,17.3,10.2,22.5,1.8,1.8,6.8,17.8,0.4,2.1,32.7,3.6,24.6,2.5,68.4,NS,7.18,1,N_EXCLUSIVE_GREEN,45.0
4.783333333333333,0.9497,0.3132,0,98.8,20.5,25.8,22.4,6.3,17.1,3.3,3.3,2.2,3.2,1.4,6.1,23.400000000000002,6.6,5.4,7.5,27.4,NS,3.85,1,N_EXCLUSIVE_GREEN,45.0
18.45,-0.9931,0.1175,1,13.5,50.4,24.9,53.7,1.9,3.6,4.6,6.1,0.5,6.8,9.5,5.8,5.5,10.7,7.3,15.3,24.0,EW,2.04,4,W_EXCLUSIVE_GREEN,45.0
1.0166666666666666,0.263,0.9648,0,30.0,61.8,19.4,21.8,2.8,9.8,6.7,8.8,1.4,3.6,0.9,2.2,12.600000000000001,15.5,5.0,3.1,27.3,NS,1.46,2,S_EXCLUSIVE_GREEN,45.0
16.633333333333333,-0.9367,-0.3502,1,12.9,109.2,13.5,49.4,3.6,2.0,10.8,16.1,1.5,1.3,3.2,15.9,5.6,26.900000000000002,2.8,19.1,58.3,NS,5.61,2,S_EXCLUSIVE_GREEN,45.0
0.5833333333333334,0.1521,0.9884,0,17.5,26.9,22.7,93.6,1.8,2.7,1.8,5.3,1.7,4.1,10.0,12.0,4.5,7.1,5.8,22.0,31.7,EW,3.76,4,W_EXCLUSIVE_GREEN,45.0
7.466666666666667,0.9272,-0.3746,1,66.2,16.2,59.6,24.5,9.7,7.3,0.7,0.5,6.4,6.6,6.3,2.1,17.0,1.2,13.0,8.4,34.9,EW,1.81,3,E_EXCLUSIVE_GREEN,45.0
18.283333333333335,-0.9973,0.0741,1,20.5,56.9,14.8,63.5,1.4,2.4,5.3,4.9,3.5,3.3,11.1,11.1,3.8,10.2,6.8,22.2,24.9,EW,3.4,4,W_EXCLUSIVE_GREEN,45.0
0.8,0.2079,0.9781,0,24.0,39.8,34.5,25.8,4.1,1.5,5.8,10.3,1.9,7.9,7.9,2.1,5.6,16.1,9.8,10.0,23.7,NS,2.21,2,S_EXCLUSIVE_GREEN,45.0
22.45,-0.3947,0.9188,0,18.1,66.3,19.0,22.6,0.6,0.7,6.9,10.8,1.5,2.5,3.6,2.4,1.2999999999999998,17.700000000000003,4.0,6.0,35.8,NS,5.71,2,S_EXCLUSIVE_GREEN,45.0
6.8,0.9781,-0.2079,0,91.8,28.7,21.8,17.7,13.0,11.3,3.1,4.5,0.6,6.1,3.6,3.6,24.3,7.6,6.699999999999999,7.2,50.9,NS,3.08,1,N_EXCLUSIVE_GREEN,45.0
12.1,-0.0262,-0.9997,0,22.5,22.6,57.8,20.7,3.1,3.8,2.4,3.7,3.8,4.2,2.5,1.5,6.9,6.1,8.0,4.0,15.4,EW,2.27,3,E_EXCLUSIVE_GREEN,32.9
19.266666666666666,-0.9455,0.3256,1,21.4,128.1,15.2,110.8,1.4,10.1,16.9,11.9,1.5,1.0,11.5,20.8,11.5,28.799999999999997,2.5,32.3,39.0,NS,3.34,2,S_EXCLUSIVE_GREEN,45.0
1.7666666666666666,0.4462,0.8949,0,34.6,32.0,25.8,23.3,5.7,6.4,8.0,3.2,0.7,3.3,7.3,1.3,12.100000000000001,11.2,4.0,8.6,17.9,NS,1.05,0,BALANCED_PHASE,37.2
3.9833333333333334,0.8638,0.5038,0,21.1,20.8,137.5,24.6,1.7,6.2,1.9,3.5,12.4,23.3,3.7,10.9,7.9,5.4,35.7,14.600000000000001,52.2,EW,3.16,3,E_EXCLUSIVE_GREEN,45.0
20.65,-0.7688,0.6394,0,20.4,21.0,33.5,37.4,0.1,2.1,2.2,1.9,2.6,6.2,5.2,7.5,2.2,4.1,8.8,12.7,27.8,EW,1.26,0,BALANCED_PHASE,39.9
11.6,0.1045,-0.9945,0,82.2,24.7,19.2,25.2,6.5,12.4,4.9,7.5,1.7,3.5,2.1,2.2,18.9,12.4,5.2,4.300000000000001,26.4,NS,1.98,1,N_EXCLUSIVE_GREEN,45.0
1.7,0.4305,0.9026,0,20.4,19.5,58.1,19.1,7.6,1.8,1.7,2.2,8.7,11.7,4.7,2.0,9.4,3.9000000000000004,20.4,6.7,37.7,EW,2.91,3,E_EXCLUSIVE_GREEN,45.0
2.9,0.6884,0.7254,0,129.0,30.9,17.3,24.6,14.9,17.5,2.6,7.3,1.2,2.4,1.8,4.5,32.4,9.9,3.5999999999999996,6.3,55.1,NS,3.51,1,N_EXCLUSIVE_GREEN,45.0
12.283333333333333,-0.0741,-0.9973,0,20.4,29.1,31.1,21.4,0.8,3.1,5.2,5.7,3.1,3.7,6.9,2.9,3.9000000000000004,10.9,6.800000000000001,9.8,14.5,EW,1.38,0,BALANCED_PHASE,31.7
11.166666666666666,0.2164,-0.9763,0,28.3,77.8,25.0,21.5,5.1,5.2,16.4,9.2,3.3,1.5,6.8,6.3,10.3,25.599999999999998,4.8,13.1,30.2,NS,2.5,2,S_EXCLUSIVE_GREEN,45.0
21.283333333333335,-0.6528,0.7576,0,25.1,29.0,20.3,21.7,1.6,0.5,1.4,5.1,2.3,7.2,2.5,2.6,2.1,6.5,9.5,5.1,20.4,NS,1.61,2,S_EXCLUSIVE_GREEN,25.3
21.683333333333334,-0.57,0.8216,0,21.2,102.9,20.4,21.0,0.3,3.8,8.4,23.2,1.9,2.5,4.0,4.6,4.1,31.6,4.4,8.6,39.7,NS,5.9,2,S_EXCLUSIVE_GREEN,45.0
17.766666666666666,-0.9981,-0.061,1,23.2,88.2,26.8,61.7,5.5,5.8,8.9,12.3,6.0,4.0,9.1,9.9,11.3,21.200000000000003,10.0,19.0,37.3,NS,2.36,2,S_EXCLUSIVE_GREEN,45.0
7.166666666666667,0.9537,-0.3007,1,101.3,23.4,107.0,23.5,12.5,18.4,0.9,3.3,15.8,15.0,1.1,3.2,30.9,4.2,30.8,4.300000000000001,44.4,EW,5.5,3,E_EXCLUSIVE_GREEN,45.0
14.4,-0.5878,-0.809,0,22.6,63.0,32.1,19.0,0.8,5.5,4.9,8.2,1.2,3.5,0.1,4.7,6.3,13.1,4.7,4.8,21.1,NS,2.27,2,S_EXCLUSIVE_GREEN,44.7
21.333333333333332,-0.6428,0.766,0,26.1,36.1,27.6,26.1,1.0,2.4,1.2,4.0,1.1,9.7,4.5,4.1,3.4,5.2,10.799999999999999,8.6,20.5,EW,1.14,0,BALANCED_PHASE,33.6
1.2333333333333334,0.3173,0.9483,0,27.9,35.5,31.2,29.3,1.3,7.0,2.8,4.9,2.3,3.8,4.4,5.5,8.3,7.7,6.1,9.9,19.6,NS,1.12,0,BALANCED_PHASE,29.9
10.416666666666666,0.4027,-0.9153,0,26.8,111.8,20.4,17.8,2.4,1.2,14.4,14.7,0.2,3.5,0.5,2.4,3.5999999999999996,29.1,3.7,2.9,30.9,NS,5.44,2,S_EXCLUSIVE_GREEN,45.0
18.933333333333334,-0.9703,0.2419,1,19.1,133.1,23.3,46.4,0.4,1.7,18.1,18.1,9.7,3.8,5.0,9.0,2.1,36.2,13.5,14.0,42.3,NS,9.79,2,S_EXCLUSIVE_GREEN,45.0
22.333333333333332,-0.4226,0.9063,0,19.0,28.0,28.9,112.9,5.4,3.3,9.0,7.9,2.0,1.2,10.8,20.2,8.7,16.9,3.2,31.0,51.2,EW,5.66,4,W_EXCLUSIVE_GREEN,45.0
12.933333333333334,-0.2419,-0.9703,0,21.0,24.6,35.8,20.6,1.5,1.6,1.6,6.3,3.7,3.0,0.8,7.3,3.1,7.9,6.7,8.1,11.4,EW,1.35,0,BALANCED_PHASE,28.8
14.15,-0.5336,-0.8457,0,18.8,122.8,18.5,29.8,2.3,1.9,15.0,25.2,4.6,1.4,1.0,1.4,4.199999999999999,40.2,6.0,2.4,85.9,NS,7.66,2,S_EXCLUSIVE_GREEN,45.0
23.583333333333332,-0.1089,0.9941,0,34.7,25.2,26.6,24.8,7.8,11.9,3.6,4.4,0.9,4.4,2.5,13.0,19.7,8.0,5.300000000000001,15.5,21.0,NS,1.97,1,N_EXCLUSIVE_GREEN,45.0
23.616666666666667,-0.1002,0.995,0,30.0,22.2,39.8,30.0,4.1,7.0,2.1,2.6,9.4,5.5,2.4,4.0,11.1,4.7,14.9,6.4,26.2,EW,1.77,3,E_EXCLUSIVE_GREEN,44.6
18.416666666666668,-0.9941,0.1089,1,26.8,110.6,14.8,47.3,4.1,2.4,11.3,14.9,1.4,1.8,5.2,19.3,6.5,26.200000000000003,3.2,24.5,50.6,NS,3.91,2,S_EXCLUSIVE_GREEN,45.0
11.233333333333333,0.1994,-0.9799,0,27.5,26.2,27.8,28.6,1.0,3.4,1.8,1.5,1.4,6.9,6.0,6.4,4.4,3.3,8.3,12.4,13.9,EW,1.26,0,BALANCED_PHASE,36.3
4.533333333333333,0.9272,0.3746,0,22.2,33.9,24.2,32.3,0.7,5.3,1.7,11.1,0.9,1.0,8.5,2.4,6.0,12.799999999999999,1.9,10.9,21.9,NS,1.79,2,S_EXCLUSIVE_GREEN,38.9
1.9166666666666665,0.481,0.8767,0,26.6,66.7,24.0,21.9,1.3,4.5,6.7,10.6,4.8,2.8,1.9,1.1,5.8,17.3,7.6,3.0,34.6,NS,2.64,2,S_EXCLUSIVE_GREEN,45.0
21.45,-0.6191,0.7853,0,20.2,26.2,34.1,31.4,3.2,0.7,3.6,2.9,4.6,11.0,7.6,4.4,3.9000000000000004,6.5,15.6,12.0,25.3,EW,1.19,0,BALANCED_PHASE,44.9
12.4,-0.1045,-0.9945,0,38.2,34.3,23.0,36.9,6.0,4.4,1.1,3.1,4.5,4.6,4.1,4.3,10.4,4.2,9.1,8.399999999999999,17.8,NS,1.56,1,N_EXCLUSIVE_GREEN,34.5
14.55,-0.6191,-0.7853,0,89.9,19.3,30.3,31.1,10.1,25.5,1.6,3.9,4.1,1.4,6.0,2.1,35.6,5.5,5.5,8.1,72.9,NS,5.44,1,N_EXCLUSIVE_GREEN,45.0
21.766666666666666,-0.5519,0.8339,0,19.7,18.9,64.7,20.2,1.4,2.7,2.4,3.1,4.0,15.0,1.7,4.5,4.1,5.5,19.0,6.2,26.3,EW,2.98,3,E_EXCLUSIVE_GREEN,45.0
20.35,-0.8166,0.5771,0,18.7,32.2,21.3,102.7,0.5,6.0,4.1,1.4,3.7,3.7,14.1,17.0,6.5,5.5,7.4,31.1,44.2,EW,4.25,4,W_EXCLUSIVE_GREEN,45.0
5.483333333333333,0.9909,0.1349,0,19.3,24.2,76.5,20.9,1.1,6.7,1.6,3.0,5.2,9.5,1.8,3.6,7.800000000000001,4.6,14.7,5.4,18.5,EW,2.98,3,E_EXCLUSIVE_GREEN,45.0
16.8,-0.9511,-0.309,1,12.3,127.2,13.6,71.9,2.9,8.2,11.1,27.9,4.5,1.1,5.8,9.7,11.1,39.0,5.6,15.5,80.4,NS,4.58,2,S_EXCLUSIVE_GREEN,45.0
5.533333333333333,0.9925,0.1219,0,20.7,20.1,34.1,28.6,1.6,1.6,2.6,3.3,1.0,3.8,2.1,5.1,3.2,5.9,4.8,7.199999999999999,12.0,EW,1.27,0,BALANCED_PHASE,26.7
20.316666666666666,-0.8216,0.57,0,36.8,28.4,29.1,31.8,4.5,3.7,2.7,2.5,6.3,2.2,3.6,5.7,8.2,5.2,8.5,9.3,19.0,EW,1.06,0,BALANCED_PHASE,31.2
16.633333333333333,-0.9367,-0.3502,1,14.3,62.6,13.2,57.5,3.9,3.2,6.1,10.6,1.5,1.2,6.5,9.4,7.1,16.7,2.7,15.9,29.4,NS,2.79,2,S_EXCLUSIVE_GREEN,45.0
6.15,0.9992,-0.0393,0,22.1,58.6,30.3,19.4,3.0,3.3,6.6,10.9,2.2,5.1,1.1,3.1,6.3,17.5,7.3,4.2,37.8,NS,2.61,2,S_EXCLUSIVE_GREEN,45.0
17.816666666666666,-0.9988,-0.048,1,14.0,59.6,23.4,115.5,4.4,1.8,2.8,3.6,0.8,5.3,7.8,23.8,6.2,6.4,6.1,31.6,48.0,EW,4.85,4,W_EXCLUSIVE_GREEN,45.0
16.966666666666665,-0.9636,-0.2672,1,12.4,65.9,17.8,73.3,0.4,3.4,6.3,10.9,1.2,3.6,7.7,15.0,3.8,17.2,4.8,22.7,43.4,EW,4.22,4,W_EXCLUSIVE_GREEN,45.0
0.6333333333333333,0.165,0.9863,0,66.6,29.7,32.3,17.8,9.5,10.4,6.8,3.0,8.7,5.3,0.7,1.8,19.9,9.8,14.0,2.5,21.6,NS,2.05,1,N_EXCLUSIVE_GREEN,45.0
3.9833333333333334,0.8638,0.5038,0,24.3,22.9,68.2,26.1,0.3,4.5,3.0,2.8,6.0,23.4,2.4,2.2,4.8,5.8,29.4,4.6,30.6,EW,4.17,3,E_EXCLUSIVE_GREEN,45.0
7.05,0.9625,-0.2714,1,129.6,23.3,73.4,15.8,14.2,18.3,3.3,7.5,11.2,12.1,0.6,4.2,32.5,10.8,23.299999999999997,4.8,64.3,NS,3.66,1,N_EXCLUSIVE_GREEN,45.0
7.933333333333334,0.8746,-0.4848,1,129.3,16.1,49.3,13.4,17.0,23.5,7.1,0.9,3.8,22.3,0.9,0.5,40.5,8.0,26.1,1.4,44.0,NS,5.66,1,N_EXCLUSIVE_GREEN,45.0
18.083333333333332,-0.9998,0.0218,1,26.2,77.9,20.5,50.2,3.7,2.9,14.9,13.6,4.1,5.8,5.1,10.4,6.6,28.5,9.899999999999999,15.5,35.7,NS,3.57,2,S_EXCLUSIVE_GREEN,45.0
2.7666666666666666,0.6626,0.749,0,24.6,24.5,23.1,35.3,0.5,4.5,1.8,3.3,4.5,1.5,4.2,8.0,5.0,5.1,6.0,12.2,23.5,EW,1.73,4,W_EXCLUSIVE_GREEN,38.1
2.8,0.6691,0.7431,0,35.4,20.3,27.5,32.4,1.4,5.7,0.4,0.8,1.9,3.4,2.5,4.2,7.1,1.2000000000000002,5.3,6.7,14.0,EW,1.17,0,BALANCED_PHASE,25.6
4.133333333333334,0.8829,0.4695,0,25.2,21.4,33.2,36.0,8.5,3.9,1.0,2.9,1.5,3.7,3.6,6.0,12.4,3.9,5.2,9.6,19.2,EW,1.36,0,BALANCED_PHASE,32.6
17.166666666666668,-0.9763,-0.2164,1,16.5,64.3,16.8,98.1,2.1,4.9,4.0,8.1,6.2,4.3,12.5,30.3,7.0,12.1,10.5,42.8,72.1,EW,4.35,4,W_EXCLUSIVE_GREEN,45.0
8.55,0.7853,-0.6191,1,141.4,14.5,48.2,14.7,15.1,17.6,4.7,4.2,4.3,9.6,1.7,4.3,32.7,8.9,13.899999999999999,6.0,64.0,NS,4.96,1,N_EXCLUSIVE_GREEN,45.0
19.45,-0.9288,0.3706,1,17.5,120.9,13.4,64.1,2.5,0.9,7.8,15.1,0.0,5.8,10.3,14.5,3.4,22.9,5.8,24.8,39.1,NS,6.36,2,S_EXCLUSIVE_GREEN,45.0
6.983333333333333,0.967,-0.2546,0,39.0,29.8,29.0,28.6,3.2,15.7,4.6,3.9,3.6,3.9,4.0,2.5,18.9,8.5,7.5,6.5,37.1,NS,1.78,1,N_EXCLUSIVE_GREEN,45.0
23.733333333333334,-0.0698,0.9976,0,22.1,25.8,67.5,19.9,0.8,1.6,2.0,4.1,3.7,5.8,2.5,3.3,2.4000000000000004,6.1,9.5,5.8,16.7,EW,2.24,3,E_EXCLUSIVE_GREEN,37.8
12.7,-0.1822,-0.9833,0,20.5,25.0,22.0,21.2,5.0,4.1,0.7,3.1,3.5,5.3,1.1,3.6,9.1,3.8,8.8,4.7,15.5,NS,1.68,1,N_EXCLUSIVE_GREEN,29.2
14.95,-0.6978,-0.7163,0,34.2,23.0,21.5,32.9,1.9,5.4,1.9,2.3,0.4,1.7,8.1,6.7,7.300000000000001,4.199999999999999,2.1,14.8,16.2,EW,3.1,4,W_EXCLUSIVE_GREEN,42.1
3.25,0.7518,0.6593,0,30.8,18.1,108.4,25.5,7.7,3.4,1.3,1.6,14.7,20.2,8.7,5.7,11.1,2.9000000000000004,34.9,14.399999999999999,54.4,EW,2.83,3,E_EXCLUSIVE_GREEN,45.0
0.6166666666666667,0.1607,0.987,0,37.7,25.6,20.4,34.0,10.2,6.4,0.6,2.4,4.6,2.4,6.7,5.6,16.6,3.0,7.0,12.3,18.4,NS,2.8,1,N_EXCLUSIVE_GREEN,45.0
18.233333333333334,-0.9981,0.061,1,13.9,56.6,23.5,53.3,0.2,0.8,6.1,11.8,8.5,1.5,6.2,8.5,1.0,17.9,10.0,14.7,37.9,EW,1.67,4,W_EXCLUSIVE_GREEN,45.0
0.06666666666666667,0.0175,0.9998,0,35.8,22.0,29.0,21.3,4.2,6.5,1.7,1.9,2.8,4.4,1.9,5.1,10.7,3.5999999999999996,7.2,7.0,12.9,NS,2.1,1,N_EXCLUSIVE_GREEN,34.1
1.2333333333333334,0.3173,0.9483,0,74.8,24.2,29.3,24.7,9.7,12.3,0.0,4.3,4.0,2.0,1.3,3.5,22.0,4.3,6.0,4.8,40.3,NS,3.83,1,N_EXCLUSIVE_GREEN,45.0
10.066666666666666,0.4848,-0.8746,0,20.2,32.3,35.0,35.7,1.0,2.4,3.5,5.0,6.0,2.3,1.3,4.9,3.4,8.5,8.3,6.2,16.9,EW,1.13,0,BALANCED_PHASE,29.7
8.7,0.7604,-0.6494,1,60.8,26.9,53.8,17.8,5.2,9.7,2.8,1.9,3.2,8.5,0.4,2.5,14.899999999999999,4.699999999999999,11.7,2.9,23.4,NS,2.56,1,N_EXCLUSIVE_GREEN,45.0
15.216666666666667,-0.7461,-0.6659,0,29.1,28.7,27.4,22.4,1.7,7.5,4.3,3.3,9.3,2.8,5.1,7.9,9.2,7.6,12.100000000000001,13.0,15.3,EW,1.08,0,BALANCED_PHASE,37.5
23.983333333333334,-0.0044,1.0,0,23.0,26.5,23.8,38.4,2.5,2.5,1.3,7.9,3.6,6.8,4.5,4.2,5.0,9.200000000000001,10.4,8.7,10.7,EW,1.3,0,BALANCED_PHASE,33.8
18.5,-0.9914,0.1305,1,24.7,94.3,12.2,53.8,0.6,8.2,16.0,18.1,0.1,0.8,8.6,15.0,8.799999999999999,34.1,0.9,23.6,61.0,NS,3.72,2,S_EXCLUSIVE_GREEN,45.0
7.833333333333333,0.887,-0.4617,1,119.4,12.5,77.9,21.2,15.2,11.8,0.5,1.2,4.5,16.9,3.6,1.7,27.0,1.7,21.4,5.3,50.6,NS,10.82,1,N_EXCLUSIVE_GREEN,45.0
15.85,-0.8457,-0.5336,0,22.5,24.2,34.0,25.9,2.8,2.1,5.2,3.6,3.9,15.9,4.1,4.8,4.9,8.8,19.8,8.899999999999999,23.6,EW,1.82,3,E_EXCLUSIVE_GREEN,45.0
3.1,0.7254,0.6884,0,27.4,39.6,32.1,23.2,5.9,3.2,5.9,11.5,3.7,9.8,0.5,1.5,9.100000000000001,17.4,13.5,2.0,35.7,NS,1.68,2,S_EXCLUSIVE_GREEN,45.0
11.45,0.1435,-0.9897,0,20.0,29.2,27.6,23.2,2.2,5.2,0.7,8.4,1.7,13.9,6.1,10.0,7.4,9.1,15.6,16.1,29.2,EW,1.04,0,BALANCED_PHASE,45.0
23.05,-0.2462,0.9692,0,22.2,31.5,21.9,26.7,4.5,2.1,0.2,7.2,0.9,2.9,2.9,5.5,6.6,7.4,3.8,8.4,16.3,NS,1.19,0,BALANCED_PHASE,27.1
20.1,-0.8526,0.5225,0,30.0,24.0,56.0,24.5,8.6,9.7,2.5,0.9,4.6,4.4,3.3,2.6,18.299999999999997,3.4,9.0,5.9,21.2,EW,1.79,3,E_EXCLUSIVE_GREEN,35.2
3.25,0.7518,0.6593,0,31.0,19.8,22.7,80.1,5.3,7.0,2.4,1.9,0.8,1.8,5.9,9.4,12.3,4.3,2.6,15.3,29.6,EW,4.1,4,W_EXCLUSIVE_GREEN,45.0
4.45,0.9188,0.3947,0,31.4,22.8,32.3,133.3,0.3,7.5,2.2,4.6,0.9,3.7,18.3,15.7,7.8,6.8,4.6000000000000005,34.0,52.9,EW,5.25,4,W_EXCLUSIVE_GREEN,45.0
7.916666666666667,0.8767,-0.481,1,51.0,18.9,60.8,23.8,4.2,6.4,3.7,2.2,6.8,9.4,1.0,2.6,10.600000000000001,5.9,16.2,3.6,28.9,EW,3.2,3,E_EXCLUSIVE_GREEN,45.0
2.466666666666667,0.6018,0.7986,0,25.9,37.7,26.4,22.1,8.3,2.6,2.2,6.2,6.9,3.3,0.4,5.5,10.9,8.4,10.2,5.9,17.4,NS,1.31,0,BALANCED_PHASE,35.3
17.1,-0.9724,-0.2334,1,24.0,56.7,14.9,74.6,2.1,0.8,6.5,14.0,2.0,0.6,8.3,15.8,2.9000000000000004,20.5,2.6,24.1,32.1,EW,6.43,4,W_EXCLUSIVE_GREEN,45.0
1.6833333333333333,0.4266,0.9045,0,20.2,35.1,33.3,33.8,1.2,1.4,4.5,5.5,7.3,2.8,4.3,9.1,2.5999999999999996,10.0,10.1,13.399999999999999,27.7,EW,1.17,0,BALANCED_PHASE,40.6
0.08333333333333333,0.0218,0.9998,0,37.1,23.1,33.7,21.5,13.2,12.6,2.8,3.1,7.0,4.0,4.1,2.1,25.799999999999997,5.9,11.0,6.199999999999999,39.7,NS,3.01,1,N_EXCLUSIVE_GREEN,45.0
7.166666666666667,0.9537,-0.3007,1,60.1,15.2,58.8,18.8,5.1,11.2,1.2,0.7,10.3,10.5,1.3,4.8,16.299999999999997,1.9,20.8,6.1,33.6,EW,3.14,3,E_EXCLUSIVE_GREEN,45.0
13.516666666666667,-0.3867,-0.9222,0,30.6,33.0,38.7,30.7,1.0,6.8,4.9,5.8,5.6,2.3,0.3,5.4,7.8,10.7,7.8999999999999995,5.7,16.1,EW,1.27,0,BALANCED_PHASE,29.4
12.95,-0.2462,-0.9692,0,32.1,19.6,17.9,96.1,3.0,6.4,1.4,1.3,3.7,3.3,19.0,15.6,9.4,2.7,7.0,34.6,59.4,EW,4.86,4,W_EXCLUSIVE_GREEN,45.0
0.4,0.1045,0.9945,0,26.0,26.0,19.6,136.8,1.9,5.0,4.5,5.9,0.9,1.6,15.0,24.0,6.9,10.4,2.5,39.0,80.1,EW,9.59,4,W_EXCLUSIVE_GREEN,45.0
9.45,0.6191,-0.7853,1,70.0,17.6,65.6,19.4,9.6,13.4,4.5,6.9,11.8,10.9,0.2,2.5,23.0,11.4,22.700000000000003,2.7,43.5,NS,2.4,1,N_EXCLUSIVE_GREEN,45.0
22.766666666666666,-0.3173,0.9483,0,26.6,24.5,37.4,31.9,1.8,0.7,1.9,0.7,2.0,4.1,6.0,3.5,2.5,2.5999999999999996,6.1,9.5,12.8,EW,1.31,0,BALANCED_PHASE,32.0
17.7,-0.9969,-0.0785,1,12.5,127.7,18.1,60.4,0.2,3.9,13.9,17.4,0.2,3.1,7.9,8.0,4.1,31.299999999999997,3.3000000000000003,15.9,33.5,NS,8.01,2,S_EXCLUSIVE_GREEN,45.0
22.516666666666666,-0.3786,0.9255,0,21.2,20.2,122.1,24.5,2.2,1.6,1.4,4.1,12.5,26.9,0.4,4.1,3.8000000000000003,5.5,39.4,4.5,73.6,EW,6.45,3,E_EXCLUSIVE_GREEN,45.0
6.05,0.9999,-0.0131,0,35.7,21.0,37.5,26.1,5.5,5.4,1.6,2.1,4.0,10.3,1.2,2.6,10.9,3.7,14.3,3.8,19.0,EW,2.29,3,E_EXCLUSIVE_GREEN,42.3
17.05,-0.9692,-0.2462,1,19.6,79.2,13.6,52.7,6.2,0.5,6.2,20.8,2.3,1.4,2.7,5.5,6.7,27.0,3.6999999999999997,8.2,47.9,NS,3.85,2,S_EXCLUSIVE_GREEN,45.0
23.333333333333332,-0.1736,0.9848,0,20.8,25.2,31.2,82.5,1.3,5.5,6.7,3.7,3.6,3.7,8.7,11.6,6.8,10.4,7.300000000000001,20.299999999999997,29.8,EW,2.62,4,W_EXCLUSIVE_GREEN,45.0
16.966666666666665,-0.9636,-0.2672,1,22.7,59.7,26.5,69.2,1.9,3.1,6.9,5.0,0.6,4.4,4.1,10.3,5.0,11.9,5.0,14.4,18.9,EW,2.62,4,W_EXCLUSIVE_GREEN,45.0
16.166666666666668,-0.887,-0.4617,0,108.0,31.6,25.2,26.6,17.3,9.5,4.9,12.5,1.0,6.9,8.3,3.0,26.8,17.4,7.9,11.3,44.3,NS,2.0,1,N_EXCLUSIVE_GREEN,45.0
5.066666666666666,0.9703,0.2419,0,32.6,20.4,20.9,23.2,3.0,4.1,2.3,2.7,0.5,3.6,4.5,5.0,7.1,5.0,4.1,9.5,15.3,NS,1.42,1,N_EXCLUSIVE_GREEN,26.6
21.916666666666668,-0.5188,0.8549,0,75.6,21.6,18.3,17.3,5.8,14.5,3.2,2.8,1.4,3.9,1.4,1.8,20.3,6.0,5.3,3.2,37.2,NS,3.27,1,N_EXCLUSIVE_GREEN,45.0
18.25,-0.9979,0.0654,1,23.3,87.3,19.7,52.5,0.9,2.2,7.5,18.4,2.7,4.5,7.6,13.1,3.1,25.9,7.2,20.7,45.0,NS,5.25,2,S_EXCLUSIVE_GREEN,45.0
18.633333333333333,-0.9863,0.165,1,24.5,129.8,16.8,72.6,1.3,3.3,7.2,22.5,2.6,4.5,3.5,8.9,4.6,29.7,7.1,12.4,58.3,NS,5.57,2,S_EXCLUSIVE_GREEN,45.0
1.65,0.4187,0.9081,0,17.8,24.1,53.3,25.6,0.2,2.3,0.4,7.0,5.5,12.4,1.4,4.3,2.5,7.4,17.9,5.699999999999999,33.2,EW,2.53,3,E_EXCLUSIVE_GREEN,45.0
8.216666666666667,0.8363,-0.5483,1,56.7,16.0,52.5,16.4,7.1,7.4,0.6,1.6,3.4,12.8,1.0,2.6,14.5,2.2,16.2,3.6,21.0,NS,4.38,1,N_EXCLUSIVE_GREEN,45.0
21.75,-0.5556,0.8315,0,19.6,25.7,124.6,24.9,3.1,2.0,2.1,6.5,13.2,33.0,3.4,2.1,5.1,8.6,46.2,5.5,88.4,EW,6.48,3,E_EXCLUSIVE_GREEN,45.0
12.133333333333333,-0.0349,-0.9994,0,20.5,23.5,30.8,36.2,3.0,6.2,2.2,5.0,2.0,2.2,2.7,10.7,9.2,7.2,4.2,13.399999999999999,16.8,EW,1.9,4,W_EXCLUSIVE_GREEN,40.0
9.483333333333333,0.6122,-0.7907,1,64.8,12.9,68.4,21.4,10.2,17.8,3.3,3.3,13.3,8.3,0.8,1.0,28.0,6.6,21.6,1.8,45.3,EW,5.36,3,E_EXCLUSIVE_GREEN,45.0
10.983333333333333,0.263,-0.9648,0,31.6,21.8,39.4,29.0,2.6,2.7,9.3,5.2,4.0,7.9,4.4,6.4,5.300000000000001,14.5,11.9,10.8,16.7,EW,1.16,0,BALANCED_PHASE,37.6
2.0,0.5,0.866,0,39.3,22.6,22.1,35.7,6.7,4.2,4.2,1.2,3.4,4.9,2.7,5.0,10.9,5.4,8.3,7.7,17.2,NS,1.8,1,N_EXCLUSIVE_GREEN,35.6
18.1,-0.9997,0.0262,1,14.0,134.4,17.0,47.4,1.1,2.3,9.6,18.9,4.1,3.6,6.3,11.8,3.4,28.5,7.699999999999999,18.1,37.4,NS,8.27,2,S_EXCLUSIVE_GREEN,45.0
2.5666666666666664,0.6225,0.7826,0,25.1,17.9,94.9,23.1,3.0,5.4,0.4,2.3,10.2,9.1,3.9,2.2,8.4,2.6999999999999997,19.299999999999997,6.1,29.3,EW,3.41,3,E_EXCLUSIVE_GREEN,45.0
4.983333333333333,0.9648,0.263,0,137.9,28.8,23.5,27.8,13.1,26.2,0.7,5.6,2.5,2.2,3.6,4.3,39.3,6.3,4.7,7.9,61.8,NS,5.32,1,N_EXCLUSIVE_GREEN,45.0
7.383333333333334,0.9351,-0.3543,1,61.6,15.0,86.0,14.8,7.1,6.0,2.2,1.7,6.9,9.7,1.0,0.9,13.1,3.9000000000000004,16.6,1.9,29.8,EW,6.32,3,E_EXCLUSIVE_GREEN,45.0
9.166666666666666,0.6756,-0.7373,1,121.3,18.1,82.1,12.6,10.5,27.7,0.1,5.0,3.5,17.6,1.0,0.6,38.2,5.1,21.1,1.6,39.9,NS,6.77,1,N_EXCLUSIVE_GREEN,45.0
14.883333333333333,-0.6852,-0.7284,0,34.0,21.4,31.2,20.5,1.0,12.7,0.9,5.6,7.0,3.8,2.6,1.0,13.7,6.5,10.8,3.6,27.8,NS,1.82,1,N_EXCLUSIVE_GREEN,41.3
9.65,0.5771,-0.8166,0,33.1,37.3,37.4,20.6,3.7,9.2,1.8,2.1,4.5,6.9,1.2,1.8,12.899999999999999,3.9000000000000004,11.4,3.0,16.4,NS,1.85,1,N_EXCLUSIVE_GREEN,39.2
20.55,-0.7853,0.6191,0,25.9,25.9,102.7,33.3,2.5,7.5,4.3,1.9,7.0,14.7,1.4,10.1,10.0,6.199999999999999,21.7,11.5,23.7,EW,2.26,3,E_EXCLUSIVE_GREEN,45.0
21.1,-0.6884,0.7254,0,25.9,23.4,34.3,22.5,0.4,5.6,0.5,2.7,3.9,7.1,1.8,2.7,6.0,3.2,11.0,4.5,20.2,EW,1.88,3,E_EXCLUSIVE_GREEN,35.2
4.266666666666667,0.8988,0.4384,0,61.0,18.4,26.5,18.9,13.4,5.7,0.4,5.2,4.7,0.6,1.5,1.5,19.1,5.6000000000000005,5.3,3.0,38.3,NS,3.2,1,N_EXCLUSIVE_GREEN,45.0
23.583333333333332,-0.1089,0.9941,0,33.0,20.0,51.0,23.6,7.4,7.8,2.8,2.9,3.7,9.9,1.4,2.5,15.2,5.699999999999999,13.600000000000001,3.9,31.1,EW,2.61,3,E_EXCLUSIVE_GREEN,44.5
19.216666666666665,-0.9497,0.3132,1,14.7,99.9,13.5,60.0,0.4,2.1,8.4,23.1,0.1,0.9,5.8,17.9,2.5,31.5,1.0,23.7,33.6,NS,8.67,2,S_EXCLUSIVE_GREEN,45.0
22.35,-0.4187,0.9081,0,24.6,17.6,65.7,20.4,1.3,2.9,0.3,1.1,4.3,10.7,0.9,2.5,4.2,1.4000000000000001,15.0,3.4,27.7,EW,3.53,3,E_EXCLUSIVE_GREEN,45.0
16.516666666666666,-0.9255,-0.3786,1,17.7,83.6,18.9,84.3,0.5,0.5,8.4,14.0,2.3,2.6,9.7,21.4,1.0,22.4,4.9,31.099999999999998,31.7,EW,5.22,4,W_EXCLUSIVE_GREEN,45.0
8.95,0.7163,-0.6978,1,51.2,14.7,85.6,14.4,9.4,4.9,0.3,3.1,10.4,19.1,3.4,0.4,14.3,3.4,29.5,3.8,63.4,EW,6.5,3,E_EXCLUSIVE_GREEN,45.0
1.0833333333333333,0.2798,0.96,0,28.6,21.7,33.7,23.9,3.9,2.5,1.7,0.9,2.4,5.2,2.1,5.7,6.4,2.6,7.6,7.800000000000001,9.7,EW,1.13,0,BALANCED_PHASE,27.6
8.033333333333333,0.8616,-0.5075,1,54.4,26.8,55.0,20.7,3.3,5.9,1.3,5.9,11.0,10.6,2.7,4.1,9.2,7.2,21.6,6.8,40.7,EW,2.85,3,E_EXCLUSIVE_GREEN,45.0
0.35,0.0915,0.9958,0,26.3,37.4,29.2,20.8,0.8,1.1,4.4,9.6,4.3,6.8,0.7,4.3,1.9000000000000001,14.0,11.1,5.0,27.9,NS,2.81,2,S_EXCLUSIVE_GREEN,42.5
20.266666666666666,-0.829,0.5592,0,26.1,23.5,32.7,93.6,2.8,3.9,1.2,2.5,7.3,4.3,9.0,19.2,6.699999999999999,3.7,11.6,28.2,51.4,EW,2.52,4,W_EXCLUSIVE_GREEN,45.0
17.75,-0.9979,-0.0654,1,23.9,92.6,19.9,85.7,2.9,0.6,12.0,12.2,3.9,1.1,5.1,19.2,3.5,24.2,5.0,24.299999999999997,30.0,NS,4.86,2,S_EXCLUSIVE_GREEN,45.0
13.583333333333334,-0.4027,-0.9153,0,55.2,20.3,18.6,18.4,1.5,18.2,0.5,4.2,0.6,5.0,3.4,1.5,19.7,4.7,5.6,4.9,25.0,NS,3.32,1,N_EXCLUSIVE_GREEN,45.0
22.95,-0.2714,0.9625,0,73.6,21.2,27.1,31.6,4.3,9.1,1.0,0.5,6.3,7.3,5.8,8.0,13.399999999999999,1.5,13.6,13.8,22.6,NS,4.51,1,N_EXCLUSIVE_GREEN,45.0
11.616666666666667,0.1002,-0.995,0,35.9,24.9,35.8,29.9,3.0,3.2,3.7,3.8,1.2,16.5,1.2,5.3,6.2,7.5,17.7,6.5,35.1,EW,1.91,3,E_EXCLUSIVE_GREEN,45.0
13.133333333333333,-0.2924,-0.9563,0,18.6,22.9,90.0,19.1,6.0,3.3,1.6,3.0,7.3,13.4,3.6,3.1,9.3,4.6,20.7,6.7,30.0,EW,3.51,3,E_EXCLUSIVE_GREEN,45.0
1.95,0.4886,0.8725,0,18.9,80.3,17.2,21.8,0.9,1.7,5.0,10.6,2.6,0.9,3.1,4.8,2.6,15.6,3.5,7.9,29.9,NS,4.6,2,S_EXCLUSIVE_GREEN,45.0
21.1,-0.6884,0.7254,0,21.5,19.2,19.5,57.6,0.6,3.3,0.8,3.9,2.3,3.3,8.5,10.4,3.9,4.7,5.6,18.9,22.4,EW,3.04,4,W_EXCLUSIVE_GREEN,45.0
19.783333333333335,-0.893,0.4501,0,23.0,61.7,26.5,28.0,0.7,2.0,6.5,13.6,1.2,8.8,1.6,6.7,2.7,20.1,10.0,8.3,42.8,NS,4.16,2,S_EXCLUSIVE_GREEN,45.0
5.85,0.9992,0.0393,0,24.4,30.2,31.5,33.6,0.9,5.5,5.6,6.1,1.5,9.6,2.6,6.6,6.4,11.7,11.1,9.2,21.1,EW,1.11,0,BALANCED_PHASE,35.4
13.016666666666667,-0.263,-0.9648,0,25.5,18.0,54.0,25.5,3.1,4.6,3.0,3.9,3.2,7.8,3.1,8.2,7.699999999999999,6.9,11.0,11.299999999999999,14.4,EW,1.33,3,E_EXCLUSIVE_GREEN,38.8
13.85,-0.4656,-0.885,0,39.4,22.7,24.6,22.7,7.0,14.2,6.7,8.8,1.5,5.5,2.4,3.7,21.2,15.5,7.0,6.1,37.7,NS,1.42,1,N_EXCLUSIVE_GREEN,45.0
23.85,-0.0393,0.9992,0,18.9,61.7,21.4,31.7,6.8,1.8,14.3,9.9,0.9,2.2,4.4,2.9,8.6,24.200000000000003,3.1,7.300000000000001,48.5,NS,2.84,2,S_EXCLUSIVE_GREEN,45.0
22.1,-0.4772,0.8788,0,112.0,32.7,19.2,21.2,15.9,21.0,1.5,18.3,2.7,0.6,4.4,1.7,36.9,19.8,3.3000000000000003,6.1000000000000005,75.9,NS,2.21,1,N_EXCLUSIVE_GREEN,45.0
15.233333333333333,-0.749,-0.6626,0,18.2,20.5,27.8,55.0,1.4,4.0,0.8,3.5,4.6,3.1,5.2,8.1,5.4,4.3,7.699999999999999,13.3,16.7,EW,1.77,4,W_EXCLUSIVE_GREEN,43.2
11.316666666666666,0.1779,-0.984,0,32.5,27.2,31.5,36.3,1.8,1.7,1.8,2.1,1.7,9.3,1.6,4.6,3.5,3.9000000000000004,11.0,6.199999999999999,22.4,EW,1.4,3,E_EXCLUSIVE_GREEN,35.8
7.233333333333333,0.9483,-0.3173,1,114.5,16.9,106.0,19.7,13.8,17.0,1.9,3.1,7.8,16.9,0.7,2.6,30.8,5.0,24.7,3.3,57.6,NS,6.05,1,N_EXCLUSIVE_GREEN,45.0
0.7,0.1822,0.9833,0,21.6,20.4,58.7,18.4,1.1,6.5,2.1,1.1,4.8,5.0,1.2,5.2,7.6,3.2,9.8,6.4,18.8,EW,2.04,3,E_EXCLUSIVE_GREEN,37.1
8.916666666666666,0.7224,-0.6915,1,119.8,12.3,91.3,22.3,22.9,29.5,0.4,5.0,6.0,12.3,0.9,2.2,52.4,5.4,18.3,3.1,113.4,NS,9.13,1,N_EXCLUSIVE_GREEN,45.0
2.8166666666666664,0.6724,0.7402,0,21.7,29.4,24.6,57.8,3.7,3.4,1.5,5.9,0.9,2.9,7.7,10.3,7.1,7.4,3.8,18.0,34.2,EW,3.2,4,W_EXCLUSIVE_GREEN,45.0
21.883333333333333,-0.5262,0.8504,0,34.7,27.4,29.6,36.6,4.3,3.2,1.5,0.8,0.4,0.5,2.6,4.3,7.5,2.3,0.9,6.9,9.0,EW,1.94,4,W_EXCLUSIVE_GREEN,26.3
0.11666666666666667,0.0305,0.9995,0,38.8,33.2,29.8,26.5,8.1,6.1,5.5,5.3,2.0,1.6,2.0,4.6,14.2,10.8,3.6,6.6,17.2,NS,1.22,0,BALANCED_PHASE,42.1
8.183333333333334,0.841,-0.541,1,85.3,18.2,52.6,13.9,6.3,10.9,3.0,2.3,7.5,8.7,3.6,1.6,17.2,5.3,16.2,5.2,31.0,NS,3.63,1,N_EXCLUSIVE_GREEN,45.0
18.266666666666666,-0.9976,0.0698,1,12.5,67.5,20.4,57.5,0.5,1.5,8.2,13.1,3.9,5.6,3.3,5.3,2.0,21.299999999999997,9.5,8.6,28.0,NS,6.97,2,S_EXCLUSIVE_GREEN,45.0
1.1,0.284,0.9588,0,29.8,21.8,20.7,33.7,4.4,4.1,2.6,1.3,2.0,6.2,5.3,3.0,8.5,3.9000000000000004,8.2,8.3,17.5,EW,1.17,0,BALANCED_PHASE,29.4
11.766666666666667,0.061,-0.9981,0,21.1,21.0,30.4,23.7,6.4,2.1,1.2,3.6,8.0,6.9,0.4,3.8,8.5,4.8,14.9,4.2,21.0,EW,2.23,3,E_EXCLUSIVE_GREEN,42.4
13.633333333333333,-0.4147,-0.91,0,23.1,24.1,20.7,22.0,0.8,5.3,2.8,3.3,2.0,7.3,3.2,1.6,6.1,6.1,9.3,4.800000000000001,15.6,NS,0.97,0,BALANCED_PHASE,23.1
3.4,0.7771,0.6293,0,30.9,20.6,22.0,20.2,3.2,4.5,2.7,3.3,1.5,1.1,3.0,3.9,7.7,6.0,2.6,6.9,10.9,NS,1.31,0,BALANCED_PHASE,27.0
6.266666666666667,0.9976,-0.0698,0,24.8,18.9,25.4,105.8,3.2,1.2,4.2,1.9,1.7,4.3,13.3,7.7,4.4,6.1,6.0,21.0,37.5,EW,3.64,4,W_EXCLUSIVE_GREEN,45.0
0.55,0.1435,0.9897,0,20.3,25.6,23.3,37.4,0.9,3.5,1.1,3.4,1.2,4.4,4.8,4.6,4.4,4.5,5.6000000000000005,9.399999999999999,14.1,EW,1.57,4,W_EXCLUSIVE_GREEN,31.9
17.716666666666665,-0.9973,-0.0741,1,14.7,131.6,14.8,73.5,0.8,2.6,12.8,14.3,1.7,2.4,10.3,12.7,3.4000000000000004,27.1,4.1,23.0,41.0,NS,7.82,2,S_EXCLUSIVE_GREEN,45.0
23.783333333333335,-0.0567,0.9984,0,23.1,21.9,34.9,21.8,6.4,2.9,4.6,4.8,2.5,7.5,0.3,7.6,9.3,9.399999999999999,10.0,7.8999999999999995,18.1,EW,1.33,0,BALANCED_PHASE,33.1
6.383333333333334,0.995,-0.1002,0,22.2,20.5,28.6,22.4,1.1,8.2,4.1,1.0,4.0,2.1,1.6,4.2,9.299999999999999,5.1,6.1,5.800000000000001,13.7,EW,1.1,0,BALANCED_PHASE,23.7
21.966666666666665,-0.5075,0.8616,0,30.5,32.8,64.6,21.2,3.5,3.8,2.2,3.6,6.4,9.1,1.8,1.9,7.3,5.800000000000001,15.5,3.7,26.4,EW,3.36,3,E_EXCLUSIVE_GREEN,45.0
21.9,-0.5225,0.8526,0,24.2,17.4,71.8,26.5,4.5,4.8,1.1,2.3,5.8,9.0,1.4,3.7,9.3,3.4,14.8,5.1,30.3,EW,2.68,3,E_EXCLUSIVE_GREEN,45.0
16.316666666666666,-0.9045,-0.4266,0,36.9,33.0,22.8,38.0,2.0,1.8,2.0,5.8,0.6,3.0,3.4,12.3,3.8,7.8,3.6,15.700000000000001,16.4,NS,1.39,0,BALANCED_PHASE,28.9
10.416666666666666,0.4027,-0.9153,0,28.7,23.6,33.5,24.4,1.4,2.3,1.1,6.1,4.5,2.7,1.7,1.5,3.6999999999999997,7.199999999999999,7.2,3.2,15.8,EW,1.62,3,E_EXCLUSIVE_GREEN,27.0
17.133333333333333,-0.9744,-0.225,1,22.7,50.8,12.1,52.9,4.0,6.2,5.8,4.4,0.5,5.9,8.4,10.4,10.2,10.2,6.4,18.8,19.2,NS,1.33,1,N_EXCLUSIVE_GREEN,36.5
6.433333333333334,0.9936,-0.1132,0,22.0,38.5,21.2,20.1,0.8,2.0,6.3,7.4,6.1,7.5,0.2,2.0,2.8,13.7,13.6,2.2,25.1,NS,2.78,2,S_EXCLUSIVE_GREEN,41.8
12.716666666666667,-0.1865,-0.9825,0,32.4,24.6,22.9,32.8,6.0,5.9,1.8,0.7,1.6,3.3,3.4,4.4,11.9,2.5,4.9,7.800000000000001,14.4,NS,2.32,1,N_EXCLUSIVE_GREEN,36.1
5.65,0.9958,0.0915,0,30.9,24.0,20.4,38.1,3.4,7.6,0.4,6.5,2.6,1.7,5.4,6.8,11.0,6.9,4.3,12.2,22.1,EW,2.23,4,W_EXCLUSIVE_GREEN,38.5
12.583333333333334,-0.1521,-0.9884,0,20.6,30.9,40.0,31.4,3.1,1.2,6.1,2.2,2.5,7.1,2.3,5.6,4.3,8.3,9.6,7.8999999999999995,13.7,EW,1.2,0,BALANCED_PHASE,32.8
9.3,0.6494,-0.7604,1,99.4,16.2,117.6,13.1,11.0,19.0,2.9,1.7,11.8,27.6,3.4,2.3,30.0,4.6,39.400000000000006,5.699999999999999,58.4,EW,7.13,3,E_EXCLUSIVE_GREEN,45.0
6.45,0.9931,-0.1175,0,23.9,23.8,30.4,35.3,1.0,4.3,4.6,5.7,4.7,9.4,2.6,1.9,5.3,10.3,14.100000000000001,4.5,17.4,EW,1.91,3,E_EXCLUSIVE_GREEN,41.3
19.683333333333334,-0.9045,0.4266,0,29.8,17.5,30.2,76.6,5.8,13.3,1.8,1.1,5.8,5.9,5.0,16.2,19.1,2.9000000000000004,11.7,21.2,44.0,EW,2.0,4,W_EXCLUSIVE_GREEN,45.0
14.716666666666667,-0.6528,-0.7576,0,18.9,21.5,19.7,86.7,1.0,9.5,3.6,2.4,1.5,6.1,5.6,6.3,10.5,6.0,7.6,11.899999999999999,15.5,EW,2.43,4,W_EXCLUSIVE_GREEN,45.0
23.166666666666668,-0.2164,0.9763,0,35.7,25.2,20.3,29.0,1.5,5.8,0.2,1.7,0.2,0.6,0.9,3.2,7.3,1.9,0.8,4.1000000000000005,15.5,NS,1.94,1,N_EXCLUSIVE_GREEN,27.6
9.533333333333333,0.6018,-0.7986,0,24.3,20.5,34.7,27.1,2.6,0.9,5.4,1.2,2.7,5.6,1.5,1.1,3.5,6.6000000000000005,8.3,2.6,13.7,EW,1.79,3,E_EXCLUSIVE_GREEN,29.2
19.35,-0.9382,0.3461,1,24.8,53.3,15.9,73.4,4.4,3.5,5.3,10.3,4.5,9.1,6.5,12.7,7.9,15.600000000000001,13.6,19.2,39.4,EW,1.96,4,W_EXCLUSIVE_GREEN,45.0
2.8666666666666667,0.682,0.7314,0,20.3,34.0,23.2,38.5,1.7,4.2,7.3,5.0,1.3,5.6,1.6,11.6,5.9,12.3,6.8999999999999995,13.2,27.5,EW,1.73,4,W_EXCLUSIVE_GREEN,41.1
7.716666666666667,0.9007,-0.4344,1,84.9,17.4,89.1,25.7,10.6,15.7,1.9,6.0,11.3,21.5,9.5,6.3,26.299999999999997,7.9,32.8,15.8,55.3,EW,2.36,3,E_EXCLUSIVE_GREEN,45.0
9.233333333333333,0.6626,-0.749,1,109.5,15.4,109.6,13.8,6.6,18.6,0.2,1.8,9.7,17.3,0.7,0.9,25.200000000000003,2.0,27.0,1.6,45.6,NS,8.44,1,N_EXCLUSIVE_GREEN,45.0
6.15,0.9992,-0.0393,0,21.7,54.4,21.8,17.5,2.0,3.6,2.6,7.2,1.6,3.3,0.4,4.8,5.6,9.8,4.9,5.2,9.8,NS,1.98,2,S_EXCLUSIVE_GREEN,35.4
15.65,-0.8166,-0.5771,0,23.9,24.4,28.4,26.9,0.2,3.8,3.3,1.3,1.7,6.0,5.1,2.3,4.0,4.6,7.7,7.3999999999999995,16.9,EW,1.01,0,BALANCED_PHASE,27.2
2.4833333333333334,0.6053,0.796,0,32.2,21.3,21.9,32.7,1.1,5.8,1.8,6.4,0.8,4.2,4.3,3.2,6.9,8.200000000000001,5.0,7.5,13.6,NS,1.26,0,BALANCED_PHASE,28.6
20.6,-0.7771,0.6293,0,24.1,22.4,17.2,118.1,3.1,1.8,1.6,7.2,0.3,5.2,6.7,36.1,4.9,8.8,5.5,42.800000000000004,53.6,EW,7.04,4,W_EXCLUSIVE_GREEN,45.0
15.416666666666666,-0.7799,-0.6259,0,60.4,32.6,25.0,19.2,3.1,13.3,1.4,7.1,6.1,2.6,0.2,0.5,16.400000000000002,8.5,8.7,0.7,16.9,NS,1.84,1,N_EXCLUSIVE_GREEN,45.0
3.8166666666666664,0.841,0.541,0,25.2,20.6,34.1,27.2,2.3,6.1,7.8,2.9,3.5,8.2,2.9,9.1,8.399999999999999,10.7,11.7,12.0,20.2,EW,1.07,0,BALANCED_PHASE,37.2
5.85,0.9992,0.0393,0,33.9,31.5,33.4,32.1,2.5,13.3,6.7,5.0,1.2,9.2,2.4,8.3,15.8,11.7,10.399999999999999,10.700000000000001,16.2,NS,1.22,0,BALANCED_PHASE,44.3
16.483333333333334,-0.9222,-0.3867,0,29.1,54.1,23.3,21.7,4.2,5.7,6.2,11.1,1.6,2.9,2.8,3.2,9.9,17.3,4.5,6.0,22.3,NS,1.73,2,S_EXCLUSIVE_GREEN,45.0
3.4833333333333334,0.7907,0.6122,0,19.4,19.4,25.7,82.4,4.2,2.9,1.9,4.4,4.0,2.0,7.8,8.3,7.1,6.300000000000001,6.0,16.1,22.1,EW,2.8,4,W_EXCLUSIVE_GREEN,45.0
21.55,-0.5983,0.8013,0,28.0,24.3,22.9,32.5,3.4,2.5,1.3,7.6,1.1,1.0,1.3,4.3,5.9,8.9,2.1,5.6,17.5,NS,1.29,0,BALANCED_PHASE,29.6
19.333333333333332,-0.9397,0.342,1,12.9,55.2,19.7,50.6,0.5,2.5,3.7,8.8,0.1,2.2,3.5,12.7,3.0,12.5,2.3000000000000003,16.2,32.0,EW,3.91,4,W_EXCLUSIVE_GREEN,45.0
14.65,-0.6394,-0.7688,0,20.6,30.5,21.5,35.3,0.5,5.1,6.0,4.2,6.7,3.9,2.8,5.7,5.6,10.2,10.6,8.5,16.5,EW,1.33,0,BALANCED_PHASE,34.2
16.45,-0.9188,-0.3947,0,21.9,21.9,23.4,36.2,6.8,6.5,4.3,2.1,2.8,6.4,7.9,5.2,13.3,6.4,9.2,13.100000000000001,19.6,EW,1.41,4,W_EXCLUSIVE_GREEN,39.7
17.466666666666665,-0.9903,-0.1392,1,23.2,71.8,26.9,46.9,2.7,1.2,4.2,11.7,5.1,4.6,3.5,12.9,3.9000000000000004,15.899999999999999,9.7,16.4,32.5,NS,3.35,2,S_EXCLUSIVE_GREEN,45.0
5.783333333333333,0.9984,0.0567,0,24.3,28.2,27.4,31.8,1.6,0.7,3.0,6.5,2.4,3.3,1.1,3.2,2.3,9.5,5.699999999999999,4.300000000000001,10.3,EW,1.17,0,BALANCED_PHASE,23.2
14.266666666666667,-0.5592,-0.829,0,23.2,20.7,28.0,35.7,3.2,1.4,0.3,2.8,1.9,10.8,2.4,5.0,4.6,3.0999999999999996,12.700000000000001,7.4,20.1,EW,1.47,3,E_EXCLUSIVE_GREEN,38.8
20.283333333333335,-0.8266,0.5628,0,20.1,22.8,32.0,26.0,0.6,6.4,3.4,2.3,1.8,3.2,0.4,5.1,7.0,5.699999999999999,5.0,5.5,14.4,EW,1.11,0,BALANCED_PHASE,23.2
16.516666666666666,-0.9255,-0.3786,1,12.7,90.3,16.8,102.5,0.2,0.5,8.3,16.1,2.2,1.6,10.2,17.8,0.7,24.400000000000002,3.8000000000000003,28.0,45.2,EW,6.34,4,W_EXCLUSIVE_GREEN,45.0
20.25,-0.8315,0.5556,0,59.1,17.7,17.9,18.8,5.7,10.3,0.3,0.5,0.6,3.6,2.8,4.6,16.0,0.8,4.2,7.3999999999999995,26.5,NS,5.75,1,N_EXCLUSIVE_GREEN,45.0
22.3,-0.4305,0.9026,0,30.8,24.6,82.1,32.1,2.7,5.8,3.4,3.4,14.2,11.0,2.4,4.1,8.5,6.8,25.2,6.5,52.0,EW,3.1,3,E_EXCLUSIVE_GREEN,45.0
10.95,0.2714,-0.9625,0,24.6,22.1,37.4,30.0,4.7,1.3,4.9,4.1,2.5,4.0,7.5,7.0,6.0,9.0,6.5,14.5,18.1,EW,1.69,3,E_EXCLUSIVE_GREEN,42.5
4.15,0.885,0.4656,0,23.1,57.7,28.5,30.2,1.6,5.5,3.3,14.0,1.7,1.7,2.0,4.0,7.1,17.3,3.4,6.0,27.3,NS,2.36,2,S_EXCLUSIVE_GREEN,45.0
22.216666666666665,-0.4501,0.893,0,29.9,25.8,17.8,113.3,3.6,10.1,0.7,4.3,0.4,0.6,16.6,19.8,13.7,5.0,1.0,36.400000000000006,56.7,EW,11.68,4,W_EXCLUSIVE_GREEN,45.0
10.566666666666666,0.3665,-0.9304,0,32.6,22.9,20.8,28.1,3.9,4.7,3.5,2.9,1.1,5.8,5.7,3.0,8.6,6.4,6.9,8.7,16.4,NS,1.32,0,BALANCED_PHASE,29.7
1.2166666666666668,0.3132,0.9497,0,22.2,21.7,28.7,38.0,6.3,1.6,5.1,1.0,0.8,4.9,1.3,5.7,7.9,6.1,5.7,7.0,17.0,EW,1.22,0,BALANCED_PHASE,27.5
12.95,-0.2462,-0.9692,0,28.0,27.1,21.1,26.2,1.2,6.7,4.3,1.9,2.8,1.8,0.4,6.3,7.9,6.199999999999999,4.6,6.7,16.4,NS,1.11,0,BALANCED_PHASE,27.5
22.016666666666666,-0.4962,0.8682,0,35.7,30.1,22.0,25.0,2.4,1.2,4.1,5.8,3.0,1.8,1.4,2.5,3.5999999999999996,9.899999999999999,4.8,3.9,16.5,NS,1.68,1,N_EXCLUSIVE_GREEN,32.9
18.4,-0.9945,0.1045,1,13.0,80.2,14.8,47.5,1.4,2.0,7.3,10.2,0.2,2.7,5.1,7.9,3.4,17.5,2.9000000000000004,13.0,31.5,NS,5.15,2,S_EXCLUSIVE_GREEN,45.0
15.0,-0.7071,-0.7071,0,24.6,25.0,26.8,26.2,2.8,0.7,7.8,2.2,4.2,0.9,2.5,3.2,3.5,10.0,5.1000000000000005,5.7,16.6,EW,1.02,0,BALANCED_PHASE,22.9
9.8,0.5446,-0.8387,0,19.6,22.9,30.8,50.9,8.8,3.6,1.0,3.1,1.8,3.3,5.6,6.0,12.4,4.1,5.1,11.6,13.2,EW,1.85,4,W_EXCLUSIVE_GREEN,38.7
17.783333333333335,-0.9984,-0.0567,1,13.2,137.6,23.7,70.6,0.5,3.1,27.2,15.5,1.2,2.9,13.9,14.9,3.6,42.7,4.1,28.8,66.0,NS,10.41,2,S_EXCLUSIVE_GREEN,45.0
23.566666666666666,-0.1132,0.9936,0,27.0,22.8,31.2,30.3,4.6,4.0,1.0,1.3,1.5,4.9,6.7,1.6,8.6,2.3,6.4,8.3,18.2,EW,1.12,0,BALANCED_PHASE,29.0
7.516666666666667,0.9222,-0.3867,1,69.7,15.7,99.9,13.8,10.9,10.3,0.4,2.8,11.5,17.8,1.9,0.9,21.200000000000003,3.1999999999999997,29.3,2.8,51.0,EW,8.13,3,E_EXCLUSIVE_GREEN,45.0
7.283333333333333,0.9441,-0.3297,1,138.8,17.1,78.9,23.0,13.8,20.9,1.0,2.5,8.6,13.1,1.8,5.3,34.7,3.5,21.7,7.1,73.6,NS,8.42,1,N_EXCLUSIVE_GREEN,45.0
13.516666666666667,-0.3867,-0.9222,0,19.5,17.6,63.7,24.8,1.5,3.3,2.6,1.5,3.1,7.6,5.7,6.1,4.8,4.1,10.7,11.8,23.2,EW,1.52,3,E_EXCLUSIVE_GREEN,42.4
21.716666666666665,-0.5628,0.8266,0,27.9,21.4,33.9,20.5,1.6,2.1,0.6,10.0,3.0,4.4,0.5,0.7,3.7,10.6,7.4,1.2,21.8,NS,1.91,1,N_EXCLUSIVE_GREEN,33.4
23.166666666666668,-0.2164,0.9763,0,34.7,25.0,24.0,28.2,2.1,11.3,4.9,7.5,2.1,4.4,4.1,9.7,13.4,12.4,6.5,13.799999999999999,21.4,NS,1.14,0,BALANCED_PHASE,40.2
4.65,0.9382,0.3461,0,27.1,28.9,20.3,23.6,1.4,4.0,2.3,5.2,0.2,3.2,0.9,2.3,5.4,7.5,3.4000000000000004,3.1999999999999997,14.5,NS,1.17,0,BALANCED_PHASE,26.6
12.616666666666667,-0.1607,-0.987,0,27.2,32.6,34.3,30.0,2.3,5.4,2.5,5.8,2.4,4.1,3.7,3.6,7.7,8.3,6.5,7.300000000000001,8.4,EW,1.09,0,BALANCED_PHASE,26.6
0.08333333333333333,0.0218,0.9998,0,22.7,21.1,27.9,26.0,2.0,5.7,1.5,4.7,3.0,1.2,1.8,1.2,7.7,6.2,4.2,3.0,11.4,EW,1.12,0,BALANCED_PHASE,19.6
4.916666666666667,0.96,0.2798,0,20.0,37.9,25.3,36.9,2.9,4.0,0.3,5.2,1.5,5.9,0.9,5.9,6.9,5.5,7.4,6.800000000000001,9.7,EW,1.2,0,BALANCED_PHASE,27.4
1.2666666666666666,0.3256,0.9455,0,23.4,62.9,19.7,17.2,3.3,9.9,16.2,22.8,1.7,3.2,6.3,5.6,13.2,39.0,4.9,11.899999999999999,57.0,NS,2.81,2,S_EXCLUSIVE_GREEN,45.0
14.333333333333334,-0.5736,-0.8192,0,25.1,23.7,19.2,76.2,1.4,0.9,4.1,3.6,0.3,3.1,17.9,17.4,2.3,7.699999999999999,3.4,35.3,59.4,EW,6.53,4,W_EXCLUSIVE_GREEN,45.0
8.8,0.7431,-0.6691,1,54.8,14.3,62.1,18.5,6.3,3.0,0.3,0.9,3.4,4.4,0.9,4.9,9.3,1.2,7.800000000000001,5.800000000000001,9.9,EW,2.02,3,E_EXCLUSIVE_GREEN,32.8
13.266666666666667,-0.3256,-0.9455,0,28.9,29.6,30.4,26.8,1.3,3.1,1.3,1.7,6.0,7.6,1.8,4.5,4.4,3.0,13.6,6.3,17.0,EW,1.62,3,E_EXCLUSIVE_GREEN,39.4
15.016666666666667,-0.7102,-0.704,0,21.7,38.8,21.7,27.4,1.3,2.5,2.7,3.3,1.4,1.9,7.2,2.6,3.8,6.0,3.3,9.8,14.4,NS,1.59,2,S_EXCLUSIVE_GREEN,25.4
1.3666666666666667,0.3502,0.9367,0,50.8,17.5,19.0,27.1,4.7,6.6,2.3,3.3,0.5,5.6,2.5,3.8,11.3,5.6,6.1,6.3,21.7,NS,2.23,1,N_EXCLUSIVE_GREEN,38.9
20.033333333333335,-0.8616,0.5075,0,30.7,22.1,30.9,27.7,5.3,8.1,4.4,8.0,3.9,10.0,4.7,1.2,13.399999999999999,12.4,13.9,5.9,24.4,NS,1.13,0,BALANCED_PHASE,39.8
7.2,0.9511,-0.309,1,73.6,21.0,110.9,16.8,5.1,9.8,1.5,0.7,13.7,22.0,2.4,3.8,14.9,2.2,35.7,6.199999999999999,71.4,EW,5.76,3,E_EXCLUSIVE_GREEN,45.0
0.65,0.1693,0.9856,0,21.6,65.4,23.3,22.2,2.1,2.5,8.2,5.0,1.4,4.5,2.2,6.1,4.6,13.2,5.9,8.3,23.5,NS,2.79,2,S_EXCLUSIVE_GREEN,45.0
15.7,-0.8241,-0.5664,0,18.3,56.5,20.9,31.1,0.8,1.9,6.3,11.3,2.5,2.1,1.5,2.7,2.7,17.6,4.6,4.2,32.3,NS,4.21,2,S_EXCLUSIVE_GREEN,45.0
14.733333333333333,-0.6561,-0.7547,0,19.8,18.6,50.9,17.3,4.8,6.4,0.9,2.5,4.3,16.0,2.9,2.3,11.2,3.4,20.3,5.199999999999999,33.1,EW,3.32,3,E_EXCLUSIVE_GREEN,45.0
5.633333333333333,0.9954,0.0958,0,37.5,20.3,29.4,27.1,7.8,3.3,0.7,1.2,3.0,3.4,0.5,0.7,11.1,1.9,6.4,1.2,22.0,NS,2.88,1,N_EXCLUSIVE_GREEN,36.2
23.75,-0.0654,0.9979,0,27.1,81.4,18.6,18.2,3.2,1.4,7.9,19.0,1.9,2.1,1.0,1.8,4.6,26.9,4.0,2.8,54.0,NS,4.11,2,S_EXCLUSIVE_GREEN,45.0
9.1,0.6884,-0.7254,1,144.9,15.8,111.3,13.3,10.9,17.0,3.7,7.3,9.8,13.0,2.4,2.5,27.9,11.0,22.8,4.9,34.1,NS,3.88,1,N_EXCLUSIVE_GREEN,45.0
18.016666666666666,-1.0,0.0044,1,24.0,69.5,13.4,60.3,3.7,6.2,9.6,13.1,1.3,1.7,8.0,7.0,9.9,22.7,3.0,15.0,36.2,NS,2.41,2,S_EXCLUSIVE_GREEN,45.0
9.6,0.5878,-0.809,0,20.9,33.0,35.0,22.7,3.7,3.0,2.1,4.0,2.0,8.9,0.8,1.2,6.7,6.1,10.9,2.0,22.9,EW,2.54,3,E_EXCLUSIVE_GREEN,35.4
12.416666666666666,-0.1089,-0.9941,0,31.6,21.1,36.2,24.1,3.0,6.2,0.8,2.0,7.6,4.7,0.8,4.9,9.2,2.8,12.3,5.7,25.9,EW,1.77,3,E_EXCLUSIVE_GREEN,38.7
6.066666666666666,0.9998,-0.0175,0,22.0,29.5,24.2,26.0,4.7,6.3,2.7,3.3,3.2,2.0,4.1,2.6,11.0,6.0,5.2,6.699999999999999,23.0,NS,1.55,1,N_EXCLUSIVE_GREEN,34.6
20.25,-0.8315,0.5556,0,24.5,20.9,80.6,23.6,4.8,2.2,2.1,2.8,8.1,12.1,0.9,5.8,7.0,4.9,20.2,6.7,29.3,EW,3.05,3,E_EXCLUSIVE_GREEN,45.0
21.633333333333333,-0.5807,0.8141,0,24.6,34.9,21.9,32.4,0.9,9.1,2.3,8.1,0.6,7.4,3.2,3.6,10.0,10.399999999999999,8.0,6.800000000000001,20.6,NS,1.13,0,BALANCED_PHASE,34.1
18.833333333333332,-0.9763,0.2164,1,18.4,89.0,24.5,46.7,1.2,0.9,8.5,13.0,2.0,5.6,5.1,14.7,2.1,21.5,7.6,19.799999999999997,26.0,NS,6.26,2,S_EXCLUSIVE_GREEN,45.0
1.3666666666666667,0.3502,0.9367,0,29.4,24.4,37.4,29.4,2.0,4.4,2.6,4.7,7.6,11.8,6.3,3.7,6.4,7.300000000000001,19.4,10.0,36.5,EW,1.64,3,E_EXCLUSIVE_GREEN,45.0
21.383333333333333,-0.6327,0.7744,0,25.6,22.6,113.2,17.5,3.4,3.3,4.4,1.4,24.2,28.3,0.8,3.9,6.699999999999999,5.800000000000001,52.5,4.7,65.8,EW,8.64,3,E_EXCLUSIVE_GREEN,45.0
0.9,0.2334,0.9724,0,32.3,24.6,21.9,28.3,2.1,6.1,4.1,5.0,0.2,2.8,6.4,1.7,8.2,9.1,3.0,8.1,11.8,NS,1.14,0,BALANCED_PHASE,30.2
15.1,-0.7254,-0.6884,0,20.9,30.0,20.5,26.1,1.8,1.3,3.1,2.6,7.7,2.4,0.9,5.4,3.1,5.7,10.1,6.300000000000001,22.0,EW,1.41,3,E_EXCLUSIVE_GREEN,32.1
11.666666666666666,0.0872,-0.9962,0,24.0,31.1,25.2,36.1,3.2,1.7,4.7,8.2,2.0,2.6,8.0,3.9,4.9,12.899999999999999,4.6,11.9,16.6,EW,1.88,4,W_EXCLUSIVE_GREEN,36.9
14.75,-0.6593,-0.7518,0,26.3,82.3,27.3,32.7,0.8,1.7,7.8,14.6,1.8,4.4,6.8,3.5,2.5,22.4,6.2,10.3,47.9,NS,4.7,2,S_EXCLUSIVE_GREEN,45.0
23.55,-0.1175,0.9931,0,28.4,22.6,27.0,21.1,1.7,5.9,2.2,3.2,10.3,7.6,3.3,3.3,7.6000000000000005,5.4,17.9,6.6,18.2,EW,2.06,3,E_EXCLUSIVE_GREEN,45.0
8.65,0.7688,-0.6394,1,72.0,16.7,69.2,25.0,7.7,21.7,2.1,1.0,4.3,12.6,2.7,2.4,29.4,3.1,16.9,5.1,58.3,NS,6.31,1,N_EXCLUSIVE_GREEN,45.0
17.816666666666666,-0.9988,-0.048,1,12.1,78.5,16.6,54.4,0.2,0.6,8.7,11.8,0.9,1.5,6.5,6.6,0.8,20.5,2.4,13.1,26.3,NS,9.71,2,S_EXCLUSIVE_GREEN,45.0
15.483333333333333,-0.7907,-0.6122,0,23.3,21.3,35.5,21.4,3.7,3.0,0.7,2.3,4.1,5.6,3.4,6.0,6.7,3.0,9.7,9.4,15.2,EW,1.18,0,BALANCED_PHASE,32.3
23.616666666666667,-0.1002,0.995,0,22.8,55.7,18.7,24.1,1.6,13.6,4.9,3.4,1.4,2.5,2.7,4.8,15.2,8.3,3.9,7.5,21.7,NS,1.97,1,N_EXCLUSIVE_GREEN,45.0
2.283333333333333,0.5628,0.8266,0,27.6,20.4,29.0,31.8,0.4,9.3,1.4,2.8,2.2,1.8,3.8,4.0,9.700000000000001,4.199999999999999,4.0,7.8,13.8,EW,1.37,0,BALANCED_PHASE,27.7
7.8,0.891,-0.454,1,61.3,12.7,79.4,23.5,7.7,7.0,0.9,1.6,9.3,17.2,0.8,5.8,14.7,2.5,26.5,6.6,30.1,EW,3.59,3,E_EXCLUSIVE_GREEN,45.0
14.6,-0.6293,-0.7771,0,39.8,20.0,22.2,22.4,1.8,4.1,1.1,3.4,6.1,2.9,0.9,3.0,5.8999999999999995,4.5,9.0,3.9,10.2,NS,1.54,1,N_EXCLUSIVE_GREEN,25.0
12.35,-0.0915,-0.9958,0,18.2,19.2,112.3,22.5,4.7,3.7,1.9,4.8,16.4,16.1,0.9,3.1,8.4,6.699999999999999,32.5,4.0,71.0,EW,6.11,3,E_EXCLUSIVE_GREEN,45.0
5.516666666666667,0.992,0.1262,0,31.7,29.4,135.7,21.0,0.7,5.0,6.1,3.4,12.6,20.6,1.5,4.4,5.7,9.5,33.2,5.9,38.6,EW,5.7,3,E_EXCLUSIVE_GREEN,45.0
10.283333333333333,0.4344,-0.9007,0,34.9,23.6,24.3,22.4,5.0,3.4,3.1,2.0,6.5,2.1,0.6,1.5,8.4,5.1,8.6,2.1,12.2,NS,1.49,1,N_EXCLUSIVE_GREEN,29.3
22.933333333333334,-0.2756,0.9613,0,58.9,19.0,29.1,24.8,6.1,10.9,1.1,1.4,2.3,8.6,0.3,2.8,17.0,2.5,10.899999999999999,3.0999999999999996,30.1,NS,4.24,1,N_EXCLUSIVE_GREEN,45.0
16.2,-0.891,-0.454,0,20.6,18.3,18.1,52.8,0.6,7.9,2.1,3.6,0.9,0.8,5.1,12.8,8.5,5.7,1.7000000000000002,17.9,32.2,EW,4.9,4,W_EXCLUSIVE_GREEN,45.0
15.583333333333334,-0.8064,-0.5913,0,21.8,32.9,35.7,21.6,0.1,4.1,3.2,2.2,7.2,14.2,4.7,5.8,4.199999999999999,5.4,21.4,10.5,42.6,EW,1.86,3,E_EXCLUSIVE_GREEN,45.0
22.5,-0.3827,0.9239,0,25.6,22.7,23.3,33.1,1.7,3.4,4.5,2.7,0.8,2.2,2.8,4.4,5.1,7.2,3.0,7.2,13.9,EW,1.69,4,W_EXCLUSIVE_GREEN,26.8
15.466666666666667,-0.788,-0.6157,0,28.9,27.7,29.1,29.3,6.7,3.2,5.5,2.3,1.3,10.8,5.2,17.0,9.9,7.8,12.100000000000001,22.2,24.4,EW,1.52,4,W_EXCLUSIVE_GREEN,45.0
2.3,0.5664,0.8241,0,28.2,51.7,24.1,23.1,4.1,6.3,19.1,6.9,1.5,5.5,0.6,2.1,10.399999999999999,26.0,7.0,2.7,56.6,NS,2.2,2,S_EXCLUSIVE_GREEN,45.0
9.7,0.5664,-0.8241,0,25.1,23.4,39.7,26.3,2.1,5.9,2.4,5.1,3.8,2.6,2.1,1.0,8.0,7.5,6.4,3.1,12.8,EW,1.62,3,E_EXCLUSIVE_GREEN,26.2
15.583333333333334,-0.8064,-0.5913,0,21.9,24.0,29.9,20.7,4.3,5.0,3.3,5.4,10.9,12.6,0.9,4.1,9.3,8.7,23.5,5.0,35.2,EW,3.06,3,E_EXCLUSIVE_GREEN,45.0
13.783333333333333,-0.4501,-0.893,0,22.9,23.6,20.1,31.3,0.3,2.1,0.3,3.0,2.3,2.3,4.8,7.7,2.4,3.3,4.6,12.5,15.5,EW,2.06,4,W_EXCLUSIVE_GREEN,37.2
11.733333333333333,0.0698,-0.9976,0,28.1,28.9,20.9,22.7,2.0,4.2,3.4,2.1,1.5,4.5,0.4,3.4,6.2,5.5,6.0,3.8,10.4,NS,1.03,0,BALANCED_PHASE,23.6
9.266666666666667,0.6561,-0.7547,1,71.2,23.5,101.4,16.3,11.4,11.9,1.5,2.1,10.8,19.8,1.0,1.5,23.3,3.6,30.6,2.5,40.3,EW,8.13,3,E_EXCLUSIVE_GREEN,45.0
7.116666666666666,0.9576,-0.2882,1,63.2,20.3,47.7,13.4,6.3,7.5,1.9,5.6,6.3,8.9,1.3,0.6,13.8,7.5,15.2,1.9,24.0,NS,2.19,1,N_EXCLUSIVE_GREEN,45.0
23.2,-0.2079,0.9781,0,21.0,147.0,28.2,22.8,2.0,1.2,8.6,20.2,2.1,2.4,1.2,4.9,3.2,28.799999999999997,4.5,6.1000000000000005,29.1,NS,7.37,2,S_EXCLUSIVE_GREEN,45.0
6.216666666666667,0.9984,-0.0567,0,36.9,22.1,22.6,20.9,4.7,8.5,2.7,4.3,3.0,5.2,1.0,1.9,13.2,7.0,8.2,2.9,14.3,NS,1.73,1,N_EXCLUSIVE_GREEN,39.5
8.766666666666667,0.749,-0.6626,1,50.0,13.2,115.4,18.6,5.7,12.6,2.3,0.5,8.0,21.2,1.6,0.5,18.3,2.8,29.2,2.1,46.8,EW,8.27,3,E_EXCLUSIVE_GREEN,45.0
18.8,-0.9781,0.2079,1,23.0,89.9,17.5,65.4,2.0,3.4,7.9,14.0,0.6,0.9,5.7,7.1,5.4,21.9,1.5,12.8,32.1,NS,3.8,2,S_EXCLUSIVE_GREEN,45.0
16.633333333333333,-0.9367,-0.3502,1,17.8,148.3,15.9,106.6,2.3,3.0,21.3,25.5,1.7,1.3,10.6,25.6,5.3,46.8,3.0,36.2,94.8,NS,8.17,2,S_EXCLUSIVE_GREEN,45.0
9.1,0.6884,-0.7254,1,60.0,23.7,83.6,20.6,6.7,12.7,4.9,2.5,9.3,9.4,2.5,4.2,19.4,7.4,18.700000000000003,6.7,21.8,EW,3.13,3,E_EXCLUSIVE_GREEN,45.0
6.3,0.9969,-0.0785,0,19.7,107.2,24.7,22.6,1.0,3.6,17.7,18.4,3.4,9.6,2.8,1.8,4.6,36.099999999999994,13.0,4.6,50.7,NS,6.36,2,S_EXCLUSIVE_GREEN,45.0
9.0,0.7071,-0.7071,1,53.3,24.6,61.9,17.3,7.9,11.0,1.4,1.1,9.3,11.6,0.5,1.6,18.9,2.5,20.9,2.1,27.2,EW,5.48,3,E_EXCLUSIVE_GREEN,45.0
22.566666666666666,-0.3665,0.9304,0,91.4,29.6,26.0,21.6,4.1,11.7,1.6,8.1,1.8,2.2,2.6,5.7,15.799999999999999,9.7,4.0,8.3,25.8,NS,2.12,1,N_EXCLUSIVE_GREEN,45.0
1.5833333333333335,0.4027,0.9153,0,20.6,102.3,18.4,25.8,0.3,1.1,8.7,20.1,5.4,3.5,1.5,6.4,1.4000000000000001,28.8,8.9,7.9,41.9,NS,8.19,2,S_EXCLUSIVE_GREEN,45.0
20.916666666666668,-0.7224,0.6915,0,30.7,27.4,22.0,20.7,9.3,6.3,4.4,2.2,0.9,2.9,3.9,1.7,15.600000000000001,6.6000000000000005,3.8,5.6,23.6,NS,1.73,1,N_EXCLUSIVE_GREEN,44.1
3.9166666666666665,0.8549,0.5188,0,21.3,30.7,89.6,30.7,0.4,2.7,3.5,2.2,14.1,15.6,2.0,5.3,3.1,5.7,29.7,7.3,39.9,EW,3.41,3,E_EXCLUSIVE_GREEN,45.0
15.5,-0.7934,-0.6088,0,25.7,30.7,36.8,39.9,5.4,3.4,1.4,2.6,6.1,4.0,5.1,5.4,8.8,4.0,10.1,10.5,21.5,EW,1.03,0,BALANCED_PHASE,35.3
5.05,0.9692,0.2462,0,20.8,28.8,23.7,95.3,1.4,8.0,2.3,0.9,3.4,4.4,10.8,21.6,9.4,3.1999999999999997,7.800000000000001,32.400000000000006,47.9,EW,3.95,4,W_EXCLUSIVE_GREEN,45.0
3.8666666666666667,0.848,0.5299,0,25.7,23.1,26.3,51.3,1.4,3.2,1.7,2.8,3.9,6.2,8.8,6.0,4.6,4.5,10.1,14.8,28.9,EW,1.58,4,W_EXCLUSIVE_GREEN,45.0
2.6,0.6293,0.7771,0,27.1,35.4,32.4,20.7,3.5,6.1,5.0,4.1,1.6,10.9,3.6,3.1,9.6,9.1,12.5,6.7,18.0,NS,1.11,0,BALANCED_PHASE,32.4
1.15,0.2965,0.955,0,21.0,29.0,51.1,17.9,1.4,1.1,5.5,1.7,3.7,8.8,1.6,1.3,2.5,7.2,12.5,2.9000000000000004,15.2,EW,3.26,3,E_EXCLUSIVE_GREEN,40.7
2.25,0.5556,0.8315,0,21.6,17.5,22.6,128.7,0.4,6.2,0.9,1.6,1.1,4.9,11.6,15.4,6.6000000000000005,2.5,6.0,27.0,41.9,EW,4.79,4,W_EXCLUSIVE_GREEN,45.0
19.633333333333333,-0.91,0.4147,0,21.0,20.7,28.9,26.8,0.4,2.3,0.4,5.0,3.7,5.3,1.4,2.2,2.6999999999999997,5.4,9.0,3.6,18.8,EW,1.56,3,E_EXCLUSIVE_GREEN,30.1
7.816666666666666,0.889,-0.4579,1,67.2,12.5,72.3,25.7,8.1,6.2,0.7,3.6,13.2,8.0,2.1,7.0,14.3,4.3,21.2,9.1,29.1,EW,2.42,3,E_EXCLUSIVE_GREEN,45.0
16.4,-0.9135,-0.4067,0,22.1,21.4,23.9,38.2,1.0,2.2,2.6,0.2,0.6,5.1,0.7,6.1,3.2,2.8000000000000003,5.699999999999999,6.8,14.6,EW,1.32,0,BALANCED_PHASE,26.9
14.316666666666666,-0.57,-0.8216,0,24.4,30.8,35.5,21.7,3.5,2.8,9.6,4.4,2.3,7.7,3.0,3.5,6.3,14.0,10.0,6.5,28.0,NS,1.73,2,S_EXCLUSIVE_GREEN,41.3
13.316666666666666,-0.3379,-0.9412,0,21.7,30.7,28.0,27.2,0.4,1.8,1.6,11.0,4.7,3.3,2.8,2.7,2.2,12.6,8.0,5.5,20.7,EW,1.19,0,BALANCED_PHASE,28.1
1.65,0.4187,0.9081,0,40.0,32.2,33.1,32.0,7.7,4.0,2.0,4.5,3.0,9.5,3.6,4.5,11.7,6.5,12.5,8.1,27.3,NS,1.47,1,N_EXCLUSIVE_GREEN,38.3
3.8,0.8387,0.5446,0,24.5,115.0,20.5,26.3,10.3,1.4,23.6,29.0,5.9,1.2,6.3,2.5,11.700000000000001,52.6,7.1000000000000005,8.8,83.3,NS,4.42,2,S_EXCLUSIVE_GREEN,45.0
8.7,0.7604,-0.6494,1,54.4,12.5,65.1,16.9,3.2,8.6,3.2,1.7,9.2,11.5,0.4,1.8,11.8,4.9,20.7,2.2,31.4,EW,5.55,3,E_EXCLUSIVE_GREEN,45.0
2.1666666666666665,0.5373,0.8434,0,66.8,31.1,22.6,28.4,5.9,14.4,9.4,3.8,5.8,1.0,5.0,4.9,20.3,13.2,6.8,9.9,29.0,NS,1.69,1,N_EXCLUSIVE_GREEN,45.0
5.0,0.9659,0.2588,0,25.1,21.8,38.3,32.3,3.4,4.0,2.8,2.8,6.5,3.0,2.4,6.9,7.4,5.6,9.5,9.3,10.9,EW,1.06,0,BALANCED_PHASE,32.0
22.633333333333333,-0.3502,0.9367,0,26.1,21.3,28.4,27.0,7.4,2.1,0.6,9.4,1.9,6.0,3.4,5.0,9.5,10.0,7.9,8.4,21.2,EW,1.02,0,BALANCED_PHASE,29.0
1.2333333333333334,0.3173,0.9483,0,19.8,19.5,104.3,23.5,1.1,2.2,2.1,4.7,9.1,21.0,0.3,7.8,3.3000000000000003,6.800000000000001,30.1,8.1,32.0,EW,3.83,3,E_EXCLUSIVE_GREEN,45.0
22.916666666666668,-0.2798,0.96,0,21.5,27.4,31.7,32.2,3.9,2.6,4.7,4.8,3.1,1.8,3.2,3.3,6.5,9.5,4.9,6.5,16.3,EW,1.1,0,BALANCED_PHASE,25.4
21.233333333333334,-0.6626,0.749,0,29.0,26.6,24.9,25.6,4.5,1.9,2.6,4.9,1.5,1.9,1.8,2.7,6.4,7.5,3.4,4.5,14.7,NS,1.09,0,BALANCED_PHASE,26.7
20.616666666666667,-0.7744,0.6327,0,27.5,34.2,31.6,26.5,0.7,7.7,9.8,3.9,2.4,4.4,2.5,0.9,8.4,13.700000000000001,6.800000000000001,3.4,23.8,NS,1.43,2,S_EXCLUSIVE_GREEN,40.9
6.45,0.9931,-0.1175,0,18.3,64.5,23.6,18.8,2.5,2.8,4.0,14.0,3.0,4.6,1.3,1.9,5.3,18.0,7.6,3.2,22.1,NS,3.27,2,S_EXCLUSIVE_GREEN,45.0
20.15,-0.8457,0.5336,0,24.0,40.0,22.1,37.1,6.8,2.9,0.6,6.6,2.6,2.5,5.6,10.3,9.7,7.199999999999999,5.1,15.9,18.6,NS,1.42,1,N_EXCLUSIVE_GREEN,33.5
4.066666666666666,0.8746,0.4848,0,21.0,27.9,74.7,22.0,7.2,2.3,3.1,4.1,4.5,11.3,0.7,2.2,9.5,7.199999999999999,15.8,2.9000000000000004,16.4,EW,3.94,3,E_EXCLUSIVE_GREEN,45.0
19.783333333333335,-0.893,0.4501,0,20.3,26.2,30.7,29.4,3.5,1.7,8.3,1.3,13.3,3.4,1.8,1.8,5.2,9.600000000000001,16.7,3.6,35.6,EW,2.29,3,E_EXCLUSIVE_GREEN,45.0
9.466666666666667,0.6157,-0.788,1,73.6,21.0,76.7,25.6,9.0,13.9,7.8,2.8,16.6,6.8,1.9,3.6,22.9,10.6,23.400000000000002,5.5,28.1,EW,3.48,3,E_EXCLUSIVE_GREEN,45.0
3.4833333333333334,0.7907,0.6122,0,22.7,20.2,20.6,33.4,2.8,5.1,1.7,6.1,0.4,3.7,1.9,5.9,7.8999999999999995,7.8,4.1000000000000005,7.800000000000001,8.6,EW,1.66,4,W_EXCLUSIVE_GREEN,27.5
22.416666666666668,-0.4027,0.9153,0,26.2,28.5,25.2,36.7,2.0,1.9,5.8,3.0,0.4,4.1,7.7,3.1,3.9,8.8,4.5,10.8,19.8,EW,1.81,4,W_EXCLUSIVE_GREEN,35.2
16.566666666666666,-0.9304,-0.3665,1,15.8,86.8,18.0,89.1,2.8,0.5,17.7,13.9,4.4,1.2,12.0,10.8,3.3,31.6,5.6000000000000005,22.8,35.4,NS,7.04,2,S_EXCLUSIVE_GREEN,45.0
15.466666666666667,-0.788,-0.6157,0,92.6,20.5,20.5,26.2,3.3,12.6,1.0,1.8,0.9,1.9,2.9,7.7,15.899999999999999,2.8,2.8,10.6,20.8,NS,4.65,1,N_EXCLUSIVE_GREEN,45.0
13.783333333333333,-0.4501,-0.893,0,20.6,30.0,72.4,23.6,0.7,3.6,0.9,3.5,10.2,10.8,4.7,2.7,4.3,4.4,21.0,7.4,29.4,EW,2.81,3,E_EXCLUSIVE_GREEN,45.0
0.08333333333333333,0.0218,0.9998,0,56.9,32.2,18.3,22.5,5.7,2.7,2.8,8.3,1.3,3.7,1.9,2.8,8.4,11.100000000000001,5.0,4.699999999999999,18.7,NS,1.47,1,N_EXCLUSIVE_GREEN,39.3
21.866666666666667,-0.5299,0.848,0,55.1,31.0,31.2,18.5,3.5,10.7,9.2,5.2,1.3,7.8,0.2,3.2,14.2,14.399999999999999,9.1,3.4000000000000004,19.3,NS,1.22,1,N_EXCLUSIVE_GREEN,45.0
5.5,0.9914,0.1305,0,32.3,22.4,37.9,29.2,1.6,10.8,2.9,6.8,11.6,5.9,0.7,3.1,12.4,9.7,17.5,3.8,25.8,EW,2.47,3,E_EXCLUSIVE_GREEN,45.0
14.966666666666667,-0.7009,-0.7133,0,28.2,31.5,21.4,50.4,5.7,6.2,2.1,10.9,0.7,1.1,4.6,10.2,11.9,13.0,1.8,14.799999999999999,16.8,EW,3.78,4,W_EXCLUSIVE_GREEN,45.0
20.866666666666667,-0.7314,0.682,0,23.2,26.7,21.1,20.8,3.8,5.2,0.3,9.3,3.1,1.4,5.9,9.3,9.0,9.600000000000001,4.5,15.200000000000001,28.5,NS,1.06,0,BALANCED_PHASE,31.8
2.5,0.6088,0.7934,0,22.3,31.2,108.4,18.6,2.8,5.7,1.1,4.1,14.5,11.3,4.0,0.7,8.5,5.199999999999999,25.8,4.7,35.7,EW,5.32,3,E_EXCLUSIVE_GREEN,45.0
10.7,0.3338,-0.9426,0,19.6,51.0,23.6,18.4,1.0,3.9,3.2,7.6,4.3,12.4,1.2,2.1,4.9,10.8,16.7,3.3,29.2,NS,2.25,2,S_EXCLUSIVE_GREEN,38.7
10.433333333333334,0.3987,-0.9171,0,37.9,39.1,27.6,30.0,4.0,4.1,2.8,4.5,1.1,5.8,4.6,3.9,8.1,7.3,6.9,8.5,8.9,NS,1.04,0,BALANCED_PHASE,29.1
9.7,0.5664,-0.8241,0,24.7,22.5,26.7,29.5,8.3,7.8,4.3,4.1,6.5,14.1,4.2,4.6,16.1,8.399999999999999,20.6,8.8,32.5,EW,1.81,3,E_EXCLUSIVE_GREEN,45.0
17.033333333333335,-0.9681,-0.2504,1,24.4,60.1,13.8,80.1,3.8,2.9,8.0,6.9,4.9,3.3,13.7,13.2,6.699999999999999,14.9,8.2,26.9,44.2,EW,3.75,4,W_EXCLUSIVE_GREEN,45.0
14.083333333333334,-0.5188,-0.8549,0,18.6,32.3,86.5,27.2,1.0,3.2,3.1,4.5,6.4,9.6,2.8,4.7,4.2,7.6,16.0,7.5,20.0,EW,2.48,3,E_EXCLUSIVE_GREEN,45.0
3.8166666666666664,0.841,0.541,0,24.0,37.1,24.9,34.4,1.2,2.9,0.9,3.6,4.8,2.2,4.3,3.3,4.1,4.5,7.0,7.6,15.7,EW,1.16,0,BALANCED_PHASE,28.0
16.866666666666667,-0.9563,-0.2924,1,21.8,127.6,15.3,73.8,3.8,6.4,21.5,22.7,0.7,1.0,4.6,17.0,10.2,44.2,1.7,21.6,71.7,NS,4.63,2,S_EXCLUSIVE_GREEN,45.0
0.7,0.1822,0.9833,0,27.5,38.8,21.3,39.5,1.7,3.8,7.9,15.0,4.9,5.3,2.9,4.5,5.5,22.9,10.2,7.4,26.3,NS,2.67,2,S_EXCLUSIVE_GREEN,45.0
14.433333333333334,-0.5948,-0.8039,0,17.3,25.7,121.9,30.3,2.8,3.4,2.1,2.1,13.8,25.0,7.4,3.2,6.199999999999999,4.2,38.8,10.600000000000001,82.8,EW,3.68,3,E_EXCLUSIVE_GREEN,45.0
19.8,-0.891,0.454,0,29.9,25.6,36.5,33.3,0.9,3.6,9.3,2.0,4.1,9.2,7.0,4.8,4.5,11.3,13.299999999999999,11.8,21.2,EW,1.09,0,BALANCED_PHASE,40.3
14.8,-0.6691,-0.7431,0,30.0,32.9,93.4,20.1,1.7,7.4,1.0,3.9,8.1,10.7,8.4,8.5,9.1,4.9,18.799999999999997,16.9,33.4,EW,1.75,3,E_EXCLUSIVE_GREEN,45.0
17.133333333333333,-0.9744,-0.225,1,25.8,78.4,25.5,63.9,1.6,5.3,5.1,11.4,1.6,1.1,6.5,7.8,6.9,16.5,2.7,14.3,17.4,NS,2.56,2,S_EXCLUSIVE_GREEN,45.0
9.466666666666667,0.6157,-0.788,1,50.3,13.5,99.3,18.2,3.1,7.3,2.7,0.9,12.1,23.4,3.4,1.6,10.4,3.6,35.5,5.0,68.3,EW,6.06,3,E_EXCLUSIVE_GREEN,45.0
22.516666666666666,-0.3786,0.9255,0,21.3,89.6,26.7,29.9,2.9,0.7,14.2,18.3,3.1,4.9,1.3,4.9,3.5999999999999996,32.5,8.0,6.2,67.4,NS,6.03,2,S_EXCLUSIVE_GREEN,45.0
22.166666666666668,-0.4617,0.887,0,72.8,20.4,18.7,29.2,5.8,10.4,3.3,2.2,1.8,4.8,2.5,2.1,16.2,5.5,6.6,4.6,30.9,NS,3.05,1,N_EXCLUSIVE_GREEN,45.0
17.433333333333334,-0.989,-0.1478,1,14.1,107.1,14.3,89.7,1.2,1.4,6.6,25.6,0.9,0.9,6.6,11.0,2.5999999999999996,32.2,1.8,17.6,67.3,NS,9.05,2,S_EXCLUSIVE_GREEN,45.0
2.2333333333333334,0.5519,0.8339,0,36.2,23.3,23.7,36.5,2.3,1.7,4.3,3.3,2.2,1.4,5.2,15.1,4.0,7.6,3.6,20.3,42.1,EW,3.12,4,W_EXCLUSIVE_GREEN,45.0
3.4833333333333334,0.7907,0.6122,0,26.7,21.7,22.2,28.4,1.7,7.6,1.4,2.2,4.6,3.7,2.3,3.4,9.299999999999999,3.6,8.3,5.699999999999999,20.2,EW,1.31,0,BALANCED_PHASE,28.7
20.883333333333333,-0.7284,0.6852,0,26.6,32.1,62.2,23.4,4.7,3.7,2.8,3.9,11.1,24.4,0.8,0.6,8.4,6.699999999999999,35.5,1.4,59.8,EW,7.29,3,E_EXCLUSIVE_GREEN,45.0
16.75,-0.9469,-0.3214,1,17.5,60.8,17.8,57.2,1.2,3.8,3.0,4.1,1.3,3.2,4.2,18.9,5.0,7.1,4.5,23.099999999999998,37.9,EW,4.03,4,W_EXCLUSIVE_GREEN,45.0
8.433333333333334,0.8039,-0.5948,1,53.4,21.9,105.9,17.5,2.5,6.8,1.8,3.2,6.6,9.4,1.5,0.5,9.3,5.0,16.0,2.0,20.6,EW,6.2,3,E_EXCLUSIVE_GREEN,45.0
15.5,-0.7934,-0.6088,0,28.7,72.8,26.2,20.9,1.6,1.9,11.1,15.0,1.4,8.5,0.7,3.1,3.5,26.1,9.9,3.8,29.9,NS,4.18,2,S_EXCLUSIVE_GREEN,45.0
12.2,-0.0523,-0.9986,0,23.5,24.3,29.1,20.5,3.2,4.7,1.9,7.4,3.1,3.2,2.8,6.7,7.9,9.3,6.300000000000001,9.5,10.9,EW,1.41,3,E_EXCLUSIVE_GREEN,30.3
16.783333333333335,-0.9497,-0.3132,1,17.8,85.6,16.9,75.9,0.9,1.5,17.3,13.6,4.5,1.0,5.7,10.5,2.4,30.9,5.5,16.2,50.2,NS,7.44,2,S_EXCLUSIVE_GREEN,45.0
4.916666666666667,0.96,0.2798,0,24.8,18.3,24.3,89.8,1.4,1.2,0.5,1.5,2.5,3.2,12.0,11.1,2.5999999999999996,2.0,5.7,23.1,44.2,EW,3.71,4,W_EXCLUSIVE_GREEN,45.0
10.983333333333333,0.263,-0.9648,0,39.4,25.7,29.0,26.6,2.9,3.4,1.0,3.2,4.5,5.0,1.1,8.3,6.3,4.2,9.5,9.4,10.6,NS,1.44,1,N_EXCLUSIVE_GREEN,25.7
8.866666666666667,0.7314,-0.682,1,71.6,13.6,56.5,15.1,6.8,16.0,3.2,4.6,3.0,13.4,0.9,5.1,22.8,7.8,16.4,6.0,27.8,NS,3.37,1,N_EXCLUSIVE_GREEN,45.0
0.3,0.0785,0.9969,0,22.7,39.1,22.0,39.4,3.0,7.1,1.3,8.0,10.0,0.7,1.5,9.2,10.1,9.3,10.7,10.7,16.4,EW,1.19,0,BALANCED_PHASE,35.1
18.616666666666667,-0.987,0.1607,1,26.7,74.2,24.9,47.0,0.5,5.5,9.5,9.4,4.1,2.7,2.6,3.1,6.0,18.9,6.8,5.7,32.6,NS,2.85,2,S_EXCLUSIVE_GREEN,45.0
21.516666666666666,-0.6053,0.796,0,28.7,30.8,21.4,22.9,2.4,2.2,3.0,3.1,1.8,8.1,1.7,7.5,4.6,6.1,9.9,9.2,21.1,NS,1.13,0,BALANCED_PHASE,24.9
14.566666666666666,-0.6225,-0.7826,0,26.9,27.3,22.4,22.0,2.0,3.7,0.8,11.7,1.3,3.7,4.6,3.8,5.7,12.5,5.0,8.399999999999999,14.9,NS,1.55,2,S_EXCLUSIVE_GREEN,36.4
10.583333333333334,0.3624,-0.932,0,22.1,35.3,32.4,27.5,0.3,2.6,8.1,1.5,1.2,2.5,1.9,5.5,2.9,9.6,3.7,7.4,17.2,EW,1.43,3,E_EXCLUSIVE_GREEN,27.4
12.483333333333333,-0.1262,-0.992,0,21.6,31.8,26.8,20.2,0.0,1.7,3.5,6.9,4.8,6.2,1.8,0.9,1.7,10.4,11.0,2.7,14.2,NS,2.57,2,S_EXCLUSIVE_GREEN,32.9
6.733333333333333,0.9816,-0.1908,0,22.5,24.5,23.4,50.7,1.7,1.5,2.0,8.3,3.0,1.9,3.4,5.9,3.2,10.3,4.9,9.3,14.1,EW,1.93,4,W_EXCLUSIVE_GREEN,34.1
7.9,0.8788,-0.4772,1,119.0,15.6,91.0,25.2,11.4,17.5,1.2,1.0,7.5,17.5,1.0,4.4,28.9,2.2,25.0,5.4,32.9,NS,9.05,1,N_EXCLUSIVE_GREEN,45.0
13.033333333333333,-0.2672,-0.9636,0,20.1,23.5,17.6,116.9,1.3,4.0,2.0,2.9,2.3,1.8,7.1,16.9,5.3,4.9,4.1,24.0,49.1,EW,5.83,4,W_EXCLUSIVE_GREEN,45.0
22.966666666666665,-0.2672,0.9636,0,23.5,36.9,24.2,24.2,4.2,5.5,2.4,4.3,3.8,3.5,2.3,3.9,9.7,6.699999999999999,7.3,6.199999999999999,14.6,NS,1.44,1,N_EXCLUSIVE_GREEN,32.5
12.7,-0.1822,-0.9833,0,30.6,31.2,20.3,34.7,4.8,5.1,6.6,7.6,1.7,4.9,1.5,4.7,9.899999999999999,14.2,6.6000000000000005,6.2,14.6,NS,1.24,0,BALANCED_PHASE,40.5
20.15,-0.8457,0.5336,0,27.7,22.5,23.8,24.5,6.5,4.9,4.4,3.1,3.4,6.5,1.5,7.1,11.4,7.5,9.9,8.6,23.9,NS,1.36,0,BALANCED_PHASE,35.2
1.1333333333333333,0.2924,0.9563,0,36.7,24.3,28.3,28.5,2.7,6.3,1.6,4.5,2.6,7.4,2.5,7.0,9.0,6.1,10.0,9.5,14.7,EW,1.0,0,BALANCED_PHASE,31.6
18.35,-0.9958,0.0915,1,20.0,55.1,20.3,107.9,0.7,4.1,8.6,6.4,7.5,3.3,15.3,16.7,4.8,15.0,10.8,32.0,52.3,EW,3.49,4,W_EXCLUSIVE_GREEN,45.0
3.9166666666666665,0.8549,0.5188,0,29.7,26.3,24.2,28.2,4.5,5.7,7.1,2.3,1.9,6.3,2.2,3.4,10.2,9.399999999999999,8.2,5.6,11.4,NS,1.06,0,BALANCED_PHASE,31.9
3.55,0.8013,0.5983,0,39.4,34.5,20.0,33.9,7.5,6.2,5.1,4.3,0.5,4.5,5.6,3.8,13.7,9.399999999999999,5.0,9.399999999999999,23.7,NS,1.29,0,BALANCED_PHASE,41.9
0.7666666666666667,0.1994,0.9799,0,21.2,56.5,23.8,26.5,2.4,0.7,6.6,7.4,0.5,2.6,7.2,0.6,3.0999999999999996,14.0,3.1,7.8,28.8,NS,3.23,2,S_EXCLUSIVE_GREEN,45.0
2.5,0.6088,0.7934,0,27.9,28.3,38.6,26.7,8.7,10.4,4.4,3.0,1.3,6.0,3.5,2.5,19.1,7.4,7.3,6.0,19.3,NS,1.84,1,N_EXCLUSIVE_GREEN,45.0
8.35,0.8166,-0.5771,1,57.3,15.4,93.6,19.1,2.2,12.3,0.9,0.6,10.1,13.9,0.7,1.9,14.5,1.5,24.0,2.5999999999999996,31.6,EW,6.18,3,E_EXCLUSIVE_GREEN,45.0
19.733333333333334,-0.8988,0.4384,0,74.7,19.6,22.6,31.3,11.5,9.7,3.5,8.7,2.5,6.3,1.7,5.9,21.2,12.2,8.8,7.6000000000000005,26.7,NS,2.17,1,N_EXCLUSIVE_GREEN,45.0
10.9,0.284,-0.9588,0,29.5,31.2,34.0,22.9,4.4,2.6,8.0,10.0,3.4,3.6,2.5,1.9,7.0,18.0,7.0,4.4,21.7,NS,1.81,2,S_EXCLUSIVE_GREEN,45.0
17.4,-0.9877,-0.1564,1,12.3,102.7,13.1,78.7,0.3,3.5,11.2,15.1,1.4,0.7,5.7,10.1,3.8,26.299999999999997,2.0999999999999996,15.8,53.4,NS,6.93,2,S_EXCLUSIVE_GREEN,45.0
10.666666666666666,0.342,-0.9397,0,30.6,24.1,25.5,27.2,6.0,3.7,2.7,2.6,7.1,1.8,2.6,3.8,9.7,5.300000000000001,8.9,6.4,17.7,NS,1.49,1,N_EXCLUSIVE_GREEN,31.7
15.916666666666666,-0.8549,-0.5188,0,21.7,28.3,22.6,38.4,0.3,2.4,0.9,8.3,4.2,0.7,6.3,5.0,2.6999999999999997,9.200000000000001,4.9,11.3,15.8,EW,1.91,4,W_EXCLUSIVE_GREEN,36.1
19.066666666666666,-0.9613,0.2756,1,18.2,89.0,20.5,72.4,2.9,4.1,9.6,18.2,2.1,2.2,9.7,12.7,7.0,27.799999999999997,4.300000000000001,22.4,42.4,NS,4.09,2,S_EXCLUSIVE_GREEN,45.0
7.666666666666667,0.9063,-0.4226,1,137.6,17.1,48.5,26.3,15.5,17.2,1.4,7.9,8.7,8.8,4.9,8.9,32.7,9.3,17.5,13.8,46.4,NS,4.56,1,N_EXCLUSIVE_GREEN,45.0
21.966666666666665,-0.5075,0.8616,0,17.9,118.3,20.4,33.2,0.4,0.6,10.8,19.1,4.2,5.3,2.7,3.9,1.0,29.900000000000002,9.5,6.6,47.6,NS,10.56,2,S_EXCLUSIVE_GREEN,45.0
23.083333333333332,-0.2377,0.9713,0,39.6,35.1,30.3,25.3,5.9,5.5,8.3,10.1,3.6,4.7,1.9,4.8,11.4,18.4,8.3,6.699999999999999,29.8,NS,1.39,0,BALANCED_PHASE,45.0
3.8,0.8387,0.5446,0,21.9,27.7,25.5,26.2,2.2,2.4,7.1,9.5,2.3,4.4,5.0,9.0,4.6,16.6,6.7,14.0,34.4,EW,1.57,4,W_EXCLUSIVE_GREEN,41.2
3.466666666666667,0.788,0.6157,0,24.4,25.7,77.9,24.4,3.9,2.8,3.4,1.3,8.3,12.2,4.5,4.6,6.699999999999999,4.7,20.5,9.1,27.0,EW,2.49,3,E_EXCLUSIVE_GREEN,45.0
0.03333333333333333,0.0087,1.0,0,73.6,23.4,33.0,21.8,11.5,20.4,0.4,5.1,0.6,6.9,4.7,1.8,31.9,5.5,7.5,6.5,53.1,NS,4.37,1,N_EXCLUSIVE_GREEN,45.0
9.366666666666667,0.6361,-0.7716,1,146.7,18.4,56.8,12.4,17.6,32.2,1.2,0.3,6.0,12.5,1.4,2.9,49.800000000000004,1.5,18.5,4.3,84.4,NS,13.91,1,N_EXCLUSIVE_GREEN,45.0
11.45,0.1435,-0.9897,0,26.2,24.8,30.9,135.8,0.5,1.7,4.3,4.1,0.5,1.4,11.0,21.4,2.2,8.399999999999999,1.9,32.4,36.6,EW,6.94,4,W_EXCLUSIVE_GREEN,45.0
18.716666666666665,-0.9825,0.1865,1,13.1,105.4,14.1,97.4,3.3,1.1,11.2,17.4,2.1,1.8,9.7,14.1,4.4,28.599999999999998,3.9000000000000004,23.799999999999997,35.5,NS,6.6,2,S_EXCLUSIVE_GREEN,45.0
5.166666666666667,0.9763,0.2164,0,17.8,18.5,19.2,84.0,2.4,0.5,1.3,1.8,5.3,4.7,11.7,11.2,2.9,3.1,10.0,22.9,32.0,EW,2.77,4,W_EXCLUSIVE_GREEN,45.0
19.716666666666665,-0.9007,0.4344,0,19.5,90.4,29.5,24.2,0.5,4.0,5.5,25.1,2.6,3.4,1.8,7.7,4.5,30.6,6.0,9.5,56.9,NS,5.48,2,S_EXCLUSIVE_GREEN,45.0
7.483333333333333,0.9255,-0.3786,1,118.0,23.0,81.9,13.4,14.3,20.4,2.3,0.7,7.2,24.5,0.6,1.6,34.7,3.0,31.7,2.2,64.3,NS,7.19,1,N_EXCLUSIVE_GREEN,45.0
20.266666666666666,-0.829,0.5592,0,20.5,32.1,22.9,26.3,2.7,3.6,7.4,14.1,1.5,3.4,3.7,1.9,6.300000000000001,21.5,4.9,5.6,35.5,NS,2.56,2,S_EXCLUSIVE_GREEN,45.0
21.0,-0.7071,0.7071,0,25.9,26.7,35.2,26.7,0.4,9.1,5.1,7.8,5.1,6.4,3.1,2.1,9.5,12.899999999999999,11.5,5.2,13.4,EW,1.68,3,E_EXCLUSIVE_GREEN,35.7
14.95,-0.6978,-0.7163,0,31.1,96.9,28.0,27.3,1.5,4.5,10.4,17.4,1.5,6.2,7.8,2.9,6.0,27.799999999999997,7.7,10.7,30.3,NS,3.71,2,S_EXCLUSIVE_GREEN,45.0
2.466666666666667,0.6018,0.7986,0,26.6,23.7,22.3,25.3,2.0,3.9,4.1,12.1,1.8,5.0,2.1,9.3,5.9,16.2,6.8,11.4,25.0,NS,1.93,1,N_EXCLUSIVE_GREEN,44.7
18.316666666666666,-0.9966,0.0828,1,14.1,144.5,18.6,103.4,5.8,1.8,21.3,30.4,0.8,2.9,9.5,13.7,7.6,51.7,3.7,23.2,62.2,NS,7.38,2,S_EXCLUSIVE_GREEN,45.0
20.45,-0.8013,0.5983,0,22.5,35.4,27.5,26.5,4.6,6.5,4.7,3.7,1.8,11.5,3.1,1.7,11.1,8.4,13.3,4.8,13.7,NS,1.36,0,BALANCED_PHASE,34.9
14.9,-0.6884,-0.7254,0,31.0,23.9,17.6,61.4,1.4,6.1,3.7,1.3,0.9,6.1,7.2,11.0,7.5,5.0,7.0,18.2,24.0,EW,2.76,4,W_EXCLUSIVE_GREEN,45.0
15.1,-0.7254,-0.6884,0,22.7,18.5,74.6,19.5,1.5,2.2,0.3,1.4,11.1,5.4,5.1,1.0,3.7,1.7,16.5,6.1,34.0,EW,2.99,3,E_EXCLUSIVE_GREEN,45.0
18.3,-0.9969,0.0785,1,15.3,109.9,17.6,47.9,0.5,3.5,16.6,22.1,0.3,1.7,3.9,2.9,4.0,38.7,2.0,6.8,77.9,NS,8.03,2,S_EXCLUSIVE_GREEN,45.0
22.3,-0.4305,0.9026,0,19.4,31.6,17.2,59.9,2.4,5.0,5.2,4.0,2.4,3.4,6.9,18.8,7.4,9.2,5.8,25.700000000000003,31.7,EW,3.87,4,W_EXCLUSIVE_GREEN,45.0
8.0,0.866,-0.5,1,95.6,16.3,66.4,13.5,11.7,22.9,1.2,2.0,5.9,13.6,0.0,4.4,34.599999999999994,3.2,19.5,4.4,72.5,NS,7.72,1,N_EXCLUSIVE_GREEN,45.0
18.916666666666668,-0.9713,0.2377,1,20.4,71.5,17.2,47.6,0.8,6.9,5.0,3.1,2.3,0.4,2.0,6.0,7.7,8.1,2.6999999999999997,8.0,13.0,NS,1.82,2,S_EXCLUSIVE_GREEN,35.4
21.816666666666666,-0.541,0.841,0,34.6,23.9,22.8,36.0,2.0,5.2,7.0,14.1,5.9,5.3,2.6,4.4,7.2,21.1,11.2,7.0,28.5,NS,2.24,1,N_EXCLUSIVE_GREEN,45.0
1.9666666666666668,0.4924,0.8704,0,30.8,30.9,23.2,32.5,4.1,2.9,4.2,3.6,0.9,6.7,1.5,6.0,7.0,7.800000000000001,7.6000000000000005,7.5,10.2,NS,1.02,0,BALANCED_PHASE,27.2
15.883333333333333,-0.8504,-0.5262,0,29.0,21.4,24.1,29.8,2.6,10.2,0.1,3.6,1.9,4.3,1.9,3.8,12.799999999999999,3.7,6.199999999999999,5.699999999999999,22.2,NS,2.19,1,N_EXCLUSIVE_GREEN,38.0
9.816666666666666,0.541,-0.841,0,22.2,21.1,24.6,39.8,2.1,0.4,2.8,1.3,3.4,3.5,5.0,12.5,2.5,4.1,6.9,17.5,27.2,EW,2.07,4,W_EXCLUSIVE_GREEN,45.0
19.85,-0.885,0.4656,0,30.8,67.6,26.2,29.0,8.2,14.0,4.0,12.8,0.2,5.7,3.1,5.6,22.2,16.8,5.9,8.7,45.9,NS,1.52,1,N_EXCLUSIVE_GREEN,45.0
19.266666666666666,-0.9455,0.3256,1,24.3,51.8,12.1,106.6,1.9,5.1,13.0,5.6,1.2,0.3,7.0,17.3,7.0,18.6,1.5,24.3,27.7,EW,10.33,4,W_EXCLUSIVE_GREEN,45.0
21.8,-0.5446,0.8387,0,20.6,23.1,24.4,24.3,1.1,3.0,0.8,4.2,7.7,5.9,2.8,2.0,4.1,5.0,13.600000000000001,4.8,14.4,EW,1.82,3,E_EXCLUSIVE_GREEN,38.0
21.716666666666665,-0.5628,0.8266,0,29.0,29.9,23.3,23.0,2.4,2.8,1.4,3.4,3.1,3.6,5.8,1.1,5.199999999999999,4.8,6.7,6.9,11.0,NS,1.01,0,BALANCED_PHASE,21.9
20.1,-0.8526,0.5225,0,29.8,32.2,28.6,39.2,1.8,8.2,4.8,6.9,1.4,5.4,4.3,4.2,10.0,11.7,6.800000000000001,8.5,22.1,NS,1.1,0,BALANCED_PHASE,36.4
20.033333333333335,-0.8616,0.5075,0,24.4,25.4,21.3,54.7,2.1,1.7,1.8,1.6,4.0,3.0,4.7,3.4,3.8,3.4000000000000004,7.0,8.1,11.8,EW,1.62,4,W_EXCLUSIVE_GREEN,32.2
1.6166666666666667,0.4107,0.9118,0,20.4,58.5,22.2,21.4,1.8,1.6,4.7,12.8,4.5,4.4,4.3,1.7,3.4000000000000004,17.5,8.9,6.0,32.3,NS,3.66,2,S_EXCLUSIVE_GREEN,45.0
2.966666666666667,0.7009,0.7133,0,19.2,23.3,20.1,84.5,1.2,1.1,2.2,2.0,2.2,6.4,6.2,8.1,2.3,4.2,8.600000000000001,14.3,21.8,EW,2.38,4,W_EXCLUSIVE_GREEN,45.0
5.2,0.9781,0.2079,0,24.3,18.5,80.9,21.9,3.9,2.0,0.8,4.1,5.5,11.2,3.5,0.6,5.9,4.8999999999999995,16.7,4.1,21.9,EW,3.66,3,E_EXCLUSIVE_GREEN,45.0
16.533333333333335,-0.9272,-0.3746,1,21.2,75.1,16.9,89.3,0.9,2.1,15.6,10.9,0.8,1.5,8.8,23.3,3.0,26.5,2.3,32.1,55.4,EW,8.08,4,W_EXCLUSIVE_GREEN,45.0
8.883333333333333,0.7284,-0.6852,1,63.2,19.5,116.6,15.1,8.1,13.7,0.9,5.3,9.7,17.6,0.5,0.9,21.799999999999997,6.2,27.3,1.4,33.8,EW,10.31,3,E_EXCLUSIVE_GREEN,45.0
5.266666666666667,0.9816,0.1908,0,25.4,20.8,34.9,20.3,3.6,1.6,2.9,1.9,7.4,4.5,0.3,6.5,5.2,4.8,11.9,6.8,25.3,EW,1.66,3,E_EXCLUSIVE_GREEN,37.6
15.85,-0.8457,-0.5336,0,22.0,19.3,127.3,27.8,1.4,3.2,2.6,4.4,13.2,23.1,1.4,6.2,4.6,7.0,36.3,7.6,59.5,EW,4.52,3,E_EXCLUSIVE_GREEN,45.0
3.4833333333333334,0.7907,0.6122,0,35.9,21.9,32.0,22.5,7.7,8.1,6.1,6.8,1.0,4.8,0.5,7.9,15.8,12.899999999999999,5.8,8.4,23.6,NS,1.29,0,BALANCED_PHASE,45.0
4.8,0.9511,0.309,0,21.1,34.4,20.0,35.8,2.3,2.5,4.4,8.7,0.6,2.2,6.3,6.1,4.8,13.1,2.8000000000000003,12.399999999999999,22.1,NS,2.1,2,S_EXCLUSIVE_GREEN,39.6
21.766666666666666,-0.5519,0.8339,0,21.5,27.0,37.1,25.6,2.0,3.6,2.2,5.7,6.3,4.3,1.2,5.0,5.6,7.9,10.6,6.2,11.3,EW,1.52,3,E_EXCLUSIVE_GREEN,34.0
12.9,-0.2334,-0.9724,0,29.1,23.2,25.7,28.1,0.9,6.0,1.8,3.7,2.7,2.9,3.2,3.2,6.9,5.5,5.6,6.4,12.5,EW,1.07,0,BALANCED_PHASE,24.1
11.083333333333334,0.2377,-0.9713,0,21.8,38.4,39.1,29.1,2.5,5.3,4.1,3.5,11.6,2.4,1.9,6.2,7.8,7.6,14.0,8.1,21.5,EW,1.51,3,E_EXCLUSIVE_GREEN,42.2
0.26666666666666666,0.0698,0.9976,0,20.0,21.8,21.1,21.9,8.5,1.8,1.5,4.0,2.9,1.4,0.9,0.2,10.3,5.5,4.3,1.1,18.6,NS,1.47,1,N_EXCLUSIVE_GREEN,31.4
14.383333333333333,-0.5842,-0.8116,0,28.8,32.0,34.3,29.6,4.0,6.6,6.3,3.5,13.4,11.4,4.0,4.3,10.6,9.8,24.8,8.3,39.2,EW,2.15,3,E_EXCLUSIVE_GREEN,45.0
21.266666666666666,-0.6561,0.7547,0,21.9,20.5,24.5,29.5,1.0,4.6,1.4,1.1,0.9,0.8,1.9,1.9,5.6,2.5,1.7000000000000002,3.8,7.8,EW,1.37,0,BALANCED_PHASE,18.7
20.383333333333333,-0.8116,0.5842,0,28.6,67.7,23.0,18.3,1.9,8.2,9.5,12.1,2.4,2.7,1.3,3.2,10.1,21.6,5.1,4.5,21.7,NS,2.15,2,S_EXCLUSIVE_GREEN,45.0
15.016666666666667,-0.7102,-0.704,0,20.2,21.3,21.1,24.1,3.3,2.3,3.1,3.8,0.4,2.7,5.6,0.6,5.6,6.9,3.1,6.199999999999999,13.3,EW,1.41,4,W_EXCLUSIVE_GREEN,23.1
17.333333333333332,-0.9848,-0.1736,1,16.3,98.9,19.4,113.2,8.2,1.4,9.1,16.3,5.8,3.9,17.6,14.5,9.6,25.4,9.7,32.1,34.3,EW,3.89,4,W_EXCLUSIVE_GREEN,45.0
19.233333333333334,-0.9483,0.3173,1,12.1,71.0,15.6,58.6,0.9,0.8,5.6,19.3,0.7,1.4,5.0,14.1,1.7000000000000002,24.9,2.0999999999999996,19.1,32.1,NS,8.44,2,S_EXCLUSIVE_GREEN,45.0
20.066666666666666,-0.8572,0.515,0,34.2,20.3,24.7,20.2,6.9,3.0,0.1,3.2,1.0,3.6,0.8,3.4,9.9,3.3000000000000003,4.6,4.2,12.9,NS,2.13,1,N_EXCLUSIVE_GREEN,32.3
14.966666666666667,-0.7009,-0.7133,0,21.2,23.3,37.3,22.0,4.6,3.0,1.1,10.9,4.5,3.7,1.9,2.3,7.6,12.0,8.2,4.199999999999999,21.0,EW,1.72,3,E_EXCLUSIVE_GREEN,30.2
20.433333333333334,-0.8039,0.5948,0,58.6,19.2,22.4,18.4,9.1,8.5,0.3,2.0,2.4,6.7,3.0,2.3,17.6,2.3,9.1,5.3,24.9,NS,4.42,1,N_EXCLUSIVE_GREEN,45.0
1.3166666666666667,0.3379,0.9412,0,26.7,27.4,26.3,35.1,0.5,4.2,1.9,8.9,1.9,10.7,3.3,14.3,4.7,10.8,12.6,17.6,21.2,EW,1.34,0,BALANCED_PHASE,45.0
3.1,0.7254,0.6884,0,29.5,66.3,26.0,32.8,2.4,5.5,5.0,13.3,1.6,2.2,4.7,3.5,7.9,18.3,3.8000000000000003,8.2,32.1,NS,2.21,2,S_EXCLUSIVE_GREEN,45.0
12.483333333333333,-0.1262,-0.992,0,17.3,25.4,30.0,70.1,1.6,2.7,1.1,4.0,3.0,3.7,5.6,8.4,4.300000000000001,5.1,6.7,14.0,28.5,EW,2.12,4,W_EXCLUSIVE_GREEN,45.0
18.783333333333335,-0.979,0.2036,1,17.0,69.4,13.5,53.6,3.3,1.6,6.9,6.3,2.1,1.6,9.1,8.6,4.9,13.2,3.7,17.7,32.1,NS,3.08,2,S_EXCLUSIVE_GREEN,45.0
23.15,-0.2207,0.9753,0,24.0,20.6,21.9,38.4,0.1,2.2,0.5,0.5,1.9,5.3,2.0,2.0,2.3000000000000003,1.0,7.199999999999999,4.0,15.2,EW,1.67,3,E_EXCLUSIVE_GREEN,27.8
20.1,-0.8526,0.5225,0,21.9,36.1,36.1,28.0,2.4,1.8,3.2,13.4,2.7,5.2,2.3,4.7,4.2,16.6,7.9,7.0,31.0,EW,1.15,0,BALANCED_PHASE,30.4
19.433333333333334,-0.9304,0.3665,1,12.7,53.3,21.0,80.3,1.3,6.3,3.3,10.7,1.0,1.8,12.8,12.9,7.6,14.0,2.8,25.700000000000003,28.4,EW,5.57,4,W_EXCLUSIVE_GREEN,45.0
8.033333333333333,0.8616,-0.5075,1,62.8,13.6,94.8,20.7,2.5,6.8,0.2,2.2,8.3,5.8,10.4,2.2,9.3,2.4000000000000004,14.100000000000001,12.600000000000001,28.0,EW,1.92,3,E_EXCLUSIVE_GREEN,45.0
22.383333333333333,-0.4107,0.9118,0,23.6,31.2,19.1,85.5,2.7,2.0,2.2,8.3,3.1,2.3,9.1,14.5,4.7,10.5,5.4,23.6,46.7,EW,4.19,4,W_EXCLUSIVE_GREEN,45.0
7.9,0.8788,-0.4772,1,58.7,14.3,53.1,20.6,5.2,8.5,6.4,3.1,5.6,15.7,0.4,2.9,13.7,9.5,21.299999999999997,3.3,26.3,EW,4.03,3,E_EXCLUSIVE_GREEN,45.0
11.1,0.2334,-0.9724,0,20.3,34.7,31.5,25.1,0.6,3.7,2.0,3.1,2.1,5.5,2.0,1.5,4.3,5.1,7.6,3.5,14.7,EW,1.54,3,E_EXCLUSIVE_GREEN,27.3
11.566666666666666,0.1132,-0.9936,0,21.7,30.2,21.8,36.2,1.6,3.7,5.1,4.5,2.1,4.6,4.6,3.8,5.300000000000001,9.6,6.699999999999999,8.399999999999999,15.1,EW,1.35,0,BALANCED_PHASE,29.8
20.366666666666667,-0.8141,0.5807,0,17.2,19.7,51.6,18.6,4.9,2.1,4.8,2.9,4.3,6.9,0.5,2.9,7.0,7.699999999999999,11.2,3.4,22.7,EW,2.82,3,E_EXCLUSIVE_GREEN,39.0
6.116666666666666,0.9995,-0.0305,0,22.1,35.3,23.3,27.9,5.5,3.2,2.2,8.9,3.7,3.8,4.0,5.0,8.7,11.100000000000001,7.5,9.0,18.1,NS,1.33,0,BALANCED_PHASE,35.4
14.083333333333334,-0.5188,-0.8549,0,25.2,30.8,38.6,38.6,1.0,2.1,6.0,7.1,0.3,6.5,1.9,5.8,3.1,13.1,6.8,7.699999999999999,21.7,EW,1.03,0,BALANCED_PHASE,29.5
20.666666666666668,-0.766,0.6428,0,23.0,23.4,26.1,23.8,8.6,0.7,0.5,3.8,1.5,4.2,1.0,7.8,9.299999999999999,4.3,5.7,8.8,19.4,EW,1.28,0,BALANCED_PHASE,29.2
0.05,0.0131,0.9999,0,28.4,20.5,21.4,30.9,4.3,1.0,0.4,3.1,6.2,2.8,2.5,4.2,5.3,3.5,9.0,6.7,15.4,EW,1.32,0,BALANCED_PHASE,30.1
7.133333333333334,0.9563,-0.2924,1,66.4,19.8,51.0,18.8,11.2,9.4,4.4,6.7,15.5,8.4,1.8,0.9,20.6,11.100000000000001,23.9,2.7,48.6,NS,2.18,1,N_EXCLUSIVE_GREEN,45.0
18.216666666666665,-0.9984,0.0567,1,14.4,67.6,16.1,104.7,5.1,1.2,5.4,6.5,0.8,3.4,12.9,15.3,6.3,11.9,4.2,28.200000000000003,45.5,EW,6.21,4,W_EXCLUSIVE_GREEN,45.0
2.8833333333333333,0.6852,0.7284,0,20.7,21.3,35.3,34.1,0.7,5.1,4.1,4.2,13.2,9.4,1.1,2.3,5.8,8.3,22.6,3.4,43.1,EW,2.77,3,E_EXCLUSIVE_GREEN,45.0
6.616666666666667,0.987,-0.1607,0,19.5,98.0,21.6,18.1,3.0,2.7,11.4,22.2,5.2,0.3,0.8,2.5,5.7,33.6,5.5,3.3,57.3,NS,5.27,2,S_EXCLUSIVE_GREEN,45.0
10.816666666666666,0.3049,-0.9524,0,117.3,33.2,27.1,20.0,10.2,16.2,4.3,6.0,2.2,1.1,1.2,7.7,26.4,10.3,3.3000000000000003,8.9,28.7,NS,2.86,1,N_EXCLUSIVE_GREEN,45.0
8.9,0.7254,-0.6884,1,57.8,14.2,86.4,25.1,6.5,10.0,0.4,5.2,9.9,10.6,1.2,4.6,16.5,5.6000000000000005,20.5,5.8,43.6,EW,3.34,3,E_EXCLUSIVE_GREEN,45.0
4.133333333333334,0.8829,0.4695,0,22.7,20.3,38.6,31.1,3.7,1.5,2.4,4.5,1.6,5.5,4.0,6.5,5.2,6.9,7.1,10.5,13.1,EW,1.32,0,BALANCED_PHASE,34.2
5.116666666666666,0.9734,0.2292,0,22.5,26.9,32.7,33.5,3.0,2.2,9.4,1.6,2.6,4.9,9.6,7.5,5.2,11.0,7.5,17.1,20.8,EW,1.64,4,W_EXCLUSIVE_GREEN,45.0
0.13333333333333333,0.0349,0.9994,0,19.5,89.4,20.0,31.9,5.7,1.6,14.6,24.2,0.9,11.1,2.0,3.4,7.300000000000001,38.8,12.0,5.4,73.7,NS,4.84,2,S_EXCLUSIVE_GREEN,45.0
18.333333333333332,-0.9962,0.0872,1,13.6,51.4,21.7,66.5,1.4,2.7,3.1,13.3,1.6,3.6,2.8,7.1,4.1,16.400000000000002,5.2,9.899999999999999,23.3,EW,2.31,4,W_EXCLUSIVE_GREEN,39.1
0.18333333333333332,0.048,0.9988,0,18.6,132.3,17.6,17.3,1.3,1.8,23.5,28.7,2.4,4.4,0.5,3.8,3.1,52.2,6.800000000000001,4.3,55.7,NS,10.74,2,S_EXCLUSIVE_GREEN,45.0
23.433333333333334,-0.1478,0.989,0,20.5,35.4,23.6,26.6,2.0,6.1,1.3,3.7,4.3,3.9,2.3,7.4,8.1,5.0,8.2,9.7,11.2,NS,1.58,1,N_EXCLUSIVE_GREEN,28.7
23.066666666666666,-0.2419,0.9703,0,21.6,25.2,21.2,20.6,2.0,1.9,1.3,6.2,2.3,2.5,0.9,2.4,3.9,7.5,4.8,3.3,16.2,NS,1.44,2,S_EXCLUSIVE_GREEN,26.2
11.533333333333333,0.1219,-0.9925,0,38.5,22.8,26.2,29.2,4.3,4.4,1.7,4.7,1.4,3.5,8.7,4.8,8.7,6.4,4.9,13.5,26.8,NS,1.43,1,N_EXCLUSIVE_GREEN,32.0
14.533333333333333,-0.6157,-0.788,0,129.3,18.4,30.7,18.6,20.4,13.8,1.1,2.1,6.7,5.8,0.7,1.0,34.2,3.2,12.5,1.7,69.5,NS,8.13,1,N_EXCLUSIVE_GREEN,45.0
23.833333333333332,-0.0436,0.999,0,37.1,36.2,26.8,24.9,5.2,8.0,8.4,3.7,4.1,7.0,2.7,5.4,13.2,12.100000000000001,11.1,8.100000000000001,16.2,NS,1.04,0,BALANCED_PHASE,39.7
21.55,-0.5983,0.8013,0,53.4,28.1,32.5,32.7,3.8,4.8,5.4,3.3,3.5,3.3,4.9,4.3,8.6,8.7,6.8,9.2,15.4,NS,1.32,1,N_EXCLUSIVE_GREEN,33.6
1.5,0.3827,0.9239,0,21.6,30.4,26.3,26.9,4.3,3.7,1.2,6.2,2.2,3.2,7.1,12.4,8.0,7.4,5.4,19.5,33.4,EW,2.23,4,W_EXCLUSIVE_GREEN,45.0
13.716666666666667,-0.4344,-0.9007,0,18.2,24.9,26.0,105.1,0.3,5.4,5.5,6.8,2.3,1.9,15.1,18.5,5.7,12.3,4.199999999999999,33.6,35.7,EW,5.52,4,W_EXCLUSIVE_GREEN,45.0
2.95,0.6978,0.7163,0,17.6,65.7,18.2,20.3,0.4,2.8,8.6,11.4,1.5,4.7,1.7,1.1,3.1999999999999997,20.0,6.2,2.8,26.6,NS,4.59,2,S_EXCLUSIVE_GREEN,45.0
2.1333333333333333,0.5299,0.848,0,33.3,23.9,61.1,19.0,3.6,6.8,3.0,7.9,4.1,16.0,0.3,0.6,10.4,10.9,20.1,0.8999999999999999,23.3,EW,6.21,3,E_EXCLUSIVE_GREEN,45.0
12.633333333333333,-0.165,-0.9863,0,24.2,22.2,20.1,29.7,3.6,3.9,1.5,3.7,1.6,2.2,3.8,4.0,7.5,5.2,3.8000000000000003,7.8,10.6,EW,1.65,4,W_EXCLUSIVE_GREEN,27.0
14.533333333333333,-0.6157,-0.788,0,26.1,28.4,31.4,35.4,1.0,1.3,4.6,3.8,4.0,5.2,2.8,1.5,2.3,8.399999999999999,9.2,4.3,18.3,EW,1.47,3,E_EXCLUSIVE_GREEN,31.6
3.8333333333333335,0.8434,0.5373,0,23.1,20.1,31.4,21.3,1.2,7.0,2.1,7.0,1.2,6.5,4.1,3.5,8.2,9.1,7.7,7.6,17.3,EW,1.13,0,BALANCED_PHASE,27.8
20.683333333333334,-0.7632,0.6461,0,27.8,22.9,33.2,29.2,4.4,5.6,2.9,4.7,4.9,11.9,3.4,6.2,10.0,7.6,16.8,9.6,35.8,EW,1.47,3,E_EXCLUSIVE_GREEN,45.0
17.766666666666666,-0.9981,-0.061,1,21.4,144.2,13.8,57.9,1.3,3.3,14.4,20.9,2.6,4.7,10.2,11.2,4.6,35.3,7.300000000000001,21.4,57.9,NS,6.84,2,S_EXCLUSIVE_GREEN,45.0
6.45,0.9931,-0.1175,0,37.7,33.1,26.9,36.8,5.4,6.4,3.4,8.9,4.6,1.8,6.3,4.7,11.8,12.3,6.3999999999999995,11.0,14.2,NS,1.05,0,BALANCED_PHASE,37.8
7.433333333333334,0.9304,-0.3665,1,98.0,19.3,51.4,16.8,8.8,13.6,0.3,1.6,7.5,9.7,0.6,1.6,22.4,1.9000000000000001,17.2,2.2,40.4,NS,6.72,1,N_EXCLUSIVE_GREEN,45.0
10.866666666666667,0.2924,-0.9563,0,28.0,27.8,37.5,28.5,4.2,3.8,4.5,8.6,3.1,3.1,3.8,4.1,8.0,13.1,6.2,7.8999999999999995,16.7,EW,1.24,0,BALANCED_PHASE,29.2
13.766666666666667,-0.4462,-0.8949,0,18.3,28.7,23.8,109.1,3.7,0.3,2.1,10.2,3.0,4.3,11.2,16.4,4.0,12.299999999999999,7.3,27.599999999999998,37.6,EW,3.94,4,W_EXCLUSIVE_GREEN,45.0
10.7,0.3338,-0.9426,0,21.1,79.9,19.8,18.1,2.9,1.9,7.0,8.9,0.6,1.5,3.2,1.4,4.8,15.9,2.1,4.6,27.1,NS,3.35,2,S_EXCLUSIVE_GREEN,45.0
21.983333333333334,-0.5038,0.8638,0,30.4,25.7,23.1,38.4,0.5,2.4,2.2,1.5,1.6,2.7,4.3,8.0,2.9,3.7,4.300000000000001,12.3,23.8,EW,2.12,4,W_EXCLUSIVE_GREEN,38.9
2.8833333333333333,0.6852,0.7284,0,21.2,23.3,24.9,51.8,1.8,0.9,3.0,2.3,0.3,2.3,6.9,9.2,2.7,5.3,2.5999999999999996,16.1,23.8,EW,3.27,4,W_EXCLUSIVE_GREEN,45.0
3.783333333333333,0.8363,0.5483,0,34.2,28.9,21.4,29.3,2.8,6.0,2.3,6.3,0.3,4.4,6.9,3.0,8.8,8.6,4.7,9.9,18.6,NS,1.05,0,BALANCED_PHASE,30.6
4.583333333333333,0.932,0.3624,0,23.9,17.3,88.3,17.8,5.5,5.5,0.7,6.9,8.3,12.9,0.3,0.9,11.0,7.6000000000000005,21.200000000000003,1.2,22.3,EW,7.38,3,E_EXCLUSIVE_GREEN,45.0
21.116666666666667,-0.6852,0.7284,0,22.0,20.1,28.4,39.6,4.1,6.4,5.7,4.7,5.4,3.9,1.8,7.1,10.5,10.4,9.3,8.9,17.8,EW,1.14,0,BALANCED_PHASE,32.5
21.8,-0.5446,0.8387,0,26.6,28.6,35.7,28.2,5.3,3.6,1.4,8.6,2.3,9.9,2.9,1.7,8.9,10.0,12.2,4.6,26.5,EW,1.8,3,E_EXCLUSIVE_GREEN,38.5
23.05,-0.2462,0.9692,0,27.3,22.0,26.5,26.7,2.4,4.7,2.5,2.6,0.6,3.6,4.6,5.1,7.1,5.1,4.2,9.7,14.4,EW,1.5,4,W_EXCLUSIVE_GREEN,30.7
19.316666666666666,-0.9412,0.3379,1,12.1,81.2,24.2,80.5,3.3,0.4,9.4,10.4,0.9,5.3,16.1,10.7,3.6999999999999997,19.8,6.2,26.8,50.2,EW,3.72,4,W_EXCLUSIVE_GREEN,45.0
11.1,0.2334,-0.9724,0,30.4,21.9,24.9,28.8,9.4,9.8,0.7,0.8,2.1,4.5,9.0,11.4,19.200000000000003,1.5,6.6,20.4,27.0,EW,2.16,4,W_EXCLUSIVE_GREEN,45.0
6.15,0.9992,-0.0393,0,20.0,30.6,21.2,23.9,2.8,2.1,1.4,8.0,2.4,1.0,5.9,4.6,4.9,9.4,3.4,10.5,13.2,NS,1.65,2,S_EXCLUSIVE_GREEN,30.6
7.9,0.8788,-0.4772,1,131.7,13.9,62.7,23.9,18.4,33.5,1.9,4.2,5.6,17.4,3.8,3.4,51.9,6.1,23.0,7.199999999999999,78.3,NS,8.34,1,N_EXCLUSIVE_GREEN,45.0
3.3666666666666667,0.7716,0.6361,0,26.5,20.6,25.8,20.5,6.1,6.3,3.0,5.8,2.8,3.3,4.3,6.6,12.399999999999999,8.8,6.1,10.899999999999999,12.5,NS,1.32,0,BALANCED_PHASE,35.8
11.116666666666667,0.2292,-0.9734,0,26.7,36.4,22.8,31.3,2.0,3.5,2.6,7.7,2.5,2.8,2.2,9.4,5.5,10.3,5.3,11.600000000000001,12.2,NS,1.55,2,S_EXCLUSIVE_GREEN,33.4
18.233333333333334,-0.9981,0.061,1,13.6,77.1,14.6,49.2,3.3,3.2,6.9,11.2,0.7,1.3,8.9,10.8,6.5,18.1,2.0,19.700000000000003,24.6,NS,3.45,2,S_EXCLUSIVE_GREEN,45.0
13.9,-0.4772,-0.8788,0,20.3,39.0,22.4,30.3,1.5,0.7,4.9,5.8,6.2,4.8,3.7,9.7,2.2,10.7,11.0,13.399999999999999,19.8,EW,1.22,0,BALANCED_PHASE,39.2
19.65,-0.9081,0.4187,0,20.1,22.0,27.9,23.2,5.1,2.4,1.0,2.3,5.4,5.7,2.4,5.4,7.5,3.3,11.100000000000001,7.800000000000001,19.5,EW,1.29,0,BALANCED_PHASE,34.2
17.016666666666666,-0.967,-0.2546,1,13.6,87.7,13.7,62.5,0.6,0.7,7.9,18.9,0.1,1.2,4.8,9.8,1.2999999999999998,26.799999999999997,1.3,14.600000000000001,50.3,NS,9.83,2,S_EXCLUSIVE_GREEN,45.0
19.983333333333334,-0.8682,0.4962,0,30.1,24.2,31.3,25.5,4.4,4.3,2.7,1.8,3.0,6.1,2.7,6.8,8.7,4.5,9.1,9.5,17.4,EW,1.07,0,BALANCED_PHASE,31.4
22.283333333333335,-0.4344,0.9007,0,24.0,27.9,83.1,31.1,2.8,2.0,1.1,15.2,8.0,16.3,1.7,2.7,4.8,16.3,24.3,4.4,38.2,EW,3.68,3,E_EXCLUSIVE_GREEN,45.0
22.8,-0.309,0.9511,0,23.4,20.0,66.8,20.7,3.5,1.7,0.5,3.1,4.3,9.0,0.4,9.0,5.2,3.6,13.3,9.4,22.3,EW,1.9,3,E_EXCLUSIVE_GREEN,45.0
11.0,0.2588,-0.9659,0,27.0,80.5,20.8,26.8,2.7,2.5,6.3,13.6,0.6,4.3,0.5,6.4,5.2,19.9,4.8999999999999995,6.9,33.7,NS,3.24,2,S_EXCLUSIVE_GREEN,45.0
18.7,-0.9833,0.1822,1,17.6,56.9,15.0,118.9,2.1,2.3,2.8,5.7,1.1,2.7,10.5,17.1,4.4,8.5,3.8000000000000003,27.6,46.5,EW,7.04,4,W_EXCLUSIVE_GREEN,45.0
12.066666666666666,-0.0175,-0.9998,0,103.9,19.4,25.8,17.8,8.9,24.8,1.3,3.9,2.1,8.1,1.2,1.1,33.7,5.2,10.2,2.3,65.2,NS,5.68,1,N_EXCLUSIVE_GREEN,45.0
2.783333333333333,0.6659,0.7461,0,36.6,34.1,39.5,25.1,3.8,4.2,5.9,6.4,8.8,10.3,1.4,3.9,8.0,12.3,19.1,5.3,41.7,NS,1.28,0,BALANCED_PHASE,40.4
12.433333333333334,-0.1132,-0.9936,0,28.6,30.0,24.6,21.9,2.4,3.6,6.5,1.7,2.2,2.5,2.6,0.5,6.0,8.2,4.7,3.1,8.7,NS,1.16,0,BALANCED_PHASE,27.7
5.383333333333334,0.987,0.1607,0,29.8,22.7,89.6,26.1,6.1,5.4,3.4,8.5,7.3,5.6,1.2,1.6,11.5,11.9,12.899999999999999,2.8,27.1,EW,3.62,3,E_EXCLUSIVE_GREEN,45.0
18.633333333333333,-0.9863,0.165,1,12.1,50.1,12.9,86.2,2.5,2.3,7.3,6.7,0.0,1.4,5.5,12.2,4.8,14.0,1.4,17.7,19.7,EW,7.8,4,W_EXCLUSIVE_GREEN,45.0
2.9333333333333336,0.6947,0.7193,0,22.9,126.9,29.7,27.2,1.3,6.0,18.0,23.8,2.9,6.3,1.8,6.5,7.3,41.8,9.2,8.3,64.5,NS,5.43,2,S_EXCLUSIVE_GREEN,45.0
19.05,-0.9625,0.2714,1,12.9,99.0,24.2,54.5,0.7,0.9,11.1,15.7,0.3,3.1,3.3,9.0,1.6,26.799999999999997,3.4,12.3,35.7,NS,9.96,2,S_EXCLUSIVE_GREEN,45.0
21.083333333333332,-0.6915,0.7224,0,28.6,19.2,17.6,124.9,3.5,3.9,1.5,2.4,1.3,4.2,17.1,18.8,7.4,3.9,5.5,35.900000000000006,62.8,EW,6.4,4,W_EXCLUSIVE_GREEN,45.0
15.633333333333333,-0.8141,-0.5807,0,37.3,21.8,34.1,37.4,8.0,4.1,1.8,0.7,2.4,6.0,8.7,7.6,12.1,2.5,8.4,16.299999999999997,20.3,EW,1.51,4,W_EXCLUSIVE_GREEN,45.0
8.216666666666667,0.8363,-0.5483,1,66.8,13.1,76.3,17.3,5.7,9.9,0.3,1.1,5.8,16.0,3.0,1.0,15.600000000000001,1.4000000000000001,21.8,4.0,46.7,EW,4.66,3,E_EXCLUSIVE_GREEN,45.0
16.116666666666667,-0.8809,-0.4733,0,58.0,21.6,20.7,17.7,5.5,7.9,3.7,5.7,1.5,8.6,4.0,2.2,13.4,9.4,10.1,6.2,22.5,NS,1.76,1,N_EXCLUSIVE_GREEN,44.5
9.716666666666667,0.5628,-0.8266,0,24.8,25.8,31.4,32.1,1.7,4.6,4.9,4.8,4.4,3.3,5.6,3.5,6.3,9.7,7.7,9.1,11.0,EW,1.07,0,BALANCED_PHASE,30.1
15.55,-0.8013,-0.5983,0,23.2,31.6,22.0,20.0,0.3,7.5,2.8,3.4,3.1,2.8,1.2,9.1,7.8,6.199999999999999,5.9,10.299999999999999,13.7,NS,1.24,0,BALANCED_PHASE,27.7
1.2333333333333334,0.3173,0.9483,0,122.2,30.1,25.1,19.4,9.9,21.3,3.1,5.2,2.0,3.9,1.1,0.7,31.200000000000003,8.3,5.9,1.8,56.4,NS,3.76,1,N_EXCLUSIVE_GREEN,45.0
0.21666666666666667,0.0567,0.9984,0,21.3,94.4,32.9,31.1,0.6,2.5,5.4,16.7,4.2,6.8,5.2,4.0,3.1,22.1,11.0,9.2,39.7,NS,5.21,2,S_EXCLUSIVE_GREEN,45.0
4.8,0.9511,0.309,0,20.3,32.2,67.8,22.9,1.4,2.0,1.8,4.6,7.8,23.4,0.3,5.4,3.4,6.3999999999999995,31.2,5.7,37.3,EW,4.16,3,E_EXCLUSIVE_GREEN,45.0
3.0,0.7071,0.7071,0,30.9,23.8,30.4,22.3,3.8,3.5,2.5,5.9,3.3,2.8,7.8,2.7,7.3,8.4,6.1,10.5,11.4,NS,1.16,0,BALANCED_PHASE,28.5
13.183333333333334,-0.3049,-0.9524,0,28.1,76.1,19.1,22.9,1.6,4.5,5.6,11.8,0.3,2.2,3.6,3.0,6.1,17.4,2.5,6.6,31.3,NS,2.67,2,S_EXCLUSIVE_GREEN,45.0
16.583333333333332,-0.932,-0.3624,1,13.7,72.5,13.7,52.7,0.8,3.0,3.1,11.5,1.5,1.0,9.8,5.6,3.8,14.6,2.5,15.4,16.8,NS,4.13,2,S_EXCLUSIVE_GREEN,45.0
21.85,-0.5336,0.8457,0,17.7,20.0,25.4,84.2,1.9,7.1,3.8,0.7,1.4,2.8,8.2,14.4,9.0,4.5,4.199999999999999,22.6,29.6,EW,4.03,4,W_EXCLUSIVE_GREEN,45.0
23.033333333333335,-0.2504,0.9681,0,21.2,26.8,25.0,36.5,1.9,3.4,3.9,3.5,3.2,5.1,2.1,2.7,5.3,7.4,8.3,4.800000000000001,10.4,EW,1.51,3,E_EXCLUSIVE_GREEN,29.2
14.966666666666667,-0.7009,-0.7133,0,23.9,28.3,147.5,17.4,0.8,1.3,3.5,5.5,10.9,23.6,2.0,6.3,2.1,9.0,34.5,8.3,61.8,EW,5.21,3,E_EXCLUSIVE_GREEN,45.0
18.45,-0.9931,0.1175,1,19.3,64.5,19.0,68.7,1.7,3.7,5.3,14.3,2.4,0.8,7.8,10.6,5.4,19.6,3.2,18.4,27.5,EW,4.28,4,W_EXCLUSIVE_GREEN,45.0
18.416666666666668,-0.9941,0.1089,1,15.1,67.6,25.6,96.4,0.2,0.5,4.7,5.7,0.7,4.4,18.9,15.9,0.7,10.4,5.1000000000000005,34.8,53.8,EW,5.04,4,W_EXCLUSIVE_GREEN,45.0
22.666666666666668,-0.342,0.9397,0,33.2,22.8,27.6,20.4,13.4,6.3,2.4,2.5,5.3,1.4,2.2,1.9,19.7,4.9,6.699999999999999,4.1,20.7,NS,2.65,1,N_EXCLUSIVE_GREEN,45.0
3.4166666666666665,0.7799,0.6259,0,27.7,17.4,50.7,20.6,2.1,5.1,4.6,3.2,2.7,7.3,1.6,6.4,7.199999999999999,7.8,10.0,8.0,17.8,EW,1.6,3,E_EXCLUSIVE_GREEN,35.9
5.85,0.9992,0.0393,0,20.1,38.1,21.2,25.6,0.1,2.5,4.8,9.8,2.1,3.1,3.0,4.8,2.6,14.600000000000001,5.2,7.8,19.9,NS,3.12,2,S_EXCLUSIVE_GREEN,43.1
14.883333333333333,-0.6852,-0.7284,0,34.8,32.6,27.2,28.1,1.9,4.0,1.9,8.1,2.9,2.0,1.0,7.2,5.9,10.0,4.9,8.2,14.2,NS,1.31,0,BALANCED_PHASE,32.7
11.083333333333334,0.2377,-0.9713,0,33.0,29.1,31.4,36.8,3.8,5.8,1.5,6.4,4.7,3.3,2.0,4.7,9.6,7.9,8.0,6.7,17.2,EW,1.14,0,BALANCED_PHASE,29.3
3.25,0.7518,0.6593,0,25.9,22.7,21.7,22.1,0.8,8.5,1.5,5.5,5.5,3.4,1.9,3.8,9.3,7.0,8.9,5.699999999999999,18.7,NS,1.2,0,BALANCED_PHASE,30.1
12.55,-0.1435,-0.9897,0,20.7,24.1,145.3,21.4,0.5,4.0,2.0,2.9,22.5,29.6,1.7,1.8,4.5,4.9,52.1,3.5,68.2,EW,9.81,3,E_EXCLUSIVE_GREEN,45.0
23.35,-0.1693,0.9856,0,30.4,67.8,20.3,20.7,2.9,8.2,11.2,18.3,3.6,3.6,3.5,1.2,11.1,29.5,7.2,4.7,57.1,NS,2.44,2,S_EXCLUSIVE_GREEN,45.0
2.533333333333333,0.6157,0.788,0,23.2,37.8,25.3,35.4,0.3,6.3,2.2,5.2,3.9,5.2,5.2,3.7,6.6,7.4,9.1,8.9,18.7,EW,1.12,0,BALANCED_PHASE,31.4
16.533333333333335,-0.9272,-0.3746,1,15.0,81.0,18.3,107.1,5.2,0.2,2.6,6.2,0.5,2.0,13.8,20.0,5.4,8.8,2.5,33.8,37.1,EW,8.3,4,W_EXCLUSIVE_GREEN,45.0
6.95,0.9692,-0.2462,0,35.2,34.6,24.5,23.0,2.9,3.0,2.0,11.0,3.3,3.8,1.1,5.6,5.9,13.0,7.1,6.699999999999999,24.6,NS,1.5,1,N_EXCLUSIVE_GREEN,39.8
11.766666666666667,0.061,-0.9981,0,28.5,23.8,22.7,20.1,4.1,2.0,1.7,3.1,3.6,0.8,1.2,2.9,6.1,4.8,4.4,4.1,8.0,NS,1.17,0,BALANCED_PHASE,23.1
20.866666666666667,-0.7314,0.682,0,68.0,20.4,20.6,23.5,6.5,13.0,3.1,1.9,2.0,5.5,1.1,5.9,19.5,5.0,7.5,7.0,24.4,NS,3.45,1,N_EXCLUSIVE_GREEN,45.0
4.266666666666667,0.8988,0.4384,0,22.3,52.8,20.8,28.7,3.8,9.2,2.3,10.6,3.6,2.9,1.1,2.8,13.0,12.899999999999999,6.5,3.9,15.8,NS,1.32,1,N_EXCLUSIVE_GREEN,42.1
20.066666666666666,-0.8572,0.515,0,19.0,23.3,25.4,113.9,2.4,4.1,7.7,3.7,2.0,2.2,12.8,21.1,6.5,11.4,4.2,33.900000000000006,67.6,EW,5.79,4,W_EXCLUSIVE_GREEN,45.0
14.8,-0.6691,-0.7431,0,25.5,30.6,32.8,30.1,2.8,2.7,1.7,6.9,3.6,4.1,2.3,4.1,5.5,8.6,7.699999999999999,6.3999999999999995,12.4,EW,1.1,0,BALANCED_PHASE,27.6
18.466666666666665,-0.9925,0.1219,1,26.3,111.4,23.2,110.4,4.8,5.1,9.5,13.3,7.2,1.3,14.5,19.0,9.899999999999999,22.8,8.5,33.5,62.4,EW,4.07,4,W_EXCLUSIVE_GREEN,45.0
21.983333333333334,-0.5038,0.8638,0,24.8,33.9,29.1,27.3,0.7,3.0,9.8,4.7,3.4,1.5,2.5,5.0,3.7,14.5,4.9,7.5,17.5,NS,2.32,2,S_EXCLUSIVE_GREEN,41.9
20.666666666666668,-0.766,0.6428,0,22.3,20.5,28.3,20.5,1.9,7.0,0.9,3.2,3.7,5.4,9.5,2.1,8.9,4.1000000000000005,9.100000000000001,11.6,15.7,EW,1.26,0,BALANCED_PHASE,34.9
10.916666666666666,0.2798,-0.96,0,37.9,39.9,36.3,22.3,3.6,7.5,1.9,6.7,5.1,3.9,1.6,1.8,11.1,8.6,9.0,3.4000000000000004,16.7,NS,1.14,0,BALANCED_PHASE,36.1
10.15,0.4656,-0.885,0,30.8,24.1,20.8,28.6,1.9,2.9,0.7,3.3,1.9,1.6,2.9,7.5,4.8,4.0,3.5,10.4,20.4,NS,1.17,0,BALANCED_PHASE,22.2
15.466666666666667,-0.788,-0.6157,0,24.6,27.2,32.9,30.0,2.3,5.1,1.5,7.5,6.6,8.1,9.1,2.4,7.3999999999999995,9.0,14.7,11.5,18.3,EW,1.18,0,BALANCED_PHASE,42.1
8.616666666666667,0.7744,-0.6327,1,59.8,16.0,52.5,16.8,3.2,6.1,1.7,1.0,4.7,7.3,2.4,2.9,9.3,2.7,12.0,5.3,23.7,NS,3.32,1,N_EXCLUSIVE_GREEN,36.7
1.3666666666666667,0.3502,0.9367,0,22.4,21.2,25.8,20.3,2.0,6.2,1.9,2.9,3.9,11.9,2.4,3.2,8.2,4.8,15.8,5.6,28.3,EW,2.06,3,E_EXCLUSIVE_GREEN,44.1
9.483333333333333,0.6122,-0.7907,1,61.6,25.4,63.4,22.4,11.3,13.9,0.8,2.1,3.8,15.2,1.7,8.4,25.200000000000003,2.9000000000000004,19.0,10.1,52.2,NS,4.42,1,N_EXCLUSIVE_GREEN,45.0
14.033333333333333,-0.5075,-0.8616,0,25.2,17.2,149.0,32.5,1.4,2.9,0.2,2.5,9.7,22.7,3.5,3.1,4.3,2.7,32.4,6.6,36.0,EW,4.57,3,E_EXCLUSIVE_GREEN,45.0
2.6833333333333336,0.6461,0.7632,0,20.8,29.8,21.0,20.6,3.0,2.2,2.8,6.2,1.6,2.3,1.6,2.7,5.2,9.0,3.9,4.300000000000001,16.4,NS,1.52,2,S_EXCLUSIVE_GREEN,30.0
2.65,0.6394,0.7688,0,20.2,20.3,34.5,33.9,2.7,6.6,3.3,5.5,4.3,5.5,4.1,6.8,9.3,8.8,9.8,10.899999999999999,11.4,EW,1.04,0,BALANCED_PHASE,34.1
12.483333333333333,-0.1262,-0.992,0,33.3,33.7,31.9,30.7,9.4,3.1,2.9,1.1,7.7,11.8,1.4,11.4,12.5,4.0,19.5,12.8,32.6,EW,1.33,0,BALANCED_PHASE,45.0
23.95,-0.0131,0.9999,0,17.3,73.7,17.8,24.1,0.8,2.6,11.0,9.4,1.4,2.9,4.0,3.9,3.4000000000000004,20.4,4.3,7.9,41.5,NS,4.77,2,S_EXCLUSIVE_GREEN,45.0
10.633333333333333,0.3502,-0.9367,0,33.9,25.9,20.5,24.6,4.6,8.7,1.3,2.8,2.2,2.8,1.5,1.7,13.299999999999999,4.1,5.0,3.2,27.8,NS,2.05,1,N_EXCLUSIVE_GREEN,40.5
4.05,0.8725,0.4886,0,20.0,34.4,37.9,30.1,0.3,2.5,5.3,8.4,2.7,4.3,9.0,1.7,2.8,13.7,7.0,10.7,22.6,EW,1.35,0,BALANCED_PHASE,35.5
10.75,0.3214,-0.9469,0,17.5,106.2,20.6,32.0,1.6,1.3,12.4,11.9,0.6,4.2,1.8,4.3,2.9000000000000004,24.3,4.8,6.1,51.8,NS,6.6,2,S_EXCLUSIVE_GREEN,45.0
1.25,0.3214,0.9469,0,24.8,23.3,22.7,31.7,0.7,2.3,2.4,1.5,1.6,2.1,3.7,2.2,3.0,3.9,3.7,5.9,9.0,EW,1.4,0,BALANCED_PHASE,23.4
14.55,-0.6191,-0.7853,0,28.8,21.7,32.8,23.1,1.9,9.2,1.9,3.0,2.4,8.4,2.5,1.6,11.1,4.9,10.8,4.1,17.9,EW,1.88,3,E_EXCLUSIVE_GREEN,34.3
5.383333333333334,0.987,0.1607,0,21.9,18.7,74.7,17.9,1.2,2.8,2.0,1.9,6.5,5.8,1.0,1.1,4.0,3.9,12.3,2.1,23.9,EW,4.41,3,E_EXCLUSIVE_GREEN,45.0
12.433333333333334,-0.1132,-0.9936,0,21.1,27.8,32.4,28.3,0.2,2.5,1.7,5.5,3.6,4.1,2.3,7.0,2.7,7.2,7.699999999999999,9.3,11.2,EW,1.14,0,BALANCED_PHASE,30.6
21.633333333333333,-0.5807,0.8141,0,21.5,22.9,61.0,23.5,4.6,1.5,1.1,2.8,6.1,14.8,0.7,3.1,6.1,3.9,20.9,3.8,25.2,EW,3.68,3,E_EXCLUSIVE_GREEN,45.0
2.35,0.5771,0.8166,0,21.3,19.9,25.7,72.1,2.2,6.0,1.4,0.9,3.7,3.3,11.2,8.0,8.2,2.3,7.0,19.2,19.2,EW,2.66,4,W_EXCLUSIVE_GREEN,45.0
9.266666666666667,0.6561,-0.7547,1,91.0,12.2,88.8,14.2,10.0,15.0,1.0,0.6,12.1,26.5,0.0,2.1,25.0,1.6,38.6,2.1,68.1,EW,10.37,3,E_EXCLUSIVE_GREEN,45.0
23.9,-0.0262,0.9997,0,26.7,36.3,33.4,27.0,2.8,6.8,1.1,13.9,0.7,5.0,1.6,2.2,9.6,15.0,5.7,3.8000000000000003,22.5,NS,1.44,2,S_EXCLUSIVE_GREEN,43.8
19.916666666666668,-0.8767,0.481,0,60.3,18.4,25.8,24.3,9.9,8.1,2.8,8.0,1.9,1.5,3.5,2.8,18.0,10.8,3.4,6.3,33.7,NS,2.01,1,N_EXCLUSIVE_GREEN,45.0
18.7,-0.9833,0.1822,1,26.1,54.6,12.0,81.3,1.4,1.5,9.0,4.4,2.3,1.0,10.9,25.8,2.9,13.4,3.3,36.7,79.4,EW,8.54,4,W_EXCLUSIVE_GREEN,45.0
4.966666666666667,0.9636,0.2672,0,20.8,19.4,30.9,113.5,0.4,0.8,0.1,3.8,1.2,2.4,9.5,19.6,1.2000000000000002,3.9,3.5999999999999996,29.1,30.7,EW,5.04,4,W_EXCLUSIVE_GREEN,45.0
4.633333333333333,0.9367,0.3502,0,39.7,20.1,24.1,29.3,1.6,4.0,0.4,3.8,1.6,3.4,4.8,5.3,5.6,4.2,5.0,10.1,12.8,NS,1.55,1,N_EXCLUSIVE_GREEN,24.6
2.3166666666666664,0.57,0.8216,0,21.8,23.7,21.4,22.3,2.9,1.9,4.0,3.2,2.5,2.9,2.5,0.6,4.8,7.2,5.4,3.1,15.1,NS,1.24,0,BALANCED_PHASE,25.2
20.833333333333332,-0.7373,0.6756,0,19.5,103.1,18.1,24.4,0.5,2.0,12.9,23.4,1.2,5.9,1.2,7.1,2.5,36.3,7.1000000000000005,8.299999999999999,55.6,NS,8.26,2,S_EXCLUSIVE_GREEN,45.0
21.733333333333334,-0.5592,0.829,0,34.6,25.1,32.0,30.0,3.6,3.7,7.3,4.0,2.8,2.6,4.7,3.4,7.300000000000001,11.3,5.4,8.1,21.0,NS,1.42,1,N_EXCLUSIVE_GREEN,35.9
23.716666666666665,-0.0741,0.9973,0,29.1,20.7,36.5,29.2,1.6,6.3,0.5,6.9,4.2,7.8,2.8,4.6,7.9,7.4,12.0,7.3999999999999995,25.4,EW,1.41,3,E_EXCLUSIVE_GREEN,38.1
2.6833333333333336,0.6461,0.7632,0,31.8,31.5,28.3,32.2,2.0,5.4,6.0,5.9,0.5,1.4,0.9,3.3,7.4,11.9,1.9,4.2,23.8,NS,1.29,0,BALANCED_PHASE,36.9
16.383333333333333,-0.9118,-0.4107,0,25.9,23.1,54.6,31.8,0.7,5.7,0.8,4.7,1.6,7.3,6.6,5.0,6.4,5.5,8.9,11.6,16.6,EW,1.43,3,E_EXCLUSIVE_GREEN,39.7
5.216666666666667,0.979,0.2036,0,21.3,21.9,24.1,80.7,0.8,4.6,1.9,12.0,7.1,4.8,8.5,11.8,5.3999999999999995,13.9,11.899999999999999,20.3,27.5,EW,2.12,4,W_EXCLUSIVE_GREEN,45.0
6.233333333333333,0.9981,-0.061,0,39.2,20.6,34.2,39.6,3.1,4.9,0.3,0.3,1.5,4.0,2.8,11.8,8.0,0.6,5.5,14.600000000000001,22.0,EW,1.75,4,W_EXCLUSIVE_GREEN,43.5
4.066666666666666,0.8746,0.4848,0,70.9,18.1,25.5,29.6,4.7,9.6,2.1,2.5,1.6,1.9,10.0,8.4,14.3,4.6,3.5,18.4,35.0,NS,3.27,1,N_EXCLUSIVE_GREEN,45.0
16.816666666666666,-0.9524,-0.3049,1,17.3,63.1,15.3,65.9,4.1,4.2,14.8,13.8,4.0,0.4,6.0,12.2,8.3,28.6,4.4,18.2,42.1,NS,3.36,2,S_EXCLUSIVE_GREEN,45.0
17.883333333333333,-0.9995,-0.0305,1,21.7,58.9,25.0,85.7,2.1,2.6,13.8,11.6,1.8,0.7,13.0,15.7,4.7,25.4,2.5,28.7,57.8,EW,5.73,4,W_EXCLUSIVE_GREEN,45.0
23.933333333333334,-0.0175,0.9998,0,26.5,22.4,33.9,25.4,2.2,6.6,1.1,2.1,4.6,5.0,2.8,4.0,8.8,3.2,9.6,6.8,15.4,EW,1.32,0,BALANCED_PHASE,31.8
21.35,-0.6394,0.7688,0,27.1,36.0,25.6,32.1,3.0,3.2,7.4,5.1,2.0,2.5,5.8,3.1,6.2,12.5,4.5,8.9,26.7,NS,1.63,2,S_EXCLUSIVE_GREEN,39.2
19.133333333333333,-0.9563,0.2924,1,12.3,57.4,12.1,92.2,0.3,2.9,3.9,11.5,0.2,1.1,9.1,13.8,3.1999999999999997,15.4,1.3,22.9,41.5,EW,9.81,4,W_EXCLUSIVE_GREEN,45.0
19.4,-0.9336,0.3584,1,14.1,129.6,21.5,83.2,0.5,1.0,11.6,18.9,2.8,1.9,8.7,10.1,1.5,30.5,4.699999999999999,18.799999999999997,58.3,NS,11.69,2,S_EXCLUSIVE_GREEN,45.0
4.166666666666667,0.887,0.4617,0,28.2,70.2,18.8,19.3,2.7,8.8,2.7,6.8,0.6,1.9,2.1,1.4,11.5,9.5,2.5,3.5,22.0,NS,1.63,1,N_EXCLUSIVE_GREEN,42.8
23.466666666666665,-0.1392,0.9903,0,18.2,18.5,51.2,21.5,0.6,6.4,1.4,1.2,2.9,9.3,0.6,10.3,7.0,2.5999999999999996,12.200000000000001,10.9,14.8,EW,1.43,3,E_EXCLUSIVE_GREEN,40.1
21.766666666666666,-0.5519,0.8339,0,27.0,17.4,24.2,68.2,2.3,2.4,1.5,1.0,1.8,8.6,3.7,19.1,4.699999999999999,2.5,10.4,22.8,36.8,EW,2.31,4,W_EXCLUSIVE_GREEN,45.0
19.3,-0.9426,0.3338,1,20.1,81.0,22.6,99.2,1.4,8.0,2.6,14.2,2.1,3.5,15.3,11.7,9.4,16.8,5.6,27.0,50.5,EW,4.41,4,W_EXCLUSIVE_GREEN,45.0
23.833333333333332,-0.0436,0.999,0,24.0,22.2,31.8,24.7,0.8,2.2,4.3,2.0,2.8,5.9,2.6,2.2,3.0,6.3,8.7,4.800000000000001,18.3,EW,1.47,3,E_EXCLUSIVE_GREEN,30.0
17.25,-0.9808,-0.1951,1,14.7,106.4,26.8,57.3,1.6,1.3,15.0,21.7,7.0,3.3,4.5,9.4,2.9000000000000004,36.7,10.3,13.9,77.3,NS,9.14,2,S_EXCLUSIVE_GREEN,45.0
9.85,0.5336,-0.8457,0,38.6,21.6,32.5,21.6,7.5,9.2,2.3,4.7,5.2,3.6,1.3,3.9,16.7,7.0,8.8,5.2,34.6,NS,2.07,1,N_EXCLUSIVE_GREEN,45.0
6.383333333333334,0.995,-0.1002,0,37.4,20.2,24.7,33.8,7.1,4.7,5.4,2.0,1.9,6.8,2.4,5.8,11.8,7.4,8.7,8.2,16.8,NS,1.61,1,N_EXCLUSIVE_GREEN,37.0
18.466666666666665,-0.9925,0.1219,1,20.2,52.3,15.7,113.6,3.3,5.2,5.7,15.1,1.9,2.6,6.6,24.2,8.5,20.8,4.5,30.799999999999997,35.0,EW,6.57,4,W_EXCLUSIVE_GREEN,45.0
14.816666666666666,-0.6724,-0.7402,0,18.6,26.8,26.3,51.4,0.8,2.0,0.8,5.0,4.3,3.6,4.8,8.5,2.8,5.8,7.9,13.3,21.1,EW,1.73,4,W_EXCLUSIVE_GREEN,43.0
16.55,-0.9288,-0.3706,1,13.6,84.4,12.6,61.4,1.6,1.8,12.3,10.7,0.4,3.2,2.4,14.1,3.4000000000000004,23.0,3.6,16.5,24.8,NS,6.03,2,S_EXCLUSIVE_GREEN,45.0
13.166666666666666,-0.3007,-0.9537,0,36.4,28.2,22.0,21.2,4.7,2.3,4.2,0.6,2.7,1.5,1.1,2.6,7.0,4.8,4.2,3.7,7.2,NS,1.31,0,BALANCED_PHASE,26.3
19.133333333333333,-0.9563,0.2924,1,14.9,64.0,18.3,61.8,2.0,1.4,7.4,10.1,5.4,2.5,7.0,5.8,3.4,17.5,7.9,12.8,37.1,EW,2.09,4,W_EXCLUSIVE_GREEN,45.0
8.05,0.8594,-0.5113,1,116.1,15.5,59.6,23.6,13.3,13.0,1.7,1.3,4.7,11.9,2.3,4.7,26.3,3.0,16.6,7.0,48.0,NS,7.49,1,N_EXCLUSIVE_GREEN,45.0
20.5,-0.7934,0.6088,0,21.1,23.5,23.1,31.0,6.3,1.8,4.4,4.4,4.8,1.7,1.2,2.3,8.1,8.8,6.5,3.5,12.6,EW,1.47,3,E_EXCLUSIVE_GREEN,24.8
17.983333333333334,-1.0,-0.0044,1,14.7,63.0,14.1,101.5,4.3,0.4,2.3,6.5,0.2,0.2,14.6,22.7,4.7,8.8,0.4,37.3,66.8,EW,15.45,4,W_EXCLUSIVE_GREEN,45.0
3.75,0.8315,0.5556,0,31.0,35.1,34.6,24.4,1.2,4.0,4.1,8.4,2.7,5.8,3.9,2.8,5.2,12.5,8.5,6.699999999999999,24.1,NS,1.64,2,S_EXCLUSIVE_GREEN,38.7
3.3,0.7604,0.6494,0,32.4,63.9,18.8,17.7,2.4,7.3,5.5,9.4,3.2,0.4,0.4,7.8,9.7,14.9,3.6,8.2,29.4,NS,1.66,2,S_EXCLUSIVE_GREEN,45.0
8.466666666666667,0.7986,-0.6018,1,125.3,22.8,108.0,13.8,15.8,31.0,3.5,4.8,16.7,17.0,2.1,1.3,46.8,8.3,33.7,3.4000000000000004,51.3,NS,5.38,1,N_EXCLUSIVE_GREEN,45.0
16.15,-0.885,-0.4656,0,34.6,32.0,26.9,23.5,3.3,6.2,6.6,16.8,1.1,5.8,2.3,0.9,9.5,23.4,6.9,3.1999999999999997,48.3,NS,1.85,1,N_EXCLUSIVE_GREEN,45.0
2.966666666666667,0.7009,0.7133,0,18.5,23.7,19.4,125.5,4.4,2.5,2.6,3.3,4.4,2.3,10.2,24.5,6.9,5.9,6.7,34.7,72.1,EW,5.4,4,W_EXCLUSIVE_GREEN,45.0
11.983333333333333,0.0044,-1.0,0,93.2,22.6,23.8,28.7,6.3,12.9,5.6,3.2,5.7,6.3,1.9,4.9,19.2,8.8,12.0,6.800000000000001,24.9,NS,2.74,1,N_EXCLUSIVE_GREEN,45.0
12.533333333333333,-0.1392,-0.9903,0,19.3,32.9,27.7,132.7,3.0,4.6,9.1,5.1,9.2,3.4,11.7,18.0,7.6,14.2,12.6,29.7,53.0,EW,3.02,4,W_EXCLUSIVE_GREEN,45.0
2.3833333333333333,0.5842,0.8116,0,23.6,19.2,61.5,29.8,2.3,3.1,1.4,5.0,4.3,6.4,0.5,3.4,5.4,6.4,10.7,3.9,22.8,EW,2.22,3,E_EXCLUSIVE_GREEN,39.8
3.8833333333333333,0.8504,0.5262,0,20.1,38.3,34.8,28.1,1.1,1.2,2.2,2.9,5.8,6.6,3.5,6.2,2.3,5.1,12.399999999999999,9.7,26.2,EW,1.22,0,BALANCED_PHASE,38.7
10.833333333333334,0.3007,-0.9537,0,56.6,18.5,20.4,25.9,2.3,11.8,2.3,3.5,1.9,1.8,2.2,7.5,14.100000000000001,5.8,3.7,9.7,23.5,NS,2.54,1,N_EXCLUSIVE_GREEN,45.0
9.966666666666667,0.5075,-0.8616,0,22.2,24.8,32.7,24.8,2.9,5.1,5.9,3.8,4.7,9.4,1.4,2.1,8.0,9.7,14.100000000000001,3.5,29.3,EW,2.3,3,E_EXCLUSIVE_GREEN,42.0
22.883333333333333,-0.2882,0.9576,0,32.7,18.4,17.8,87.9,3.4,12.3,0.7,1.0,1.2,4.6,8.6,13.8,15.700000000000001,1.7,5.8,22.4,32.4,EW,4.05,4,W_EXCLUSIVE_GREEN,45.0
14.65,-0.6394,-0.7688,0,86.1,28.1,30.1,19.6,5.3,16.8,2.2,5.7,1.5,3.0,1.7,2.4,22.1,7.9,4.5,4.1,23.2,NS,2.8,1,N_EXCLUSIVE_GREEN,45.0
0.26666666666666666,0.0698,0.9976,0,18.6,105.7,25.4,18.3,0.7,4.3,17.8,14.7,6.7,3.1,0.9,2.7,5.0,32.5,9.8,3.6,46.6,NS,5.81,2,S_EXCLUSIVE_GREEN,45.0
17.766666666666666,-0.9981,-0.061,1,12.5,52.3,15.1,54.3,0.2,0.4,4.4,8.0,2.1,1.7,6.6,4.0,0.6000000000000001,12.4,3.8,10.6,19.1,EW,2.93,4,W_EXCLUSIVE_GREEN,37.9
19.55,-0.9188,0.3947,0,26.3,20.2,37.7,26.9,0.8,4.8,0.6,1.1,1.6,4.2,0.5,8.1,5.6,1.7000000000000002,5.800000000000001,8.6,11.8,EW,1.38,0,BALANCED_PHASE,30.2
9.25,0.6593,-0.7518,1,119.7,13.1,54.1,20.6,23.4,42.4,0.8,1.4,5.9,5.2,1.6,2.1,65.8,2.2,11.100000000000001,3.7,140.1,NS,16.87,1,N_EXCLUSIVE_GREEN,45.0
9.116666666666667,0.6852,-0.7284,1,72.6,19.0,50.8,19.1,13.3,7.7,1.8,2.6,3.8,9.3,0.4,1.5,21.0,4.4,13.100000000000001,1.9,44.6,NS,4.08,1,N_EXCLUSIVE_GREEN,45.0
1.25,0.3214,0.9469,0,20.1,28.6,20.1,34.6,11.1,2.5,2.0,6.0,4.6,5.7,2.7,8.6,13.6,8.0,10.3,11.3,19.8,EW,1.23,0,BALANCED_PHASE,35.8
19.483333333333334,-0.9255,0.3786,1,13.7,54.0,16.8,77.2,1.2,1.7,8.8,12.1,0.3,1.4,10.3,10.2,2.9,20.9,1.7,20.5,38.4,EW,6.47,4,W_EXCLUSIVE_GREEN,45.0
2.1166666666666667,0.5262,0.8504,0,24.4,26.1,22.6,22.8,1.1,2.4,5.1,4.4,5.1,7.6,0.8,6.6,3.5,9.5,12.7,7.3999999999999995,27.7,EW,1.39,0,BALANCED_PHASE,37.3
15.633333333333333,-0.8141,-0.5807,0,21.7,22.4,30.1,26.0,4.5,1.3,2.3,3.2,0.2,3.4,3.4,2.8,5.8,5.5,3.6,6.199999999999999,10.1,EW,1.31,0,BALANCED_PHASE,23.8
20.533333333333335,-0.788,0.6157,0,39.1,23.3,36.0,22.4,8.3,10.4,1.1,2.6,4.7,4.1,0.8,4.7,18.700000000000003,3.7,8.8,5.5,19.0,NS,2.99,1,N_EXCLUSIVE_GREEN,45.0
22.15,-0.4656,0.885,0,72.1,21.6,17.9,22.6,4.4,5.9,1.6,3.3,0.8,5.4,0.4,4.0,10.3,4.9,6.2,4.4,17.5,NS,2.54,1,N_EXCLUSIVE_GREEN,40.3
19.366666666666667,-0.9367,0.3502,1,16.4,52.4,12.5,47.0,1.1,3.3,3.2,7.2,1.3,3.4,4.4,4.7,4.4,10.4,4.7,9.100000000000001,11.7,NS,2.55,2,S_EXCLUSIVE_GREEN,36.4
7.6,0.9135,-0.4067,1,50.3,21.8,86.3,16.3,1.0,14.0,5.7,5.0,12.0,13.3,1.3,4.8,15.0,10.7,25.3,6.1,47.7,EW,4.31,3,E_EXCLUSIVE_GREEN,45.0
13.183333333333334,-0.3049,-0.9524,0,31.6,39.3,27.0,21.5,3.5,7.9,4.6,12.5,0.3,2.6,2.9,2.3,11.4,17.1,2.9,5.199999999999999,25.4,NS,1.37,0,BALANCED_PHASE,45.0
2.55,0.6191,0.7853,0,23.1,20.4,22.1,20.6,0.3,4.6,2.4,0.6,0.2,0.5,2.3,1.7,4.8999999999999995,3.0,0.7,4.0,7.9,NS,1.26,0,BALANCED_PHASE,19.8
2.55,0.6191,0.7853,0,23.6,24.5,22.2,27.5,0.5,2.9,5.5,8.1,1.3,2.1,0.9,5.8,3.4,13.6,3.4000000000000004,6.7,29.7,NS,2.15,2,S_EXCLUSIVE_GREEN,39.6
16.583333333333332,-0.932,-0.3624,1,15.5,56.2,18.1,55.4,2.3,1.9,2.7,12.2,5.7,1.1,6.3,9.2,4.199999999999999,14.899999999999999,6.800000000000001,15.5,17.8,EW,2.43,4,W_EXCLUSIVE_GREEN,45.0
0.4,0.1045,0.9945,0,28.2,33.5,28.3,28.9,2.2,5.7,7.1,3.9,3.9,7.0,2.4,3.6,7.9,11.0,10.9,6.0,21.4,NS,1.26,0,BALANCED_PHASE,35.2
1.6666666666666665,0.4226,0.9063,0,31.1,31.3,72.3,29.0,9.1,2.5,2.6,6.7,5.0,9.7,2.8,10.0,11.6,9.3,14.7,12.8,21.6,EW,1.53,3,E_EXCLUSIVE_GREEN,45.0
8.783333333333333,0.7461,-0.6659,1,121.3,18.6,53.4,14.1,14.5,22.2,2.0,2.8,5.0,5.4,0.0,3.3,36.7,4.8,10.4,3.3,70.8,NS,6.75,1,N_EXCLUSIVE_GREEN,45.0
0.36666666666666664,0.0958,0.9954,0,21.8,29.3,22.7,26.9,1.5,2.7,0.6,1.0,2.8,2.4,3.9,4.9,4.2,1.6,5.199999999999999,8.8,12.9,EW,1.38,0,BALANCED_PHASE,28.7
11.25,0.1951,-0.9808,0,26.6,22.6,21.3,36.2,5.9,2.8,0.4,2.3,1.3,1.0,4.1,3.6,8.7,2.6999999999999997,2.3,7.699999999999999,12.6,EW,2.12,4,W_EXCLUSIVE_GREEN,28.2
20.1,-0.8526,0.5225,0,22.7,27.5,22.3,22.6,0.6,1.1,3.6,2.1,3.0,3.3,0.3,2.0,1.7000000000000002,5.7,6.3,2.3,10.1,NS,1.66,2,S_EXCLUSIVE_GREEN,22.4
23.8,-0.0523,0.9986,0,106.7,31.3,28.7,17.3,8.5,28.5,3.3,7.1,1.8,7.4,0.3,3.4,37.0,10.399999999999999,9.200000000000001,3.6999999999999997,77.8,NS,3.4,1,N_EXCLUSIVE_GREEN,45.0
11.566666666666666,0.1132,-0.9936,0,21.2,57.4,24.5,23.1,2.2,5.6,1.4,14.9,4.2,0.7,1.1,3.3,7.8,16.3,4.9,4.4,25.5,NS,2.22,2,S_EXCLUSIVE_GREEN,45.0
21.483333333333334,-0.6122,0.7907,0,22.9,35.1,23.9,32.4,2.2,3.0,2.8,5.7,1.7,2.9,3.3,4.7,5.2,8.5,4.6,8.0,12.5,NS,1.51,2,S_EXCLUSIVE_GREEN,29.6
15.666666666666666,-0.8192,-0.5736,0,20.4,77.3,24.5,30.0,1.3,3.5,5.2,10.0,8.5,0.8,2.7,4.5,4.8,15.2,9.3,7.2,18.6,NS,3.27,2,S_EXCLUSIVE_GREEN,45.0
2.75,0.6593,0.7518,0,25.6,21.4,21.2,37.4,1.7,1.8,2.4,4.5,1.2,3.4,2.5,15.9,3.5,6.9,4.6,18.4,24.4,EW,2.77,4,W_EXCLUSIVE_GREEN,45.0
14.033333333333333,-0.5075,-0.8616,0,65.8,23.1,18.4,25.2,7.9,7.4,0.9,2.1,2.2,1.6,2.4,1.3,15.3,3.0,3.8000000000000003,3.7,26.3,NS,3.5,1,N_EXCLUSIVE_GREEN,45.0
6.933333333333334,0.9703,-0.2419,0,26.8,25.3,79.7,22.2,1.9,0.3,5.9,4.8,5.9,18.0,0.6,1.6,2.1999999999999997,10.7,23.9,2.2,27.3,EW,5.57,3,E_EXCLUSIVE_GREEN,45.0
16.416666666666668,-0.9153,-0.4027,0,34.0,22.5,26.4,39.6,1.9,11.8,2.8,3.4,1.3,2.3,11.4,8.4,13.700000000000001,6.199999999999999,3.5999999999999996,19.8,24.4,EW,2.95,4,W_EXCLUSIVE_GREEN,45.0
17.5,-0.9914,-0.1305,1,16.8,57.9,18.1,54.0,1.5,4.4,16.8,16.9,0.9,0.7,4.5,5.7,5.9,33.7,1.6,10.2,41.3,NS,4.64,2,S_EXCLUSIVE_GREEN,45.0
8.033333333333333,0.8616,-0.5075,1,67.0,17.2,48.6,24.1,2.2,8.1,9.1,3.5,3.7,3.9,2.4,4.8,10.3,12.6,7.6,7.199999999999999,22.7,NS,1.83,1,N_EXCLUSIVE_GREEN,44.5
20.2,-0.8387,0.5446,0,56.3,21.6,23.1,20.8,4.5,10.6,0.6,6.8,1.1,8.8,0.6,2.8,15.1,7.3999999999999995,9.9,3.4,28.5,NS,2.16,1,N_EXCLUSIVE_GREEN,45.0
20.35,-0.8166,0.5771,0,20.1,18.1,61.7,17.2,3.4,4.1,3.2,3.0,6.9,5.2,1.3,2.8,7.5,6.2,12.100000000000001,4.1,24.4,EW,3.04,3,E_EXCLUSIVE_GREEN,42.7
13.933333333333334,-0.4848,-0.8746,0,37.5,20.1,23.5,34.4,2.3,6.9,1.3,4.0,5.9,4.2,1.1,5.3,9.2,5.3,10.100000000000001,6.4,21.5,EW,1.46,3,E_EXCLUSIVE_GREEN,33.5
14.95,-0.6978,-0.7163,0,25.2,23.5,26.2,21.8,3.3,3.3,0.3,1.1,1.4,3.2,4.5,10.6,6.6,1.4000000000000001,4.6,15.1,22.0,EW,2.15,3,E_EXCLUSIVE_GREEN,42.1
10.183333333333334,0.4579,-0.889,0,22.7,25.0,20.8,28.6,1.8,3.0,5.0,4.9,0.5,3.3,2.1,3.3,4.8,9.9,3.8,5.4,13.7,NS,1.52,2,S_EXCLUSIVE_GREEN,30.7
15.383333333333333,-0.7744,-0.6327,0,39.5,21.7,20.6,24.2,5.3,5.5,0.3,2.2,3.6,0.5,0.9,6.3,10.8,2.5,4.1,7.2,21.7,NS,2.55,1,N_EXCLUSIVE_GREEN,35.9
16.283333333333335,-0.9007,-0.4344,0,33.5,20.7,32.0,23.1,7.7,2.6,0.6,2.3,4.8,4.1,0.7,6.7,10.3,2.9,8.899999999999999,7.4,19.1,EW,1.22,0,BALANCED_PHASE,30.5
23.45,-0.1435,0.9897,0,17.7,70.4,21.1,31.3,0.4,4.3,3.6,9.8,6.3,3.2,1.1,3.8,4.7,13.4,9.5,4.9,20.4,NS,3.14,2,S_EXCLUSIVE_GREEN,45.0
17.3,-0.9833,-0.1822,1,18.7,101.6,15.9,46.5,0.1,2.5,6.3,19.2,6.0,0.5,2.8,8.2,2.6,25.5,6.5,11.0,51.1,NS,6.7,2,S_EXCLUSIVE_GREEN,45.0
10.1,0.4772,-0.8788,0,31.7,19.2,67.3,31.3,5.1,5.4,1.2,3.6,3.9,15.0,5.5,4.2,10.5,4.8,18.9,9.7,30.2,EW,1.97,3,E_EXCLUSIVE_GREEN,45.0
9.466666666666667,0.6157,-0.788,1,108.6,18.0,63.7,18.2,9.4,16.0,1.4,2.7,7.1,14.2,2.3,0.8,25.4,4.1,21.299999999999997,3.0999999999999996,49.1,NS,5.75,1,N_EXCLUSIVE_GREEN,45.0
19.75,-0.8969,0.4423,0,21.1,23.2,27.3,36.8,1.8,1.9,0.1,3.7,5.6,4.7,9.6,7.8,3.7,3.8000000000000003,10.3,17.4,22.9,EW,1.52,4,W_EXCLUSIVE_GREEN,45.0
22.466666666666665,-0.3907,0.9205,0,53.5,26.3,20.6,22.1,6.3,3.9,1.4,6.2,4.4,0.5,1.9,6.3,10.2,7.6,4.9,8.2,21.2,NS,1.56,1,N_EXCLUSIVE_GREEN,37.1
23.916666666666668,-0.0218,0.9998,0,20.8,21.0,26.2,32.8,1.1,1.8,0.8,1.6,1.7,6.8,3.6,2.5,2.9000000000000004,2.4000000000000004,8.5,6.1,16.6,EW,1.27,0,BALANCED_PHASE,29.6
19.45,-0.9288,0.3706,1,13.9,83.5,12.4,90.2,7.6,1.4,6.9,19.1,1.5,5.4,7.1,17.8,9.0,26.0,6.9,24.9,44.5,EW,4.35,4,W_EXCLUSIVE_GREEN,45.0
8.666666666666666,0.766,-0.6428,1,57.6,21.5,84.3,13.7,9.9,14.0,0.8,5.5,10.7,6.9,0.8,6.2,23.9,6.3,17.6,7.0,49.0,EW,3.37,3,E_EXCLUSIVE_GREEN,45.0
1.0666666666666667,0.2756,0.9613,0,21.2,36.1,28.0,27.3,1.4,3.0,4.8,7.7,2.1,5.8,3.6,5.4,4.4,12.5,7.9,9.0,12.9,NS,2.16,2,S_EXCLUSIVE_GREEN,37.8
12.383333333333333,-0.1002,-0.995,0,32.3,22.5,32.3,23.1,2.0,2.0,0.4,1.7,7.5,2.9,2.3,2.7,4.0,2.1,10.4,5.0,18.9,EW,1.66,3,E_EXCLUSIVE_GREEN,33.5
23.716666666666665,-0.0741,0.9973,0,107.5,18.8,17.9,18.9,14.9,10.5,3.0,4.2,2.0,2.2,0.7,2.8,25.4,7.2,4.2,3.5,51.4,NS,4.09,1,N_EXCLUSIVE_GREEN,45.0
4.9,0.9588,0.284,0,23.4,24.7,26.7,30.8,1.8,1.8,0.3,1.1,1.3,4.3,1.8,8.9,3.6,1.4000000000000001,5.6,10.700000000000001,11.6,EW,1.47,4,W_EXCLUSIVE_GREEN,33.1
14.033333333333333,-0.5075,-0.8616,0,19.3,131.3,17.8,31.8,6.2,2.5,17.9,25.6,0.0,2.7,1.7,1.4,8.7,43.5,2.7,3.0999999999999996,91.4,NS,5.34,2,S_EXCLUSIVE_GREEN,45.0
20.383333333333333,-0.8116,0.5842,0,64.3,23.1,19.2,20.8,6.6,8.4,3.7,3.0,1.0,2.1,2.7,0.6,15.0,6.7,3.1,3.3000000000000003,18.3,NS,2.36,1,N_EXCLUSIVE_GREEN,45.0
19.15,-0.955,0.2965,1,15.1,71.4,15.3,85.7,0.5,1.7,8.3,14.4,1.7,1.2,6.4,24.5,2.2,22.700000000000003,2.9,30.9,43.6,EW,7.44,4,W_EXCLUSIVE_GREEN,45.0
21.466666666666665,-0.6157,0.788,0,20.4,22.2,27.4,33.3,1.2,3.8,2.0,1.5,0.3,1.3,2.5,4.4,5.0,3.5,1.6,6.9,12.8,EW,1.79,4,W_EXCLUSIVE_GREEN,26.1
11.466666666666667,0.1392,-0.9903,0,29.1,23.8,23.4,20.7,3.6,8.8,3.3,0.9,0.9,6.3,2.4,6.7,12.4,4.2,7.2,9.1,26.4,NS,1.93,1,N_EXCLUSIVE_GREEN,37.7
18.133333333333333,-0.9994,0.0349,1,12.8,52.3,15.7,79.1,0.5,1.5,4.0,9.8,0.4,3.1,11.3,11.0,2.0,13.8,3.5,22.3,35.5,EW,5.33,4,W_EXCLUSIVE_GREEN,45.0
16.383333333333333,-0.9118,-0.4107,0,30.9,17.3,68.9,26.8,1.7,5.0,1.0,4.3,8.9,21.7,2.5,2.9,6.7,5.3,30.6,5.4,58.1,EW,3.94,3,E_EXCLUSIVE_GREEN,45.0
7.116666666666666,0.9576,-0.2882,1,106.5,18.9,57.1,16.5,16.8,17.4,5.6,1.3,5.3,7.4,0.7,1.4,34.2,6.8999999999999995,12.7,2.0999999999999996,40.1,NS,4.97,1,N_EXCLUSIVE_GREEN,45.0
0.7833333333333333,0.2036,0.979,0,27.9,27.0,17.7,59.7,2.2,4.6,3.6,1.3,1.0,0.6,6.2,9.5,6.8,4.9,1.6,15.7,16.4,EW,4.9,4,W_EXCLUSIVE_GREEN,45.0
17.116666666666667,-0.9734,-0.2292,1,19.3,142.7,12.8,72.7,1.6,2.2,14.7,29.8,0.5,0.9,7.4,22.0,3.8000000000000003,44.5,1.4,29.4,50.7,NS,8.96,2,S_EXCLUSIVE_GREEN,45.0
8.816666666666666,0.7402,-0.6724,1,89.9,22.9,79.4,13.4,9.2,23.2,5.6,4.0,5.0,19.8,4.0,0.8,32.4,9.6,24.8,4.8,68.7,NS,3.43,1,N_EXCLUSIVE_GREEN,45.0
8.75,0.7518,-0.6593,1,74.1,13.1,56.6,17.1,6.7,13.7,1.5,4.2,3.8,10.6,1.3,2.4,20.4,5.7,14.399999999999999,3.7,38.6,NS,4.0,1,N_EXCLUSIVE_GREEN,45.0
14.216666666666667,-0.5483,-0.8363,0,21.0,39.8,40.0,27.2,1.7,1.8,3.9,5.9,3.3,6.9,0.7,10.7,3.5,9.8,10.2,11.399999999999999,17.4,EW,1.2,0,BALANCED_PHASE,36.7
9.733333333333333,0.5592,-0.829,0,22.1,26.6,23.5,22.9,1.8,3.0,5.0,8.8,1.4,4.3,5.2,2.7,4.8,13.8,5.699999999999999,7.9,29.1,NS,1.97,2,S_EXCLUSIVE_GREEN,40.3
15.2,-0.7431,-0.6691,0,115.1,21.7,19.4,19.4,16.7,26.7,3.3,2.4,1.6,2.1,0.9,3.9,43.4,5.699999999999999,3.7,4.8,89.0,NS,6.3,1,N_EXCLUSIVE_GREEN,45.0
14.183333333333334,-0.541,-0.841,0,21.3,34.0,31.6,37.2,0.3,3.3,2.0,6.0,6.3,4.7,4.0,8.9,3.5999999999999996,8.0,11.0,12.9,20.5,EW,1.14,0,BALANCED_PHASE,39.5
14.083333333333334,-0.5188,-0.8549,0,28.8,27.2,21.6,24.3,2.3,3.5,2.6,8.5,1.7,1.0,1.4,3.2,5.8,11.1,2.7,4.6,14.2,NS,1.44,1,N_EXCLUSIVE_GREEN,33.8
10.7,0.3338,-0.9426,0,56.4,20.3,27.3,24.6,7.4,13.0,1.9,7.6,1.9,0.5,1.0,3.4,20.4,9.5,2.4,4.4,42.3,NS,2.25,1,N_EXCLUSIVE_GREEN,45.0
17.566666666666666,-0.9936,-0.1132,1,12.2,124.2,16.9,53.2,1.6,0.5,13.7,22.7,0.2,8.4,3.6,6.5,2.1,36.4,8.6,10.1,63.0,NS,12.13,2,S_EXCLUSIVE_GREEN,45.0
9.95,0.5113,-0.8594,0,24.4,81.4,18.6,23.0,2.2,4.2,12.4,15.1,2.7,0.6,2.4,3.1,6.4,27.5,3.3000000000000003,5.5,36.8,NS,3.72,2,S_EXCLUSIVE_GREEN,45.0
22.75,-0.3214,0.9469,0,35.1,23.8,30.5,20.9,6.7,10.1,2.5,5.1,2.5,5.0,3.3,4.8,16.8,7.6,7.5,8.1,36.9,NS,1.85,1,N_EXCLUSIVE_GREEN,45.0
20.183333333333334,-0.841,0.541,0,37.2,20.7,31.0,23.7,4.1,5.6,0.2,1.7,3.8,5.6,1.3,3.6,9.7,1.9,9.399999999999999,4.9,20.2,NS,2.62,1,N_EXCLUSIVE_GREEN,33.1
16.233333333333334,-0.8949,-0.4462,0,30.9,56.7,29.1,32.2,1.4,7.7,12.2,7.9,1.3,3.0,7.8,2.7,9.1,20.1,4.3,10.5,28.3,NS,1.99,2,S_EXCLUSIVE_GREEN,45.0
4.25,0.8969,0.4423,0,28.3,36.5,32.4,38.0,1.9,10.0,1.5,6.8,8.5,7.3,4.5,6.4,11.9,8.3,15.8,10.9,19.1,EW,1.31,0,BALANCED_PHASE,45.0
0.38333333333333336,0.1002,0.995,0,33.0,26.1,34.0,24.5,5.7,3.5,3.5,1.9,1.6,3.8,1.1,1.6,9.2,5.4,5.4,2.7,14.7,NS,1.42,1,N_EXCLUSIVE_GREEN,30.8
11.483333333333333,0.1349,-0.9909,0,24.2,28.3,24.5,28.9,5.1,1.2,2.0,2.3,1.2,2.4,1.3,6.7,6.3,4.3,3.5999999999999996,8.0,16.7,EW,1.53,4,W_EXCLUSIVE_GREEN,27.9
17.133333333333333,-0.9744,-0.225,1,12.3,53.3,13.7,87.3,1.7,2.5,2.9,9.3,1.2,0.1,12.6,18.2,4.2,12.200000000000001,1.3,30.799999999999997,50.1,EW,10.61,4,W_EXCLUSIVE_GREEN,45.0
19.933333333333334,-0.8746,0.4848,0,24.9,32.8,70.6,29.8,4.2,3.8,4.6,1.6,11.2,14.2,2.1,9.9,8.0,6.199999999999999,25.4,12.0,38.6,EW,2.14,3,E_EXCLUSIVE_GREEN,45.0
12.75,-0.1951,-0.9808,0,37.9,25.2,22.8,28.3,1.7,5.7,0.8,4.2,1.1,2.8,3.4,2.6,7.4,5.0,3.9,6.0,8.9,NS,1.42,1,N_EXCLUSIVE_GREEN,27.5
16.433333333333334,-0.9171,-0.3987,0,28.3,27.0,27.4,20.3,1.1,4.6,3.8,7.1,2.4,4.1,0.4,6.5,5.699999999999999,10.899999999999999,6.5,6.9,18.3,NS,1.43,1,N_EXCLUSIVE_GREEN,33.7
18.066666666666666,-0.9998,0.0175,1,18.0,67.5,12.2,55.4,3.4,0.9,10.1,20.6,1.2,2.0,9.2,5.8,4.3,30.700000000000003,3.2,15.0,41.8,NS,5.26,2,S_EXCLUSIVE_GREEN,45.0
4.333333333333333,0.9063,0.4226,0,24.1,23.6,23.5,23.8,0.5,1.1,1.3,4.1,4.7,2.9,1.1,5.7,1.6,5.3999999999999995,7.6,6.800000000000001,15.2,EW,1.03,0,BALANCED_PHASE,26.0
14.483333333333333,-0.6053,-0.796,0,34.2,23.6,32.7,37.4,1.3,5.1,3.9,0.7,2.3,6.3,7.6,1.4,6.3999999999999995,4.6,8.6,9.0,9.4,EW,1.05,0,BALANCED_PHASE,30.7
11.133333333333333,0.225,-0.9744,0,27.9,28.9,24.3,20.3,3.3,4.2,2.1,2.1,0.3,2.1,1.3,4.5,7.5,4.2,2.4,5.8,11.3,NS,1.29,0,BALANCED_PHASE,26.3
17.666666666666668,-0.9962,-0.0872,1,20.9,68.7,18.6,76.9,1.4,2.6,6.7,23.1,3.1,2.6,10.0,10.2,4.0,29.8,5.7,20.2,49.6,NS,5.01,2,S_EXCLUSIVE_GREEN,45.0
18.183333333333334,-0.9988,0.048,1,15.1,63.5,17.5,102.3,0.1,4.4,11.0,16.7,5.1,2.0,12.0,16.8,4.5,27.7,7.1,28.8,32.0,EW,4.44,4,W_EXCLUSIVE_GREEN,45.0
4.45,0.9188,0.3947,0,34.5,28.9,34.6,20.4,3.1,6.6,3.8,7.9,3.6,11.4,2.8,1.4,9.7,11.7,15.0,4.199999999999999,28.4,NS,1.16,0,BALANCED_PHASE,37.4
1.8833333333333333,0.4733,0.8809,0,30.3,50.6,19.7,18.5,2.0,11.4,5.3,6.6,4.2,0.9,0.2,8.4,13.4,11.899999999999999,5.1000000000000005,8.6,16.3,NS,1.27,1,N_EXCLUSIVE_GREEN,42.5
9.166666666666666,0.6756,-0.7373,1,66.6,13.7,59.2,18.0,4.7,11.1,1.1,2.0,2.9,4.2,3.1,5.8,15.8,3.1,7.1,8.9,32.9,NS,4.59,1,N_EXCLUSIVE_GREEN,45.0
5.333333333333333,0.9848,0.1736,0,27.0,25.4,26.8,23.1,3.2,2.6,1.7,3.3,1.3,3.5,1.2,5.4,5.800000000000001,5.0,4.8,6.6000000000000005,10.5,NS,1.06,0,BALANCED_PHASE,22.5
7.366666666666666,0.9367,-0.3502,1,50.8,18.7,47.7,23.1,4.0,10.3,1.4,2.5,4.9,5.8,3.0,2.3,14.3,3.9,10.7,5.3,29.8,NS,3.0,1,N_EXCLUSIVE_GREEN,45.0
16.95,-0.9625,-0.2714,1,14.2,69.0,18.9,80.1,0.6,3.2,12.7,10.6,1.6,1.5,9.3,9.8,3.8000000000000003,23.299999999999997,3.1,19.1,38.5,EW,4.76,4,W_EXCLUSIVE_GREEN,45.0
9.9,0.5225,-0.8526,0,22.8,61.6,25.7,19.2,0.8,5.0,10.5,7.8,2.9,4.4,0.5,2.0,5.8,18.3,7.300000000000001,2.5,25.5,NS,2.82,2,S_EXCLUSIVE_GREEN,45.0
20.583333333333332,-0.7799,0.6259,0,22.7,17.9,51.5,17.8,9.6,2.0,0.5,6.3,2.2,19.6,3.6,4.8,11.6,6.8,21.8,8.4,34.9,EW,2.58,3,E_EXCLUSIVE_GREEN,45.0
19.566666666666666,-0.9171,0.3987,0,22.0,56.3,22.1,22.4,2.7,3.5,2.5,7.2,3.0,3.0,0.5,5.6,6.2,9.7,6.0,6.1,15.6,NS,1.89,2,S_EXCLUSIVE_GREEN,36.1
18.616666666666667,-0.987,0.1607,1,25.3,110.8,12.5,65.0,2.1,4.1,6.8,24.4,1.2,2.3,13.6,9.8,6.199999999999999,31.2,3.5,23.4,45.7,NS,4.54,2,S_EXCLUSIVE_GREEN,45.0
4.166666666666667,0.887,0.4617,0,27.9,37.3,26.7,26.8,4.6,8.2,1.2,4.4,2.7,2.2,1.8,10.2,12.799999999999999,5.6000000000000005,4.9,12.0,25.0,NS,1.73,1,N_EXCLUSIVE_GREEN,39.8
23.95,-0.0131,0.9999,0,21.2,20.3,27.8,20.5,2.6,3.6,1.1,6.2,0.5,4.3,0.9,0.9,6.2,7.300000000000001,4.8,1.8,11.8,NS,1.07,0,BALANCED_PHASE,24.6
18.033333333333335,-1.0,0.0087,1,24.8,141.2,15.6,102.5,2.6,2.9,15.7,19.7,1.9,3.3,14.1,19.7,5.5,35.4,5.199999999999999,33.8,51.4,NS,5.81,2,S_EXCLUSIVE_GREEN,45.0
0.08333333333333333,0.0218,0.9998,0,18.0,32.8,62.6,17.5,3.7,1.8,0.7,1.4,3.7,6.8,0.7,2.6,5.5,2.0999999999999996,10.5,3.3,11.7,EW,3.15,3,E_EXCLUSIVE_GREEN,38.4
20.216666666666665,-0.8363,0.5483,0,27.9,32.6,31.9,26.6,5.6,5.8,7.6,5.2,4.1,6.3,10.2,6.9,11.399999999999999,12.8,10.399999999999999,17.1,24.5,EW,1.45,3,E_EXCLUSIVE_GREEN,45.0
13.65,-0.4187,-0.9081,0,20.7,21.5,31.1,34.6,4.7,6.8,0.6,4.2,3.4,0.5,2.1,6.9,11.5,4.8,3.9,9.0,21.6,EW,1.5,4,W_EXCLUSIVE_GREEN,31.4
15.933333333333334,-0.8572,-0.515,0,23.2,28.1,20.8,34.3,4.4,1.1,5.1,3.8,0.5,3.1,6.3,4.4,5.5,8.899999999999999,3.6,10.7,12.2,EW,2.13,4,W_EXCLUSIVE_GREEN,33.8
9.683333333333334,0.57,-0.8216,0,21.4,20.6,37.1,29.7,2.3,1.9,0.5,2.8,4.2,8.3,5.4,5.9,4.199999999999999,3.3,12.5,11.3,16.1,EW,1.12,0,BALANCED_PHASE,38.3
15.25,-0.7518,-0.6593,0,22.9,27.1,30.9,22.2,2.8,3.8,3.3,3.6,1.9,8.4,0.7,1.6,6.6,6.9,10.3,2.3,11.2,EW,2.28,3,E_EXCLUSIVE_GREEN,32.3
21.416666666666668,-0.6259,0.7799,0,77.2,22.0,30.6,24.6,9.6,6.0,2.5,2.6,5.4,4.4,3.6,3.3,15.6,5.1,9.8,6.9,30.5,NS,3.11,1,N_EXCLUSIVE_GREEN,45.0
22.05,-0.4886,0.8725,0,21.2,30.0,26.1,51.1,1.1,2.5,1.3,2.4,1.4,6.9,2.5,12.7,3.6,3.7,8.3,15.2,21.4,EW,1.81,4,W_EXCLUSIVE_GREEN,45.0
15.483333333333333,-0.7907,-0.6122,0,18.5,76.3,18.7,30.3,2.1,11.6,6.7,13.3,1.7,4.7,3.0,3.5,13.7,20.0,6.4,6.5,42.4,NS,1.97,2,S_EXCLUSIVE_GREEN,45.0
10.916666666666666,0.2798,-0.96,0,23.3,37.1,32.7,23.9,2.6,7.2,5.3,7.2,0.9,8.2,1.6,1.8,9.8,12.5,9.1,3.4000000000000004,19.4,NS,1.33,0,BALANCED_PHASE,38.6
23.916666666666668,-0.0218,0.9998,0,20.7,30.4,18.0,70.2,3.1,4.5,3.2,4.8,1.6,2.7,8.7,15.8,7.6,8.0,4.300000000000001,24.5,46.6,EW,4.59,4,W_EXCLUSIVE_GREEN,45.0
4.8,0.9511,0.309,0,61.1,17.9,19.7,18.7,8.8,15.7,0.4,7.2,0.2,3.6,2.4,1.8,24.5,7.6000000000000005,3.8000000000000003,4.2,28.8,NS,3.14,1,N_EXCLUSIVE_GREEN,45.0
10.25,0.4423,-0.8969,0,30.2,28.4,22.1,22.6,4.2,2.0,2.9,5.9,4.1,6.1,4.3,4.2,6.2,8.8,10.2,8.5,13.1,NS,1.2,0,BALANCED_PHASE,29.3
8.466666666666667,0.7986,-0.6018,1,86.1,16.6,97.1,17.3,7.1,19.5,0.4,4.7,13.7,16.7,0.8,4.1,26.6,5.1000000000000005,30.4,4.8999999999999995,30.6,EW,5.63,3,E_EXCLUSIVE_GREEN,45.0
7.15,0.955,-0.2965,1,109.0,14.2,119.2,17.7,16.7,14.3,0.5,8.0,11.1,13.3,0.9,1.6,31.0,8.5,24.4,2.5,48.0,EW,7.38,3,E_EXCLUSIVE_GREEN,45.0
3.05,0.7163,0.6978,0,29.2,24.1,30.4,72.6,3.0,4.1,0.3,1.4,6.6,3.3,9.2,8.4,7.1,1.7,9.899999999999999,17.6,35.8,EW,1.95,4,W_EXCLUSIVE_GREEN,45.0
19.433333333333334,-0.9304,0.3665,1,15.3,141.3,18.8,64.5,4.5,2.8,15.7,24.0,4.9,6.7,9.2,6.6,7.3,39.7,11.600000000000001,15.799999999999999,76.7,NS,6.26,2,S_EXCLUSIVE_GREEN,45.0
7.916666666666667,0.8767,-0.481,1,51.6,16.2,106.5,19.5,7.3,19.8,1.5,3.0,7.2,25.5,2.3,4.2,27.1,4.5,32.7,6.5,48.0,EW,4.95,3,E_EXCLUSIVE_GREEN,45.0
5.866666666666667,0.9994,0.0349,0,19.5,24.4,53.6,28.6,3.1,0.5,3.4,3.8,9.4,10.2,0.2,3.1,3.6,7.199999999999999,19.6,3.3000000000000003,28.8,EW,3.19,3,E_EXCLUSIVE_GREEN,45.0
6.8,0.9781,-0.2079,0,19.1,25.5,22.6,66.7,0.4,3.5,7.2,5.0,1.6,3.7,7.7,18.0,3.9,12.2,5.300000000000001,25.7,28.5,EW,3.78,4,W_EXCLUSIVE_GREEN,45.0
15.933333333333334,-0.8572,-0.515,0,56.4,31.6,28.7,19.0,1.6,11.4,0.8,19.5,9.2,6.8,2.0,2.7,13.0,20.3,16.0,4.7,33.7,NS,1.59,1,N_EXCLUSIVE_GREEN,45.0
2.4166666666666665,0.5913,0.8064,0,31.5,22.4,31.5,23.1,2.1,7.6,4.5,9.6,1.8,2.9,2.7,1.7,9.7,14.1,4.7,4.4,20.8,NS,1.39,0,BALANCED_PHASE,41.0
7.216666666666667,0.9497,-0.3132,1,96.2,13.5,87.9,15.0,12.0,15.8,1.0,1.0,7.3,9.8,2.8,3.1,27.8,2.0,17.1,5.9,51.9,NS,9.06,1,N_EXCLUSIVE_GREEN,45.0
18.366666666666667,-0.9954,0.0958,1,13.9,74.9,21.3,76.9,1.1,1.2,18.4,14.6,2.6,3.7,8.0,17.2,2.3,33.0,6.300000000000001,25.2,63.2,EW,3.67,4,W_EXCLUSIVE_GREEN,45.0
1.05,0.2714,0.9625,0,19.2,20.4,26.1,75.8,3.3,0.6,1.5,3.1,4.3,5.7,8.7,12.0,3.9,4.6,10.0,20.7,24.4,EW,2.28,4,W_EXCLUSIVE_GREEN,45.0
9.566666666666666,0.5948,-0.8039,0,142.5,17.2,26.4,17.8,16.6,21.1,1.6,7.0,0.6,10.3,2.1,1.9,37.7,8.6,10.9,4.0,60.9,NS,5.28,1,N_EXCLUSIVE_GREEN,45.0
13.133333333333333,-0.2924,-0.9563,0,30.3,28.1,20.2,34.6,2.5,3.9,1.6,2.9,1.6,4.3,1.2,2.5,6.4,4.5,5.9,3.7,14.0,NS,1.17,0,BALANCED_PHASE,24.6
23.383333333333333,-0.1607,0.987,0,29.3,22.5,30.2,27.1,8.4,6.8,1.6,5.7,3.4,3.7,4.3,4.4,15.2,7.300000000000001,7.1,8.7,26.2,NS,1.71,1,N_EXCLUSIVE_GREEN,43.3
11.033333333333333,0.2504,-0.9681,0,27.0,20.7,32.2,31.4,0.5,4.5,0.9,1.5,4.4,3.3,2.7,7.0,5.0,2.4,7.7,9.7,16.2,EW,1.12,0,BALANCED_PHASE,31.8
18.583333333333332,-0.9884,0.1521,1,15.5,56.0,17.9,92.6,1.4,3.1,6.6,5.3,5.4,2.3,11.8,15.8,4.5,11.899999999999999,7.7,27.6,51.2,EW,3.91,4,W_EXCLUSIVE_GREEN,45.0
6.383333333333334,0.995,-0.1002,0,22.3,26.8,21.5,25.9,2.1,2.8,1.2,2.5,0.5,3.4,3.2,4.5,4.9,3.7,3.9,7.7,13.8,EW,1.48,4,W_EXCLUSIVE_GREEN,26.4
2.4,0.5878,0.809,0,21.1,22.4,22.5,20.8,1.3,1.5,2.4,3.6,1.7,4.0,1.1,4.9,2.8,6.0,5.7,6.0,10.6,EW,1.01,0,BALANCED_PHASE,22.1
17.283333333333335,-0.9825,-0.1865,1,20.3,102.8,13.6,95.7,7.1,1.5,13.5,13.7,3.1,1.3,10.3,6.4,8.6,27.2,4.4,16.700000000000003,28.7,NS,3.63,2,S_EXCLUSIVE_GREEN,45.0
19.716666666666665,-0.9007,0.4344,0,29.4,22.8,29.2,23.3,1.5,9.9,0.2,3.6,2.1,0.4,0.5,5.8,11.4,3.8000000000000003,2.5,6.3,18.2,NS,1.95,1,N_EXCLUSIVE_GREEN,34.9
4.1,0.8788,0.4772,0,23.2,20.8,78.5,23.3,2.7,3.3,0.4,0.4,9.4,9.3,5.3,4.4,6.0,0.8,18.700000000000003,9.7,23.0,EW,2.32,3,E_EXCLUSIVE_GREEN,45.0
17.383333333333333,-0.987,-0.1607,1,14.3,52.9,25.3,106.2,0.6,2.0,3.0,7.3,2.5,4.2,8.0,18.5,2.6,10.3,6.7,26.5,42.6,EW,3.89,4,W_EXCLUSIVE_GREEN,45.0
4.2,0.891,0.454,0,22.6,23.5,35.7,25.1,1.1,3.7,1.9,1.7,1.7,6.0,1.4,6.2,4.800000000000001,3.5999999999999996,7.7,7.6,8.7,EW,1.13,0,BALANCED_PHASE,27.7
12.533333333333333,-0.1392,-0.9903,0,85.1,19.3,23.9,17.4,10.3,16.8,2.4,0.9,0.7,5.8,1.8,3.5,27.1,3.3,6.5,5.3,32.5,NS,5.77,1,N_EXCLUSIVE_GREEN,45.0
4.75,0.9469,0.3214,0,29.3,22.1,21.1,76.5,4.4,4.3,0.5,2.2,7.1,2.4,7.9,10.7,8.7,2.7,9.5,18.6,24.5,EW,2.38,4,W_EXCLUSIVE_GREEN,45.0
16.483333333333334,-0.9222,-0.3867,0,29.8,86.2,19.6,26.1,2.6,2.5,8.4,10.3,2.2,1.9,5.1,2.8,5.1,18.700000000000003,4.1,7.8999999999999995,34.6,NS,3.11,2,S_EXCLUSIVE_GREEN,45.0
10.983333333333333,0.263,-0.9648,0,21.9,31.1,33.8,20.3,5.4,6.8,1.7,4.0,3.2,6.0,0.8,2.8,12.2,5.7,9.2,3.5999999999999996,22.8,NS,1.74,1,N_EXCLUSIVE_GREEN,37.3
5.416666666666667,0.9884,0.1521,0,20.9,39.0,27.6,24.8,3.9,0.9,3.4,8.0,2.0,6.1,0.5,6.6,4.8,11.4,8.1,7.1,22.6,NS,2.02,2,S_EXCLUSIVE_GREEN,37.1
23.883333333333333,-0.0305,0.9995,0,27.3,20.3,80.6,30.1,3.4,2.9,1.1,1.8,6.8,7.7,2.2,6.6,6.3,2.9000000000000004,14.5,8.8,14.7,EW,2.0,3,E_EXCLUSIVE_GREEN,45.0
16.883333333333333,-0.9576,-0.2882,1,12.2,50.3,19.0,85.5,0.9,3.4,6.6,10.4,1.5,1.5,16.3,11.7,4.3,17.0,3.0,28.0,54.6,EW,6.17,4,W_EXCLUSIVE_GREEN,45.0
16.566666666666666,-0.9304,-0.3665,1,25.3,93.9,24.7,65.8,1.1,5.2,17.3,6.0,1.8,11.0,6.1,11.7,6.300000000000001,23.3,12.8,17.799999999999997,44.8,NS,3.55,2,S_EXCLUSIVE_GREEN,45.0
15.75,-0.8315,-0.5556,0,29.5,23.6,20.6,24.6,0.4,3.0,2.8,2.4,1.6,3.0,1.6,9.6,3.4,5.199999999999999,4.6,11.2,13.5,NS,1.29,0,BALANCED_PHASE,22.1
15.866666666666667,-0.848,-0.5299,0,32.8,21.2,52.8,30.3,0.8,8.8,1.2,9.1,7.8,12.6,2.3,2.4,9.600000000000001,10.299999999999999,20.4,4.699999999999999,39.7,EW,2.75,3,E_EXCLUSIVE_GREEN,45.0
21.116666666666667,-0.6852,0.7284,0,24.1,27.3,20.4,21.3,2.6,7.7,0.6,2.5,0.2,5.1,0.9,5.3,10.3,3.1,5.3,6.2,14.3,NS,1.87,1,N_EXCLUSIVE_GREEN,31.9
18.316666666666666,-0.9966,0.0828,1,12.4,51.3,24.8,86.1,0.0,1.2,10.2,8.8,0.8,3.2,9.5,13.2,1.2,19.0,4.0,22.7,37.4,EW,4.22,4,W_EXCLUSIVE_GREEN,45.0
23.916666666666668,-0.0218,0.9998,0,33.8,27.8,22.2,27.4,4.4,3.5,0.9,9.9,2.7,5.7,5.3,2.7,7.9,10.8,8.4,8.0,22.2,NS,1.26,0,BALANCED_PHASE,34.9
0.6333333333333333,0.165,0.9863,0,31.4,29.8,20.7,25.3,0.3,6.4,4.6,7.5,2.0,0.7,2.1,5.6,6.7,12.1,2.7,7.699999999999999,23.3,NS,1.4,0,BALANCED_PHASE,37.2
20.833333333333332,-0.7373,0.6756,0,21.7,23.4,26.5,24.6,2.6,5.1,1.3,6.3,4.6,3.7,4.6,6.1,7.699999999999999,7.6,8.3,10.7,11.1,EW,1.17,0,BALANCED_PHASE,32.3
18.6,-0.9877,0.1564,1,12.5,57.3,23.0,51.8,1.7,2.4,5.4,13.0,5.9,4.6,7.6,9.2,4.1,18.4,10.5,16.799999999999997,37.6,EW,1.74,4,W_EXCLUSIVE_GREEN,45.0
7.766666666666667,0.8949,-0.4462,1,54.8,13.1,108.9,15.4,4.2,8.2,0.6,0.1,8.3,13.2,1.5,1.3,12.399999999999999,0.7,21.5,2.8,28.6,EW,6.79,3,E_EXCLUSIVE_GREEN,45.0
1.6166666666666667,0.4107,0.9118,0,39.4,37.2,25.3,35.2,4.0,11.6,1.3,3.1,1.9,3.8,2.3,8.0,15.6,4.4,5.699999999999999,10.3,30.9,NS,1.9,1,N_EXCLUSIVE_GREEN,45.0
16.666666666666668,-0.9397,-0.342,1,12.9,59.4,12.2,60.8,0.8,2.7,3.8,9.4,0.7,6.0,8.1,11.1,3.5,13.2,6.7,19.2,39.8,EW,3.25,4,W_EXCLUSIVE_GREEN,45.0
23.65,-0.0915,0.9958,0,29.8,30.6,23.2,30.7,2.6,3.3,7.0,8.4,0.6,2.9,5.7,3.1,5.9,15.4,3.5,8.8,30.4,NS,1.74,2,S_EXCLUSIVE_GREEN,44.3
12.15,-0.0393,-0.9992,0,22.4,23.8,27.8,20.2,0.5,4.0,1.8,4.6,4.5,3.4,0.9,1.4,4.5,6.3999999999999995,7.9,2.3,15.1,EW,1.97,3,E_EXCLUSIVE_GREEN,27.3
7.033333333333333,0.9636,-0.2672,1,112.9,18.6,48.7,14.7,9.4,14.9,3.0,4.5,5.7,10.9,1.1,1.6,24.3,7.5,16.6,2.7,40.3,NS,4.0,1,N_EXCLUSIVE_GREEN,45.0
18.733333333333334,-0.9816,0.1908,1,13.6,109.7,20.1,110.5,5.0,3.2,8.4,26.1,1.4,3.5,15.0,21.7,8.2,34.5,4.9,36.7,62.7,EW,6.25,4,W_EXCLUSIVE_GREEN,45.0
3.2,0.7431,0.6691,0,19.6,25.6,124.0,19.9,0.7,1.9,0.4,7.1,18.1,14.3,1.4,2.2,2.5999999999999996,7.5,32.400000000000006,3.6,58.5,EW,7.08,3,E_EXCLUSIVE_GREEN,45.0
13.15,-0.2965,-0.955,0,27.3,21.8,36.4,34.9,5.1,2.6,1.3,2.7,5.2,9.5,1.7,6.6,7.699999999999999,4.0,14.7,8.299999999999999,28.5,EW,1.39,0,BALANCED_PHASE,43.8
6.433333333333334,0.9936,-0.1132,0,23.7,23.9,34.8,29.7,2.1,1.9,1.9,3.9,2.2,1.3,3.9,3.1,4.0,5.8,3.5,7.0,8.4,EW,1.4,3,E_EXCLUSIVE_GREEN,26.1
19.966666666666665,-0.8704,0.4924,0,21.4,28.2,24.2,26.6,1.7,8.5,2.5,7.7,1.5,2.4,1.3,2.3,10.2,10.2,3.9,3.5999999999999996,12.3,NS,1.06,0,BALANCED_PHASE,31.7
23.766666666666666,-0.061,0.9981,0,30.3,63.6,19.2,22.6,1.4,3.0,8.9,7.9,8.3,5.8,2.1,4.6,4.4,16.8,14.100000000000001,6.699999999999999,35.5,NS,2.69,2,S_EXCLUSIVE_GREEN,45.0
16.216666666666665,-0.893,-0.4501,0,37.6,24.6,34.9,26.6,3.1,2.6,5.6,1.6,1.4,8.3,6.1,9.7,5.7,7.199999999999999,9.700000000000001,15.799999999999999,16.9,EW,1.47,3,E_EXCLUSIVE_GREEN,44.6
21.5,-0.6088,0.7934,0,32.8,20.4,26.1,29.0,5.7,4.3,1.8,2.5,0.6,1.4,1.0,5.3,10.0,4.3,2.0,6.3,17.1,NS,1.87,1,N_EXCLUSIVE_GREEN,32.6
10.183333333333334,0.4579,-0.889,0,37.9,38.1,21.2,21.7,7.9,5.3,3.6,6.3,2.0,4.3,0.7,4.9,13.2,9.9,6.3,5.6000000000000005,19.1,NS,1.16,0,BALANCED_PHASE,40.2
17.35,-0.9856,-0.1693,1,18.5,52.1,23.3,54.5,4.5,0.6,2.8,7.5,1.1,4.5,5.0,4.8,5.1,10.3,5.6,9.8,18.5,EW,1.92,4,W_EXCLUSIVE_GREEN,36.3
17.366666666666667,-0.9863,-0.165,1,25.3,109.5,12.9,88.2,1.7,10.8,13.8,24.7,1.4,4.7,9.8,8.2,12.5,38.5,6.1,18.0,58.5,NS,3.35,2,S_EXCLUSIVE_GREEN,45.0
21.816666666666666,-0.541,0.841,0,21.0,25.4,25.5,31.7,5.0,3.8,3.4,2.6,1.1,11.5,3.4,2.6,8.8,6.0,12.6,6.0,18.7,EW,1.63,3,E_EXCLUSIVE_GREEN,37.8
21.683333333333334,-0.57,0.8216,0,24.6,22.6,25.8,26.0,6.1,7.0,5.6,1.8,1.5,3.4,2.3,4.5,13.1,7.3999999999999995,4.9,6.8,16.1,NS,1.45,1,N_EXCLUSIVE_GREEN,37.2
8.65,0.7688,-0.6394,1,73.6,25.8,57.8,21.3,2.9,9.9,4.9,2.1,16.1,9.1,0.4,3.6,12.8,7.0,25.200000000000003,4.0,53.5,NS,2.17,1,N_EXCLUSIVE_GREEN,45.0
15.2,-0.7431,-0.6691,0,22.5,24.3,35.8,29.1,0.8,4.1,3.3,1.5,3.6,3.7,3.9,2.2,4.8999999999999995,4.8,7.300000000000001,6.1,10.1,EW,1.16,0,BALANCED_PHASE,27.1
8.583333333333334,0.7799,-0.6259,1,62.5,13.3,101.5,13.9,6.2,14.0,3.3,1.1,8.7,18.0,1.3,0.6,20.2,4.4,26.7,1.9,44.2,EW,9.09,3,E_EXCLUSIVE_GREEN,45.0
9.233333333333333,0.6626,-0.749,1,124.5,19.3,59.2,15.1,18.1,25.1,1.8,6.5,4.8,8.7,2.5,0.8,43.2,8.3,13.5,3.3,92.9,NS,5.38,1,N_EXCLUSIVE_GREEN,45.0
9.816666666666666,0.541,-0.841,0,19.7,122.8,27.8,17.3,7.2,2.4,15.7,22.6,0.5,5.2,2.1,2.0,9.6,38.3,5.7,4.1,49.6,NS,4.48,2,S_EXCLUSIVE_GREEN,45.0
22.75,-0.3214,0.9469,0,26.5,35.0,23.6,29.9,4.0,5.8,4.8,10.4,2.0,5.0,4.9,4.3,9.8,15.2,7.0,9.2,23.5,NS,1.42,2,S_EXCLUSIVE_GREEN,44.1
15.366666666666667,-0.7716,-0.6361,0,21.6,32.9,26.6,20.3,2.4,5.8,4.7,3.3,3.0,2.6,2.6,8.3,8.2,8.0,5.6,10.9,17.6,NS,1.15,0,BALANCED_PHASE,29.1
23.283333333333335,-0.1865,0.9825,0,23.2,24.2,18.4,90.3,3.0,2.0,5.5,3.3,1.7,6.0,9.1,16.1,5.0,8.8,7.7,25.200000000000003,32.8,EW,3.64,4,W_EXCLUSIVE_GREEN,45.0
12.866666666666667,-0.225,-0.9744,0,17.8,52.6,19.0,17.3,6.0,2.6,2.2,10.9,2.0,0.5,1.0,0.3,8.6,13.100000000000001,2.5,1.3,28.7,NS,1.87,2,S_EXCLUSIVE_GREEN,43.5
9.033333333333333,0.7009,-0.7133,1,142.7,27.1,49.2,18.6,15.7,14.7,3.6,2.7,3.4,6.5,0.2,3.9,30.4,6.300000000000001,9.9,4.1,56.0,NS,4.82,1,N_EXCLUSIVE_GREEN,45.0
9.75,0.5556,-0.8315,0,18.6,21.3,19.1,60.0,4.3,5.4,0.8,4.3,2.5,3.3,5.1,9.5,9.7,5.1,5.8,14.6,28.2,EW,2.63,4,W_EXCLUSIVE_GREEN,45.0
20.266666666666666,-0.829,0.5592,0,23.0,20.3,35.9,25.3,2.5,3.4,2.6,0.8,2.6,6.9,5.2,3.8,5.9,3.4000000000000004,9.5,9.0,12.5,EW,1.15,0,BALANCED_PHASE,31.7
6.2,0.9986,-0.0523,0,35.5,32.7,36.2,20.5,2.0,8.5,2.9,7.6,4.9,5.9,3.9,5.2,10.5,10.5,10.8,9.1,16.0,NS,1.0,0,BALANCED_PHASE,34.0
8.983333333333333,0.7102,-0.704,1,51.8,12.4,85.7,12.3,5.6,16.8,2.1,3.3,3.4,10.3,5.3,0.2,22.4,5.4,13.700000000000001,5.5,24.0,EW,3.64,3,E_EXCLUSIVE_GREEN,45.0
17.733333333333334,-0.9976,-0.0698,1,22.9,109.2,14.0,87.2,1.3,3.1,8.6,15.3,1.5,1.2,8.4,8.6,4.4,23.9,2.7,17.0,44.5,NS,4.83,2,S_EXCLUSIVE_GREEN,45.0
8.133333333333333,0.848,-0.5299,1,88.2,12.4,55.2,24.4,14.2,13.6,0.5,3.6,12.7,8.3,0.2,3.5,27.799999999999997,4.1,21.0,3.7,53.8,NS,6.42,1,N_EXCLUSIVE_GREEN,45.0
3.65,0.8166,0.5771,0,26.4,32.0,27.3,25.6,2.0,8.2,5.8,4.9,6.2,4.6,1.6,7.7,10.2,10.7,10.8,9.3,11.2,NS,1.07,0,BALANCED_PHASE,33.3
7.25,0.9469,-0.3214,1,67.2,12.5,72.4,16.7,4.8,13.8,0.3,1.6,6.1,14.4,1.2,2.5,18.6,1.9000000000000001,20.5,3.7,32.8,EW,4.64,3,E_EXCLUSIVE_GREEN,45.0
1.7,0.4305,0.9026,0,20.3,35.4,21.1,23.7,1.5,2.6,5.9,6.6,4.0,2.4,0.6,3.9,4.1,12.5,6.4,4.5,20.0,NS,2.26,2,S_EXCLUSIVE_GREEN,38.4
7.666666666666667,0.9063,-0.4226,1,100.3,14.4,57.2,18.7,6.0,23.7,2.7,2.3,6.7,14.3,4.5,1.3,29.7,5.0,21.0,5.8,30.2,NS,5.94,1,N_EXCLUSIVE_GREEN,45.0
7.05,0.9625,-0.2714,1,53.6,13.1,65.1,25.3,5.1,6.4,0.1,1.9,6.3,7.7,3.2,2.2,11.5,2.0,14.0,5.4,14.2,EW,2.46,3,E_EXCLUSIVE_GREEN,45.0
3.4333333333333336,0.7826,0.6225,0,26.2,33.0,27.4,81.6,6.3,5.8,3.5,6.5,0.9,4.4,11.5,9.5,12.1,10.0,5.300000000000001,21.0,35.3,EW,3.31,4,W_EXCLUSIVE_GREEN,45.0
3.716666666666667,0.8266,0.5628,0,20.8,39.0,23.4,30.1,0.3,8.0,19.1,2.4,0.4,3.4,4.5,5.2,8.3,21.5,3.8,9.7,44.7,NS,2.26,2,S_EXCLUSIVE_GREEN,45.0
0.5833333333333334,0.1521,0.9884,0,27.6,38.1,33.7,37.5,4.2,2.3,3.3,4.8,0.5,10.7,3.8,6.4,6.5,8.1,11.2,10.2,23.2,EW,1.07,0,BALANCED_PHASE,36.5
5.433333333333334,0.989,0.1478,0,22.3,22.8,38.6,22.2,3.3,4.2,0.5,1.8,4.4,7.0,0.7,1.7,7.5,2.3,11.4,2.4,24.8,EW,2.6,3,E_EXCLUSIVE_GREEN,37.2
15.5,-0.7934,-0.6088,0,24.6,26.7,28.9,26.0,0.6,2.5,0.3,7.5,3.2,5.3,5.3,5.7,3.1,7.8,8.5,11.0,19.3,EW,1.18,0,BALANCED_PHASE,34.1
9.333333333333334,0.6428,-0.766,1,93.2,20.2,60.3,25.6,5.9,20.1,4.3,1.9,4.0,9.8,4.2,2.1,26.0,6.199999999999999,13.8,6.300000000000001,30.0,NS,4.16,1,N_EXCLUSIVE_GREEN,45.0
9.683333333333334,0.57,-0.8216,0,102.3,20.7,23.3,21.9,7.4,19.8,3.1,4.0,2.6,2.5,0.6,4.0,27.200000000000003,7.1,5.1,4.6,36.1,NS,4.06,1,N_EXCLUSIVE_GREEN,45.0
20.6,-0.7771,0.6293,0,53.4,17.2,17.8,19.2,12.1,4.8,1.9,2.5,2.1,3.5,0.1,4.8,16.9,4.4,5.6,4.8999999999999995,25.6,NS,3.31,1,N_EXCLUSIVE_GREEN,45.0
5.433333333333334,0.989,0.1478,0,22.7,20.5,20.1,28.1,1.5,1.3,3.3,2.3,3.6,1.5,1.8,5.7,2.8,5.6,5.1,7.5,9.2,EW,1.36,0,BALANCED_PHASE,26.0
5.983333333333333,1.0,0.0044,0,30.0,25.6,23.2,27.0,1.6,5.1,3.4,7.5,3.0,1.5,2.3,3.5,6.699999999999999,10.9,4.5,5.8,13.2,NS,1.37,0,BALANCED_PHASE,33.5
12.833333333333334,-0.2164,-0.9763,0,34.9,20.9,21.3,38.8,1.7,9.4,3.2,1.3,0.1,2.9,2.8,12.4,11.1,4.5,3.0,15.2,29.2,EW,2.96,4,W_EXCLUSIVE_GREEN,45.0
23.916666666666668,-0.0218,0.9998,0,24.5,32.3,21.3,23.1,5.3,3.6,1.2,6.3,3.1,5.3,0.9,6.8,8.9,7.5,8.4,7.7,11.2,NS,1.19,0,BALANCED_PHASE,29.7
1.0,0.2588,0.9659,0,89.5,24.5,17.4,33.2,10.9,17.2,2.2,3.7,1.1,4.4,3.7,13.8,28.1,5.9,5.5,17.5,44.4,NS,4.07,1,N_EXCLUSIVE_GREEN,45.0
10.3,0.4305,-0.9026,0,21.7,24.3,22.2,22.4,2.2,1.3,3.4,7.0,1.4,2.7,3.4,4.4,3.5,10.4,4.1,7.800000000000001,14.6,NS,1.83,2,S_EXCLUSIVE_GREEN,31.6
20.566666666666666,-0.7826,0.6225,0,29.0,20.4,37.6,22.6,4.4,8.2,0.7,3.9,8.0,5.3,2.1,4.3,12.6,4.6,13.3,6.4,20.5,EW,1.82,3,E_EXCLUSIVE_GREEN,40.4
4.9,0.9588,0.284,0,21.1,22.4,35.5,24.8,5.1,4.1,5.5,1.8,6.1,7.8,2.4,0.9,9.2,7.3,13.899999999999999,3.3,14.8,EW,2.4,3,E_EXCLUSIVE_GREEN,40.7
8.2,0.8387,-0.5446,1,74.3,16.2,75.5,17.7,9.7,10.9,1.5,4.0,1.5,10.5,4.8,0.9,20.6,5.5,12.0,5.7,28.7,NS,3.83,1,N_EXCLUSIVE_GREEN,45.0
3.35,0.7688,0.6394,0,23.5,23.3,19.2,79.5,2.2,6.3,1.1,2.1,0.3,3.0,5.5,23.7,8.5,3.2,3.3,29.2,37.7,EW,5.9,4,W_EXCLUSIVE_GREEN,45.0
20.266666666666666,-0.829,0.5592,0,37.1,39.0,32.0,36.6,7.0,4.0,2.9,8.5,0.9,3.9,2.0,8.0,11.0,11.4,4.8,10.0,13.1,NS,1.02,0,BALANCED_PHASE,36.1
0.7833333333333333,0.2036,0.979,0,20.7,17.2,102.4,26.4,1.3,3.1,0.3,1.2,5.7,16.0,4.3,10.7,4.4,1.5,21.7,15.0,31.0,EW,2.03,3,E_EXCLUSIVE_GREEN,45.0
18.716666666666665,-0.9825,0.1865,1,27.2,54.0,13.5,47.0,1.1,5.0,9.5,13.2,2.1,0.5,1.5,4.4,6.1,22.7,2.6,5.9,39.2,NS,2.78,2,S_EXCLUSIVE_GREEN,45.0
6.183333333333334,0.9988,-0.048,0,31.0,20.8,25.8,22.3,1.9,2.3,7.2,1.5,2.7,5.0,0.6,4.6,4.199999999999999,8.7,7.7,5.199999999999999,17.9,NS,1.68,1,N_EXCLUSIVE_GREEN,29.8
20.95,-0.7163,0.6978,0,27.7,20.7,26.7,23.6,6.5,2.5,4.6,2.4,1.9,8.3,1.0,4.5,9.0,7.0,10.200000000000001,5.5,15.8,EW,1.45,3,E_EXCLUSIVE_GREEN,31.8
13.533333333333333,-0.3907,-0.9205,0,19.2,28.2,21.8,130.5,1.7,4.5,1.3,2.5,2.0,3.5,18.4,20.0,6.2,3.8,5.5,38.4,53.1,EW,6.23,4,W_EXCLUSIVE_GREEN,45.0
21.1,-0.6884,0.7254,0,23.0,50.1,23.7,19.8,1.7,4.4,4.5,11.1,2.1,3.2,0.3,4.7,6.1000000000000005,15.6,5.300000000000001,5.0,30.1,NS,2.29,2,S_EXCLUSIVE_GREEN,45.0
15.333333333333334,-0.766,-0.6428,0,26.2,31.1,22.1,33.7,1.2,2.7,1.4,11.1,2.4,2.7,1.6,5.4,3.9000000000000004,12.5,5.1,7.0,22.8,NS,1.94,2,S_EXCLUSIVE_GREEN,37.9
0.26666666666666666,0.0698,0.9976,0,17.6,30.1,18.7,69.2,3.4,2.2,0.5,11.5,2.2,2.5,11.4,19.1,5.6,12.0,4.7,30.5,35.1,EW,4.96,4,W_EXCLUSIVE_GREEN,45.0
8.35,0.8166,-0.5771,1,111.9,13.0,50.8,14.7,18.2,12.5,1.6,1.2,5.3,10.6,0.1,2.4,30.7,2.8,15.899999999999999,2.5,44.7,NS,9.01,1,N_EXCLUSIVE_GREEN,45.0
9.616666666666667,0.5842,-0.8116,0,37.6,37.5,38.4,28.4,2.1,7.9,5.3,2.6,7.1,2.5,1.5,0.8,10.0,7.9,9.6,2.3,13.9,NS,1.1,0,BALANCED_PHASE,33.2
0.26666666666666666,0.0698,0.9976,0,35.7,27.3,39.9,28.5,4.0,2.4,0.5,3.1,4.0,14.7,0.4,2.0,6.4,3.6,18.7,2.4,34.2,EW,3.1,3,E_EXCLUSIVE_GREEN,45.0
22.25,-0.4423,0.8969,0,61.9,24.6,24.0,24.6,1.7,18.3,2.9,5.1,2.4,2.4,2.5,1.2,20.0,8.0,4.8,3.7,37.2,NS,2.41,1,N_EXCLUSIVE_GREEN,45.0
14.316666666666666,-0.57,-0.8216,0,17.4,18.0,94.7,25.5,0.3,0.5,3.2,2.0,3.5,17.6,1.2,4.4,0.8,5.2,21.1,5.6000000000000005,21.5,EW,3.58,3,E_EXCLUSIVE_GREEN,45.0
22.116666666666667,-0.4733,0.8809,0,25.8,25.3,28.0,37.3,2.9,6.2,1.3,3.8,1.4,6.0,13.0,4.8,9.1,5.1,7.4,17.8,31.2,EW,1.87,4,W_EXCLUSIVE_GREEN,45.0
9.383333333333333,0.6327,-0.7744,1,144.8,16.8,60.8,21.8,17.5,14.8,1.2,3.6,8.4,9.2,0.6,5.4,32.3,4.8,17.6,6.0,58.6,NS,7.08,1,N_EXCLUSIVE_GREEN,45.0
19.233333333333334,-0.9483,0.3173,1,13.3,71.9,20.3,47.0,0.3,1.1,7.7,12.4,1.6,3.0,2.0,5.7,1.4000000000000001,20.1,4.6,7.7,26.7,NS,7.56,2,S_EXCLUSIVE_GREEN,45.0
7.133333333333334,0.9563,-0.2924,1,57.9,13.2,118.5,12.3,9.4,12.9,0.3,4.8,20.2,24.4,0.8,1.3,22.3,5.1,44.599999999999994,2.1,71.0,EW,13.49,3,E_EXCLUSIVE_GREEN,45.0
15.15,-0.7343,-0.6788,0,37.6,20.6,22.7,23.1,3.3,8.0,8.9,5.9,2.5,2.2,2.7,5.4,11.3,14.8,4.7,8.100000000000001,20.4,NS,1.4,1,N_EXCLUSIVE_GREEN,43.4
19.383333333333333,-0.9351,0.3543,1,21.4,119.0,24.0,109.1,0.4,0.6,10.1,20.4,6.0,2.2,10.8,20.1,1.0,30.5,8.2,30.900000000000002,43.5,EW,3.9,4,W_EXCLUSIVE_GREEN,45.0
13.733333333333333,-0.4384,-0.8988,0,29.5,25.3,23.1,37.6,2.2,7.2,1.2,2.5,3.7,1.6,2.8,10.7,9.4,3.7,5.300000000000001,13.5,16.1,EW,2.02,4,W_EXCLUSIVE_GREEN,40.4
15.8,-0.8387,-0.5446,0,27.0,27.3,26.3,20.5,0.2,2.2,3.2,3.6,4.8,5.5,0.7,3.4,2.4000000000000004,6.800000000000001,10.3,4.1,18.0,NS,1.48,2,S_EXCLUSIVE_GREEN,25.3
21.866666666666667,-0.5299,0.848,0,20.1,91.3,18.8,21.9,1.3,4.1,11.2,14.3,0.7,1.9,3.9,7.2,5.3999999999999995,25.5,2.5999999999999996,11.1,54.5,NS,4.41,2,S_EXCLUSIVE_GREEN,45.0
21.8,-0.5446,0.8387,0,25.4,22.7,36.7,26.8,1.8,2.7,0.3,2.3,1.7,6.8,1.5,1.9,4.5,2.5999999999999996,8.5,3.4,16.1,EW,1.71,3,E_EXCLUSIVE_GREEN,30.2
2.55,0.6191,0.7853,0,20.3,25.0,32.2,30.1,0.4,6.1,0.8,3.1,2.7,3.2,7.0,1.8,6.5,3.9000000000000004,5.9,8.8,9.3,EW,1.23,0,BALANCED_PHASE,29.3
22.383333333333333,-0.4107,0.9118,0,106.9,19.5,20.0,26.2,13.4,15.5,3.3,3.7,5.3,1.7,7.9,1.1,28.9,7.0,7.0,9.0,43.3,NS,4.41,1,N_EXCLUSIVE_GREEN,45.0
1.8833333333333333,0.4733,0.8809,0,25.1,28.2,34.7,27.2,1.4,3.7,6.5,3.3,7.4,7.6,1.5,2.7,5.1,9.8,15.0,4.2,28.4,EW,2.16,3,E_EXCLUSIVE_GREEN,44.1
16.2,-0.891,-0.454,0,23.2,28.4,24.5,25.4,3.3,3.7,2.5,3.6,3.2,6.5,2.4,7.6,7.0,6.1,9.7,10.0,17.1,EW,1.0,0,BALANCED_PHASE,31.3
4.166666666666667,0.887,0.4617,0,25.4,23.2,31.0,87.5,2.8,4.0,0.6,4.4,5.4,2.2,7.6,18.6,6.8,5.0,7.6000000000000005,26.200000000000003,34.1,EW,3.05,4,W_EXCLUSIVE_GREEN,45.0
3.716666666666667,0.8266,0.5628,0,28.5,19.3,25.6,57.5,2.7,1.8,3.0,3.1,0.7,5.8,2.8,11.7,4.5,6.1,6.5,14.5,31.0,EW,2.15,4,W_EXCLUSIVE_GREEN,45.0
2.95,0.6978,0.7163,0,23.9,22.4,29.3,31.4,5.6,3.1,0.8,2.7,1.3,3.2,0.8,4.8,8.7,3.5,4.5,5.6,16.1,EW,1.1,0,BALANCED_PHASE,23.5
1.4833333333333334,0.3786,0.9255,0,32.1,31.8,21.2,65.7,1.3,9.9,3.4,4.4,1.5,5.4,4.9,8.5,11.200000000000001,7.800000000000001,6.9,13.4,17.3,EW,2.28,4,W_EXCLUSIVE_GREEN,45.0
14.6,-0.6293,-0.7771,0,25.1,18.7,24.8,59.8,1.4,5.2,1.1,1.2,7.5,4.3,6.3,11.6,6.6,2.3,11.8,17.9,18.2,EW,1.73,4,W_EXCLUSIVE_GREEN,45.0
21.85,-0.5336,0.8457,0,121.3,18.2,18.6,26.1,16.0,22.7,4.5,4.1,0.9,5.5,1.8,2.6,38.7,8.6,6.4,4.4,65.3,NS,4.94,1,N_EXCLUSIVE_GREEN,45.0
12.266666666666667,-0.0698,-0.9976,0,26.5,21.7,21.4,26.3,2.9,1.2,4.5,6.5,1.4,1.9,4.5,4.6,4.1,11.0,3.3,9.1,14.0,NS,1.82,1,N_EXCLUSIVE_GREEN,33.2
23.216666666666665,-0.2036,0.979,0,32.8,21.5,21.1,31.8,2.8,6.5,3.1,2.6,3.1,6.2,3.4,7.9,9.3,5.7,9.3,11.3,19.6,EW,1.26,0,BALANCED_PHASE,35.3
1.45,0.3706,0.9288,0,61.6,24.7,27.7,22.1,3.3,6.2,1.1,5.5,5.0,4.2,0.9,1.6,9.5,6.6,9.2,2.5,16.3,NS,1.81,1,N_EXCLUSIVE_GREEN,36.7
17.05,-0.9692,-0.2462,1,15.4,65.2,21.3,53.9,3.5,1.3,7.0,8.7,1.3,0.7,1.7,13.4,4.8,15.7,2.0,15.1,25.7,NS,3.43,2,S_EXCLUSIVE_GREEN,45.0
2.9833333333333334,0.704,0.7102,0,31.2,29.6,31.5,25.0,6.5,4.4,3.7,3.3,2.7,2.8,6.9,0.8,10.9,7.0,5.5,7.7,14.9,NS,1.28,0,BALANCED_PHASE,33.9
9.433333333333334,0.6225,-0.7826,1,56.7,19.7,63.0,19.8,10.5,4.7,3.3,3.1,4.0,9.5,5.0,4.6,15.2,6.4,13.5,9.6,28.1,EW,1.86,3,E_EXCLUSIVE_GREEN,45.0
5.816666666666666,0.9988,0.048,0,23.8,23.8,17.8,69.7,1.2,8.7,2.2,12.4,1.1,4.1,11.5,22.6,9.899999999999999,14.600000000000001,5.199999999999999,34.1,55.2,EW,5.18,4,W_EXCLUSIVE_GREEN,45.0
11.95,0.0131,-0.9999,0,32.1,31.3,33.1,53.1,1.7,0.9,0.8,7.3,1.7,2.9,3.9,9.4,2.6,8.1,4.6,13.3,28.0,EW,2.04,4,W_EXCLUSIVE_GREEN,44.0
12.083333333333334,-0.0218,-0.9998,0,21.5,20.3,24.2,23.9,5.4,7.3,0.6,0.4,1.4,3.2,3.2,2.9,12.7,1.0,4.6,6.1,18.6,EW,1.11,0,BALANCED_PHASE,23.4
21.916666666666668,-0.5188,0.8549,0,35.8,33.3,38.0,27.8,4.4,10.0,5.8,4.1,7.5,5.7,4.5,6.1,14.4,9.899999999999999,13.2,10.6,15.9,NS,1.26,0,BALANCED_PHASE,41.8
20.916666666666668,-0.7224,0.6915,0,31.3,68.5,19.8,17.5,2.4,4.6,5.8,3.3,6.0,1.8,0.7,1.3,7.0,9.1,7.8,2.0,20.0,NS,1.66,2,S_EXCLUSIVE_GREEN,37.5
17.416666666666668,-0.9884,-0.1521,1,14.9,82.4,15.4,80.0,1.2,3.4,10.8,7.4,1.2,1.6,4.6,16.4,4.6,18.200000000000003,2.8,21.0,45.3,NS,4.29,2,S_EXCLUSIVE_GREEN,45.0
16.133333333333333,-0.8829,-0.4695,0,39.1,25.2,22.5,22.4,7.8,4.0,11.7,8.0,1.4,7.5,2.4,1.4,11.8,19.7,8.9,3.8,27.1,NS,1.59,1,N_EXCLUSIVE_GREEN,45.0
7.883333333333333,0.8809,-0.4733,1,61.9,26.8,95.3,15.5,11.1,15.7,3.6,6.3,12.5,14.4,0.1,4.3,26.799999999999997,9.9,26.9,4.3999999999999995,44.2,EW,5.75,3,E_EXCLUSIVE_GREEN,45.0
0.8,0.2079,0.9781,0,18.4,22.8,63.5,30.8,1.1,2.4,1.4,5.6,12.6,7.4,4.0,7.9,3.5,7.0,20.0,11.9,41.7,EW,1.76,3,E_EXCLUSIVE_GREEN,45.0
14.716666666666667,-0.6528,-0.7576,0,24.5,28.6,35.7,30.9,2.2,4.6,3.3,7.0,5.9,6.9,3.8,4.5,6.8,10.3,12.8,8.3,14.2,EW,1.33,0,BALANCED_PHASE,38.4
13.566666666666666,-0.3987,-0.9171,0,25.3,88.1,31.8,30.0,3.3,2.9,16.1,20.8,5.2,6.6,1.7,3.4,6.199999999999999,36.900000000000006,11.8,5.1,46.5,NS,4.63,2,S_EXCLUSIVE_GREEN,45.0
7.483333333333333,0.9255,-0.3786,1,92.6,13.1,47.1,12.9,20.6,12.0,4.2,0.2,3.9,4.6,0.5,0.0,32.6,4.4,8.5,0.5,53.1,NS,6.8,1,N_EXCLUSIVE_GREEN,45.0
11.15,0.2207,-0.9753,0,74.3,25.7,18.7,22.0,9.3,11.4,1.1,8.5,1.7,3.0,3.7,2.8,20.700000000000003,9.6,4.7,6.5,39.9,NS,2.33,1,N_EXCLUSIVE_GREEN,45.0
1.85,0.4656,0.885,0,27.6,26.1,21.0,25.8,1.9,1.4,1.7,4.7,4.7,2.8,3.2,5.3,3.3,6.4,7.5,8.5,13.6,NS,1.32,0,BALANCED_PHASE,24.1
19.816666666666666,-0.889,0.4579,0,20.5,26.6,27.2,27.6,2.6,0.5,1.3,2.6,1.2,2.9,2.9,6.9,3.1,3.9000000000000004,4.1,9.8,15.7,EW,1.53,4,W_EXCLUSIVE_GREEN,31.1
0.25,0.0654,0.9979,0,113.3,21.6,17.9,18.6,6.2,25.8,1.0,6.8,2.3,5.2,2.0,1.3,32.0,7.8,7.5,3.3,70.1,NS,4.33,1,N_EXCLUSIVE_GREEN,45.0
19.033333333333335,-0.9636,0.2672,1,18.6,61.9,17.3,48.0,2.5,1.6,12.2,10.0,0.2,4.7,4.4,9.7,4.1,22.2,4.9,14.1,36.2,NS,4.16,2,S_EXCLUSIVE_GREEN,45.0
14.633333333333333,-0.6361,-0.7716,0,21.2,39.9,31.2,26.0,1.4,10.2,2.1,5.2,2.4,1.4,10.0,4.5,11.6,7.300000000000001,3.8,14.5,19.4,NS,1.63,1,N_EXCLUSIVE_GREEN,37.3
1.25,0.3214,0.9469,0,25.2,20.1,21.3,26.0,1.7,1.5,2.6,7.0,1.1,4.6,3.9,1.4,3.2,9.6,5.699999999999999,5.3,20.2,EW,1.08,0,BALANCED_PHASE,23.1
12.466666666666667,-0.1219,-0.9925,0,24.5,73.9,23.1,18.2,0.8,6.3,17.2,12.6,1.8,3.5,2.2,2.3,7.1,29.799999999999997,5.3,4.5,52.3,NS,3.56,2,S_EXCLUSIVE_GREEN,45.0
1.1333333333333333,0.2924,0.9563,0,22.7,26.6,21.3,38.5,1.7,5.8,1.3,2.4,1.9,0.9,9.6,7.2,7.5,3.7,2.8,16.8,32.6,EW,3.24,4,W_EXCLUSIVE_GREEN,45.0
9.233333333333333,0.6626,-0.749,1,65.1,23.9,70.8,14.3,6.8,9.1,3.1,8.9,4.6,14.8,0.9,3.9,15.899999999999999,12.0,19.4,4.8,26.0,NS,1.67,1,N_EXCLUSIVE_GREEN,45.0
23.6,-0.1045,0.9945,0,20.9,21.5,66.1,19.9,0.7,2.3,3.1,4.9,4.5,14.7,0.9,1.4,3.0,8.0,19.2,2.3,37.5,EW,4.79,3,E_EXCLUSIVE_GREEN,45.0
7.316666666666666,0.9412,-0.3379,1,66.4,12.2,65.5,14.5,6.5,12.2,0.2,3.1,6.9,22.2,0.8,0.7,18.7,3.3000000000000003,29.1,1.5,39.4,EW,8.62,3,E_EXCLUSIVE_GREEN,45.0
4.7,0.9426,0.3338,0,29.2,36.3,21.1,31.1,4.8,5.5,2.5,6.2,4.8,1.2,2.7,1.0,10.3,8.7,6.0,3.7,16.2,NS,1.17,0,BALANCED_PHASE,33.8
13.316666666666666,-0.3379,-0.9412,0,19.1,130.8,28.2,21.9,0.3,3.6,10.1,27.0,0.7,3.9,2.9,4.5,3.9,37.1,4.6,7.4,54.7,NS,7.7,2,S_EXCLUSIVE_GREEN,45.0
20.716666666666665,-0.7576,0.6528,0,25.2,31.8,23.7,30.6,1.7,2.2,2.0,3.1,3.9,4.4,4.1,1.8,3.9000000000000004,5.1,8.3,5.8999999999999995,12.9,EW,1.29,0,BALANCED_PHASE,28.4
15.05,-0.7163,-0.6978,0,25.4,25.8,20.4,25.8,2.8,2.5,0.4,8.0,0.2,1.0,0.9,3.7,5.3,8.4,1.2,4.6000000000000005,10.9,NS,1.25,0,BALANCED_PHASE,27.5
20.7,-0.7604,0.6494,0,20.6,31.5,80.1,17.9,1.7,4.1,2.6,12.3,7.1,12.4,0.3,9.5,5.8,14.9,19.5,9.8,20.9,EW,2.56,3,E_EXCLUSIVE_GREEN,45.0
22.433333333333334,-0.3987,0.9171,0,28.2,25.3,37.5,35.2,2.1,1.9,2.5,3.2,1.7,2.9,9.0,7.0,4.0,5.7,4.6,16.0,22.5,EW,1.93,3,E_EXCLUSIVE_GREEN,45.0
9.4,0.6293,-0.7771,1,58.0,14.1,89.6,12.4,7.4,18.4,0.4,2.0,10.8,15.6,1.6,0.5,25.799999999999997,2.4,26.4,2.1,57.3,EW,8.74,3,E_EXCLUSIVE_GREEN,45.0
5.8,0.9986,0.0523,0,31.5,23.5,20.7,23.7,1.3,6.9,2.5,2.9,1.2,0.5,3.5,3.8,8.200000000000001,5.4,1.7,7.3,9.9,NS,1.37,0,BALANCED_PHASE,28.1
7.9,0.8788,-0.4772,1,50.4,25.7,55.5,14.4,1.8,5.7,2.1,3.1,4.9,8.9,0.3,0.4,7.5,5.2,13.8,0.7,27.2,NS,1.62,1,N_EXCLUSIVE_GREEN,31.8
7.316666666666666,0.9412,-0.3379,1,108.6,13.9,50.1,14.2,16.4,19.2,1.5,1.1,4.9,6.7,1.8,4.7,35.599999999999994,2.6,11.600000000000001,6.5,77.6,NS,9.75,1,N_EXCLUSIVE_GREEN,45.0
22.15,-0.4656,0.885,0,21.0,21.4,30.7,22.8,2.7,5.2,0.6,2.8,1.5,4.4,0.9,5.0,7.9,3.4,5.9,5.9,10.8,EW,1.1,0,BALANCED_PHASE,23.4
1.5833333333333335,0.4027,0.9153,0,28.6,21.8,28.8,39.6,2.7,3.3,1.3,0.8,3.3,4.6,1.1,8.2,6.0,2.1,7.8999999999999995,9.299999999999999,13.7,EW,1.22,0,BALANCED_PHASE,32.1
13.583333333333334,-0.4027,-0.9153,0,23.5,36.8,23.4,20.3,1.9,1.3,3.6,5.4,2.2,2.3,1.0,5.7,3.2,9.0,4.5,6.7,18.9,NS,1.94,2,S_EXCLUSIVE_GREEN,31.5
12.25,-0.0654,-0.9979,0,19.6,24.3,126.0,26.8,2.3,1.2,0.7,1.9,9.0,21.3,2.4,4.2,3.5,2.5999999999999996,30.3,6.6,34.8,EW,4.45,3,E_EXCLUSIVE_GREEN,45.0
20.083333333333332,-0.8549,0.5188,0,20.5,22.0,25.8,21.3,5.1,4.4,1.0,6.6,3.1,3.6,3.8,3.2,9.5,7.6,6.7,7.0,12.2,EW,1.06,0,BALANCED_PHASE,24.9
11.083333333333334,0.2377,-0.9713,0,24.1,26.6,24.1,23.7,0.6,3.9,0.5,6.0,0.6,4.2,1.2,2.0,4.5,6.5,4.8,3.2,9.7,NS,1.21,0,BALANCED_PHASE,23.8
6.05,0.9999,-0.0131,0,133.3,18.3,21.8,25.4,9.4,17.0,5.1,3.1,4.8,3.4,8.4,6.0,26.4,8.2,8.2,14.4,46.9,NS,4.3,1,N_EXCLUSIVE_GREEN,45.0
2.2,0.5446,0.8387,0,20.8,34.2,22.8,36.9,6.1,9.7,3.4,4.8,2.7,4.1,4.3,12.4,15.799999999999999,8.2,6.8,16.7,27.3,EW,2.03,4,W_EXCLUSIVE_GREEN,45.0
18.766666666666666,-0.9799,0.1994,1,19.9,55.3,12.2,55.2,1.5,4.1,8.7,12.4,0.0,1.8,3.3,20.5,5.6,21.1,1.8,23.8,46.0,NS,3.19,2,S_EXCLUSIVE_GREEN,45.0
21.583333333333332,-0.5913,0.8064,0,26.0,105.5,21.8,24.0,1.9,3.8,16.0,18.9,0.3,3.0,0.6,2.2,5.699999999999999,34.9,3.3,2.8000000000000003,72.8,NS,4.91,2,S_EXCLUSIVE_GREEN,45.0
10.316666666666666,0.4266,-0.9045,0,36.7,21.4,29.1,21.3,4.5,3.4,3.9,6.6,3.6,3.9,1.2,7.9,7.9,10.5,7.5,9.1,18.7,NS,1.41,1,N_EXCLUSIVE_GREEN,34.5
0.21666666666666667,0.0567,0.9984,0,20.4,25.8,26.5,30.3,1.3,0.7,3.6,4.6,3.2,2.5,1.2,7.3,2.0,8.2,5.7,8.5,17.7,EW,1.27,0,BALANCED_PHASE,29.2
23.116666666666667,-0.2292,0.9734,0,30.5,35.4,21.9,39.9,2.0,6.8,1.5,10.5,1.4,1.4,3.2,5.3,8.8,12.0,2.8,8.5,12.5,NS,1.24,0,BALANCED_PHASE,36.6
15.966666666666667,-0.8616,-0.5075,0,17.3,107.4,30.2,21.6,1.8,1.3,9.9,24.7,3.2,8.0,3.1,5.2,3.1,34.6,11.2,8.3,39.6,NS,7.93,2,S_EXCLUSIVE_GREEN,45.0
12.966666666666667,-0.2504,-0.9681,0,17.9,18.5,62.1,18.8,6.6,3.6,0.2,3.6,5.4,7.4,0.8,3.9,10.2,3.8000000000000003,12.8,4.7,14.9,EW,2.81,3,E_EXCLUSIVE_GREEN,43.3
9.4,0.6293,-0.7771,1,67.1,21.4,60.9,17.0,6.4,11.7,1.1,11.1,3.5,11.6,1.5,2.3,18.1,12.2,15.1,3.8,22.1,NS,1.86,1,N_EXCLUSIVE_GREEN,45.0
14.566666666666666,-0.6225,-0.7826,0,24.9,37.9,24.9,25.7,4.0,4.4,3.0,6.4,5.7,3.6,3.5,4.5,8.4,9.4,9.3,8.0,18.3,NS,1.22,0,BALANCED_PHASE,32.4
9.266666666666667,0.6561,-0.7547,1,92.0,25.8,76.5,26.7,6.8,14.7,8.0,6.8,8.3,17.6,4.7,6.6,21.5,14.8,25.900000000000002,11.3,28.0,NS,1.95,1,N_EXCLUSIVE_GREEN,45.0
11.533333333333333,0.1219,-0.9925,0,39.7,34.5,21.3,32.3,4.2,7.4,3.5,5.5,0.5,4.6,2.6,4.9,11.600000000000001,9.0,5.1,7.5,13.8,NS,1.19,0,BALANCED_PHASE,36.7
14.1,-0.5225,-0.8526,0,29.8,34.5,22.6,37.8,1.2,6.4,8.3,8.6,5.9,3.0,5.1,9.4,7.6000000000000005,16.9,8.9,14.5,23.8,NS,1.69,2,S_EXCLUSIVE_GREEN,45.0
23.5,-0.1305,0.9914,0,32.4,20.4,24.2,30.8,3.4,5.6,3.8,3.0,1.9,5.5,2.4,6.5,9.0,6.8,7.4,8.9,17.4,EW,1.18,0,BALANCED_PHASE,30.1
10.966666666666667,0.2672,-0.9636,0,24.3,18.5,137.1,19.2,1.3,1.9,10.4,5.9,12.6,31.4,2.1,3.9,3.2,16.3,44.0,6.0,96.2,EW,6.91,3,E_EXCLUSIVE_GREEN,45.0
13.033333333333333,-0.2672,-0.9636,0,27.2,20.3,25.9,27.4,5.6,1.7,4.1,2.0,0.4,4.1,1.6,5.3,7.3,6.1,4.5,6.9,10.5,EW,1.22,0,BALANCED_PHASE,24.8
7.783333333333333,0.893,-0.4501,1,51.5,16.3,73.7,18.8,7.0,6.7,4.3,1.8,7.7,7.2,1.8,9.1,13.7,6.1,14.9,10.9,27.5,EW,1.96,3,E_EXCLUSIVE_GREEN,45.0
4.016666666666667,0.8682,0.4962,0,23.9,20.4,29.9,98.0,5.5,3.7,3.7,1.7,7.7,7.6,10.2,14.2,9.2,5.4,15.3,24.4,31.1,EW,2.02,4,W_EXCLUSIVE_GREEN,45.0
9.15,0.6788,-0.7343,1,90.1,15.4,114.2,15.8,7.9,12.2,3.5,2.6,5.7,15.0,0.3,0.4,20.1,6.1,20.7,0.7,31.1,EW,9.98,3,E_EXCLUSIVE_GREEN,45.0
6.35,0.9958,-0.0915,0,18.7,77.7,26.1,19.2,0.3,7.9,5.7,7.2,4.5,5.0,0.8,5.7,8.200000000000001,12.9,9.5,6.5,27.2,NS,2.29,2,S_EXCLUSIVE_GREEN,45.0
15.583333333333334,-0.8064,-0.5913,0,26.3,20.1,26.5,35.8,6.8,4.9,0.5,2.8,1.1,4.2,1.5,3.2,11.7,3.3,5.300000000000001,4.7,20.9,EW,1.19,0,BALANCED_PHASE,24.1
21.35,-0.6394,0.7688,0,20.1,18.4,28.5,51.7,2.4,6.2,3.2,0.7,3.2,7.4,9.8,12.6,8.6,3.9000000000000004,10.600000000000001,22.4,29.2,EW,1.95,4,W_EXCLUSIVE_GREEN,45.0
23.683333333333334,-0.0828,0.9966,0,22.0,37.9,23.5,27.8,1.2,3.4,4.2,5.4,5.6,3.2,2.5,7.1,4.6,9.600000000000001,8.8,9.6,9.6,NS,1.81,2,S_EXCLUSIVE_GREEN,32.0
14.166666666666666,-0.5373,-0.8434,0,23.7,22.6,33.1,26.9,0.9,5.2,3.0,2.1,6.5,5.3,4.2,7.3,6.1000000000000005,5.1,11.8,11.5,24.7,EW,1.06,0,BALANCED_PHASE,37.0
11.166666666666666,0.2164,-0.9763,0,21.5,28.7,17.9,63.5,2.3,0.9,2.0,4.2,2.4,1.0,9.3,9.5,3.1999999999999997,6.2,3.4,18.8,40.3,EW,4.21,4,W_EXCLUSIVE_GREEN,45.0
5.966666666666667,1.0,0.0087,0,35.2,33.6,28.2,25.2,4.0,6.8,2.8,11.5,1.7,1.2,1.0,6.9,10.8,14.3,2.9,7.9,20.7,NS,1.18,0,BALANCED_PHASE,42.0
20.05,-0.8594,0.5113,0,22.7,39.7,27.1,22.3,3.9,10.6,3.1,8.2,7.4,8.3,2.6,5.7,14.5,11.299999999999999,15.700000000000001,8.3,24.9,NS,1.37,0,BALANCED_PHASE,43.6
2.8666666666666667,0.682,0.7314,0,22.2,30.9,36.5,26.3,0.9,3.5,1.9,5.0,4.2,10.3,0.4,2.8,4.4,6.9,14.5,3.1999999999999997,17.0,EW,2.43,3,E_EXCLUSIVE_GREEN,42.3
0.43333333333333335,0.1132,0.9936,0,28.9,113.2,18.1,31.1,7.6,3.9,6.8,15.3,0.6,1.0,10.8,8.3,11.5,22.1,1.6,19.1,43.0,NS,2.52,2,S_EXCLUSIVE_GREEN,45.0
2.75,0.6593,0.7518,0,18.4,52.8,28.9,25.9,3.5,2.0,8.0,7.0,5.0,1.1,3.1,6.3,5.5,15.0,6.1,9.4,24.2,NS,2.64,2,S_EXCLUSIVE_GREEN,45.0
16.483333333333334,-0.9222,-0.3867,0,23.9,19.1,23.8,97.5,2.0,8.4,5.8,2.2,2.6,2.4,9.8,14.0,10.4,8.0,5.0,23.8,36.4,EW,4.22,4,W_EXCLUSIVE_GREEN,45.0
21.516666666666666,-0.6053,0.796,0,19.0,17.8,17.4,53.6,0.5,2.5,1.7,2.6,0.1,0.8,4.1,7.0,3.0,4.3,0.9,11.1,17.9,EW,4.48,4,W_EXCLUSIVE_GREEN,38.6
0.016666666666666666,0.0044,1.0,0,30.8,34.5,21.9,20.3,1.0,2.7,10.6,3.6,5.7,1.9,0.8,7.5,3.7,14.2,7.6,8.3,23.1,NS,2.04,2,S_EXCLUSIVE_GREEN,41.9
8.566666666666666,0.7826,-0.6225,1,106.9,21.1,48.1,17.9,12.0,12.2,3.1,6.4,4.5,8.2,4.2,1.3,24.2,9.5,12.7,5.5,36.0,NS,3.2,1,N_EXCLUSIVE_GREEN,45.0
9.016666666666667,0.704,-0.7102,1,80.4,14.5,48.5,20.7,6.7,10.4,0.4,2.6,4.1,7.2,2.7,5.5,17.1,3.0,11.3,8.2,22.8,NS,5.18,1,N_EXCLUSIVE_GREEN,45.0
16.866666666666667,-0.9563,-0.2924,1,15.7,76.4,16.4,79.8,1.9,1.3,11.3,9.1,3.8,1.3,5.4,13.2,3.2,20.4,5.1,18.6,24.9,EW,3.89,4,W_EXCLUSIVE_GREEN,45.0
22.716666666666665,-0.3297,0.9441,0,21.1,34.8,24.5,21.2,2.7,2.2,6.0,7.5,2.8,4.2,2.1,2.2,4.9,13.5,7.0,4.300000000000001,14.3,NS,2.13,2,S_EXCLUSIVE_GREEN,39.7
5.1,0.9724,0.2334,0,22.4,28.9,36.1,22.7,2.6,6.3,3.8,10.6,1.7,5.1,3.4,3.7,8.9,14.399999999999999,6.8,7.1,19.5,NS,1.45,2,S_EXCLUSIVE_GREEN,40.9
16.15,-0.885,-0.4656,0,17.2,20.3,82.6,21.8,3.2,2.1,2.4,3.7,6.0,12.3,2.9,2.0,5.300000000000001,6.1,18.3,4.9,36.9,EW,3.57,3,E_EXCLUSIVE_GREEN,45.0
11.283333333333333,0.1865,-0.9825,0,31.2,22.3,26.9,23.1,0.8,2.3,2.1,3.6,2.6,2.0,1.4,8.6,3.0999999999999996,5.7,4.6,10.0,15.6,EW,1.58,3,E_EXCLUSIVE_GREEN,31.4
2.3833333333333333,0.5842,0.8116,0,20.2,33.5,24.4,25.4,7.2,5.9,2.6,2.5,1.8,6.1,0.7,6.0,13.100000000000001,5.1,7.8999999999999995,6.7,20.0,NS,2.05,1,N_EXCLUSIVE_GREEN,39.2
14.6,-0.6293,-0.7771,0,26.3,59.3,30.3,17.9,1.7,4.7,11.3,11.1,2.2,11.8,1.7,4.9,6.4,22.4,14.0,6.6000000000000005,35.6,NS,2.82,2,S_EXCLUSIVE_GREEN,45.0
9.716666666666667,0.5628,-0.8266,0,21.4,21.5,22.0,37.7,2.9,2.4,0.5,2.7,3.1,1.5,0.1,11.1,5.3,3.2,4.6,11.2,16.7,EW,1.97,4,W_EXCLUSIVE_GREEN,35.9
2.6833333333333336,0.6461,0.7632,0,21.2,39.6,20.2,24.6,0.3,3.6,5.9,14.2,2.1,5.3,3.6,2.3,3.9,20.1,7.4,5.9,21.3,NS,3.25,2,S_EXCLUSIVE_GREEN,45.0
20.8,-0.7431,0.6691,0,21.2,21.1,22.6,93.0,2.3,2.3,1.9,3.7,3.1,3.9,13.9,17.2,4.6,5.6,7.0,31.1,37.6,EW,4.13,4,W_EXCLUSIVE_GREEN,45.0
12.4,-0.1045,-0.9945,0,23.6,20.2,22.9,31.1,2.7,6.3,1.3,3.4,1.9,6.9,3.7,8.7,9.0,4.7,8.8,12.399999999999999,23.7,EW,1.34,0,BALANCED_PHASE,37.8
1.6666666666666665,0.4226,0.9063,0,18.3,68.0,18.8,25.7,0.3,7.9,5.1,16.8,1.0,3.8,2.7,4.6,8.200000000000001,21.9,4.8,7.3,44.8,NS,2.87,2,S_EXCLUSIVE_GREEN,45.0
2.5166666666666666,0.6122,0.7907,0,22.9,28.1,23.4,21.4,3.4,3.1,3.4,5.6,1.6,6.6,3.2,1.7,6.5,9.0,8.2,4.9,14.2,NS,1.26,0,BALANCED_PHASE,29.5
20.833333333333332,-0.7373,0.6756,0,54.4,25.1,19.1,27.5,5.0,15.1,6.1,2.6,3.5,6.2,4.0,4.5,20.1,8.7,9.7,8.5,37.9,NS,2.18,1,N_EXCLUSIVE_GREEN,45.0
16.966666666666665,-0.9636,-0.2672,1,19.2,53.0,14.4,117.9,1.2,3.7,5.2,11.0,0.4,0.2,15.4,23.5,4.9,16.2,0.6000000000000001,38.9,59.3,EW,15.69,4,W_EXCLUSIVE_GREEN,45.0
1.2333333333333334,0.3173,0.9483,0,23.3,18.8,22.0,54.1,3.0,8.9,1.2,0.9,4.0,2.7,12.8,7.8,11.9,2.1,6.7,20.6,34.5,EW,2.71,4,W_EXCLUSIVE_GREEN,45.0
8.033333333333333,0.8616,-0.5075,1,64.2,17.9,78.7,21.1,7.2,11.0,1.5,1.6,8.4,16.1,3.8,1.8,18.2,3.1,24.5,5.6,48.8,EW,3.9,3,E_EXCLUSIVE_GREEN,45.0
2.716666666666667,0.6528,0.7576,0,20.0,25.2,33.2,26.6,3.8,4.7,3.3,3.0,1.8,2.3,9.5,4.2,8.5,6.3,4.1,13.7,14.7,EW,2.05,3,E_EXCLUSIVE_GREEN,39.8
17.6,-0.9945,-0.1045,1,13.0,50.5,13.4,48.0,0.2,0.2,3.5,6.9,0.4,6.8,8.7,7.8,0.4,10.4,7.2,16.5,20.6,EW,2.52,4,W_EXCLUSIVE_GREEN,45.0
21.033333333333335,-0.7009,0.7133,0,25.7,30.0,78.4,17.3,7.1,4.1,4.5,2.9,9.0,12.4,0.1,5.9,11.2,7.4,21.4,6.0,28.6,EW,3.72,3,E_EXCLUSIVE_GREEN,45.0
0.21666666666666667,0.0567,0.9984,0,23.9,22.5,21.3,34.6,1.4,5.4,0.5,2.9,2.6,3.7,5.3,4.9,6.800000000000001,3.4,6.300000000000001,10.2,19.2,EW,1.55,4,W_EXCLUSIVE_GREEN,33.6
22.866666666666667,-0.2924,0.9563,0,50.1,19.3,24.5,21.8,2.6,6.4,3.5,3.0,2.0,3.2,5.3,0.7,9.0,6.5,5.2,6.0,12.7,NS,1.75,1,N_EXCLUSIVE_GREEN,33.3
9.166666666666666,0.6756,-0.7373,1,62.2,18.9,51.7,24.6,4.5,8.5,0.3,2.3,2.6,8.9,1.3,4.4,13.0,2.5999999999999996,11.5,5.7,20.4,NS,3.69,1,N_EXCLUSIVE_GREEN,44.2
18.25,-0.9979,0.0654,1,17.8,100.7,12.8,73.3,3.8,1.4,15.4,20.7,3.6,3.1,7.1,11.9,5.199999999999999,36.1,6.7,19.0,55.0,NS,6.07,2,S_EXCLUSIVE_GREEN,45.0
18.883333333333333,-0.9734,0.2292,1,17.3,52.9,18.1,76.2,1.4,1.4,4.7,5.4,0.6,3.6,8.8,6.4,2.8,10.100000000000001,4.2,15.200000000000001,31.7,EW,3.66,4,W_EXCLUSIVE_GREEN,45.0
12.716666666666667,-0.1865,-0.9825,0,27.6,39.6,22.3,31.1,1.3,4.4,8.3,6.9,13.3,2.8,6.9,0.8,5.7,15.200000000000001,16.1,7.7,25.2,NS,1.98,2,S_EXCLUSIVE_GREEN,45.0
10.4,0.4067,-0.9135,0,35.0,26.5,21.0,34.5,0.7,10.6,3.7,7.0,2.5,2.1,7.3,6.0,11.299999999999999,10.7,4.6,13.3,16.3,NS,1.11,0,BALANCED_PHASE,35.5
4.833333333333333,0.9537,0.3007,0,24.0,36.4,20.3,21.4,1.5,5.3,2.7,12.1,2.7,0.7,4.7,2.1,6.8,14.8,3.4000000000000004,6.800000000000001,22.8,NS,1.82,2,S_EXCLUSIVE_GREEN,43.4
23.083333333333332,-0.2377,0.9713,0,34.2,30.2,30.7,36.1,2.5,6.5,7.1,11.9,1.1,7.2,7.3,9.3,9.0,19.0,8.3,16.6,38.8,NS,1.66,1,N_EXCLUSIVE_GREEN,45.0
11.05,0.2462,-0.9692,0,17.2,58.6,21.1,31.0,3.7,4.7,8.5,13.5,0.9,1.6,3.6,3.5,8.4,22.0,2.5,7.1,42.8,NS,2.73,2,S_EXCLUSIVE_GREEN,45.0
2.35,0.5771,0.8166,0,37.2,28.4,29.9,22.4,6.9,8.8,7.3,9.8,1.9,4.1,1.4,3.3,15.700000000000001,17.1,6.0,4.699999999999999,27.3,NS,1.12,0,BALANCED_PHASE,45.0
19.633333333333333,-0.91,0.4147,0,20.5,31.4,54.5,17.7,0.4,2.4,3.5,1.6,7.9,10.0,3.4,1.9,2.8,5.1,17.9,5.3,31.8,EW,3.09,3,E_EXCLUSIVE_GREEN,45.0
0.6666666666666666,0.1736,0.9848,0,25.1,26.1,23.0,104.9,4.8,3.4,1.8,8.0,2.9,4.5,16.6,23.8,8.2,9.8,7.4,40.400000000000006,69.3,EW,4.91,4,W_EXCLUSIVE_GREEN,45.0
15.233333333333333,-0.749,-0.6626,0,19.9,17.3,18.9,96.6,2.0,4.8,3.2,1.4,3.1,2.3,11.0,14.4,6.8,4.6,5.4,25.4,51.2,EW,4.62,4,W_EXCLUSIVE_GREEN,45.0
13.183333333333334,-0.3049,-0.9524,0,21.5,22.8,32.2,26.3,0.9,3.4,0.3,4.4,2.7,5.0,3.0,2.9,4.3,4.7,7.7,5.9,11.7,EW,1.21,0,BALANCED_PHASE,27.4
21.4,-0.6293,0.7771,0,28.0,20.6,60.8,29.8,1.6,3.0,0.4,2.3,5.0,7.3,2.6,2.7,4.6,2.6999999999999997,12.3,5.300000000000001,26.6,EW,2.08,3,E_EXCLUSIVE_GREEN,43.2
7.75,0.8969,-0.4423,1,106.8,13.2,56.4,16.2,12.1,27.5,1.1,2.1,3.8,10.6,0.2,2.9,39.6,3.2,14.399999999999999,3.1,65.6,NS,9.63,1,N_EXCLUSIVE_GREEN,45.0
2.0833333333333335,0.5188,0.8549,0,25.3,20.9,31.3,116.3,1.3,4.0,0.7,7.7,8.4,4.8,15.1,27.2,5.3,8.4,13.2,42.3,90.5,EW,3.28,4,W_EXCLUSIVE_GREEN,45.0
22.833333333333332,-0.3007,0.9537,0,29.1,25.4,36.8,29.4,5.8,3.7,2.3,3.0,3.5,4.5,9.0,3.4,9.5,5.3,8.0,12.4,14.7,EW,1.37,0,BALANCED_PHASE,37.9
23.4,-0.1564,0.9877,0,83.7,20.6,18.7,19.1,6.2,20.4,7.7,4.2,0.8,5.9,1.3,1.7,26.599999999999998,11.9,6.7,3.0,53.4,NS,2.62,1,N_EXCLUSIVE_GREEN,45.0
2.0,0.5,0.866,0,31.9,35.3,33.5,20.3,1.1,5.5,2.9,6.8,1.1,6.3,4.9,4.1,6.6,9.7,7.4,9.0,14.7,NS,1.24,0,BALANCED_PHASE,32.2
14.383333333333333,-0.5842,-0.8116,0,23.5,21.6,26.5,27.0,0.8,2.5,3.2,5.4,4.4,4.6,1.4,6.6,3.3,8.600000000000001,9.0,8.0,18.0,EW,1.04,0,BALANCED_PHASE,29.7
3.1333333333333333,0.7314,0.682,0,25.7,20.3,25.9,60.5,9.8,2.1,4.0,3.7,7.0,3.2,4.9,5.4,11.9,7.7,10.2,10.3,22.3,EW,1.41,4,W_EXCLUSIVE_GREEN,38.7
14.583333333333334,-0.6259,-0.7799,0,24.8,37.0,24.4,27.1,2.0,4.5,4.2,5.3,1.6,2.4,0.2,4.1,6.5,9.5,4.0,4.3,9.6,NS,1.41,2,S_EXCLUSIVE_GREEN,31.6
13.1,-0.284,-0.9588,0,20.7,23.8,89.1,30.6,0.9,1.8,2.5,2.1,14.5,12.3,2.0,10.4,2.7,4.6,26.8,12.4,40.0,EW,2.35,3,E_EXCLUSIVE_GREEN,45.0
17.083333333333332,-0.9713,-0.2377,1,16.6,64.6,12.2,49.0,1.3,0.7,6.4,14.2,0.4,2.2,3.0,4.2,2.0,20.6,2.6,7.2,23.5,NS,5.76,2,S_EXCLUSIVE_GREEN,45.0
19.633333333333333,-0.91,0.4147,0,32.3,33.4,25.8,21.4,2.8,5.2,2.0,6.8,6.4,4.3,1.8,1.5,8.0,8.8,10.7,3.3,22.9,NS,1.04,0,BALANCED_PHASE,30.9
12.0,0.0,-1.0,0,23.9,18.4,26.8,70.0,2.6,3.5,3.2,1.3,1.1,2.4,15.0,22.3,6.1,4.5,3.5,37.3,69.4,EW,5.48,4,W_EXCLUSIVE_GREEN,45.0
2.7666666666666666,0.6626,0.749,0,36.4,35.1,34.5,20.7,2.9,7.9,9.9,3.0,2.8,6.8,1.2,0.6,10.8,12.9,9.6,1.7999999999999998,24.4,NS,1.1,0,BALANCED_PHASE,39.8
7.6,0.9135,-0.4067,1,74.2,12.3,47.0,17.9,4.0,15.7,1.2,0.9,6.0,10.2,0.1,0.5,19.7,2.1,16.2,0.6,40.8,NS,6.83,1,N_EXCLUSIVE_GREEN,45.0
16.166666666666668,-0.887,-0.4617,0,39.6,39.9,21.9,20.0,2.9,2.7,5.0,5.5,2.1,1.8,2.6,3.9,5.6,10.5,3.9000000000000004,6.5,21.2,NS,1.32,0,BALANCED_PHASE,35.3
5.133333333333334,0.9744,0.225,0,22.0,17.8,52.9,17.8,5.5,0.9,1.4,4.2,7.0,4.2,0.1,4.0,6.4,5.6,11.2,4.1,22.2,EW,2.67,3,E_EXCLUSIVE_GREEN,39.1
15.15,-0.7343,-0.6788,0,22.4,27.4,20.5,57.8,0.8,4.2,2.9,6.5,1.8,4.3,5.6,6.8,5.0,9.4,6.1,12.399999999999999,25.7,EW,2.24,4,W_EXCLUSIVE_GREEN,42.8
8.433333333333334,0.8039,-0.5948,1,136.0,24.0,65.1,21.7,14.7,28.1,7.0,2.0,7.4,8.5,2.4,6.1,42.8,9.0,15.9,8.5,84.8,NS,4.9,1,N_EXCLUSIVE_GREEN,45.0
9.5,0.6088,-0.7934,1,110.0,12.4,110.1,27.1,17.5,13.2,2.0,0.9,9.6,22.9,2.1,6.6,30.7,2.9,32.5,8.7,47.1,EW,3.73,3,E_EXCLUSIVE_GREEN,45.0
2.3833333333333333,0.5842,0.8116,0,18.3,92.6,31.0,23.5,2.1,2.8,8.4,10.9,1.4,7.1,5.4,3.2,4.9,19.3,8.5,8.600000000000001,24.3,NS,4.17,2,S_EXCLUSIVE_GREEN,45.0
23.666666666666668,-0.0872,0.9962,0,23.3,26.1,22.0,27.1,3.8,3.8,3.0,5.4,6.8,3.2,0.2,14.2,7.6,8.4,10.0,14.399999999999999,24.6,EW,1.33,0,BALANCED_PHASE,41.1
19.2,-0.9511,0.309,1,12.7,55.3,17.0,48.3,1.3,1.6,3.5,13.4,1.7,2.2,6.0,10.7,2.9000000000000004,16.9,3.9000000000000004,16.7,35.0,NS,4.7,2,S_EXCLUSIVE_GREEN,45.0
14.1,-0.5225,-0.8526,0,80.3,21.6,17.4,17.3,13.3,12.3,1.3,2.2,0.9,1.9,3.5,2.8,25.6,3.5,2.8,6.3,46.5,NS,5.0,1,N_EXCLUSIVE_GREEN,45.0
12.35,-0.0915,-0.9958,0,30.9,31.6,25.4,20.2,3.1,3.4,0.9,3.9,6.5,5.9,1.8,8.7,6.5,4.8,12.4,10.5,13.4,NS,1.12,0,BALANCED_PHASE,25.0
12.85,-0.2207,-0.9753,0,26.6,25.0,39.8,36.5,3.1,5.5,0.2,5.4,4.0,5.2,3.5,5.4,8.6,5.6000000000000005,9.2,8.9,11.5,EW,1.03,0,BALANCED_PHASE,31.7
14.35,-0.5771,-0.8166,0,27.4,27.4,22.1,21.9,1.1,2.8,2.2,11.7,1.0,0.6,2.0,4.1,3.9,13.899999999999999,1.6,6.1,16.3,NS,1.96,1,N_EXCLUSIVE_GREEN,39.4
20.633333333333333,-0.7716,0.6361,0,23.3,32.7,79.4,17.2,4.8,5.4,4.6,4.2,9.9,27.3,4.1,1.6,10.2,8.8,37.2,5.699999999999999,38.5,EW,5.5,3,E_EXCLUSIVE_GREEN,45.0
19.733333333333334,-0.8988,0.4384,0,19.5,17.4,66.9,18.4,0.3,3.0,4.9,2.4,1.5,12.4,0.2,5.0,3.3,7.300000000000001,13.9,5.2,14.7,EW,2.91,3,E_EXCLUSIVE_GREEN,45.0
5.416666666666667,0.9884,0.1521,0,27.1,37.8,23.3,29.2,3.0,1.6,8.5,5.8,2.9,2.7,3.6,4.0,4.6,14.3,5.6,7.6,31.0,NS,2.08,2,S_EXCLUSIVE_GREEN,43.5
9.783333333333333,0.5483,-0.8363,0,36.8,32.8,27.7,20.1,15.2,4.0,2.0,7.1,1.1,5.5,3.2,0.5,19.2,9.1,6.6,3.7,27.6,NS,1.64,1,N_EXCLUSIVE_GREEN,45.0
15.6,-0.809,-0.5878,0,28.4,21.1,30.2,29.0,4.3,6.5,1.3,6.7,1.4,2.4,5.7,5.2,10.8,8.0,3.8,10.9,17.5,EW,1.68,3,E_EXCLUSIVE_GREEN,34.0
10.4,0.4067,-0.9135,0,31.3,29.4,25.8,138.0,2.3,4.4,4.7,2.3,1.8,6.1,8.8,30.9,6.7,7.0,7.8999999999999995,39.7,73.1,EW,4.96,4,W_EXCLUSIVE_GREEN,45.0
11.116666666666667,0.2292,-0.9734,0,29.7,27.5,25.7,23.7,4.3,3.4,0.9,3.8,0.3,1.3,1.4,6.2,7.699999999999999,4.7,1.6,7.6,13.5,NS,1.28,0,BALANCED_PHASE,27.1
6.616666666666667,0.987,-0.1607,0,30.6,28.9,30.6,25.1,6.2,2.7,1.2,2.9,7.7,4.8,0.7,1.9,8.9,4.1,12.5,2.5999999999999996,18.2,NS,1.45,1,N_EXCLUSIVE_GREEN,30.1
5.716666666666667,0.9973,0.0741,0,22.9,21.2,22.6,38.7,3.1,4.9,1.8,3.9,2.0,3.1,6.5,7.8,8.0,5.7,5.1,14.3,15.7,EW,2.18,4,W_EXCLUSIVE_GREEN,42.1
0.7666666666666667,0.1994,0.9799,0,21.7,21.9,30.3,30.8,4.0,2.1,0.7,3.8,2.0,3.3,1.3,6.1,6.1,4.5,5.3,7.3999999999999995,8.6,EW,1.14,0,BALANCED_PHASE,26.2
22.216666666666665,-0.4501,0.893,0,28.1,36.7,31.7,29.2,3.5,5.5,0.8,8.3,7.3,9.8,2.2,6.7,9.0,9.100000000000001,17.1,8.9,24.8,EW,1.54,3,E_EXCLUSIVE_GREEN,45.0
9.883333333333333,0.5262,-0.8504,0,22.0,28.0,24.0,30.6,1.3,1.2,3.1,4.3,1.1,2.7,7.4,6.0,2.5,7.4,3.8000000000000003,13.4,15.3,EW,2.15,4,W_EXCLUSIVE_GREEN,38.8
13.716666666666667,-0.4344,-0.9007,0,29.9,31.9,34.0,25.9,0.8,5.3,3.0,4.2,1.3,3.4,2.3,3.8,6.1,7.2,4.7,6.1,9.9,NS,1.08,0,BALANCED_PHASE,26.1
20.316666666666666,-0.8216,0.57,0,21.6,82.5,26.3,26.5,1.5,2.9,14.9,14.6,2.9,4.7,5.4,22.4,4.4,29.5,7.6,27.799999999999997,52.7,NS,4.99,2,S_EXCLUSIVE_GREEN,45.0
22.45,-0.3947,0.9188,0,27.5,24.7,32.3,27.9,3.4,3.5,2.5,3.1,0.7,5.8,1.7,6.9,6.9,5.6,6.5,8.6,17.3,EW,1.2,0,BALANCED_PHASE,29.7
2.466666666666667,0.6018,0.7986,0,37.3,29.7,23.0,24.2,2.6,3.1,1.0,2.3,0.2,1.5,1.7,10.0,5.7,3.3,1.7,11.7,25.5,NS,1.35,0,BALANCED_PHASE,25.7
15.616666666666667,-0.8116,-0.5842,0,28.0,24.8,27.6,30.3,2.5,2.6,4.5,4.2,1.4,6.5,5.3,3.9,5.1,8.7,7.9,9.2,15.1,EW,1.1,0,BALANCED_PHASE,30.4
16.983333333333334,-0.9648,-0.263,1,12.3,106.0,23.8,47.2,4.4,1.3,7.5,20.4,2.2,3.6,5.1,7.7,5.7,27.9,5.800000000000001,12.8,37.0,NS,5.67,2,S_EXCLUSIVE_GREEN,45.0
22.433333333333334,-0.3987,0.9171,0,34.5,30.5,26.5,37.8,1.2,5.5,4.5,4.8,2.4,3.1,4.3,7.3,6.7,9.3,5.5,11.6,25.1,EW,1.7,4,W_EXCLUSIVE_GREEN,37.5
11.733333333333333,0.0698,-0.9976,0,36.7,27.1,37.7,24.5,3.3,4.3,1.4,3.9,2.9,6.6,1.6,3.2,7.6,5.3,9.5,4.800000000000001,14.6,NS,1.33,0,BALANCED_PHASE,28.3
17.633333333333333,-0.9954,-0.0958,1,13.8,73.8,13.8,48.3,0.1,3.0,4.1,6.5,3.8,4.9,7.1,5.6,3.1,10.6,8.7,12.7,27.2,NS,3.99,2,S_EXCLUSIVE_GREEN,42.2
20.966666666666665,-0.7133,0.7009,0,21.2,93.4,20.8,21.0,1.0,4.0,6.6,16.5,1.9,3.6,1.2,9.0,5.0,23.1,5.5,10.2,40.2,NS,4.29,2,S_EXCLUSIVE_GREEN,45.0
21.7,-0.5664,0.8241,0,68.6,17.9,23.4,27.5,12.9,18.5,0.7,2.9,0.9,7.7,3.7,4.2,31.4,3.5999999999999996,8.6,7.9,65.1,NS,5.87,1,N_EXCLUSIVE_GREEN,45.0
18.683333333333334,-0.984,0.1779,1,13.6,67.7,12.2,65.4,0.7,1.0,11.0,12.1,0.6,0.7,6.5,10.9,1.7,23.1,1.2999999999999998,17.4,41.1,NS,7.45,2,S_EXCLUSIVE_GREEN,45.0
21.683333333333334,-0.57,0.8216,0,21.7,20.0,80.7,30.7,1.6,9.0,0.8,2.5,16.0,10.1,3.2,5.7,10.6,3.3,26.1,8.9,53.9,EW,2.72,3,E_EXCLUSIVE_GREEN,45.0
13.1,-0.284,-0.9588,0,21.6,21.2,112.1,18.4,3.2,5.1,1.3,6.4,17.3,16.3,0.3,3.6,8.3,7.7,33.6,3.9,46.5,EW,6.93,3,E_EXCLUSIVE_GREEN,45.0
7.533333333333333,0.9205,-0.3907,1,51.7,17.3,59.0,17.1,5.0,6.4,0.3,1.4,10.7,9.1,2.2,6.0,11.4,1.7,19.799999999999997,8.2,42.4,EW,2.61,3,E_EXCLUSIVE_GREEN,45.0
23.55,-0.1175,0.9931,0,36.1,25.6,30.1,28.0,7.2,5.4,4.4,3.0,2.1,2.2,2.5,1.9,12.600000000000001,7.4,4.300000000000001,4.4,18.2,NS,1.52,1,N_EXCLUSIVE_GREEN,38.5
22.6,-0.3584,0.9336,0,31.3,21.5,67.7,31.5,2.7,1.5,0.8,6.9,6.0,4.9,3.2,12.4,4.2,7.7,10.9,15.600000000000001,33.8,EW,1.65,3,E_EXCLUSIVE_GREEN,45.0
12.483333333333333,-0.1262,-0.992,0,24.5,21.3,40.0,26.1,1.8,3.8,0.8,2.9,11.2,2.7,0.8,4.6,5.6,3.7,13.899999999999999,5.3999999999999995,21.1,EW,1.97,3,E_EXCLUSIVE_GREEN,42.1
18.733333333333334,-0.9816,0.1908,1,22.8,58.2,17.9,49.5,1.1,3.8,4.8,11.6,0.8,0.9,7.3,12.5,4.9,16.4,1.7000000000000002,19.8,38.1,NS,2.81,2,S_EXCLUSIVE_GREEN,45.0
16.15,-0.885,-0.4656,0,79.8,20.4,23.3,17.6,10.6,16.6,6.5,2.1,2.9,1.7,3.1,3.5,27.200000000000003,8.6,4.6,6.6,34.1,NS,3.27,1,N_EXCLUSIVE_GREEN,45.0
15.1,-0.7254,-0.6884,0,65.8,32.1,31.3,19.9,9.4,15.7,3.7,5.9,3.4,2.6,3.2,7.5,25.1,9.600000000000001,6.0,10.7,44.5,NS,2.32,1,N_EXCLUSIVE_GREEN,45.0
3.8833333333333333,0.8504,0.5262,0,20.6,20.2,20.5,21.9,2.2,1.7,2.3,2.6,0.6,4.7,1.2,1.0,3.9000000000000004,4.9,5.3,2.2,7.2,EW,1.42,3,E_EXCLUSIVE_GREEN,20.3
4.366666666666666,0.91,0.4147,0,18.9,22.2,19.0,96.7,1.0,4.2,2.2,4.8,3.3,1.6,8.3,18.3,5.2,7.0,4.9,26.6,31.7,EW,4.99,4,W_EXCLUSIVE_GREEN,45.0
6.55,0.9897,-0.1435,0,26.1,31.2,36.5,27.3,0.8,3.7,2.1,6.2,2.6,4.9,1.6,3.4,4.5,8.3,7.5,5.0,8.6,EW,1.35,0,BALANCED_PHASE,27.4
15.1,-0.7254,-0.6884,0,24.6,28.7,39.6,23.9,0.8,1.2,5.8,6.3,9.4,3.7,5.9,8.8,2.0,12.1,13.100000000000001,14.700000000000001,23.6,EW,1.23,0,BALANCED_PHASE,43.9
22.466666666666665,-0.3907,0.9205,0,24.2,17.9,102.6,26.8,1.5,4.7,1.1,3.8,8.6,24.6,4.9,6.4,6.2,4.9,33.2,11.3,38.2,EW,3.13,3,E_EXCLUSIVE_GREEN,45.0
1.85,0.4656,0.885,0,36.5,22.2,21.4,25.3,4.6,2.7,4.3,3.1,0.4,6.1,1.5,1.9,7.3,7.4,6.5,3.4,8.7,NS,1.2,0,BALANCED_PHASE,27.2
0.9,0.2334,0.9724,0,51.2,23.2,18.4,23.2,7.3,16.9,0.9,6.5,1.0,4.9,1.2,1.2,24.2,7.4,5.9,2.4,25.4,NS,2.75,1,N_EXCLUSIVE_GREEN,45.0
21.85,-0.5336,0.8457,0,28.2,81.1,18.6,22.9,5.0,3.4,11.5,10.9,0.8,0.7,1.6,5.1,8.4,22.4,1.5,6.699999999999999,23.5,NS,2.66,2,S_EXCLUSIVE_GREEN,45.0
16.183333333333334,-0.889,-0.4579,0,26.6,37.7,28.7,21.1,4.3,2.1,7.3,6.5,3.0,4.8,6.2,3.1,6.4,13.8,7.8,9.3,23.2,NS,1.75,2,S_EXCLUSIVE_GREEN,41.7
10.583333333333334,0.3624,-0.932,0,26.8,26.4,21.3,21.1,0.3,0.8,2.8,5.1,5.4,6.8,1.8,2.7,1.1,7.8999999999999995,12.2,4.5,24.1,NS,1.93,1,N_EXCLUSIVE_GREEN,28.0
14.233333333333333,-0.5519,-0.8339,0,29.8,20.9,34.6,37.8,0.9,4.3,3.3,2.7,3.4,1.6,5.5,2.4,5.2,6.0,5.0,7.9,14.7,EW,1.24,0,BALANCED_PHASE,29.1
20.183333333333334,-0.841,0.541,0,30.4,21.0,30.1,99.3,2.2,3.7,0.8,2.7,3.0,5.5,10.7,6.0,5.9,3.5,8.5,16.7,34.0,EW,2.43,4,W_EXCLUSIVE_GREEN,45.0
12.016666666666667,-0.0044,-1.0,0,38.9,27.8,26.5,24.9,2.8,2.4,4.4,3.2,4.0,7.4,2.0,5.4,5.199999999999999,7.6000000000000005,11.4,7.4,12.9,NS,1.37,0,BALANCED_PHASE,28.5
6.466666666666667,0.9925,-0.1219,0,23.8,35.0,24.0,24.3,0.4,4.4,2.5,7.8,5.1,5.7,5.7,4.0,4.800000000000001,10.3,10.8,9.7,15.8,NS,1.72,2,S_EXCLUSIVE_GREEN,33.5
12.0,0.0,-1.0,0,39.3,28.9,22.1,25.9,2.0,2.2,2.3,6.9,2.9,2.1,2.5,10.0,4.2,9.2,5.0,12.5,16.8,NS,1.63,1,N_EXCLUSIVE_GREEN,32.2
6.283333333333333,0.9973,-0.0741,0,32.2,35.5,22.8,23.7,2.3,5.2,3.7,6.9,3.2,1.9,1.9,4.0,7.5,10.600000000000001,5.1,5.9,15.9,NS,1.22,0,BALANCED_PHASE,34.2
2.6,0.6293,0.7771,0,19.9,54.7,28.4,20.2,0.5,3.0,4.9,16.2,6.0,10.0,1.2,0.7,3.5,21.1,16.0,1.9,30.4,NS,4.01,2,S_EXCLUSIVE_GREEN,45.0
11.333333333333334,0.1736,-0.9848,0,113.2,26.9,27.7,19.7,21.5,17.3,2.6,7.4,3.1,8.9,0.2,6.2,38.8,10.0,12.0,6.4,78.6,NS,3.87,1,N_EXCLUSIVE_GREEN,45.0
8.7,0.7604,-0.6494,1,68.3,17.0,83.5,17.9,5.0,9.9,0.3,5.1,8.9,14.7,2.1,3.5,14.9,5.3999999999999995,23.6,5.6,42.2,EW,4.16,3,E_EXCLUSIVE_GREEN,45.0
15.55,-0.8013,-0.5983,0,22.6,25.4,21.1,31.3,3.1,2.6,4.5,3.0,2.7,2.6,0.5,6.6,5.7,7.5,5.300000000000001,7.1,8.5,EW,1.33,0,BALANCED_PHASE,25.7
10.633333333333333,0.3502,-0.9367,0,22.8,20.8,30.4,73.6,6.1,4.6,2.4,3.1,5.0,6.2,7.3,9.8,10.7,5.5,11.2,17.1,28.6,EW,1.79,4,W_EXCLUSIVE_GREEN,45.0
18.116666666666667,-0.9995,0.0305,1,27.1,107.6,14.3,99.4,5.5,2.6,19.2,21.1,0.3,2.4,7.2,17.0,8.1,40.3,2.6999999999999997,24.2,75.4,NS,4.41,2,S_EXCLUSIVE_GREEN,45.0
11.366666666666667,0.165,-0.9863,0,37.0,35.5,21.1,22.6,1.1,5.5,3.4,12.9,1.5,8.0,2.1,2.5,6.6,16.3,9.5,4.6,27.2,NS,1.67,1,N_EXCLUSIVE_GREEN,45.0
19.183333333333334,-0.9524,0.3049,1,20.9,59.7,16.0,84.1,0.4,1.8,5.9,10.0,1.5,0.7,8.6,6.9,2.2,15.9,2.2,15.5,34.5,EW,5.49,4,W_EXCLUSIVE_GREEN,45.0
21.75,-0.5556,0.8315,0,24.9,23.2,36.8,24.6,4.6,3.5,1.1,1.9,3.9,3.9,0.4,5.2,8.1,3.0,7.8,5.6000000000000005,11.4,EW,1.38,0,BALANCED_PHASE,28.4
19.616666666666667,-0.9118,0.4107,0,18.7,61.1,24.3,18.5,1.7,4.6,10.6,6.8,2.5,2.4,0.7,0.9,6.3,17.4,4.9,1.6,28.2,NS,2.81,2,S_EXCLUSIVE_GREEN,45.0
10.116666666666667,0.4733,-0.8809,0,64.1,31.3,31.7,21.5,6.9,14.6,1.8,11.9,5.2,4.6,6.9,3.9,21.5,13.700000000000001,9.8,10.8,42.0,NS,1.68,1,N_EXCLUSIVE_GREEN,45.0
5.383333333333334,0.987,0.1607,0,25.7,32.9,27.6,23.6,3.7,12.5,0.8,2.8,1.5,4.5,0.2,8.3,16.2,3.5999999999999996,6.0,8.5,27.1,NS,2.47,1,N_EXCLUSIVE_GREEN,45.0
16.4,-0.9135,-0.4067,0,31.3,28.8,21.0,21.6,2.2,3.2,1.7,3.3,4.5,6.6,4.1,5.2,5.4,5.0,11.1,9.3,22.6,NS,1.04,0,BALANCED_PHASE,23.7
4.6,0.9336,0.3584,0,22.8,67.0,22.1,21.8,1.6,5.4,7.0,6.0,1.7,3.8,2.1,2.6,7.0,13.0,5.5,4.7,22.1,NS,2.19,2,S_EXCLUSIVE_GREEN,45.0
15.666666666666666,-0.8192,-0.5736,0,20.9,39.6,24.5,27.1,4.6,0.9,0.6,6.4,4.6,3.8,1.7,3.4,5.5,7.0,8.399999999999999,5.1,14.1,NS,1.47,2,S_EXCLUSIVE_GREEN,27.5
20.983333333333334,-0.7102,0.704,0,24.0,35.9,35.0,27.3,2.0,4.7,7.7,11.5,2.3,3.9,2.7,3.0,6.7,19.2,6.199999999999999,5.7,41.1,NS,2.2,2,S_EXCLUSIVE_GREEN,45.0
17.166666666666668,-0.9763,-0.2164,1,16.2,61.2,12.5,84.3,1.7,3.3,4.0,9.0,1.8,0.4,6.3,18.0,5.0,13.0,2.2,24.3,47.9,EW,7.92,4,W_EXCLUSIVE_GREEN,45.0
15.3,-0.7604,-0.6494,0,23.1,19.8,55.8,23.2,2.7,0.4,1.2,1.5,10.5,11.1,0.8,6.4,3.1,2.7,21.6,7.2,34.4,EW,2.66,3,E_EXCLUSIVE_GREEN,45.0
14.65,-0.6394,-0.7688,0,23.0,21.5,104.3,22.3,1.3,0.6,1.5,4.9,6.7,24.0,3.5,5.8,1.9,6.4,30.7,9.3,66.6,EW,3.62,3,E_EXCLUSIVE_GREEN,45.0
0.5166666666666667,0.1349,0.9909,0,23.0,19.2,19.3,75.2,1.2,2.3,1.2,10.1,1.7,7.1,5.5,9.0,3.5,11.299999999999999,8.799999999999999,14.5,21.1,EW,2.24,4,W_EXCLUSIVE_GREEN,45.0
17.533333333333335,-0.9925,-0.1219,1,16.2,103.1,21.1,53.5,1.1,5.1,7.2,22.4,3.0,0.6,6.2,4.9,6.199999999999999,29.599999999999998,3.6,11.100000000000001,51.7,NS,5.06,2,S_EXCLUSIVE_GREEN,45.0
20.516666666666666,-0.7907,0.6122,0,30.5,27.8,29.4,24.3,3.5,4.4,3.3,16.2,3.9,6.4,0.9,2.6,7.9,19.5,10.3,3.5,37.7,NS,1.84,1,N_EXCLUSIVE_GREEN,45.0
15.433333333333334,-0.7826,-0.6225,0,24.9,33.2,31.8,22.0,2.2,7.3,1.3,4.6,3.7,7.8,2.5,2.7,9.5,5.8999999999999995,11.5,5.2,24.2,NS,1.42,1,N_EXCLUSIVE_GREEN,32.4
14.516666666666667,-0.6122,-0.7907,0,69.7,28.3,29.8,26.8,8.1,8.4,2.8,14.4,1.3,3.3,2.4,4.0,16.5,17.2,4.6,6.4,33.3,NS,1.37,1,N_EXCLUSIVE_GREEN,45.0
7.3,0.9426,-0.3338,1,61.8,12.5,60.9,17.7,8.9,14.5,0.5,1.1,4.4,6.4,3.4,3.6,23.4,1.6,10.8,7.0,26.2,NS,7.79,1,N_EXCLUSIVE_GREEN,45.0
1.2833333333333332,0.3297,0.9441,0,21.9,25.5,104.1,23.1,0.7,7.8,4.6,1.5,9.7,24.6,2.9,5.4,8.5,6.1,34.3,8.3,69.9,EW,4.1,3,E_EXCLUSIVE_GREEN,45.0
5.816666666666666,0.9988,0.048,0,28.6,31.6,25.6,28.2,2.3,12.2,2.0,2.6,0.7,1.3,9.7,4.8,14.5,4.6,2.0,14.5,26.8,NS,1.92,1,N_EXCLUSIVE_GREEN,42.4
23.816666666666666,-0.048,0.9988,0,29.4,32.8,20.9,28.0,2.4,4.7,7.4,1.9,2.1,4.9,2.4,3.2,7.1,9.3,7.0,5.6,9.6,NS,1.18,0,BALANCED_PHASE,30.5
17.533333333333335,-0.9925,-0.1219,1,17.0,59.7,17.5,82.9,0.6,1.2,1.9,8.3,2.5,4.5,11.9,18.9,1.7999999999999998,10.200000000000001,7.0,30.799999999999997,40.2,EW,4.31,4,W_EXCLUSIVE_GREEN,45.0
3.6,0.809,0.5878,0,32.3,18.6,53.7,28.9,4.8,7.4,5.1,1.9,11.0,9.9,5.7,4.6,12.2,7.0,20.9,10.3,41.1,EW,1.91,3,E_EXCLUSIVE_GREEN,45.0
17.866666666666667,-0.9994,-0.0349,1,24.5,92.5,13.0,119.7,1.9,3.3,2.6,21.2,0.2,1.5,13.2,15.8,5.199999999999999,23.8,1.7,29.0,56.9,EW,11.02,4,W_EXCLUSIVE_GREEN,45.0
1.8,0.454,0.891,0,24.0,24.2,28.2,20.4,3.4,1.0,1.8,7.4,1.2,6.0,0.2,6.9,4.4,9.200000000000001,7.2,7.1000000000000005,11.9,EW,1.1,0,BALANCED_PHASE,25.7
17.216666666666665,-0.979,-0.2036,1,21.6,55.2,18.1,109.3,2.5,2.7,7.2,4.9,5.8,4.4,33.3,18.1,5.2,12.100000000000001,10.2,51.4,91.8,EW,5.11,4,W_EXCLUSIVE_GREEN,45.0
13.1,-0.284,-0.9588,0,25.2,34.6,33.0,31.7,2.6,4.2,2.9,10.2,6.9,6.7,1.3,2.3,6.800000000000001,13.1,13.600000000000001,3.5999999999999996,20.9,EW,1.93,3,E_EXCLUSIVE_GREEN,40.2
20.8,-0.7431,0.6691,0,86.4,19.7,21.2,20.6,7.1,9.8,1.5,2.6,2.5,1.7,1.3,1.8,16.9,4.1,4.2,3.1,35.4,NS,4.01,1,N_EXCLUSIVE_GREEN,45.0
14.266666666666667,-0.5592,-0.829,0,58.5,19.8,22.2,18.2,3.3,8.8,5.4,7.2,5.4,4.3,1.3,0.4,12.100000000000001,12.600000000000001,9.7,1.7000000000000002,19.8,NS,1.47,1,N_EXCLUSIVE_GREEN,42.7
14.916666666666666,-0.6915,-0.7224,0,36.1,35.5,27.3,23.1,4.0,9.9,2.7,4.6,4.1,6.9,0.2,3.0,13.9,7.3,11.0,3.2,24.6,NS,1.42,1,N_EXCLUSIVE_GREEN,41.8
7.216666666666667,0.9497,-0.3132,1,74.9,12.4,49.1,22.6,6.8,3.8,0.1,0.5,3.0,7.9,0.9,4.6,10.6,0.6,10.9,5.5,17.3,NS,7.14,1,N_EXCLUSIVE_GREEN,41.4
23.616666666666667,-0.1002,0.995,0,26.0,38.8,23.7,26.9,3.7,5.3,1.2,5.0,1.1,0.8,2.3,3.0,9.0,6.2,1.9000000000000001,5.3,19.4,NS,1.41,1,N_EXCLUSIVE_GREEN,31.9
22.65,-0.3461,0.9382,0,26.6,31.4,33.5,23.6,9.9,6.2,0.3,6.9,2.8,2.7,1.6,1.6,16.1,7.2,5.5,3.2,24.1,NS,1.72,1,N_EXCLUSIVE_GREEN,45.0
5.65,0.9958,0.0915,0,25.8,58.3,31.8,28.1,0.9,4.4,6.8,8.2,4.6,1.4,1.2,5.4,5.300000000000001,15.0,6.0,6.6000000000000005,17.2,NS,2.43,2,S_EXCLUSIVE_GREEN,45.0
6.85,0.9753,-0.2207,0,18.0,31.0,88.3,21.1,0.6,2.8,4.7,5.0,6.0,22.0,0.3,6.4,3.4,9.7,28.0,6.7,39.4,EW,4.0,3,E_EXCLUSIVE_GREEN,45.0
17.283333333333335,-0.9825,-0.1865,1,24.5,84.5,12.6,77.1,2.6,3.4,7.9,19.7,0.2,3.3,7.0,8.3,6.0,27.6,3.5,15.3,56.3,NS,3.91,2,S_EXCLUSIVE_GREEN,45.0
19.566666666666666,-0.9171,0.3987,0,22.7,24.8,64.5,25.2,5.1,1.8,3.4,5.1,7.0,11.5,0.9,3.0,6.8999999999999995,8.5,18.5,3.9,37.4,EW,3.33,3,E_EXCLUSIVE_GREEN,45.0
9.6,0.5878,-0.809,0,83.9,20.0,29.3,19.4,12.0,13.4,0.2,4.4,9.5,2.3,0.6,1.7,25.4,4.6000000000000005,11.8,2.3,39.0,NS,4.64,1,N_EXCLUSIVE_GREEN,45.0
4.8,0.9511,0.309,0,23.4,30.3,21.7,26.1,1.9,3.5,1.5,2.5,0.9,2.1,6.0,6.0,5.4,4.0,3.0,12.0,18.6,NS,1.25,0,BALANCED_PHASE,23.1
1.2833333333333332,0.3297,0.9441,0,40.0,21.0,35.6,32.1,3.6,7.8,1.2,2.9,1.1,3.5,4.6,14.0,11.4,4.1,4.6,18.6,34.8,EW,2.23,3,E_EXCLUSIVE_GREEN,45.0
4.733333333333333,0.9455,0.3256,0,24.1,37.4,27.4,24.0,3.6,2.1,2.9,6.6,0.5,3.6,4.0,2.7,5.7,9.5,4.1,6.7,19.2,NS,1.54,2,S_EXCLUSIVE_GREEN,32.7
7.15,0.955,-0.2965,1,146.7,23.4,59.2,13.3,12.2,16.5,2.1,4.6,3.3,13.5,7.2,3.4,28.7,6.699999999999999,16.8,10.6,32.1,NS,4.89,1,N_EXCLUSIVE_GREEN,45.0
22.333333333333332,-0.4226,0.9063,0,24.5,36.5,29.1,28.1,2.0,1.9,2.9,2.2,2.6,3.6,1.0,5.5,3.9,5.1,6.2,6.5,12.2,NS,1.33,0,BALANCED_PHASE,23.0
21.416666666666668,-0.6259,0.7799,0,21.0,37.9,27.5,22.9,3.2,2.1,1.9,6.5,0.3,1.1,0.8,3.6,5.300000000000001,8.4,1.4000000000000001,4.4,18.0,NS,1.6,2,S_EXCLUSIVE_GREEN,30.4
18.666666666666668,-0.9848,0.1736,1,17.8,95.8,13.4,81.2,1.3,2.5,10.7,14.3,3.8,0.7,12.7,9.2,3.8,25.0,4.5,21.9,27.7,NS,5.62,2,S_EXCLUSIVE_GREEN,45.0
8.666666666666666,0.766,-0.6428,1,87.8,14.4,47.6,13.9,4.2,6.3,1.0,4.5,4.1,4.5,2.3,0.5,10.5,5.5,8.6,2.8,18.0,NS,3.16,1,N_EXCLUSIVE_GREEN,43.6
13.4,-0.3584,-0.9336,0,39.0,36.7,34.6,35.2,4.0,1.7,2.2,5.9,6.3,4.1,4.7,2.2,5.7,8.100000000000001,10.399999999999999,6.9,13.5,NS,1.17,0,BALANCED_PHASE,29.6
20.833333333333332,-0.7373,0.6756,0,23.8,28.9,24.5,26.0,1.0,3.9,0.6,1.9,2.8,3.2,1.5,11.1,4.9,2.5,6.0,12.6,27.0,EW,1.56,4,W_EXCLUSIVE_GREEN,37.6
2.4166666666666665,0.5913,0.8064,0,21.5,22.3,20.5,32.5,1.2,3.8,3.9,4.2,1.8,2.6,4.7,5.9,5.0,8.1,4.4,10.600000000000001,11.3,EW,1.9,4,W_EXCLUSIVE_GREEN,33.2
8.733333333333333,0.7547,-0.6561,1,57.5,23.6,52.3,19.7,7.7,11.5,2.2,5.3,5.4,11.7,1.1,1.2,19.2,7.5,17.1,2.3,25.7,NS,2.41,1,N_EXCLUSIVE_GREEN,45.0
11.483333333333333,0.1349,-0.9909,0,24.9,23.4,21.9,20.8,2.6,3.1,2.4,1.2,1.6,5.3,0.1,3.3,5.7,3.5999999999999996,6.9,3.4,9.7,NS,1.22,0,BALANCED_PHASE,21.9
10.616666666666667,0.3543,-0.9351,0,84.5,18.8,27.5,30.0,7.1,19.4,5.7,0.7,1.9,3.1,2.4,5.7,26.5,6.4,5.0,8.1,39.2,NS,4.07,1,N_EXCLUSIVE_GREEN,45.0
23.483333333333334,-0.1349,0.9909,0,32.8,34.3,34.1,33.5,0.6,16.2,7.4,1.5,2.7,4.0,0.8,3.9,16.8,8.9,6.7,4.7,25.0,NS,1.48,1,N_EXCLUSIVE_GREEN,45.0
22.366666666666667,-0.4147,0.91,0,22.4,23.4,33.6,25.6,1.3,6.8,6.6,1.8,5.7,5.0,5.5,4.6,8.1,8.4,10.7,10.1,21.7,EW,1.11,0,BALANCED_PHASE,34.6
17.416666666666668,-0.9884,-0.1521,1,15.3,52.8,15.4,85.8,2.0,6.4,5.7,18.4,0.4,4.3,11.8,9.5,8.4,24.099999999999998,4.7,21.3,38.5,EW,4.65,4,W_EXCLUSIVE_GREEN,45.0
6.45,0.9931,-0.1175,0,23.5,22.6,28.7,24.1,0.5,2.4,1.6,2.3,3.1,6.5,0.5,3.1,2.9,3.9,9.6,3.6,17.6,EW,1.72,3,E_EXCLUSIVE_GREEN,31.1
15.283333333333333,-0.7576,-0.6528,0,33.1,24.1,138.4,20.4,1.6,2.6,3.6,4.4,9.2,20.7,3.6,1.4,4.2,8.0,29.9,5.0,35.4,EW,6.01,3,E_EXCLUSIVE_GREEN,45.0
10.583333333333334,0.3624,-0.932,0,22.1,37.4,36.5,29.8,0.8,0.3,2.5,4.0,5.0,1.1,1.5,7.0,1.1,6.5,6.1,8.5,16.6,EW,1.26,0,BALANCED_PHASE,30.2
18.9,-0.9724,0.2334,1,13.7,63.5,19.8,56.4,0.0,5.1,14.2,3.3,0.4,1.9,4.9,6.5,5.1,17.5,2.3,11.4,38.2,NS,3.62,2,S_EXCLUSIVE_GREEN,45.0
15.833333333333334,-0.8434,-0.5373,0,94.7,18.5,17.2,21.4,11.5,20.1,2.4,1.0,0.5,4.9,0.3,0.3,31.6,3.4,5.4,0.6,33.6,NS,6.65,1,N_EXCLUSIVE_GREEN,45.0
1.1,0.284,0.9588,0,26.3,22.0,21.6,32.4,3.7,3.3,4.4,2.0,0.9,3.4,2.1,6.4,7.0,6.4,4.3,8.5,9.7,EW,1.64,4,W_EXCLUSIVE_GREEN,28.8
14.016666666666667,-0.5038,-0.8638,0,32.3,86.8,25.3,23.7,3.5,3.6,15.3,12.3,3.6,3.3,1.3,2.9,7.1,27.6,6.9,4.2,55.4,NS,3.2,2,S_EXCLUSIVE_GREEN,45.0
14.483333333333333,-0.6053,-0.796,0,17.3,31.2,27.7,59.7,0.3,1.0,1.9,4.1,5.6,2.8,3.4,4.8,1.3,6.0,8.399999999999999,8.2,13.4,EW,1.43,3,E_EXCLUSIVE_GREEN,33.9
6.733333333333333,0.9816,-0.1908,0,27.9,26.0,21.2,24.5,11.3,9.9,5.3,2.2,1.6,6.8,1.7,5.3,21.200000000000003,7.5,8.4,7.0,32.7,NS,2.03,1,N_EXCLUSIVE_GREEN,45.0
20.316666666666666,-0.8216,0.57,0,24.5,17.4,121.6,22.8,0.6,3.1,0.9,5.4,15.0,23.0,2.6,2.9,3.7,6.300000000000001,38.0,5.5,57.8,EW,5.9,3,E_EXCLUSIVE_GREEN,45.0
2.6833333333333336,0.6461,0.7632,0,107.9,17.7,30.3,19.7,10.9,16.4,0.8,2.2,2.9,2.8,0.8,0.7,27.299999999999997,3.0,5.699999999999999,1.5,39.4,NS,6.94,1,N_EXCLUSIVE_GREEN,45.0
11.7,0.0785,-0.9969,0,21.1,22.9,32.6,24.3,1.9,5.1,1.2,4.1,1.5,1.1,1.2,3.2,7.0,5.3,2.6,4.4,12.8,EW,1.37,0,BALANCED_PHASE,20.9
5.05,0.9692,0.2462,0,24.5,29.7,57.0,17.6,6.1,2.2,0.8,4.9,6.1,7.8,2.2,1.5,8.3,5.7,13.899999999999999,3.7,29.1,EW,3.27,3,E_EXCLUSIVE_GREEN,45.0
23.733333333333334,-0.0698,0.9976,0,31.2,38.9,24.2,25.0,5.0,5.2,2.9,5.7,2.2,8.0,5.0,2.1,10.2,8.6,10.2,7.1,15.0,NS,1.17,0,BALANCED_PHASE,33.9
13.683333333333334,-0.4266,-0.9045,0,73.9,23.1,17.8,19.3,7.3,12.5,0.8,7.8,1.1,0.8,4.8,2.4,19.8,8.6,1.9000000000000001,7.199999999999999,31.7,NS,2.52,1,N_EXCLUSIVE_GREEN,45.0
0.21666666666666667,0.0567,0.9984,0,23.5,38.8,21.2,22.6,4.8,2.1,2.9,4.2,4.2,1.3,3.3,1.9,6.9,7.1,5.5,5.199999999999999,9.0,NS,1.23,0,BALANCED_PHASE,27.1
4.616666666666667,0.9351,0.3543,0,22.8,23.9,17.8,87.2,2.0,5.2,0.8,4.2,8.9,5.5,8.7,14.6,7.2,5.0,14.4,23.299999999999997,46.6,EW,2.21,4,W_EXCLUSIVE_GREEN,45.0
0.0,0.0,1.0,0,32.8,21.8,36.5,28.5,3.9,4.4,2.6,1.5,3.9,6.8,2.3,6.4,8.3,4.1,10.7,8.7,14.2,EW,1.21,0,BALANCED_PHASE,34.4
3.9166666666666665,0.8549,0.5188,0,23.1,23.9,27.1,33.3,1.3,1.7,3.2,3.0,3.3,9.5,6.1,6.0,3.0,6.2,12.8,12.1,14.8,EW,1.08,0,BALANCED_PHASE,38.1
4.5,0.9239,0.3827,0,33.1,29.8,17.5,59.3,5.3,5.2,2.6,2.8,1.2,5.6,10.7,7.2,10.5,5.4,6.8,17.9,30.3,EW,2.76,4,W_EXCLUSIVE_GREEN,45.0
2.7666666666666666,0.6626,0.749,0,38.6,21.7,38.0,34.2,0.6,5.8,1.1,1.3,5.6,3.3,1.4,7.1,6.3999999999999995,2.4000000000000004,8.899999999999999,8.5,13.9,EW,1.04,0,BALANCED_PHASE,31.0
3.3333333333333335,0.766,0.6428,0,27.7,19.5,117.0,22.8,3.0,5.9,2.1,4.7,10.3,23.4,6.1,11.4,8.9,6.800000000000001,33.7,17.5,58.5,EW,2.53,3,E_EXCLUSIVE_GREEN,45.0
4.4,0.9135,0.4067,0,24.3,20.3,24.7,29.0,0.3,8.8,1.5,3.7,2.2,7.8,0.3,2.2,9.100000000000001,5.2,10.0,2.5,19.3,EW,1.99,3,E_EXCLUSIVE_GREEN,32.1
4.683333333333334,0.9412,0.3379,0,22.7,29.1,25.5,27.6,5.9,2.7,4.8,7.3,0.3,5.0,3.0,7.9,8.600000000000001,12.1,5.3,10.9,17.2,NS,1.31,0,BALANCED_PHASE,36.2
4.066666666666666,0.8746,0.4848,0,28.1,25.0,26.2,23.3,10.1,2.2,2.7,2.7,1.2,4.3,1.0,1.7,12.3,5.4,5.5,2.7,14.7,NS,1.64,1,N_EXCLUSIVE_GREEN,36.1
0.65,0.1693,0.9856,0,22.5,21.9,20.1,28.0,1.9,2.0,1.9,4.6,1.0,3.0,2.5,2.3,3.9,6.5,4.0,4.8,13.6,EW,1.22,0,BALANCED_PHASE,21.0
14.366666666666667,-0.5807,-0.8141,0,38.1,22.1,37.5,35.5,6.5,11.5,0.5,2.8,1.6,4.2,2.5,4.4,18.0,3.3,5.800000000000001,6.9,24.4,EW,1.08,0,BALANCED_PHASE,28.0
20.783333333333335,-0.7461,0.6659,0,23.9,20.5,27.8,87.5,1.9,1.3,4.3,0.9,3.8,5.7,13.0,12.5,3.2,5.2,9.5,25.5,43.5,EW,2.76,4,W_EXCLUSIVE_GREEN,45.0
19.716666666666665,-0.9007,0.4344,0,21.9,38.1,25.0,24.3,4.7,6.7,8.2,5.5,2.4,5.1,0.6,6.0,11.4,13.7,7.5,6.6,24.1,NS,1.31,0,BALANCED_PHASE,41.7
6.083333333333333,0.9998,-0.0218,0,38.6,37.1,37.0,22.5,3.7,8.5,2.1,1.9,2.2,9.1,1.6,3.8,12.2,4.0,11.3,5.4,20.4,NS,1.67,1,N_EXCLUSIVE_GREEN,38.4
4.8,0.9511,0.309,0,19.1,21.9,30.2,57.3,3.9,1.9,2.9,1.4,3.0,7.3,3.4,7.5,5.8,4.3,10.3,10.9,20.1,EW,1.33,4,W_EXCLUSIVE_GREEN,39.1
11.45,0.1435,-0.9897,0,19.7,57.1,23.0,18.4,1.9,1.8,4.9,10.5,0.8,4.8,6.1,2.6,3.7,15.4,5.6,8.7,23.8,NS,3.3,2,S_EXCLUSIVE_GREEN,45.0
7.283333333333333,0.9441,-0.3297,1,101.7,15.9,47.0,23.4,17.2,11.9,0.6,1.4,2.4,14.1,3.7,5.6,29.1,2.0,16.5,9.3,39.2,NS,8.72,1,N_EXCLUSIVE_GREEN,45.0
20.083333333333332,-0.8549,0.5188,0,31.9,20.6,124.8,18.5,2.5,6.0,3.7,1.7,20.7,18.5,2.6,2.8,8.5,5.4,39.2,5.4,81.6,EW,6.68,3,E_EXCLUSIVE_GREEN,45.0
22.016666666666666,-0.4962,0.8682,0,22.9,20.8,23.8,33.8,0.2,2.8,5.8,2.0,6.3,1.7,1.1,4.5,3.0,7.8,8.0,5.6,10.8,EW,1.36,0,BALANCED_PHASE,28.2
21.933333333333334,-0.515,0.8572,0,27.7,72.4,20.4,19.8,6.2,3.0,7.2,9.5,0.6,0.3,0.7,6.7,9.2,16.7,0.8999999999999999,7.4,23.8,NS,2.04,2,S_EXCLUSIVE_GREEN,45.0
23.416666666666668,-0.1521,0.9884,0,67.3,22.8,19.8,21.8,6.3,17.1,1.3,1.2,0.4,3.0,0.2,2.4,23.400000000000002,2.5,3.4,2.6,49.9,NS,4.88,1,N_EXCLUSIVE_GREEN,45.0
7.516666666666667,0.9222,-0.3867,1,56.7,13.0,53.3,14.0,6.8,2.3,2.3,0.8,5.3,9.6,2.4,4.7,9.1,3.0999999999999996,14.899999999999999,7.1,31.7,EW,2.46,3,E_EXCLUSIVE_GREEN,45.0
12.116666666666667,-0.0305,-0.9995,0,50.8,17.2,20.4,17.7,7.5,4.8,1.1,2.2,0.3,3.4,2.4,1.7,12.3,3.3000000000000003,3.6999999999999997,4.1,26.0,NS,3.1,1,N_EXCLUSIVE_GREEN,41.3
16.933333333333334,-0.9613,-0.2756,1,14.5,77.5,14.7,74.9,2.4,1.8,5.2,14.4,1.3,7.9,11.4,6.0,4.2,19.6,9.200000000000001,17.4,32.4,EW,2.56,4,W_EXCLUSIVE_GREEN,45.0
0.38333333333333336,0.1002,0.995,0,21.3,20.3,34.9,28.7,5.3,1.3,0.7,3.2,8.0,6.1,4.6,7.7,6.6,3.9000000000000004,14.1,12.3,15.5,EW,1.14,0,BALANCED_PHASE,41.0
4.4,0.9135,0.4067,0,21.9,20.0,25.3,37.8,2.6,2.6,2.9,3.7,0.7,3.4,1.8,6.3,5.2,6.6,4.1,8.1,8.2,EW,1.62,4,W_EXCLUSIVE_GREEN,28.8
18.433333333333334,-0.9936,0.1132,1,15.3,122.7,12.6,61.7,0.9,5.7,12.5,14.0,3.1,1.6,2.9,8.1,6.6000000000000005,26.5,4.7,11.0,58.2,NS,5.02,2,S_EXCLUSIVE_GREEN,45.0
11.566666666666666,0.1132,-0.9936,0,37.7,27.9,39.0,35.3,3.3,7.8,2.4,3.7,1.9,4.7,4.0,5.7,11.1,6.1,6.6,9.7,16.5,EW,1.24,0,BALANCED_PHASE,33.1
15.816666666666666,-0.841,-0.541,0,121.2,19.5,21.3,24.8,11.1,28.1,2.5,4.4,0.7,2.4,2.0,2.7,39.2,6.9,3.0999999999999996,4.7,63.4,NS,5.61,1,N_EXCLUSIVE_GREEN,45.0
0.26666666666666666,0.0698,0.9976,0,139.1,17.6,30.9,21.3,22.2,23.5,0.6,1.1,5.4,7.1,2.7,4.1,45.7,1.7000000000000002,12.5,6.8,98.4,NS,12.85,1,N_EXCLUSIVE_GREEN,45.0
12.533333333333333,-0.1392,-0.9903,0,17.7,18.0,17.9,53.6,1.7,3.0,2.6,0.9,1.5,1.0,8.9,8.8,4.7,3.5,2.5,17.700000000000003,37.8,EW,4.32,4,W_EXCLUSIVE_GREEN,45.0
13.733333333333333,-0.4384,-0.8988,0,32.5,35.0,23.2,38.4,1.8,5.8,7.5,6.0,3.6,2.3,2.3,12.9,7.6,13.5,5.9,15.2,18.2,NS,1.4,2,S_EXCLUSIVE_GREEN,40.1
20.566666666666666,-0.7826,0.6225,0,22.9,23.9,39.5,37.8,2.8,1.6,1.7,5.3,4.1,8.3,1.1,5.4,4.4,7.0,12.4,6.5,18.0,EW,1.4,0,BALANCED_PHASE,38.7
4.283333333333333,0.9007,0.4344,0,56.3,20.6,22.5,27.2,4.1,9.5,1.4,2.2,0.4,3.0,3.3,3.7,13.6,3.6,3.4,7.0,28.4,NS,3.03,1,N_EXCLUSIVE_GREEN,45.0
16.966666666666665,-0.9636,-0.2672,1,16.3,110.9,15.9,66.7,2.0,0.4,13.6,15.5,1.4,2.4,12.9,11.3,2.4,29.1,3.8,24.200000000000003,47.5,NS,8.32,2,S_EXCLUSIVE_GREEN,45.0
6.85,0.9753,-0.2207,0,21.9,30.7,64.6,20.8,0.6,2.7,2.0,3.7,7.3,13.0,4.6,3.9,3.3000000000000003,5.7,20.3,8.5,34.9,EW,2.52,3,E_EXCLUSIVE_GREEN,45.0
12.616666666666667,-0.1607,-0.987,0,28.4,21.0,30.9,39.6,2.7,3.6,1.0,4.2,2.0,7.5,3.2,10.0,6.300000000000001,5.2,9.5,13.2,16.2,EW,1.31,0,BALANCED_PHASE,40.2
20.716666666666665,-0.7576,0.6528,0,36.0,24.1,23.9,29.3,1.8,3.9,6.6,3.3,2.4,7.0,4.0,4.8,5.7,9.899999999999999,9.4,8.8,16.0,NS,1.55,1,N_EXCLUSIVE_GREEN,32.9
9.733333333333333,0.5592,-0.829,0,21.3,32.4,31.6,35.5,5.3,1.4,2.5,7.1,1.4,4.9,1.1,2.7,6.699999999999999,9.6,6.300000000000001,3.8000000000000003,10.2,EW,1.26,0,BALANCED_PHASE,25.0
7.05,0.9625,-0.2714,1,79.4,12.8,84.3,24.3,3.9,7.2,0.2,2.3,5.8,24.4,3.3,3.9,11.1,2.5,30.2,7.199999999999999,35.6,EW,3.75,3,E_EXCLUSIVE_GREEN,45.0
7.083333333333333,0.96,-0.2798,1,52.2,18.4,76.9,17.2,8.6,12.1,3.0,0.4,5.3,16.0,0.8,3.0,20.7,3.4,21.3,3.8,32.5,EW,4.74,3,E_EXCLUSIVE_GREEN,45.0
13.116666666666667,-0.2882,-0.9576,0,23.7,38.6,32.7,24.7,1.6,6.4,1.7,13.2,8.9,3.9,3.0,0.8,8.0,14.899999999999999,12.8,3.8,29.0,NS,1.71,2,S_EXCLUSIVE_GREEN,44.6
19.05,-0.9625,0.2714,1,21.8,91.9,12.5,56.9,3.1,5.1,14.0,9.4,0.1,1.5,7.4,12.2,8.2,23.4,1.6,19.6,26.0,NS,3.2,2,S_EXCLUSIVE_GREEN,45.0
9.7,0.5664,-0.8241,0,25.8,23.6,31.3,25.5,1.0,3.5,5.1,2.3,2.0,7.6,0.7,5.3,4.5,7.3999999999999995,9.6,6.0,14.4,EW,1.37,0,BALANCED_PHASE,31.3
23.183333333333334,-0.2122,0.9772,0,19.9,147.3,26.4,29.4,0.2,2.7,18.2,25.4,2.8,2.4,5.4,3.2,2.9000000000000004,43.599999999999994,5.199999999999999,8.600000000000001,82.3,NS,9.89,2,S_EXCLUSIVE_GREEN,45.0
22.0,-0.5,0.866,0,22.4,31.2,79.8,20.0,1.8,3.0,2.0,1.6,10.8,11.4,1.1,1.5,4.8,3.6,22.200000000000003,2.6,40.4,EW,5.38,3,E_EXCLUSIVE_GREEN,45.0
16.55,-0.9288,-0.3706,1,13.3,65.5,14.3,48.7,0.4,1.3,3.8,8.9,0.7,1.2,4.7,5.4,1.7000000000000002,12.7,1.9,10.100000000000001,25.2,NS,5.31,2,S_EXCLUSIVE_GREEN,44.7
23.266666666666666,-0.1908,0.9816,0,21.4,91.2,25.8,29.8,0.6,2.7,10.0,17.4,1.2,5.0,8.4,2.5,3.3000000000000003,27.4,6.2,10.9,46.7,NS,5.64,2,S_EXCLUSIVE_GREEN,45.0
23.816666666666666,-0.048,0.9988,0,35.1,21.6,38.9,36.3,4.3,14.6,3.0,2.0,2.3,8.3,6.6,3.2,18.9,5.0,10.600000000000001,9.8,31.8,EW,1.05,0,BALANCED_PHASE,36.4
23.933333333333334,-0.0175,0.9998,0,54.3,18.7,31.0,27.9,5.2,9.4,1.9,3.2,2.4,13.2,2.4,6.2,14.600000000000001,5.1,15.6,8.6,22.4,NS,2.72,1,N_EXCLUSIVE_GREEN,45.0
10.85,0.2965,-0.955,0,30.3,40.0,37.6,24.6,1.7,8.6,3.4,7.4,2.9,3.5,7.6,8.3,10.299999999999999,10.8,6.4,15.9,26.6,NS,1.11,0,BALANCED_PHASE,36.5
16.066666666666666,-0.8746,-0.4848,0,59.7,22.7,21.4,18.0,8.4,10.7,1.2,6.2,2.8,1.9,2.5,1.0,19.1,7.4,4.699999999999999,3.5,25.8,NS,2.5,1,N_EXCLUSIVE_GREEN,45.0
15.483333333333333,-0.7907,-0.6122,0,39.2,27.2,22.6,21.5,1.8,12.0,1.6,7.5,5.3,3.7,1.7,1.8,13.8,9.1,9.0,3.5,16.7,NS,1.44,1,N_EXCLUSIVE_GREEN,41.3
1.5166666666666666,0.3867,0.9222,0,36.6,32.2,27.4,21.0,6.4,10.1,1.3,4.3,4.1,5.4,0.9,9.5,16.5,5.6,9.5,10.4,35.6,NS,1.9,1,N_EXCLUSIVE_GREEN,45.0
5.383333333333334,0.987,0.1607,0,54.0,19.0,20.1,21.6,4.9,10.0,1.1,2.0,1.7,4.8,1.9,2.8,14.9,3.1,6.5,4.699999999999999,24.1,NS,3.47,1,N_EXCLUSIVE_GREEN,45.0
18.716666666666665,-0.9825,0.1865,1,22.5,103.3,16.0,59.5,4.5,2.0,14.9,14.5,1.0,0.6,3.8,13.4,6.5,29.4,1.6,17.2,45.4,NS,4.35,2,S_EXCLUSIVE_GREEN,45.0
23.116666666666667,-0.2292,0.9734,0,60.2,29.3,18.1,29.1,2.9,8.5,1.7,3.3,4.2,3.8,4.6,3.1,11.4,5.0,8.0,7.699999999999999,20.8,NS,2.06,1,N_EXCLUSIVE_GREEN,40.7
1.9,0.4772,0.8788,0,21.6,28.4,20.2,32.9,2.7,4.7,2.4,4.5,0.4,3.1,3.0,10.6,7.4,6.9,3.5,13.6,14.2,EW,2.51,4,W_EXCLUSIVE_GREEN,39.5
7.033333333333333,0.9636,-0.2672,1,53.2,20.3,55.3,16.7,8.0,9.5,0.1,1.7,9.0,4.8,1.0,0.7,17.5,1.8,13.8,1.7,26.1,NS,4.43,1,N_EXCLUSIVE_GREEN,45.0
15.383333333333333,-0.7744,-0.6327,0,20.6,51.6,22.2,19.1,1.7,0.8,3.2,13.3,1.3,10.9,5.2,1.8,2.5,16.5,12.200000000000001,7.0,20.6,NS,3.77,2,S_EXCLUSIVE_GREEN,45.0
5.983333333333333,1.0,0.0044,0,28.9,21.5,32.9,22.1,5.1,2.6,3.8,2.5,1.6,3.7,2.9,3.7,7.699999999999999,6.3,5.300000000000001,6.6,11.9,EW,1.29,0,BALANCED_PHASE,25.3
1.5833333333333335,0.4027,0.9153,0,22.9,20.9,29.9,27.7,1.7,5.3,1.0,4.8,2.7,9.7,7.0,1.7,7.0,5.8,12.399999999999999,8.7,26.5,EW,1.25,0,BALANCED_PHASE,37.8
22.783333333333335,-0.3132,0.9497,0,39.1,23.4,28.4,23.3,2.2,4.5,1.9,1.0,1.3,8.0,2.7,2.4,6.7,2.9,9.3,5.1,15.4,NS,1.8,1,N_EXCLUSIVE_GREEN,27.0
7.333333333333333,0.9397,-0.342,1,103.3,25.9,51.9,24.2,24.4,20.0,6.8,3.9,3.8,7.4,0.6,5.9,44.4,10.7,11.2,6.5,86.2,NS,3.97,1,N_EXCLUSIVE_GREEN,45.0
7.433333333333334,0.9304,-0.3665,1,122.8,13.2,49.3,14.6,14.0,14.4,0.0,4.2,10.0,5.7,0.0,0.5,28.4,4.2,15.7,0.5,57.3,NS,7.22,1,N_EXCLUSIVE_GREEN,45.0
23.333333333333332,-0.1736,0.9848,0,90.8,20.3,17.6,21.7,5.1,11.9,0.8,8.5,2.8,0.6,1.6,3.6,17.0,9.3,3.4,5.2,24.0,NS,2.54,1,N_EXCLUSIVE_GREEN,45.0
18.383333333333333,-0.995,0.1002,1,17.0,82.6,12.0,92.9,0.2,3.6,8.6,11.8,2.1,1.8,13.2,13.0,3.8000000000000003,20.4,3.9000000000000004,26.2,49.1,EW,6.58,4,W_EXCLUSIVE_GREEN,45.0
3.533333333333333,0.7986,0.6018,0,26.9,35.3,36.2,23.2,0.4,4.1,1.5,7.9,2.5,5.1,1.5,5.9,4.5,9.4,7.6,7.4,11.5,NS,1.59,2,S_EXCLUSIVE_GREEN,31.3
1.1833333333333333,0.3049,0.9524,0,146.7,24.0,18.0,18.0,18.3,21.9,0.6,12.9,2.2,0.4,1.8,5.3,40.2,13.5,2.6,7.1,65.1,NS,3.7,1,N_EXCLUSIVE_GREEN,45.0
12.066666666666666,-0.0175,-0.9998,0,39.6,22.4,31.8,22.0,4.6,6.1,2.0,1.4,3.2,4.5,1.1,7.5,10.7,3.4,7.7,8.6,12.7,NS,2.22,1,N_EXCLUSIVE_GREEN,34.8
9.816666666666666,0.541,-0.841,0,31.1,33.1,26.0,27.4,8.2,4.4,3.4,3.6,5.6,1.8,3.6,1.9,12.6,7.0,7.3999999999999995,5.5,15.1,NS,1.4,1,N_EXCLUSIVE_GREEN,37.7
10.083333333333334,0.481,-0.8767,0,20.1,27.5,35.5,32.9,1.9,0.6,1.8,2.3,5.1,3.7,5.9,2.7,2.5,4.1,8.8,8.600000000000001,11.4,EW,1.01,0,BALANCED_PHASE,30.1
0.38333333333333336,0.1002,0.995,0,20.3,28.1,65.8,30.6,2.3,10.8,0.7,3.6,4.9,11.8,0.8,6.6,13.100000000000001,4.3,16.700000000000003,7.3999999999999995,27.8,EW,2.13,3,E_EXCLUSIVE_GREEN,45.0
23.65,-0.0915,0.9958,0,27.2,26.9,85.0,29.3,5.8,2.0,3.9,3.0,15.9,22.7,8.2,2.9,7.8,6.9,38.6,11.1,66.7,EW,3.18,3,E_EXCLUSIVE_GREEN,45.0
18.516666666666666,-0.9909,0.1349,1,14.1,85.2,12.2,108.8,0.3,1.3,5.0,13.9,1.0,0.6,6.3,22.0,1.6,18.9,1.6,28.3,41.8,EW,11.04,4,W_EXCLUSIVE_GREEN,45.0
6.766666666666667,0.9799,-0.1994,0,31.7,21.0,39.4,30.1,2.8,6.1,7.8,1.9,2.4,6.5,4.1,5.1,8.899999999999999,9.7,8.9,9.2,10.4,EW,1.11,0,BALANCED_PHASE,31.5
7.15,0.955,-0.2965,1,78.6,20.2,82.2,21.3,20.3,7.8,0.6,3.6,8.9,15.9,1.8,1.4,28.1,4.2,24.8,3.2,35.8,EW,5.19,3,E_EXCLUSIVE_GREEN,45.0
0.9833333333333333,0.2546,0.967,0,32.1,39.8,21.3,30.9,4.7,5.2,2.3,5.8,0.8,1.9,0.7,6.0,9.9,8.1,2.7,6.7,21.5,NS,1.19,0,BALANCED_PHASE,34.1
7.566666666666666,0.9171,-0.3987,1,62.8,17.3,83.6,19.8,7.9,12.7,0.1,1.7,3.3,17.7,0.2,2.0,20.6,1.8,21.0,2.2,43.4,EW,5.66,3,E_EXCLUSIVE_GREEN,45.0
11.666666666666666,0.0872,-0.9962,0,25.4,20.4,36.3,27.4,1.3,7.4,2.5,4.0,3.9,5.6,4.5,4.9,8.700000000000001,6.5,9.5,9.4,14.7,EW,1.09,0,BALANCED_PHASE,32.0
0.35,0.0915,0.9958,0,18.3,30.8,32.4,67.8,0.4,0.5,0.8,4.3,3.7,11.2,7.3,6.6,0.9,5.1,14.899999999999999,13.899999999999999,26.5,EW,1.36,3,E_EXCLUSIVE_GREEN,45.0
23.766666666666666,-0.061,0.9981,0,21.2,131.5,31.4,17.4,1.6,5.7,11.1,38.3,1.2,7.7,0.3,1.2,7.300000000000001,49.4,8.9,1.5,58.5,NS,6.29,2,S_EXCLUSIVE_GREEN,45.0
16.25,-0.8969,-0.4423,0,36.3,26.3,23.9,35.9,5.5,4.5,2.0,3.7,1.4,2.1,3.9,1.8,10.0,5.7,3.5,5.7,18.5,NS,1.51,1,N_EXCLUSIVE_GREEN,33.4
1.15,0.2965,0.955,0,33.2,35.8,25.9,33.4,3.4,3.1,14.4,6.8,0.2,3.3,2.4,4.7,6.5,21.2,3.5,7.1,36.1,NS,2.08,2,S_EXCLUSIVE_GREEN,45.0
2.033333333333333,0.5075,0.8616,0,22.5,22.1,21.9,25.8,1.6,2.7,1.9,14.4,3.0,1.4,1.9,7.3,4.300000000000001,16.3,4.4,9.2,23.9,NS,2.25,1,N_EXCLUSIVE_GREEN,44.0
16.433333333333334,-0.9171,-0.3987,0,23.1,24.7,26.9,34.0,1.2,5.6,1.6,3.4,3.2,7.9,10.5,4.0,6.8,5.0,11.100000000000001,14.5,26.7,EW,1.25,0,BALANCED_PHASE,42.8
11.483333333333333,0.1349,-0.9909,0,30.1,21.8,26.9,34.1,3.4,3.5,0.8,4.1,4.3,2.5,7.3,5.8,6.9,4.8999999999999995,6.8,13.1,16.8,EW,1.57,4,W_EXCLUSIVE_GREEN,39.0
2.6166666666666667,0.6327,0.7744,0,31.1,113.6,18.6,23.9,3.3,9.5,18.7,17.0,2.7,3.3,0.2,1.6,12.8,35.7,6.0,1.8,71.6,NS,2.99,2,S_EXCLUSIVE_GREEN,45.0
20.866666666666667,-0.7314,0.682,0,60.0,24.5,18.7,31.0,9.5,10.8,1.5,8.5,1.5,2.8,7.5,7.4,20.3,10.0,4.3,14.9,25.7,NS,2.1,1,N_EXCLUSIVE_GREEN,45.0
13.7,-0.4305,-0.9026,0,21.9,35.6,24.7,21.2,2.0,7.3,2.0,6.0,17.3,4.1,2.2,1.1,9.3,8.0,21.4,3.3000000000000003,37.9,NS,1.28,0,BALANCED_PHASE,33.8
7.3,0.9426,-0.3338,1,64.5,16.7,96.2,13.6,3.6,9.6,1.0,1.0,11.2,9.9,2.2,3.4,13.2,2.0,21.1,5.6,39.6,EW,4.58,3,E_EXCLUSIVE_GREEN,45.0
8.9,0.7254,-0.6884,1,87.7,23.6,58.1,14.4,4.4,11.9,7.2,3.2,8.6,12.1,0.5,0.6,16.3,10.4,20.7,1.1,41.3,NS,2.17,1,N_EXCLUSIVE_GREEN,45.0
10.983333333333333,0.263,-0.9648,0,33.6,25.6,29.2,26.6,5.5,5.9,0.7,8.9,4.0,6.0,0.8,2.0,11.4,9.6,10.0,2.8,23.8,NS,1.19,0,BALANCED_PHASE,36.2
22.883333333333333,-0.2882,0.9576,0,22.3,30.0,33.9,31.3,3.4,0.6,2.4,3.4,4.2,8.8,4.5,7.0,4.0,5.8,13.0,11.5,20.8,EW,1.08,0,BALANCED_PHASE,39.2
10.466666666666667,0.3907,-0.9205,0,85.8,27.5,21.8,18.1,12.1,14.7,6.1,7.7,1.9,2.1,2.9,4.5,26.799999999999997,13.8,4.0,7.4,44.9,NS,2.22,1,N_EXCLUSIVE_GREEN,45.0
6.133333333333334,0.9994,-0.0349,0,21.1,20.1,20.3,23.3,2.5,3.8,0.4,5.6,1.6,3.4,3.7,9.5,6.3,6.0,5.0,13.2,16.7,EW,1.87,4,W_EXCLUSIVE_GREEN,37.3
18.1,-0.9997,0.0262,1,13.8,112.6,18.6,66.5,0.7,2.1,10.1,18.6,2.5,1.9,6.4,13.9,2.8,28.700000000000003,4.4,20.3,48.4,NS,8.45,2,S_EXCLUSIVE_GREEN,45.0
4.1,0.8788,0.4772,0,25.3,25.2,24.2,94.8,4.5,7.7,0.6,2.1,3.3,0.8,16.4,24.6,12.2,2.7,4.1,41.0,70.5,EW,6.35,4,W_EXCLUSIVE_GREEN,45.0
10.433333333333334,0.3987,-0.9171,0,22.5,20.1,79.4,22.3,6.0,2.0,1.4,3.9,15.1,11.3,3.1,9.4,8.0,5.3,26.4,12.5,32.9,EW,2.42,3,E_EXCLUSIVE_GREEN,45.0
6.466666666666667,0.9925,-0.1219,0,20.1,33.2,71.5,24.2,2.0,4.1,5.3,4.9,6.6,5.9,1.8,1.8,6.1,10.2,12.5,3.6,20.7,EW,3.0,3,E_EXCLUSIVE_GREEN,44.9
3.0833333333333335,0.7224,0.6915,0,19.0,19.5,59.0,22.7,7.5,2.2,0.5,3.8,12.7,5.6,2.2,5.1,9.7,4.3,18.299999999999997,7.3,30.9,EW,2.44,3,E_EXCLUSIVE_GREEN,45.0
22.733333333333334,-0.3256,0.9455,0,25.7,30.6,36.4,21.1,6.8,3.1,8.7,2.9,2.8,9.1,4.2,5.8,9.9,11.6,11.899999999999999,10.0,25.6,EW,1.3,0,BALANCED_PHASE,37.9
6.883333333333333,0.9734,-0.2292,0,34.8,22.7,24.5,22.0,3.8,3.7,1.0,3.2,3.6,5.0,2.9,3.4,7.5,4.2,8.6,6.3,15.8,NS,1.57,1,N_EXCLUSIVE_GREEN,27.8
4.083333333333333,0.8767,0.481,0,24.0,32.0,22.1,35.4,1.8,2.4,2.9,12.1,7.9,1.8,1.2,6.0,4.2,15.0,9.700000000000001,7.2,20.8,NS,2.25,2,S_EXCLUSIVE_GREEN,42.8
11.416666666666666,0.1521,-0.9884,0,32.2,23.0,23.0,31.3,4.0,7.2,0.9,5.1,8.9,5.6,5.2,0.9,11.2,6.0,14.5,6.1000000000000005,21.9,EW,1.85,3,E_EXCLUSIVE_GREEN,41.8
21.316666666666666,-0.6461,0.7632,0,17.4,123.4,27.9,25.2,2.5,0.7,18.3,14.7,3.2,1.8,2.0,7.9,3.2,33.0,5.0,9.9,40.8,NS,8.04,2,S_EXCLUSIVE_GREEN,45.0
0.4166666666666667,0.1089,0.9941,0,28.7,26.9,29.6,20.7,5.8,4.9,2.3,4.0,2.6,2.4,3.3,0.4,10.7,6.3,5.0,3.6999999999999997,12.5,NS,1.35,0,BALANCED_PHASE,32.8
17.783333333333335,-0.9984,-0.0567,1,20.1,113.7,12.7,78.6,4.4,2.7,7.4,18.9,1.2,2.0,19.9,13.7,7.1000000000000005,26.299999999999997,3.2,33.599999999999994,36.6,NS,4.22,2,S_EXCLUSIVE_GREEN,45.0
17.25,-0.9808,-0.1951,1,18.9,108.3,15.2,97.0,0.7,4.8,14.3,17.0,1.9,4.1,17.7,10.6,5.5,31.3,6.0,28.299999999999997,62.8,NS,5.42,2,S_EXCLUSIVE_GREEN,45.0
3.4833333333333334,0.7907,0.6122,0,23.0,61.6,17.3,29.1,2.2,5.4,2.7,4.7,1.4,3.9,2.7,1.5,7.6000000000000005,7.4,5.3,4.2,8.4,NS,1.59,1,N_EXCLUSIVE_GREEN,32.1
3.0,0.7071,0.7071,0,19.1,91.0,20.4,24.9,2.9,6.4,10.7,9.9,2.6,1.2,2.5,10.6,9.3,20.6,3.8,13.1,24.2,NS,2.85,2,S_EXCLUSIVE_GREEN,45.0
4.2,0.891,0.454,0,24.5,28.5,27.3,22.2,1.7,2.3,1.3,3.1,3.7,1.1,2.7,3.0,4.0,4.4,4.800000000000001,5.7,11.8,NS,1.07,0,BALANCED_PHASE,20.1
11.716666666666667,0.0741,-0.9973,0,20.1,28.2,38.2,30.6,0.9,2.1,1.5,1.2,1.9,6.6,2.4,6.2,3.0,2.7,8.5,8.6,10.2,EW,1.07,0,BALANCED_PHASE,30.1
20.083333333333332,-0.8549,0.5188,0,26.4,28.7,27.0,33.4,2.7,5.1,1.7,5.0,4.6,1.6,7.5,3.0,7.8,6.7,6.199999999999999,10.5,21.4,EW,1.42,4,W_EXCLUSIVE_GREEN,34.2
8.966666666666667,0.7133,-0.7009,1,124.8,26.5,86.8,25.8,16.9,17.3,4.7,0.4,8.6,15.7,1.6,7.5,34.2,5.1000000000000005,24.299999999999997,9.1,45.2,NS,5.43,1,N_EXCLUSIVE_GREEN,45.0
2.0166666666666666,0.5038,0.8638,0,21.5,39.5,33.9,24.8,5.8,7.0,1.7,10.3,4.4,3.1,7.2,3.1,12.8,12.0,7.5,10.3,18.3,NS,1.23,0,BALANCED_PHASE,39.5
6.95,0.9692,-0.2462,0,26.8,29.4,25.8,32.3,1.2,3.1,4.0,1.1,4.6,5.3,0.4,8.9,4.3,5.1,9.899999999999999,9.3,21.7,EW,1.09,0,BALANCED_PHASE,32.8
4.083333333333333,0.8767,0.481,0,24.9,29.3,32.0,25.4,3.9,10.9,3.4,7.5,1.4,8.0,1.8,6.8,14.8,10.9,9.4,8.6,27.0,NS,1.26,0,BALANCED_PHASE,42.6
10.116666666666667,0.4733,-0.8809,0,19.4,27.9,21.0,69.4,5.8,6.1,4.5,4.0,1.1,2.5,8.9,6.2,11.899999999999999,8.5,3.6,15.100000000000001,26.8,EW,3.49,4,W_EXCLUSIVE_GREEN,45.0
1.1666666666666667,0.3007,0.9537,0,35.4,21.5,24.0,23.4,2.0,5.7,3.3,3.9,7.1,1.6,0.7,0.5,7.7,7.199999999999999,8.7,1.2,13.0,NS,1.23,0,BALANCED_PHASE,28.1
13.866666666666667,-0.4695,-0.8829,0,26.4,37.6,26.5,20.4,6.1,3.2,1.0,6.2,2.1,6.4,1.0,4.6,9.3,7.2,8.5,5.6,15.3,NS,1.29,0,BALANCED_PHASE,31.9
15.016666666666667,-0.7102,-0.704,0,22.1,18.3,31.8,81.1,2.5,3.7,2.6,1.1,0.9,8.6,11.3,13.0,6.2,3.7,9.5,24.3,32.4,EW,2.48,4,W_EXCLUSIVE_GREEN,45.0
5.366666666666666,0.9863,0.165,0,26.8,63.6,21.3,28.8,2.1,2.0,12.0,6.1,1.7,4.0,1.2,8.6,4.1,18.1,5.7,9.799999999999999,33.8,NS,3.1,2,S_EXCLUSIVE_GREEN,45.0
8.283333333333333,0.8266,-0.5628,1,100.4,20.8,55.8,21.4,10.7,14.7,2.1,3.7,9.2,11.0,6.0,0.8,25.4,5.800000000000001,20.2,6.8,41.1,NS,4.35,1,N_EXCLUSIVE_GREEN,45.0
14.933333333333334,-0.6947,-0.7193,0,28.7,57.4,29.3,22.9,1.7,0.8,5.3,15.8,3.8,5.2,4.6,4.4,2.5,21.1,9.0,9.0,32.9,NS,3.72,2,S_EXCLUSIVE_GREEN,45.0
20.3,-0.8241,0.5664,0,20.2,25.7,20.6,22.1,3.1,1.0,1.0,5.5,3.3,0.5,1.9,1.1,4.1,6.5,3.8,3.0,8.2,NS,1.35,0,BALANCED_PHASE,23.5
17.5,-0.9914,-0.1305,1,16.1,56.9,23.0,88.2,0.4,5.4,5.4,5.6,4.0,1.1,5.3,25.1,5.800000000000001,11.0,5.1,30.400000000000002,54.6,EW,4.71,4,W_EXCLUSIVE_GREEN,45.0
1.0833333333333333,0.2798,0.96,0,17.5,68.9,31.4,22.7,4.6,0.5,6.1,14.2,2.1,8.1,0.9,2.6,5.1,20.299999999999997,10.2,3.5,23.8,NS,3.74,2,S_EXCLUSIVE_GREEN,45.0
13.2,-0.309,-0.9511,0,31.7,33.2,29.5,37.2,8.4,2.1,7.9,18.9,0.9,2.1,5.3,1.6,10.5,26.799999999999997,3.0,6.9,29.2,NS,1.93,2,S_EXCLUSIVE_GREEN,45.0
16.25,-0.8969,-0.4423,0,25.4,25.4,28.9,28.1,1.4,6.2,5.3,5.5,1.9,2.7,2.4,6.6,7.6,10.8,4.6,9.0,14.9,EW,1.38,0,BALANCED_PHASE,29.7
17.833333333333332,-0.999,-0.0436,1,25.4,75.7,20.5,47.7,6.6,1.6,5.8,12.3,5.5,1.0,6.1,9.0,8.2,18.1,6.5,15.1,29.4,NS,2.41,2,S_EXCLUSIVE_GREEN,45.0
0.4,0.1045,0.9945,0,20.3,20.8,29.4,22.5,1.5,3.6,0.6,2.0,1.2,4.7,6.3,8.8,5.1,2.6,5.9,15.100000000000001,31.6,EW,1.93,3,E_EXCLUSIVE_GREEN,43.7
11.5,0.1305,-0.9914,0,26.5,23.3,20.9,24.4,5.5,6.6,1.4,5.6,6.9,1.2,4.4,3.5,12.1,7.0,8.1,7.9,26.6,NS,1.43,1,N_EXCLUSIVE_GREEN,36.6
15.366666666666667,-0.7716,-0.6361,0,34.9,23.0,35.1,21.8,5.1,5.8,2.6,1.6,3.9,3.0,3.1,4.7,10.899999999999999,4.2,6.9,7.800000000000001,18.1,NS,1.92,1,N_EXCLUSIVE_GREEN,34.9
16.333333333333332,-0.9063,-0.4226,0,17.2,89.0,25.2,29.6,3.8,5.9,9.2,26.1,4.6,8.5,1.1,3.6,9.7,35.3,13.1,4.7,74.7,NS,3.89,2,S_EXCLUSIVE_GREEN,45.0
0.3333333333333333,0.0872,0.9962,0,39.1,20.8,25.2,22.5,2.4,3.9,7.2,2.1,3.9,10.1,1.7,2.1,6.3,9.3,14.0,3.8,30.1,NS,1.56,1,N_EXCLUSIVE_GREEN,33.6
0.95,0.2462,0.9692,0,30.1,22.7,26.1,32.8,3.7,4.8,1.8,2.7,2.0,9.5,2.9,10.7,8.5,4.5,11.5,13.6,28.3,EW,1.17,0,BALANCED_PHASE,40.9
8.05,0.8594,-0.5113,1,105.0,14.1,58.0,14.0,10.1,17.2,1.4,2.2,5.1,5.5,0.4,4.8,27.299999999999997,3.6,10.6,5.2,39.8,NS,6.99,1,N_EXCLUSIVE_GREEN,45.0
15.55,-0.8013,-0.5983,0,24.6,101.6,18.2,20.3,1.0,2.1,5.3,17.7,2.3,2.3,0.4,1.9,3.1,23.0,4.6,2.3,46.9,NS,5.09,2,S_EXCLUSIVE_GREEN,45.0
5.1,0.9724,0.2334,0,19.3,63.5,23.3,22.5,1.3,2.5,4.6,5.9,1.1,1.9,2.4,2.5,3.8,10.5,3.0,4.9,12.1,NS,2.84,2,S_EXCLUSIVE_GREEN,38.6
8.566666666666666,0.7826,-0.6225,1,103.2,12.1,87.4,13.2,11.2,16.4,1.7,7.0,6.5,17.4,2.1,2.1,27.599999999999998,8.7,23.9,4.2,37.4,NS,4.15,1,N_EXCLUSIVE_GREEN,45.0
23.05,-0.2462,0.9692,0,34.2,27.1,22.3,29.8,3.3,1.7,10.0,2.6,3.6,3.7,5.0,6.7,5.0,12.6,7.300000000000001,11.7,15.3,NS,1.78,1,N_EXCLUSIVE_GREEN,37.9
7.6,0.9135,-0.4067,1,88.2,21.1,86.1,20.1,7.6,18.5,6.6,2.2,10.5,6.9,2.3,1.7,26.1,8.8,17.4,4.0,54.9,NS,3.23,1,N_EXCLUSIVE_GREEN,45.0
12.366666666666667,-0.0958,-0.9954,0,27.8,20.6,28.7,20.5,3.9,6.4,1.5,6.0,2.1,2.8,1.8,4.4,10.3,7.5,4.9,6.2,10.6,NS,1.31,0,BALANCED_PHASE,31.7
5.183333333333334,0.9772,0.2122,0,17.9,27.7,66.4,31.5,3.0,2.6,2.3,6.3,5.6,15.9,2.6,2.3,5.6,8.6,21.5,4.9,39.0,EW,2.97,3,E_EXCLUSIVE_GREEN,45.0
23.733333333333334,-0.0698,0.9976,0,100.9,20.9,27.5,24.4,5.8,13.4,2.8,2.9,1.3,3.0,3.2,3.5,19.2,5.699999999999999,4.3,6.7,33.9,NS,3.79,1,N_EXCLUSIVE_GREEN,45.0
22.733333333333334,-0.3256,0.9455,0,23.2,51.2,27.6,21.4,1.7,2.7,9.2,11.7,2.3,7.6,1.3,1.2,4.4,20.9,9.899999999999999,2.5,31.8,NS,3.26,2,S_EXCLUSIVE_GREEN,45.0
18.2,-0.9986,0.0523,1,17.6,59.2,14.6,68.1,3.4,1.4,9.9,9.9,1.1,1.9,5.7,7.0,4.8,19.8,3.0,12.7,23.7,NS,3.58,2,S_EXCLUSIVE_GREEN,45.0
15.566666666666666,-0.8039,-0.5948,0,19.3,21.5,17.9,86.7,2.4,2.9,5.1,3.9,1.1,2.9,7.8,11.3,5.3,9.0,4.0,19.1,21.8,EW,4.51,4,W_EXCLUSIVE_GREEN,45.0
1.0833333333333333,0.2798,0.96,0,29.4,86.3,18.6,23.1,4.3,1.2,13.5,11.6,1.9,4.7,2.5,1.5,5.5,25.1,6.6,4.0,52.9,NS,3.57,2,S_EXCLUSIVE_GREEN,45.0
0.55,0.1435,0.9897,0,20.9,23.3,38.2,21.4,3.7,1.5,1.3,2.0,5.9,3.0,1.8,2.1,5.2,3.3,8.9,3.9000000000000004,10.5,EW,1.91,3,E_EXCLUSIVE_GREEN,30.7
10.966666666666667,0.2672,-0.9636,0,33.5,28.7,36.3,34.1,3.8,9.0,1.5,5.9,5.3,5.1,3.0,6.8,12.8,7.4,10.399999999999999,9.8,26.7,EW,1.03,0,BALANCED_PHASE,35.0
4.35,0.9081,0.4187,0,21.0,20.8,26.7,21.4,1.5,1.7,0.2,2.7,2.7,2.1,0.8,4.4,3.2,2.9000000000000004,4.800000000000001,5.2,6.7,EW,1.1,0,BALANCED_PHASE,20.9
10.05,0.4886,-0.8725,0,27.5,77.7,33.1,22.2,3.9,4.8,4.9,13.9,4.0,5.1,3.5,1.4,8.7,18.8,9.1,4.9,31.5,NS,2.34,2,S_EXCLUSIVE_GREEN,45.0
3.9,0.8526,0.5225,0,27.3,36.5,22.3,34.0,1.6,1.6,8.8,7.4,5.2,5.4,4.0,11.8,3.2,16.200000000000003,10.600000000000001,15.8,31.2,NS,2.56,2,S_EXCLUSIVE_GREEN,45.0
11.066666666666666,0.2419,-0.9703,0,17.9,23.7,18.0,66.9,1.8,2.7,1.7,6.3,2.4,4.2,19.2,9.7,4.5,8.0,6.6,28.9,54.6,EW,3.95,4,W_EXCLUSIVE_GREEN,45.0
18.1,-0.9997,0.0262,1,15.8,131.6,13.8,67.6,0.8,3.1,18.1,23.4,5.0,1.0,7.3,10.4,3.9000000000000004,41.5,6.0,17.7,89.3,NS,8.98,2,S_EXCLUSIVE_GREEN,45.0
10.316666666666666,0.4266,-0.9045,0,17.6,54.3,18.1,26.2,2.1,2.2,14.6,13.0,1.9,0.7,0.2,10.7,4.300000000000001,27.6,2.5999999999999996,10.899999999999999,37.0,NS,4.62,2,S_EXCLUSIVE_GREEN,45.0
23.45,-0.1435,0.9897,0,31.1,32.4,29.8,21.4,1.8,3.3,1.1,5.8,2.8,3.9,1.7,2.1,5.1,6.9,6.699999999999999,3.8,9.0,NS,1.13,0,BALANCED_PHASE,25.5
15.683333333333334,-0.8216,-0.57,0,25.8,18.5,75.5,18.7,0.4,1.8,1.1,2.6,8.7,18.2,1.4,5.2,2.2,3.7,26.9,6.6,38.5,EW,3.87,3,E_EXCLUSIVE_GREEN,45.0
7.7,0.9026,-0.4305,1,50.0,20.7,74.3,15.2,3.6,8.6,1.0,1.6,4.8,13.4,1.4,2.9,12.2,2.6,18.2,4.3,39.6,EW,4.22,3,E_EXCLUSIVE_GREEN,45.0
18.866666666666667,-0.9744,0.225,1,22.8,87.0,19.8,78.8,1.7,9.9,6.7,12.6,6.4,3.2,12.1,9.2,11.6,19.3,9.600000000000001,21.299999999999997,34.8,NS,2.2,2,S_EXCLUSIVE_GREEN,45.0
5.4,0.9877,0.1564,0,20.2,27.5,64.7,19.2,0.4,3.5,2.6,3.0,8.7,7.5,1.3,4.2,3.9,5.6,16.2,5.5,24.4,EW,2.96,3,E_EXCLUSIVE_GREEN,45.0
4.183333333333334,0.889,0.4579,0,21.4,26.2,27.2,23.3,3.0,2.5,6.1,2.1,1.5,4.7,3.3,6.0,5.5,8.2,6.2,9.3,18.6,EW,1.3,0,BALANCED_PHASE,30.4
22.6,-0.3584,0.9336,0,68.8,20.9,17.8,17.7,13.2,8.7,0.9,1.5,0.7,5.3,2.4,2.1,21.9,2.4,6.0,4.5,38.1,NS,5.04,1,N_EXCLUSIVE_GREEN,45.0
5.633333333333333,0.9954,0.0958,0,18.8,69.3,17.5,19.0,2.2,1.6,9.4,10.3,2.0,4.4,0.3,1.6,3.8000000000000003,19.700000000000003,6.4,1.9000000000000001,29.3,NS,4.17,2,S_EXCLUSIVE_GREEN,45.0
20.6,-0.7771,0.6293,0,31.1,21.3,20.8,57.0,0.6,3.5,2.1,3.5,1.9,1.2,5.1,8.4,4.1,5.6,3.0999999999999996,13.5,22.3,EW,3.21,4,W_EXCLUSIVE_GREEN,44.5
4.35,0.9081,0.4187,0,30.3,30.2,35.3,27.2,1.0,4.6,2.7,8.7,2.7,11.0,5.7,2.5,5.6,11.399999999999999,13.7,8.2,19.2,EW,1.47,3,E_EXCLUSIVE_GREEN,40.7
7.366666666666666,0.9367,-0.3502,1,51.2,26.6,53.7,12.3,4.0,9.6,6.2,8.8,1.4,9.4,0.1,2.8,13.6,15.0,10.8,2.9,21.4,NS,1.3,1,N_EXCLUSIVE_GREEN,45.0
10.166666666666666,0.4617,-0.887,0,30.5,29.1,24.8,34.3,7.8,1.6,4.0,11.8,1.2,6.0,4.1,2.3,9.4,15.8,7.2,6.3999999999999995,17.5,NS,1.39,0,BALANCED_PHASE,43.8
2.8666666666666667,0.682,0.7314,0,20.6,27.4,20.1,26.0,0.9,3.0,2.2,3.5,0.5,6.6,2.0,8.6,3.9,5.7,7.1,10.6,19.7,EW,1.36,0,BALANCED_PHASE,32.8
20.766666666666666,-0.749,0.6626,0,23.2,37.8,26.1,22.4,3.3,2.2,8.9,11.9,2.2,2.9,2.8,4.4,5.5,20.8,5.1,7.2,35.3,NS,2.67,2,S_EXCLUSIVE_GREEN,45.0
14.0,-0.5,-0.866,0,18.7,92.3,31.8,22.9,2.5,1.7,15.1,17.3,5.6,4.3,3.0,1.1,4.2,32.4,9.899999999999999,4.1,39.9,NS,6.02,2,S_EXCLUSIVE_GREEN,45.0
22.066666666666666,-0.4848,0.8746,0,69.2,29.2,18.2,28.3,11.1,24.1,3.4,10.6,0.9,4.6,9.3,9.6,35.2,14.0,5.5,18.9,44.8,NS,2.41,1,N_EXCLUSIVE_GREEN,45.0
23.0,-0.2588,0.9659,0,23.7,30.6,31.1,127.5,5.0,1.0,1.6,2.0,2.3,6.5,15.0,16.7,6.0,3.6,8.8,31.7,53.6,EW,3.68,4,W_EXCLUSIVE_GREEN,45.0
23.433333333333334,-0.1478,0.989,0,38.9,28.9,32.1,24.9,2.3,1.1,4.2,2.8,1.7,8.8,6.9,4.1,3.4,7.0,10.5,11.0,13.6,EW,1.09,0,BALANCED_PHASE,34.1
13.516666666666667,-0.3867,-0.9222,0,37.5,24.3,21.6,20.5,2.4,7.8,2.7,1.5,0.6,4.4,1.0,0.9,10.2,4.2,5.0,1.9,17.2,NS,1.85,1,N_EXCLUSIVE_GREEN,33.9
11.566666666666666,0.1132,-0.9936,0,27.6,23.8,19.3,56.8,4.4,1.9,0.5,4.2,5.0,2.7,3.3,6.3,6.300000000000001,4.7,7.7,9.6,19.0,EW,1.74,4,W_EXCLUSIVE_GREEN,36.3
18.683333333333334,-0.984,0.1779,1,16.4,66.7,21.2,47.8,1.2,1.7,10.1,10.8,0.8,3.0,2.1,5.8,2.9,20.9,3.8,7.9,25.2,NS,5.13,2,S_EXCLUSIVE_GREEN,45.0
21.233333333333334,-0.6626,0.749,0,63.9,24.7,25.5,23.2,3.8,10.8,1.1,2.5,2.6,2.9,2.1,7.3,14.600000000000001,3.6,5.5,9.4,30.2,NS,3.03,1,N_EXCLUSIVE_GREEN,45.0
1.3,0.3338,0.9426,0,28.9,19.8,79.4,19.5,2.5,1.9,3.2,7.3,7.0,10.3,3.7,5.1,4.4,10.5,17.3,8.8,21.8,EW,2.51,3,E_EXCLUSIVE_GREEN,45.0
3.066666666666667,0.7193,0.6947,0,20.5,28.3,20.5,75.6,0.8,4.4,2.9,7.4,1.1,7.5,6.1,14.7,5.2,10.3,8.6,20.799999999999997,27.5,EW,2.72,4,W_EXCLUSIVE_GREEN,45.0
5.766666666666667,0.9981,0.061,0,83.0,22.8,33.3,18.1,4.2,12.8,6.0,5.4,11.1,2.6,3.9,0.4,17.0,11.4,13.7,4.3,32.1,NS,2.04,1,N_EXCLUSIVE_GREEN,45.0
10.633333333333333,0.3502,-0.9367,0,25.2,31.3,26.5,32.0,4.4,3.7,7.6,3.3,2.0,4.7,5.7,3.7,8.100000000000001,10.899999999999999,6.7,9.4,19.8,NS,1.26,0,BALANCED_PHASE,34.4
15.75,-0.8315,-0.5556,0,18.2,58.1,32.6,29.8,4.9,1.9,9.9,9.4,3.3,6.2,1.4,3.0,6.800000000000001,19.3,9.5,4.4,28.2,NS,2.82,2,S_EXCLUSIVE_GREEN,45.0
19.933333333333334,-0.8746,0.4848,0,30.3,20.1,25.2,23.4,3.1,6.8,6.5,2.2,3.3,3.7,2.0,3.5,9.9,8.7,7.0,5.5,13.0,NS,1.21,0,BALANCED_PHASE,31.6
1.1,0.284,0.9588,0,18.8,96.4,20.6,18.8,2.8,4.2,3.4,15.8,0.1,2.6,3.6,3.8,7.0,19.2,2.7,7.4,35.0,NS,3.42,2,S_EXCLUSIVE_GREEN,45.0
13.733333333333333,-0.4384,-0.8988,0,37.9,36.0,22.1,32.4,2.0,4.8,2.8,2.1,0.9,7.1,6.1,7.8,6.8,4.9,8.0,13.899999999999999,15.5,NS,1.14,0,BALANCED_PHASE,27.0
23.566666666666666,-0.1132,0.9936,0,26.7,29.9,112.0,25.3,4.5,3.6,3.3,5.0,10.9,26.5,1.6,3.5,8.1,8.3,37.4,5.1,74.0,EW,5.61,3,E_EXCLUSIVE_GREEN,45.0
9.25,0.6593,-0.7518,1,130.3,20.7,60.2,12.7,11.1,15.7,0.4,2.5,11.0,5.3,1.6,2.6,26.799999999999997,2.9,16.3,4.2,56.1,NS,7.0,1,N_EXCLUSIVE_GREEN,45.0
3.05,0.7163,0.6978,0,24.1,20.8,23.8,80.8,0.2,5.3,0.6,4.8,3.5,2.1,21.0,19.7,5.5,5.3999999999999995,5.6,40.7,86.9,EW,5.24,4,W_EXCLUSIVE_GREEN,45.0
4.05,0.8725,0.4886,0,26.3,29.1,17.2,93.5,0.9,5.9,2.6,5.8,1.0,5.1,6.4,13.8,6.800000000000001,8.4,6.1,20.200000000000003,24.8,EW,3.87,4,W_EXCLUSIVE_GREEN,45.0
2.3,0.5664,0.8241,0,25.9,20.3,23.3,27.0,2.7,6.1,2.8,1.8,0.2,1.0,1.6,4.5,8.8,4.6,1.2,6.1,19.1,NS,1.53,1,N_EXCLUSIVE_GREEN,29.2
20.633333333333333,-0.7716,0.6361,0,29.1,24.7,37.1,29.7,2.6,8.9,9.0,1.2,4.3,9.3,1.6,7.8,11.5,10.2,13.600000000000001,9.4,18.1,EW,1.33,0,BALANCED_PHASE,40.7
3.0166666666666666,0.7102,0.704,0,17.5,19.4,50.5,24.8,4.0,6.8,2.6,2.3,8.4,10.7,7.8,4.9,10.8,4.9,19.1,12.7,39.2,EW,1.61,3,E_EXCLUSIVE_GREEN,45.0
2.5,0.6088,0.7934,0,33.9,23.0,39.0,20.8,4.0,3.4,1.8,0.8,4.0,5.8,3.5,3.7,7.4,2.6,9.8,7.2,17.6,EW,1.48,3,E_EXCLUSIVE_GREEN,33.4
9.833333333333334,0.5373,-0.8434,0,32.3,24.6,22.5,60.9,1.5,10.0,0.5,4.7,0.5,2.3,11.6,6.4,11.5,5.2,2.8,18.0,18.2,EW,3.87,4,W_EXCLUSIVE_GREEN,45.0
21.266666666666666,-0.6561,0.7547,0,21.2,18.8,20.9,58.3,2.5,2.2,2.9,2.9,3.0,1.1,5.1,11.9,4.7,5.8,4.1,17.0,18.3,EW,3.26,4,W_EXCLUSIVE_GREEN,45.0
5.383333333333334,0.987,0.1607,0,28.9,28.4,30.3,31.8,1.1,3.6,1.0,2.6,3.9,4.3,4.8,4.0,4.7,3.6,8.2,8.8,12.3,EW,1.03,0,BALANCED_PHASE,29.6
11.183333333333334,0.2122,-0.9772,0,36.6,24.7,29.7,24.6,3.4,10.1,4.4,2.7,1.8,8.0,1.6,1.7,13.5,7.1000000000000005,9.8,3.3,24.3,NS,1.66,1,N_EXCLUSIVE_GREEN,41.0
8.466666666666667,0.7986,-0.6018,1,62.9,16.0,57.6,12.3,1.0,11.8,0.1,3.2,9.0,7.6,0.6,2.7,12.8,3.3000000000000003,16.6,3.3000000000000003,31.4,NS,3.62,1,N_EXCLUSIVE_GREEN,45.0
14.266666666666667,-0.5592,-0.829,0,27.9,18.5,81.4,27.7,0.9,3.7,0.7,3.2,12.2,7.2,1.3,8.0,4.6000000000000005,3.9000000000000004,19.4,9.3,30.3,EW,2.33,3,E_EXCLUSIVE_GREEN,45.0
18.05,-0.9999,0.0131,1,20.9,60.7,12.4,59.3,1.8,2.7,5.9,10.7,0.1,3.9,8.8,12.0,4.5,16.6,4.0,20.8,40.4,NS,3.13,2,S_EXCLUSIVE_GREEN,45.0
4.8,0.9511,0.309,0,30.6,32.7,27.2,20.8,4.3,4.0,1.6,6.8,0.9,2.2,4.2,5.9,8.3,8.4,3.1,10.100000000000001,13.7,NS,1.0,0,BALANCED_PHASE,29.1
3.0833333333333335,0.7224,0.6915,0,23.0,32.6,20.9,26.1,4.3,2.0,2.5,3.7,1.9,1.7,3.9,2.0,6.3,6.2,3.5999999999999996,5.9,12.2,NS,1.13,0,BALANCED_PHASE,24.7
17.433333333333334,-0.989,-0.1478,1,23.4,50.5,18.1,46.5,6.2,5.4,6.3,5.5,1.1,6.0,4.7,8.6,11.600000000000001,11.8,7.1,13.3,21.2,NS,1.31,2,S_EXCLUSIVE_GREEN,39.8
18.233333333333334,-0.9981,0.061,1,13.2,124.6,16.1,60.5,0.6,2.9,13.5,26.0,3.4,2.4,4.6,13.5,3.5,39.5,5.8,18.1,47.4,NS,9.7,2,S_EXCLUSIVE_GREEN,45.0
17.05,-0.9692,-0.2462,1,16.8,139.8,25.6,66.9,1.1,0.3,24.3,26.8,2.4,1.8,4.0,7.2,1.4000000000000001,51.1,4.2,11.2,83.9,NS,15.06,2,S_EXCLUSIVE_GREEN,45.0
12.866666666666667,-0.225,-0.9744,0,23.3,28.6,38.5,32.6,2.2,5.9,0.4,3.9,7.8,6.0,1.4,7.5,8.100000000000001,4.3,13.8,8.9,24.2,EW,1.35,0,BALANCED_PHASE,41.9
17.716666666666665,-0.9973,-0.0741,1,12.4,61.2,14.2,61.6,0.2,0.6,4.4,9.6,3.9,0.9,4.5,7.6,0.8,14.0,4.8,12.1,28.5,EW,3.0,4,W_EXCLUSIVE_GREEN,43.1
15.6,-0.809,-0.5878,0,29.5,25.5,26.1,28.5,4.7,3.5,2.4,12.5,0.9,2.6,3.6,4.8,8.2,14.9,3.5,8.4,17.8,NS,1.51,1,N_EXCLUSIVE_GREEN,41.9
15.316666666666666,-0.7632,-0.6461,0,88.7,22.1,28.1,17.5,13.3,14.7,1.3,0.3,4.1,1.1,2.5,0.9,28.0,1.6,5.199999999999999,3.4,49.9,NS,7.02,1,N_EXCLUSIVE_GREEN,45.0
16.6,-0.9336,-0.3584,1,25.6,78.1,19.9,84.1,6.6,5.9,4.7,12.7,4.3,2.8,10.6,20.7,12.5,17.4,7.1,31.299999999999997,54.6,EW,4.16,4,W_EXCLUSIVE_GREEN,45.0
16.85,-0.955,-0.2965,1,17.8,51.8,13.6,118.1,1.7,3.3,8.1,11.4,2.7,2.4,7.3,18.0,5.0,19.5,5.1,25.3,51.9,EW,5.88,4,W_EXCLUSIVE_GREEN,45.0
18.716666666666665,-0.9825,0.1865,1,12.6,86.0,18.4,72.7,0.4,0.4,15.1,8.5,1.4,8.9,10.1,9.8,0.8,23.6,10.3,19.9,41.9,NS,10.67,2,S_EXCLUSIVE_GREEN,45.0
19.15,-0.955,0.2965,1,27.1,130.2,13.1,49.2,1.3,5.2,11.0,15.8,0.1,1.3,2.3,10.7,6.5,26.8,1.4000000000000001,13.0,43.6,NS,4.25,2,S_EXCLUSIVE_GREEN,45.0
3.8,0.8387,0.5446,0,23.2,24.4,27.6,39.3,2.8,2.7,1.1,5.0,1.6,5.9,4.0,5.0,5.5,6.1,7.5,9.0,19.4,EW,1.25,0,BALANCED_PHASE,32.0
5.216666666666667,0.979,0.2036,0,28.9,20.5,35.1,23.8,2.8,6.6,0.9,0.9,2.6,4.2,3.7,2.1,9.399999999999999,1.8,6.800000000000001,5.800000000000001,13.2,EW,1.25,0,BALANCED_PHASE,26.2
4.033333333333333,0.8704,0.4924,0,21.2,37.3,21.9,34.3,2.4,2.8,3.5,5.7,1.2,5.0,2.7,3.7,5.199999999999999,9.2,6.2,6.4,12.6,NS,1.67,2,S_EXCLUSIVE_GREEN,31.4
21.45,-0.6191,0.7853,0,30.6,122.1,26.0,18.8,0.9,2.8,18.0,21.5,0.8,2.1,1.5,2.5,3.6999999999999997,39.5,2.9000000000000004,4.0,47.6,NS,6.19,2,S_EXCLUSIVE_GREEN,45.0
19.266666666666666,-0.9455,0.3256,1,13.1,117.8,17.8,50.9,0.2,0.5,9.8,29.0,2.2,2.1,4.4,8.3,0.7,38.8,4.300000000000001,12.700000000000001,75.6,NS,16.31,2,S_EXCLUSIVE_GREEN,45.0
10.966666666666667,0.2672,-0.9636,0,34.1,24.6,33.9,20.5,2.1,6.1,6.9,3.3,3.7,2.5,2.7,1.7,8.2,10.2,6.2,4.4,12.4,NS,1.25,0,BALANCED_PHASE,32.8
2.0833333333333335,0.5188,0.8549,0,28.5,18.4,18.3,77.7,0.1,3.0,8.6,3.9,3.0,0.5,6.6,14.8,3.1,12.5,3.5,21.4,34.8,EW,4.83,4,W_EXCLUSIVE_GREEN,45.0
17.333333333333332,-0.9848,-0.1736,1,22.0,56.7,19.4,76.8,3.9,5.1,6.4,3.7,3.4,0.9,7.8,19.5,9.0,10.100000000000001,4.3,27.3,37.6,EW,4.92,4,W_EXCLUSIVE_GREEN,45.0
8.55,0.7853,-0.6191,1,83.8,12.8,58.0,22.2,5.7,13.8,1.2,0.9,8.3,6.7,3.6,2.9,19.5,2.1,15.0,6.5,31.8,NS,7.04,1,N_EXCLUSIVE_GREEN,45.0
14.966666666666667,-0.7009,-0.7133,0,36.4,27.6,30.2,31.2,1.6,18.3,2.5,8.6,3.3,5.3,1.5,4.9,19.900000000000002,11.1,8.6,6.4,35.4,NS,1.59,1,N_EXCLUSIVE_GREEN,45.0
22.65,-0.3461,0.9382,0,37.6,30.2,29.2,27.0,4.4,3.0,3.1,6.6,3.4,4.0,4.1,4.3,7.4,9.7,7.4,8.399999999999999,20.7,NS,1.24,0,BALANCED_PHASE,33.2
13.116666666666667,-0.2882,-0.9576,0,27.4,28.2,31.6,21.1,2.0,7.4,2.1,3.6,1.3,4.0,5.6,3.7,9.4,5.7,5.3,9.3,10.5,NS,1.29,0,BALANCED_PHASE,29.9
4.6,0.9336,0.3584,0,36.7,23.1,32.9,27.6,7.8,7.9,3.5,1.0,0.6,7.8,1.1,4.5,15.7,4.5,8.4,5.6,21.6,NS,2.4,1,N_EXCLUSIVE_GREEN,45.0
3.9833333333333334,0.8638,0.5038,0,79.5,22.7,18.4,20.6,10.3,16.0,6.6,3.0,3.9,2.4,7.4,4.5,26.3,9.6,6.3,11.9,29.3,NS,2.88,1,N_EXCLUSIVE_GREEN,45.0
9.916666666666666,0.5188,-0.8549,0,25.0,21.6,23.0,29.0,3.5,6.6,0.1,3.9,0.5,6.8,3.8,6.1,10.1,4.0,7.3,9.899999999999999,10.4,EW,1.27,0,BALANCED_PHASE,31.1
11.933333333333334,0.0175,-0.9998,0,39.7,32.7,22.2,21.0,7.5,1.9,7.5,7.6,3.4,2.3,2.0,3.8,9.4,15.1,5.699999999999999,5.8,20.5,NS,1.4,1,N_EXCLUSIVE_GREEN,44.4
12.683333333333334,-0.1779,-0.984,0,31.6,24.1,28.8,35.2,1.6,10.9,3.3,4.2,1.4,10.2,1.2,4.6,12.5,7.5,11.6,5.8,25.5,EW,1.55,3,E_EXCLUSIVE_GREEN,37.1
19.5,-0.9239,0.3827,1,26.4,78.1,21.8,58.1,5.9,4.2,5.7,14.3,1.5,6.3,6.7,5.3,10.100000000000001,20.0,7.8,12.0,34.5,NS,2.24,2,S_EXCLUSIVE_GREEN,45.0
1.1833333333333333,0.3049,0.9524,0,19.6,56.8,23.9,19.9,2.1,3.9,5.4,8.5,7.4,6.2,0.4,1.3,6.0,13.9,13.600000000000001,1.7000000000000002,24.8,NS,2.42,2,S_EXCLUSIVE_GREEN,45.0
19.633333333333333,-0.91,0.4147,0,34.0,20.8,22.2,32.5,0.2,3.0,1.6,1.5,1.5,4.4,1.0,4.1,3.2,3.1,5.9,5.1,6.6,EW,1.23,0,BALANCED_PHASE,23.3
12.033333333333333,-0.0087,-1.0,0,21.8,32.5,51.1,25.2,4.0,4.6,2.2,6.9,7.3,6.0,3.3,3.7,8.6,9.100000000000001,13.3,7.0,21.5,EW,1.88,3,E_EXCLUSIVE_GREEN,43.0
22.25,-0.4423,0.8969,0,20.7,23.3,21.7,81.8,3.0,3.1,1.1,6.8,1.1,2.6,12.5,12.0,6.1,7.9,3.7,24.5,45.7,EW,4.78,4,W_EXCLUSIVE_GREEN,45.0
8.95,0.7163,-0.6978,1,66.7,15.0,52.6,22.5,4.3,18.3,3.7,0.4,14.2,5.2,4.0,2.2,22.6,4.1000000000000005,19.4,6.2,46.7,NS,4.73,1,N_EXCLUSIVE_GREEN,45.0
11.016666666666667,0.2546,-0.967,0,28.1,27.6,55.7,18.0,2.3,3.3,9.9,1.9,7.2,9.7,2.5,0.7,5.6,11.8,16.9,3.2,21.6,EW,3.84,3,E_EXCLUSIVE_GREEN,45.0
9.283333333333333,0.6528,-0.7576,1,63.8,18.2,84.1,18.6,4.9,11.3,1.3,2.2,7.9,25.0,2.5,1.2,16.200000000000003,3.5,32.9,3.7,41.5,EW,6.29,3,E_EXCLUSIVE_GREEN,45.0
15.9,-0.8526,-0.5225,0,30.4,38.8,24.8,24.8,4.3,6.9,3.7,15.3,1.5,4.8,6.1,8.6,11.2,19.0,6.3,14.7,32.7,NS,1.51,2,S_EXCLUSIVE_GREEN,45.0
3.9166666666666665,0.8549,0.5188,0,17.4,27.5,105.0,31.6,2.6,8.4,1.7,2.2,12.1,17.1,4.5,7.7,11.0,3.9000000000000004,29.200000000000003,12.2,48.7,EW,2.64,3,E_EXCLUSIVE_GREEN,45.0
23.466666666666665,-0.1392,0.9903,0,27.6,33.9,32.7,31.2,5.5,7.5,3.2,5.8,1.9,4.0,5.2,2.7,13.0,9.0,5.9,7.9,15.8,NS,1.32,0,BALANCED_PHASE,38.7
10.283333333333333,0.4344,-0.9007,0,29.3,24.7,24.9,37.1,3.5,7.8,4.2,3.9,2.9,4.5,4.3,7.2,11.3,8.1,7.4,11.5,21.0,EW,1.47,4,W_EXCLUSIVE_GREEN,36.8
19.683333333333334,-0.9045,0.4266,0,23.0,31.0,29.4,60.2,2.3,0.6,7.3,6.4,1.5,4.3,6.2,4.9,2.9,13.7,5.8,11.100000000000001,28.3,EW,1.9,4,W_EXCLUSIVE_GREEN,40.9
6.966666666666667,0.9681,-0.2504,0,24.7,25.0,20.1,24.6,2.0,4.6,0.5,3.9,1.2,8.6,1.5,9.9,6.6,4.4,9.799999999999999,11.4,22.3,EW,1.14,0,BALANCED_PHASE,34.5
23.516666666666666,-0.1262,0.992,0,36.5,21.9,32.9,39.0,3.4,2.4,2.6,1.8,4.6,11.6,0.6,10.3,5.8,4.4,16.2,10.9,18.7,EW,1.33,0,BALANCED_PHASE,45.0
11.866666666666667,0.0349,-0.9994,0,21.6,58.0,22.2,24.0,0.5,5.3,9.1,10.5,1.3,5.3,0.8,4.6,5.8,19.6,6.6,5.3999999999999995,33.8,NS,2.94,2,S_EXCLUSIVE_GREEN,45.0
2.3166666666666664,0.57,0.8216,0,20.3,20.5,32.6,30.7,1.7,2.1,0.8,1.5,4.5,8.6,1.6,3.0,3.8,2.3,13.1,4.6,26.4,EW,1.75,3,E_EXCLUSIVE_GREEN,39.7
12.133333333333333,-0.0349,-0.9994,0,22.6,37.2,22.7,38.2,1.8,1.7,2.0,7.2,1.5,2.1,3.6,10.4,3.5,9.2,3.6,14.0,25.9,EW,2.51,4,W_EXCLUSIVE_GREEN,42.5
16.933333333333334,-0.9613,-0.2756,1,16.5,52.7,27.0,108.5,1.7,6.3,7.8,6.2,1.7,3.7,12.3,15.7,8.0,14.0,5.4,28.0,31.7,EW,4.4,4,W_EXCLUSIVE_GREEN,45.0
18.016666666666666,-1.0,0.0044,1,14.4,54.9,25.2,80.1,1.4,1.5,4.9,8.5,4.3,8.1,5.1,22.5,2.9,13.4,12.399999999999999,27.6,53.4,EW,2.43,4,W_EXCLUSIVE_GREEN,45.0
5.2,0.9781,0.2079,0,22.7,32.1,21.5,25.2,1.5,3.3,3.0,3.0,6.3,3.6,3.4,4.0,4.8,6.0,9.9,7.4,18.2,NS,1.26,0,BALANCED_PHASE,24.6
6.883333333333333,0.9734,-0.2292,0,71.8,32.8,19.6,28.3,4.0,6.9,1.3,2.3,6.6,1.3,1.4,3.0,10.9,3.5999999999999996,7.8999999999999995,4.4,11.0,NS,2.37,1,N_EXCLUSIVE_GREEN,40.8
14.05,-0.5113,-0.8594,0,33.2,26.8,27.4,25.2,6.9,2.7,1.9,6.8,1.4,4.2,0.8,2.5,9.600000000000001,8.7,5.6,3.3,20.7,NS,1.12,0,BALANCED_PHASE,32.3
22.2,-0.454,0.891,0,20.1,29.9,22.8,57.0,1.0,2.6,2.5,2.7,5.7,6.8,3.1,11.1,3.6,5.2,12.5,14.2,16.9,EW,1.46,4,W_EXCLUSIVE_GREEN,45.0
16.416666666666668,-0.9153,-0.4027,0,32.2,20.9,31.0,22.0,4.1,3.8,1.1,5.0,0.6,6.7,10.7,3.0,7.8999999999999995,6.1,7.3,13.7,24.1,EW,1.63,3,E_EXCLUSIVE_GREEN,40.4
3.716666666666667,0.8266,0.5628,0,20.4,22.3,63.1,25.5,3.8,1.1,3.6,11.9,5.0,8.1,6.9,1.7,4.9,15.5,13.1,8.6,22.6,EW,1.81,3,E_EXCLUSIVE_GREEN,44.8
15.633333333333333,-0.8141,-0.5807,0,25.1,23.9,24.3,21.5,5.1,2.2,2.7,2.5,0.6,5.5,1.8,2.2,7.3,5.2,6.1,4.0,13.9,NS,1.18,0,BALANCED_PHASE,25.5
15.616666666666667,-0.8116,-0.5842,0,22.8,37.7,30.2,28.6,3.1,5.3,3.5,3.4,7.5,1.9,0.9,3.1,8.4,6.9,9.4,4.0,14.6,NS,1.33,0,BALANCED_PHASE,30.1
11.166666666666666,0.2164,-0.9763,0,20.5,22.2,33.2,28.8,5.3,2.3,1.2,1.9,2.9,5.6,11.1,2.4,7.6,3.0999999999999996,8.5,13.5,23.2,EW,1.37,0,BALANCED_PHASE,40.3
8.783333333333333,0.7461,-0.6659,1,67.8,23.5,117.2,21.0,15.2,18.0,3.0,1.1,8.3,12.9,1.6,4.7,33.2,4.1,21.200000000000003,6.300000000000001,70.8,EW,4.06,3,E_EXCLUSIVE_GREEN,45.0
22.083333333333332,-0.481,0.8767,0,24.7,20.5,25.1,57.4,0.9,4.9,2.6,5.4,3.0,2.2,6.6,11.8,5.800000000000001,8.0,5.2,18.4,20.7,EW,2.78,4,W_EXCLUSIVE_GREEN,45.0
1.1666666666666667,0.3007,0.9537,0,21.0,21.3,22.9,20.8,4.0,4.2,1.8,7.2,0.5,0.7,2.1,3.9,8.2,9.0,1.2,6.0,14.0,NS,1.03,0,BALANCED_PHASE,28.2
6.9,0.9724,-0.2334,0,19.1,113.5,24.5,23.1,1.9,1.6,11.4,15.9,3.3,10.7,4.6,2.1,3.5,27.3,14.0,6.699999999999999,59.0,NS,6.4,2,S_EXCLUSIVE_GREEN,45.0
21.216666666666665,-0.6659,0.7461,0,20.4,32.0,29.5,76.1,1.2,3.7,6.8,6.5,0.8,8.4,8.1,18.7,4.9,13.3,9.200000000000001,26.799999999999997,48.4,EW,2.69,4,W_EXCLUSIVE_GREEN,45.0
16.016666666666666,-0.8682,-0.4962,0,36.3,37.6,23.2,24.4,1.8,17.2,9.5,4.0,0.7,1.1,1.7,4.9,19.0,13.5,1.8,6.6000000000000005,28.6,NS,1.25,0,BALANCED_PHASE,45.0
21.0,-0.7071,0.7071,0,28.8,29.6,21.2,37.8,8.1,5.5,2.1,2.9,0.6,4.7,2.2,6.9,13.6,5.0,5.3,9.100000000000001,19.2,NS,1.73,1,N_EXCLUSIVE_GREEN,39.4
4.683333333333334,0.9412,0.3379,0,91.6,17.8,19.6,29.6,8.9,10.4,0.3,3.9,0.5,7.0,1.4,3.7,19.3,4.2,7.5,5.1,23.5,NS,4.56,1,N_EXCLUSIVE_GREEN,45.0
7.266666666666667,0.9455,-0.3256,1,100.5,14.3,109.0,18.6,19.6,19.2,2.8,1.7,7.6,20.6,1.7,4.6,38.8,4.5,28.200000000000003,6.3,79.4,EW,4.75,3,E_EXCLUSIVE_GREEN,45.0
19.85,-0.885,0.4656,0,26.4,21.9,20.5,26.6,3.7,8.0,3.0,5.4,3.2,2.8,1.6,5.1,11.7,8.4,6.0,6.699999999999999,22.3,NS,1.28,0,BALANCED_PHASE,35.4
22.75,-0.3214,0.9469,0,24.7,39.3,23.2,22.6,0.6,2.9,8.6,8.4,2.4,6.5,10.3,13.1,3.5,17.0,8.9,23.4,49.3,NS,2.78,2,S_EXCLUSIVE_GREEN,45.0
13.95,-0.4886,-0.8725,0,21.8,22.3,80.2,31.6,2.8,6.1,0.5,1.2,8.9,11.6,7.0,2.9,8.899999999999999,1.7,20.5,9.9,37.1,EW,2.18,3,E_EXCLUSIVE_GREEN,45.0
14.266666666666667,-0.5592,-0.829,0,27.9,22.5,93.0,17.7,8.0,5.6,1.9,2.0,8.8,27.3,0.6,0.7,13.6,3.9,36.1,1.2999999999999998,55.3,EW,10.23,3,E_EXCLUSIVE_GREEN,45.0
21.55,-0.5983,0.8013,0,21.5,29.7,24.5,33.0,3.3,6.5,4.5,7.4,4.9,1.9,6.1,5.6,9.8,11.9,6.800000000000001,11.7,23.9,EW,1.5,4,W_EXCLUSIVE_GREEN,36.7
12.616666666666667,-0.1607,-0.987,0,21.9,19.8,93.4,19.6,1.3,3.2,0.1,2.0,8.7,6.7,4.6,6.5,4.5,2.1,15.399999999999999,11.1,23.0,EW,2.2,3,E_EXCLUSIVE_GREEN,45.0
17.683333333333334,-0.9966,-0.0828,1,18.6,76.7,22.4,74.1,5.3,0.3,4.3,18.9,4.1,10.9,10.0,11.2,5.6,23.2,15.0,21.2,32.1,EW,1.8,4,W_EXCLUSIVE_GREEN,45.0
19.633333333333333,-0.91,0.4147,0,100.6,29.1,25.6,21.1,12.5,24.1,11.1,2.0,2.7,1.8,0.8,3.4,36.6,13.1,4.5,4.2,77.5,NS,2.92,1,N_EXCLUSIVE_GREEN,45.0
15.066666666666666,-0.7193,-0.6947,0,30.3,21.8,125.6,21.6,2.5,7.9,2.2,1.1,11.3,28.3,3.7,5.8,10.4,3.3000000000000003,39.6,9.5,68.0,EW,4.52,3,E_EXCLUSIVE_GREEN,45.0
20.333333333333332,-0.8192,0.5736,0,40.0,31.8,20.7,31.0,1.9,5.4,2.6,4.3,2.9,4.7,2.5,9.7,7.300000000000001,6.9,7.6,12.2,15.7,NS,1.11,0,BALANCED_PHASE,28.4
8.683333333333334,0.7632,-0.6461,1,120.2,13.5,48.0,26.5,13.8,22.6,2.0,0.8,3.2,6.1,2.5,4.1,36.400000000000006,2.8,9.3,6.6,54.3,NS,10.07,1,N_EXCLUSIVE_GREEN,45.0
22.95,-0.2714,0.9625,0,35.6,22.7,30.0,22.8,4.9,5.8,4.0,3.5,3.1,2.7,1.5,3.1,10.7,7.5,5.800000000000001,4.6,13.4,NS,1.42,1,N_EXCLUSIVE_GREEN,34.1
6.15,0.9992,-0.0393,0,22.1,32.8,39.6,26.5,0.9,6.9,1.8,10.2,1.6,3.1,5.9,4.9,7.800000000000001,12.0,4.7,10.8,13.4,EW,1.78,3,E_EXCLUSIVE_GREEN,35.1
7.95,0.8725,-0.4886,1,94.3,12.2,71.2,14.9,7.8,21.0,0.4,3.4,6.3,15.9,3.8,3.3,28.8,3.8,22.2,7.1,41.5,NS,7.06,1,N_EXCLUSIVE_GREEN,45.0
1.85,0.4656,0.885,0,27.5,21.5,35.1,37.9,1.3,4.5,1.4,3.9,3.9,5.4,1.4,7.1,5.8,5.3,9.3,8.5,9.6,EW,1.05,0,BALANCED_PHASE,31.4
19.416666666666668,-0.932,0.3624,1,20.5,64.2,12.6,48.6,3.3,2.9,9.2,12.8,0.6,1.7,7.5,11.0,6.199999999999999,22.0,2.3,18.5,32.3,NS,3.23,2,S_EXCLUSIVE_GREEN,45.0
21.333333333333332,-0.6428,0.766,0,30.5,36.5,25.2,20.1,6.3,3.4,3.8,7.4,0.3,6.6,3.0,2.8,9.7,11.2,6.8999999999999995,5.8,17.8,NS,1.14,0,BALANCED_PHASE,35.8
23.016666666666666,-0.2546,0.967,0,37.6,32.5,25.3,36.8,2.2,9.3,2.2,10.5,0.4,2.7,4.1,6.2,11.5,12.7,3.1,10.3,12.9,NS,1.09,0,BALANCED_PHASE,38.5
9.266666666666667,0.6561,-0.7547,1,89.0,16.0,47.1,12.5,7.4,16.5,5.3,3.4,7.0,10.9,0.3,0.9,23.9,8.7,17.9,1.2,48.4,NS,3.36,1,N_EXCLUSIVE_GREEN,45.0
13.416666666666666,-0.3624,-0.932,0,69.5,26.8,18.5,19.0,8.2,8.5,1.3,5.4,1.2,3.8,0.3,1.1,16.7,6.7,5.0,1.4000000000000001,24.3,NS,2.44,1,N_EXCLUSIVE_GREEN,45.0
18.75,-0.9808,0.1951,1,15.8,51.0,24.8,48.0,0.3,3.6,5.4,3.0,7.8,4.3,1.6,8.4,3.9,8.4,12.1,10.0,19.1,EW,1.4,3,E_EXCLUSIVE_GREEN,39.8
18.866666666666667,-0.9744,0.225,1,15.7,114.6,14.0,50.3,1.4,3.2,9.5,29.5,1.3,1.5,5.5,4.6,4.6,39.0,2.8,10.1,80.4,NS,7.52,2,S_EXCLUSIVE_GREEN,45.0
6.35,0.9958,-0.0915,0,21.5,32.1,21.8,34.2,1.6,2.8,2.4,3.6,4.9,0.4,2.8,2.9,4.4,6.0,5.300000000000001,5.699999999999999,12.1,EW,1.24,0,BALANCED_PHASE,23.8
7.716666666666667,0.9007,-0.4344,1,50.6,26.7,100.7,13.6,3.9,4.9,2.0,4.3,10.2,8.6,0.1,0.6,8.8,6.3,18.799999999999997,0.7,21.9,EW,9.93,3,E_EXCLUSIVE_GREEN,45.0
17.666666666666668,-0.9962,-0.0872,1,20.0,75.7,23.4,48.2,1.6,1.4,13.6,16.8,2.9,0.3,3.6,4.8,3.0,30.4,3.1999999999999997,8.4,52.6,NS,6.08,2,S_EXCLUSIVE_GREEN,45.0
15.966666666666667,-0.8616,-0.5075,0,35.8,24.5,21.1,29.9,4.3,4.9,6.9,2.0,5.1,3.8,1.7,6.8,9.2,8.9,8.899999999999999,8.5,9.5,NS,1.14,0,BALANCED_PHASE,30.8
11.533333333333333,0.1219,-0.9925,0,27.7,76.3,24.2,20.9,3.5,0.7,3.8,13.7,3.6,2.1,2.0,6.6,4.2,17.5,5.7,8.6,30.9,NS,3.2,2,S_EXCLUSIVE_GREEN,45.0
21.933333333333334,-0.515,0.8572,0,25.5,25.5,26.7,22.1,0.6,4.3,4.6,2.6,7.0,4.2,0.6,2.6,4.8999999999999995,7.199999999999999,11.2,3.2,19.5,EW,2.04,3,E_EXCLUSIVE_GREEN,34.2
9.1,0.6884,-0.7254,1,94.3,16.4,47.5,22.1,10.8,7.3,2.7,8.0,9.3,7.9,2.3,10.1,18.1,10.7,17.200000000000003,12.399999999999999,23.1,NS,2.55,1,N_EXCLUSIVE_GREEN,45.0
15.133333333333333,-0.7314,-0.682,0,27.0,24.3,27.7,27.5,1.1,4.0,2.9,1.0,2.8,6.5,2.2,5.4,5.1,3.9,9.3,7.6000000000000005,16.8,EW,1.09,0,BALANCED_PHASE,30.3
23.85,-0.0393,0.9992,0,26.5,21.0,37.9,22.1,3.6,1.7,1.3,8.7,4.9,4.8,0.4,6.0,5.3,10.0,9.7,6.4,13.7,EW,1.53,3,E_EXCLUSIVE_GREEN,32.6
5.716666666666667,0.9973,0.0741,0,24.1,29.3,20.6,29.8,4.8,4.5,3.3,1.3,0.9,3.3,1.2,8.0,9.3,4.6,4.2,9.2,15.0,NS,1.53,1,N_EXCLUSIVE_GREEN,30.4
20.083333333333332,-0.8549,0.5188,0,32.6,123.8,21.4,29.8,3.1,7.2,17.2,23.0,1.3,0.6,3.3,8.1,10.3,40.2,1.9,11.399999999999999,77.8,NS,3.75,2,S_EXCLUSIVE_GREEN,45.0
23.916666666666668,-0.0218,0.9998,0,32.4,22.7,55.1,30.8,1.9,6.0,3.2,12.8,5.4,8.6,1.3,10.0,7.9,16.0,14.0,11.3,34.5,EW,1.39,3,E_EXCLUSIVE_GREEN,45.0
11.266666666666667,0.1908,-0.9816,0,40.0,30.2,23.8,38.3,5.3,6.7,1.6,1.6,4.8,4.4,4.2,2.9,12.0,3.2,9.2,7.1,23.8,NS,2.05,1,N_EXCLUSIVE_GREEN,38.6
14.9,-0.6884,-0.7254,0,99.0,26.3,17.2,25.5,7.1,21.9,1.7,9.5,0.7,0.8,1.3,4.0,29.0,11.2,1.5,5.3,38.3,NS,2.88,1,N_EXCLUSIVE_GREEN,45.0
20.616666666666667,-0.7744,0.6327,0,34.2,37.9,24.7,23.9,12.1,5.8,3.9,3.4,1.7,2.9,2.2,1.3,17.9,7.3,4.6,3.5,21.8,NS,1.74,1,N_EXCLUSIVE_GREEN,45.0
19.066666666666666,-0.9613,0.2756,1,14.1,67.2,21.8,82.9,0.9,4.7,9.0,14.2,2.2,6.7,11.0,6.2,5.6000000000000005,23.2,8.9,17.2,42.0,EW,2.46,4,W_EXCLUSIVE_GREEN,45.0
15.933333333333334,-0.8572,-0.515,0,63.6,30.2,28.2,20.9,12.1,8.4,3.0,16.8,3.0,2.5,0.6,2.4,20.5,19.8,5.5,3.0,44.3,NS,1.26,1,N_EXCLUSIVE_GREEN,45.0
21.4,-0.6293,0.7771,0,23.8,20.2,27.9,21.1,1.7,3.1,4.3,1.1,5.0,2.7,0.5,4.2,4.8,5.4,7.7,4.7,13.0,EW,1.41,3,E_EXCLUSIVE_GREEN,26.7
13.05,-0.2714,-0.9625,0,25.8,31.4,23.6,21.2,2.3,2.8,3.3,3.2,0.7,1.5,5.5,3.6,5.1,6.5,2.2,9.1,12.4,NS,1.19,0,BALANCED_PHASE,24.9
4.133333333333334,0.8829,0.4695,0,21.9,23.0,23.5,37.5,2.1,2.9,2.4,6.9,4.4,6.8,5.0,3.7,5.0,9.3,11.2,8.7,22.4,EW,1.35,0,BALANCED_PHASE,36.4
10.433333333333334,0.3987,-0.9171,0,30.0,22.3,37.4,24.2,2.7,11.9,5.5,3.0,2.7,5.2,3.7,3.8,14.600000000000001,8.5,7.9,7.5,22.5,EW,1.2,0,BALANCED_PHASE,29.8
14.15,-0.5336,-0.8457,0,23.8,98.7,26.2,28.3,4.9,1.2,17.7,13.1,0.2,2.2,4.3,5.5,6.1000000000000005,30.799999999999997,2.4000000000000004,9.8,64.2,NS,4.45,2,S_EXCLUSIVE_GREEN,45.0
2.5166666666666666,0.6122,0.7907,0,29.2,138.2,24.2,22.3,5.8,2.6,10.6,23.0,8.0,2.4,4.5,3.7,8.4,33.6,10.4,8.2,63.9,NS,4.16,2,S_EXCLUSIVE_GREEN,45.0
10.666666666666666,0.342,-0.9397,0,25.6,19.4,19.1,72.6,3.1,5.7,2.7,1.8,2.9,3.1,5.2,11.8,8.8,4.5,6.0,17.0,34.2,EW,3.05,4,W_EXCLUSIVE_GREEN,45.0
8.216666666666667,0.8363,-0.5483,1,54.5,13.2,53.8,22.3,10.2,11.8,0.3,2.4,7.7,4.2,1.0,1.9,22.0,2.6999999999999997,11.9,2.9,32.1,NS,5.64,1,N_EXCLUSIVE_GREEN,45.0
5.6,0.9945,0.1045,0,38.2,23.5,23.1,21.8,3.3,1.8,7.3,5.2,2.3,1.8,1.3,4.8,5.1,12.5,4.1,6.1,14.1,NS,1.96,1,N_EXCLUSIVE_GREEN,38.3
15.833333333333334,-0.8434,-0.5373,0,26.6,20.7,26.6,22.4,1.4,0.8,1.8,2.3,0.9,5.8,2.1,2.6,2.2,4.1,6.7,4.7,12.8,EW,1.24,0,BALANCED_PHASE,24.5
2.1333333333333333,0.5299,0.848,0,30.1,34.4,26.6,29.5,4.6,4.6,4.5,4.2,5.6,5.3,3.7,4.8,9.2,8.7,10.899999999999999,8.5,21.6,NS,1.06,0,BALANCED_PHASE,31.7
20.45,-0.8013,0.5983,0,25.8,22.0,22.0,36.8,3.8,5.7,2.0,1.4,4.4,4.1,3.5,13.2,9.5,3.4,8.5,16.7,18.6,EW,1.79,4,W_EXCLUSIVE_GREEN,45.0
15.4,-0.7771,-0.6293,0,17.6,81.9,25.2,23.4,0.4,1.8,7.1,12.9,3.0,2.9,2.9,7.2,2.2,20.0,5.9,10.1,30.1,NS,5.85,2,S_EXCLUSIVE_GREEN,45.0
23.383333333333333,-0.1607,0.987,0,20.8,21.4,25.1,25.4,7.6,1.9,0.9,1.4,2.2,2.4,3.4,2.5,9.5,2.3,4.6,5.9,18.1,EW,1.08,0,BALANCED_PHASE,23.2
10.8,0.309,-0.9511,0,30.1,26.9,20.7,27.2,3.1,5.9,1.3,3.5,1.2,5.1,2.3,6.2,9.0,4.8,6.3,8.5,13.2,NS,1.41,1,N_EXCLUSIVE_GREEN,29.7
6.016666666666667,1.0,-0.0044,0,20.9,32.1,23.6,23.0,0.3,2.9,2.6,2.9,3.9,9.5,3.3,4.3,3.1999999999999997,5.5,13.4,7.6,26.7,EW,1.43,3,E_EXCLUSIVE_GREEN,38.7
20.766666666666666,-0.749,0.6626,0,23.6,27.7,111.8,19.6,1.5,3.0,0.1,1.5,8.8,16.5,0.5,1.2,4.5,1.6,25.3,1.7,53.1,EW,7.79,3,E_EXCLUSIVE_GREEN,45.0
9.133333333333333,0.682,-0.7314,1,83.2,20.7,51.8,23.1,10.6,9.4,0.3,1.4,7.9,6.1,2.0,4.5,20.0,1.7,14.0,6.5,20.5,NS,5.78,1,N_EXCLUSIVE_GREEN,45.0
3.4,0.7771,0.6293,0,27.6,20.1,24.5,29.5,2.1,1.6,1.7,2.5,2.1,2.7,4.5,7.4,3.7,4.2,4.800000000000001,11.9,16.5,EW,1.75,4,W_EXCLUSIVE_GREEN,35.8
9.166666666666666,0.6756,-0.7373,1,57.7,18.9,57.6,12.9,3.0,9.0,7.8,2.7,6.1,7.3,1.3,1.2,12.0,10.5,13.399999999999999,2.5,24.2,NS,1.59,1,N_EXCLUSIVE_GREEN,41.8
2.8666666666666667,0.682,0.7314,0,22.8,28.6,124.7,25.7,2.2,6.1,5.2,5.5,15.9,15.9,0.1,4.3,8.3,10.7,31.8,4.3999999999999995,66.3,EW,5.65,3,E_EXCLUSIVE_GREEN,45.0
14.766666666666667,-0.6626,-0.749,0,39.9,24.5,28.3,26.6,3.6,4.4,1.3,3.4,0.6,8.9,3.9,2.5,8.0,4.7,9.5,6.4,10.3,NS,1.58,1,N_EXCLUSIVE_GREEN,29.2
16.35,-0.9081,-0.4187,0,22.2,22.1,28.2,31.8,1.6,5.1,0.4,3.4,2.1,3.6,1.9,4.0,6.699999999999999,3.8,5.7,5.9,8.5,EW,1.03,0,BALANCED_PHASE,23.4
21.133333333333333,-0.682,0.7314,0,26.9,31.2,26.1,55.2,3.9,1.4,2.5,2.7,0.9,2.8,6.9,5.3,5.3,5.2,3.6999999999999997,12.2,17.0,EW,2.47,4,W_EXCLUSIVE_GREEN,41.0
11.8,0.0523,-0.9986,0,24.8,23.9,25.5,70.9,2.8,4.7,1.8,2.0,0.3,3.9,11.2,13.1,7.5,3.8,4.2,24.299999999999997,46.0,EW,3.92,4,W_EXCLUSIVE_GREEN,45.0
0.23333333333333334,0.061,0.9981,0,32.4,68.6,21.8,18.6,1.6,2.7,6.4,11.5,0.9,6.4,4.0,2.7,4.300000000000001,17.9,7.300000000000001,6.7,33.8,NS,2.8,2,S_EXCLUSIVE_GREEN,45.0
6.766666666666667,0.9799,-0.1994,0,18.1,63.0,19.1,26.3,3.9,3.2,10.1,6.7,3.0,5.4,0.8,4.9,7.1,16.8,8.4,5.7,21.1,NS,2.62,2,S_EXCLUSIVE_GREEN,45.0
3.3833333333333333,0.7744,0.6327,0,29.8,25.4,34.6,27.0,4.7,2.5,2.3,3.7,4.2,4.4,1.5,6.2,7.2,6.0,8.600000000000001,7.7,17.4,EW,1.14,0,BALANCED_PHASE,30.2
1.4,0.3584,0.9336,0,21.2,22.2,30.0,32.9,2.1,1.5,5.9,1.1,10.3,3.3,7.9,9.8,3.6,7.0,13.600000000000001,17.700000000000003,23.8,EW,1.21,0,BALANCED_PHASE,45.0
8.816666666666666,0.7402,-0.6724,1,53.0,22.3,92.8,16.9,10.3,4.1,4.6,3.6,9.8,10.1,0.4,5.8,14.4,8.2,19.9,6.2,37.7,EW,3.81,3,E_EXCLUSIVE_GREEN,45.0
17.65,-0.9958,-0.0915,1,15.0,60.6,13.8,68.1,0.5,4.2,3.4,11.4,1.6,0.4,8.9,17.3,4.7,14.8,2.0,26.200000000000003,29.9,EW,7.57,4,W_EXCLUSIVE_GREEN,45.0
1.6333333333333333,0.4147,0.91,0,29.3,31.4,33.4,33.4,4.0,9.6,5.4,4.5,4.4,3.4,2.7,5.1,13.6,9.9,7.800000000000001,7.8,28.7,NS,1.22,0,BALANCED_PHASE,40.7
21.1,-0.6884,0.7254,0,25.1,23.9,30.5,23.7,0.3,3.1,4.6,2.9,1.4,4.6,0.6,2.8,3.4,7.5,6.0,3.4,16.4,EW,1.4,3,E_EXCLUSIVE_GREEN,24.1
0.05,0.0131,0.9999,0,20.8,23.8,21.7,31.9,1.1,3.4,2.4,6.7,3.2,2.0,1.7,6.5,4.5,9.1,5.2,8.2,18.2,EW,1.45,4,W_EXCLUSIVE_GREEN,29.0
13.466666666666667,-0.3746,-0.9272,0,26.6,18.6,57.3,21.5,1.9,4.3,1.2,1.1,8.5,9.9,2.0,7.4,6.199999999999999,2.3,18.4,9.4,26.7,EW,2.1,3,E_EXCLUSIVE_GREEN,45.0
15.733333333333333,-0.829,-0.5592,0,80.5,32.8,30.9,22.6,10.1,11.0,2.0,2.4,1.2,2.4,1.6,2.9,21.1,4.4,3.5999999999999996,4.5,45.5,NS,3.24,1,N_EXCLUSIVE_GREEN,45.0
9.433333333333334,0.6225,-0.7826,1,148.0,14.1,72.2,13.3,17.0,22.0,0.2,1.8,6.4,16.5,5.4,1.3,39.0,2.0,22.9,6.7,63.5,NS,12.89,1,N_EXCLUSIVE_GREEN,45.0
21.1,-0.6884,0.7254,0,34.3,24.6,27.8,22.1,2.1,6.3,2.3,1.2,2.5,4.2,1.8,11.5,8.4,3.5,6.7,13.3,20.9,NS,1.71,1,N_EXCLUSIVE_GREEN,30.1
8.65,0.7688,-0.6394,1,89.6,17.3,48.9,16.3,15.1,26.6,1.7,5.5,4.0,6.8,0.7,4.9,41.7,7.2,10.8,5.6000000000000005,52.5,NS,5.34,1,N_EXCLUSIVE_GREEN,45.0
19.733333333333334,-0.8988,0.4384,0,82.6,24.5,29.7,17.2,6.0,9.8,3.8,3.0,4.5,2.4,1.6,2.4,15.8,6.8,6.9,4.0,28.9,NS,2.65,1,N_EXCLUSIVE_GREEN,45.0
16.766666666666666,-0.9483,-0.3173,1,26.0,149.1,15.6,84.3,1.6,5.2,12.0,24.9,0.0,0.2,6.3,10.9,6.800000000000001,36.9,0.2,17.2,58.6,NS,5.33,2,S_EXCLUSIVE_GREEN,45.0
19.116666666666667,-0.9576,0.2882,1,12.9,103.6,20.4,86.0,3.9,0.8,9.4,21.3,2.3,5.6,9.3,10.6,4.7,30.700000000000003,7.8999999999999995,19.9,55.0,NS,6.61,2,S_EXCLUSIVE_GREEN,45.0
9.116666666666667,0.6852,-0.7284,1,54.5,19.6,54.2,14.2,1.6,14.0,1.2,4.9,3.6,16.1,0.0,3.3,15.6,6.1000000000000005,19.700000000000003,3.3,31.8,NS,2.52,1,N_EXCLUSIVE_GREEN,45.0
3.5166666666666666,0.796,0.6053,0,17.6,52.3,24.9,25.0,6.4,2.0,3.9,4.6,6.4,2.5,2.1,4.8,8.4,8.5,8.9,6.9,17.6,NS,1.53,2,S_EXCLUSIVE_GREEN,33.2
8.883333333333333,0.7284,-0.6852,1,61.0,13.8,61.8,12.4,5.5,8.8,0.8,2.2,9.1,2.7,0.7,1.5,14.3,3.0,11.8,2.2,25.6,NS,4.24,1,N_EXCLUSIVE_GREEN,45.0
16.2,-0.891,-0.454,0,17.8,17.2,28.1,57.2,1.3,0.8,7.6,1.5,4.6,3.1,13.6,10.3,2.1,9.1,7.699999999999999,23.9,46.9,EW,2.56,4,W_EXCLUSIVE_GREEN,45.0
9.166666666666666,0.6756,-0.7373,1,101.8,15.1,67.1,14.7,13.7,18.7,0.4,4.5,10.7,6.8,1.8,3.6,32.4,4.9,17.5,5.4,48.3,NS,6.26,1,N_EXCLUSIVE_GREEN,45.0
1.5833333333333335,0.4027,0.9153,0,27.9,23.1,24.7,36.8,2.2,1.1,0.8,3.4,1.4,5.0,5.9,8.3,3.3000000000000003,4.2,6.4,14.200000000000001,21.8,EW,1.82,4,W_EXCLUSIVE_GREEN,42.2
6.733333333333333,0.9816,-0.1908,0,28.2,27.4,24.1,22.5,2.5,7.5,1.4,2.7,0.4,2.1,1.1,0.5,10.0,4.1,2.5,1.6,13.8,NS,1.55,1,N_EXCLUSIVE_GREEN,31.5
10.25,0.4423,-0.8969,0,89.0,26.9,23.6,23.2,11.5,14.6,2.8,3.1,4.8,2.8,9.2,1.6,26.1,5.9,7.6,10.799999999999999,39.7,NS,3.73,1,N_EXCLUSIVE_GREEN,45.0
3.8833333333333333,0.8504,0.5262,0,34.3,22.7,32.8,35.0,9.3,7.4,2.0,1.6,3.0,4.5,0.6,9.7,16.700000000000003,3.6,7.5,10.299999999999999,20.7,EW,1.19,0,BALANCED_PHASE,34.0
15.15,-0.7343,-0.6788,0,26.9,34.6,23.6,22.0,1.7,9.9,3.2,1.9,3.4,3.2,1.6,2.6,11.6,5.1,6.6,4.2,12.8,NS,1.69,1,N_EXCLUSIVE_GREEN,35.7
16.066666666666666,-0.8746,-0.4848,0,23.9,25.3,31.0,22.5,2.1,8.2,0.8,5.9,2.2,13.1,1.1,3.7,10.299999999999999,6.7,15.3,4.800000000000001,23.2,EW,2.19,3,E_EXCLUSIVE_GREEN,43.5
3.95,0.8594,0.5113,0,26.5,65.1,28.1,20.0,1.8,4.8,12.5,18.5,7.9,3.8,0.9,2.1,6.6,31.0,11.7,3.0,35.6,NS,3.55,2,S_EXCLUSIVE_GREEN,45.0
14.3,-0.5664,-0.8241,0,84.8,25.3,18.3,23.0,7.1,12.1,2.1,3.5,0.8,2.6,0.6,5.6,19.2,5.6,3.4000000000000004,6.199999999999999,35.8,NS,3.24,1,N_EXCLUSIVE_GREEN,45.0
3.8666666666666667,0.848,0.5299,0,69.5,20.9,30.6,18.4,8.9,17.8,2.0,3.1,1.1,9.7,0.7,5.8,26.700000000000003,5.1,10.799999999999999,6.5,53.5,NS,4.15,1,N_EXCLUSIVE_GREEN,45.0
9.383333333333333,0.6327,-0.7744,1,61.7,21.1,59.3,13.1,6.8,17.4,2.9,4.9,9.6,10.8,2.1,2.1,24.2,7.800000000000001,20.4,4.2,31.0,NS,2.92,1,N_EXCLUSIVE_GREEN,45.0
21.333333333333332,-0.6428,0.766,0,30.2,31.2,25.2,21.2,1.0,6.6,1.9,2.3,0.9,4.3,3.2,6.4,7.6,4.199999999999999,5.2,9.600000000000001,11.1,NS,1.29,0,BALANCED_PHASE,26.9
3.1,0.7254,0.6884,0,32.2,34.5,24.7,25.0,8.6,8.4,4.5,2.3,2.0,11.1,2.4,0.3,17.0,6.8,13.1,2.6999999999999997,34.2,NS,1.74,1,N_EXCLUSIVE_GREEN,45.0
1.0,0.2588,0.9659,0,26.9,20.3,22.3,28.5,4.0,3.6,2.5,7.3,1.5,3.4,3.6,7.6,7.6,9.8,4.9,11.2,20.0,EW,1.72,4,W_EXCLUSIVE_GREEN,34.5
21.683333333333334,-0.57,0.8216,0,25.3,24.6,114.3,18.6,3.3,3.9,2.0,3.5,12.0,11.2,3.2,6.0,7.199999999999999,5.5,23.2,9.2,30.4,EW,3.43,3,E_EXCLUSIVE_GREEN,45.0
14.65,-0.6394,-0.7688,0,103.3,21.9,31.3,31.1,19.7,23.0,2.5,1.5,4.5,3.8,3.2,7.5,42.7,4.0,8.3,10.7,52.8,NS,7.13,1,N_EXCLUSIVE_GREEN,45.0
11.866666666666667,0.0349,-0.9994,0,85.2,29.6,19.2,22.6,9.3,16.9,1.3,4.9,0.8,1.0,0.9,2.2,26.2,6.2,1.8,3.1,57.2,NS,3.43,1,N_EXCLUSIVE_GREEN,45.0
12.416666666666666,-0.1089,-0.9941,0,29.5,37.9,33.5,21.1,1.0,3.7,4.5,4.9,4.3,2.3,2.2,2.8,4.7,9.4,6.6,5.0,12.3,NS,1.53,2,S_EXCLUSIVE_GREEN,31.9
8.883333333333333,0.7284,-0.6852,1,77.2,24.8,116.6,15.4,7.1,17.2,3.8,5.4,12.3,23.7,1.3,0.8,24.299999999999997,9.2,36.0,2.1,38.0,EW,10.45,3,E_EXCLUSIVE_GREEN,45.0
12.733333333333333,-0.1908,-0.9816,0,33.5,21.1,24.2,23.0,3.3,2.4,1.2,3.4,2.2,2.8,3.1,11.8,5.699999999999999,4.6,5.0,14.9,31.8,EW,1.96,3,E_EXCLUSIVE_GREEN,42.3
13.683333333333334,-0.4266,-0.9045,0,20.9,20.6,38.8,23.4,1.8,4.3,1.1,2.6,3.3,8.4,2.1,2.8,6.1,3.7,11.7,4.9,20.1,EW,1.93,3,E_EXCLUSIVE_GREEN,37.4
5.116666666666666,0.9734,0.2292,0,97.9,19.3,30.5,21.8,6.5,18.7,1.1,4.9,2.9,7.3,1.7,5.1,25.2,6.0,10.2,6.8,50.8,NS,4.32,1,N_EXCLUSIVE_GREEN,45.0
5.1,0.9724,0.2334,0,21.6,24.2,32.8,23.1,2.2,0.8,2.6,5.3,1.7,3.1,1.4,1.3,3.0,7.9,4.8,2.7,12.5,EW,1.45,3,E_EXCLUSIVE_GREEN,21.7
18.5,-0.9914,0.1305,1,12.2,55.5,13.8,66.3,1.0,0.5,11.4,7.2,1.7,1.2,7.6,13.0,1.5,18.6,2.9,20.6,27.3,EW,5.49,4,W_EXCLUSIVE_GREEN,45.0
18.716666666666665,-0.9825,0.1865,1,15.5,96.8,13.9,50.1,1.0,1.7,11.7,19.0,2.3,1.9,6.0,5.5,2.7,30.7,4.199999999999999,11.5,67.4,NS,7.94,2,S_EXCLUSIVE_GREEN,45.0
14.183333333333334,-0.541,-0.841,0,31.5,35.1,23.5,22.0,5.6,11.0,3.9,9.9,1.5,7.4,2.3,1.6,16.6,13.8,8.9,3.9,28.4,NS,1.15,0,BALANCED_PHASE,45.0
11.65,0.0915,-0.9958,0,23.4,98.6,17.9,24.7,1.2,1.4,8.0,13.6,0.2,2.2,3.2,11.5,2.5999999999999996,21.6,2.4000000000000004,14.7,42.2,NS,5.31,2,S_EXCLUSIVE_GREEN,45.0
15.966666666666667,-0.8616,-0.5075,0,26.7,39.7,25.1,22.2,5.6,3.6,5.4,6.9,2.9,1.8,2.2,3.1,9.2,12.3,4.7,5.300000000000001,21.6,NS,1.35,0,BALANCED_PHASE,38.9
13.466666666666667,-0.3746,-0.9272,0,28.2,26.8,55.2,18.9,0.4,3.7,6.7,3.5,3.6,11.9,0.2,4.7,4.1000000000000005,10.2,15.5,4.9,28.3,EW,2.89,3,E_EXCLUSIVE_GREEN,45.0
20.333333333333332,-0.8192,0.5736,0,20.4,51.7,24.7,25.9,1.9,3.0,1.8,6.7,1.2,2.9,4.1,3.9,4.9,8.5,4.1,8.0,10.7,NS,1.99,2,S_EXCLUSIVE_GREEN,32.4
21.916666666666668,-0.5188,0.8549,0,52.7,32.8,24.3,19.1,8.2,4.1,2.9,7.4,1.3,3.4,4.1,6.8,12.299999999999999,10.3,4.7,10.899999999999999,17.9,NS,1.32,1,N_EXCLUSIVE_GREEN,40.9
13.7,-0.4305,-0.9026,0,24.7,37.5,30.9,28.4,0.7,15.6,3.2,8.4,4.9,3.8,1.4,4.5,16.3,11.600000000000001,8.7,5.9,23.8,NS,1.4,0,BALANCED_PHASE,45.0
15.366666666666667,-0.7716,-0.6361,0,22.3,24.1,27.7,25.4,3.6,5.4,0.8,2.5,3.0,8.4,1.2,7.6,9.0,3.3,11.4,8.799999999999999,19.6,EW,1.18,0,BALANCED_PHASE,34.7
20.4,-0.809,0.5878,0,87.6,23.7,23.8,20.9,4.2,23.2,2.8,4.6,2.6,1.1,0.3,1.8,27.4,7.3999999999999995,3.7,2.1,35.2,NS,3.56,1,N_EXCLUSIVE_GREEN,45.0
0.6833333333333333,0.1779,0.984,0,35.4,35.5,22.1,23.3,2.8,4.4,3.6,6.6,0.6,1.6,1.5,1.5,7.2,10.2,2.2,3.0,14.4,NS,1.17,0,BALANCED_PHASE,33.2
16.9,-0.9588,-0.284,1,20.7,62.2,15.7,52.2,4.2,2.1,7.0,15.1,1.1,2.2,2.3,8.3,6.300000000000001,22.1,3.3000000000000003,10.600000000000001,33.5,NS,3.16,2,S_EXCLUSIVE_GREEN,45.0
15.9,-0.8526,-0.5225,0,24.6,21.9,29.8,25.5,3.9,6.2,0.4,0.6,1.7,7.5,1.9,3.4,10.1,1.0,9.2,5.3,18.8,EW,1.39,0,BALANCED_PHASE,30.6
5.066666666666666,0.9703,0.2419,0,37.7,22.7,35.5,23.6,5.3,6.0,4.0,11.6,1.0,3.4,4.6,4.7,11.3,15.6,4.4,9.3,20.9,NS,1.42,1,N_EXCLUSIVE_GREEN,45.0
10.25,0.4423,-0.8969,0,21.3,29.4,121.5,20.8,2.2,1.5,2.2,3.9,17.7,23.0,4.0,2.4,3.7,6.1,40.7,6.4,53.4,EW,5.88,3,E_EXCLUSIVE_GREEN,45.0
1.5333333333333332,0.3907,0.9205,0,21.7,31.0,17.7,97.2,0.6,1.9,6.4,5.8,2.6,2.1,4.8,21.3,2.5,12.2,4.7,26.1,26.9,EW,5.21,4,W_EXCLUSIVE_GREEN,45.0
12.866666666666667,-0.225,-0.9744,0,22.6,21.2,19.7,50.3,0.9,1.4,3.2,1.9,0.9,3.8,4.5,10.5,2.3,5.1,4.7,15.0,26.3,EW,2.74,4,W_EXCLUSIVE_GREEN,45.0
14.85,-0.6788,-0.7343,0,20.1,25.0,20.8,31.9,2.0,2.6,7.2,3.8,1.3,3.1,2.0,2.1,4.6,11.0,4.4,4.1,17.8,EW,1.23,0,BALANCED_PHASE,21.3
2.9,0.6884,0.7254,0,32.8,26.8,40.0,21.5,4.6,3.3,1.5,2.2,0.9,3.9,2.2,2.1,7.8999999999999995,3.7,4.8,4.300000000000001,16.7,NS,1.51,1,N_EXCLUSIVE_GREEN,28.4
10.116666666666667,0.4733,-0.8809,0,39.0,24.5,21.8,30.5,3.7,6.5,1.6,5.0,3.5,5.2,1.2,5.8,10.2,6.6,8.7,7.0,19.1,NS,1.5,1,N_EXCLUSIVE_GREEN,34.3
23.683333333333334,-0.0828,0.9966,0,31.5,28.8,28.4,138.5,0.9,5.2,1.2,2.3,2.1,7.0,13.6,36.6,6.1000000000000005,3.5,9.1,50.2,70.8,EW,5.1,4,W_EXCLUSIVE_GREEN,45.0
13.033333333333333,-0.2672,-0.9636,0,22.7,26.9,24.4,20.4,9.6,5.6,2.2,0.9,3.6,1.9,3.3,5.2,15.2,3.1,5.5,8.5,29.9,NS,2.53,1,N_EXCLUSIVE_GREEN,43.2
0.8666666666666667,0.225,0.9744,0,18.5,23.5,87.3,23.3,1.0,5.9,1.3,3.7,10.8,10.9,0.7,3.0,6.9,5.0,21.700000000000003,3.7,36.9,EW,4.42,3,E_EXCLUSIVE_GREEN,45.0
16.583333333333332,-0.932,-0.3624,1,23.2,50.2,16.1,63.0,4.5,3.8,12.4,3.5,1.5,0.3,7.3,12.0,8.3,15.9,1.8,19.3,36.1,EW,5.78,4,W_EXCLUSIVE_GREEN,45.0
6.683333333333334,0.984,-0.1779,0,29.3,26.7,23.1,23.2,3.4,6.8,2.7,3.3,2.6,1.2,0.9,1.4,10.2,6.0,3.8,2.3,17.6,NS,1.36,0,BALANCED_PHASE,32.4
10.383333333333333,0.4107,-0.9118,0,28.2,28.9,32.1,30.1,3.1,6.5,1.6,1.8,4.2,5.0,3.0,4.4,9.6,3.4000000000000004,9.2,7.4,14.1,EW,1.12,0,BALANCED_PHASE,30.6
7.9,0.8788,-0.4772,1,61.0,16.2,80.2,12.0,6.8,10.3,11.2,3.3,6.4,17.1,1.8,6.6,17.1,14.5,23.5,8.4,31.1,EW,3.5,3,E_EXCLUSIVE_GREEN,45.0
14.35,-0.5771,-0.8166,0,20.5,30.3,34.7,20.1,1.1,7.3,3.5,3.3,2.5,8.1,3.2,3.1,8.4,6.8,10.6,6.300000000000001,12.9,EW,1.62,3,E_EXCLUSIVE_GREEN,33.7
19.633333333333333,-0.91,0.4147,0,33.0,26.4,25.1,38.7,6.5,4.3,1.6,5.4,17.4,4.1,3.7,7.1,10.8,7.0,21.5,10.8,36.2,EW,1.79,3,E_EXCLUSIVE_GREEN,45.0
21.383333333333333,-0.6327,0.7744,0,22.0,38.5,26.7,28.7,3.4,3.4,3.8,2.7,3.8,9.4,3.6,7.1,6.8,6.5,13.2,10.7,28.7,EW,1.14,0,BALANCED_PHASE,39.4
3.1,0.7254,0.6884,0,22.0,22.5,21.7,31.2,3.1,1.1,9.3,4.1,1.6,6.7,1.7,6.1,4.2,13.4,8.3,7.8,17.3,EW,1.15,0,BALANCED_PHASE,28.9
7.0,0.9659,-0.2588,1,75.1,18.3,107.7,18.8,6.9,10.9,3.6,2.7,6.8,19.1,3.3,3.4,17.8,6.300000000000001,25.900000000000002,6.699999999999999,46.9,EW,4.33,3,E_EXCLUSIVE_GREEN,45.0
10.366666666666667,0.4147,-0.91,0,38.3,20.3,20.9,35.5,5.5,11.9,2.2,0.4,2.1,3.4,6.2,1.8,17.4,2.6,5.5,8.0,24.0,NS,3.5,1,N_EXCLUSIVE_GREEN,45.0
9.583333333333334,0.5913,-0.8064,0,20.9,21.9,25.3,20.9,2.8,4.9,5.7,1.8,6.9,2.6,1.1,7.6,7.7,7.5,9.5,8.7,12.2,EW,1.09,0,BALANCED_PHASE,29.8
22.1,-0.4772,0.8788,0,21.9,56.4,18.3,26.2,2.6,0.3,3.2,12.7,5.8,5.3,1.6,5.7,2.9,15.899999999999999,11.1,7.300000000000001,28.5,NS,3.5,2,S_EXCLUSIVE_GREEN,45.0
15.133333333333333,-0.7314,-0.682,0,25.2,34.8,32.0,20.7,2.3,3.2,1.7,6.3,1.7,2.5,0.4,6.4,5.5,8.0,4.2,6.800000000000001,9.2,NS,1.36,0,BALANCED_PHASE,28.2
23.766666666666666,-0.061,0.9981,0,21.9,21.9,28.8,36.0,1.9,0.3,1.4,0.4,3.3,2.0,1.0,4.8,2.1999999999999997,1.7999999999999998,5.3,5.8,8.0,EW,1.13,0,BALANCED_PHASE,23.9
8.65,0.7688,-0.6394,1,113.1,21.4,62.4,20.3,10.7,23.4,3.8,2.0,8.4,17.4,0.9,2.6,34.099999999999994,5.8,25.799999999999997,3.5,38.5,NS,5.36,1,N_EXCLUSIVE_GREEN,45.0
6.2,0.9986,-0.0523,0,28.5,32.2,23.8,50.4,4.9,7.1,3.9,6.3,0.8,3.2,5.6,3.7,12.0,10.2,4.0,9.3,16.3,EW,2.09,4,W_EXCLUSIVE_GREEN,34.3
6.483333333333333,0.992,-0.1262,0,26.6,31.3,20.2,26.8,3.2,3.8,8.9,3.8,7.0,1.5,1.8,8.9,7.0,12.7,8.5,10.700000000000001,20.0,NS,1.48,2,S_EXCLUSIVE_GREEN,38.0
6.75,0.9808,-0.1951,0,28.5,26.5,23.9,86.7,1.5,4.2,1.7,2.1,1.6,5.5,10.6,19.0,5.7,3.8,7.1,29.6,56.2,EW,3.79,4,W_EXCLUSIVE_GREEN,45.0
1.9833333333333334,0.4962,0.8682,0,25.2,38.5,33.0,37.1,2.0,3.7,3.3,7.4,7.8,13.5,2.9,9.1,5.7,10.7,21.3,12.0,26.8,EW,1.5,3,E_EXCLUSIVE_GREEN,45.0
21.616666666666667,-0.5842,0.8116,0,22.1,22.6,23.0,78.1,3.8,1.8,0.9,5.3,3.3,4.3,12.4,17.3,5.6,6.2,7.6,29.700000000000003,40.4,EW,3.57,4,W_EXCLUSIVE_GREEN,45.0
14.7,-0.6494,-0.7604,0,20.7,30.3,26.0,27.4,0.2,3.4,1.9,4.0,1.7,8.8,0.3,7.9,3.6,5.9,10.5,8.200000000000001,20.7,EW,1.15,0,BALANCED_PHASE,33.0
16.133333333333333,-0.8829,-0.4695,0,33.6,25.4,37.5,32.1,1.2,9.3,0.8,2.6,1.6,5.4,4.6,4.7,10.5,3.4000000000000004,7.0,9.3,18.3,EW,1.21,0,BALANCED_PHASE,32.2
0.55,0.1435,0.9897,0,35.3,37.3,21.9,28.1,4.7,5.8,0.5,4.9,2.4,5.0,4.5,6.6,10.5,5.4,7.4,11.1,13.8,NS,1.39,0,BALANCED_PHASE,34.1
17.983333333333334,-1.0,-0.0044,1,15.6,99.2,13.9,65.1,2.0,2.0,14.3,13.1,0.6,2.1,4.4,11.2,4.0,27.4,2.7,15.6,35.8,NS,6.19,2,S_EXCLUSIVE_GREEN,45.0
13.883333333333333,-0.4733,-0.8809,0,22.9,20.7,34.5,27.3,2.8,1.5,0.2,4.5,3.4,4.8,0.8,7.1,4.3,4.7,8.2,7.8999999999999995,16.3,EW,1.09,0,BALANCED_PHASE,29.2
16.816666666666666,-0.9524,-0.3049,1,16.1,81.2,12.1,91.4,0.2,4.1,13.7,16.4,0.1,1.8,12.1,26.2,4.3,30.099999999999998,1.9000000000000001,38.3,69.5,EW,11.72,4,W_EXCLUSIVE_GREEN,45.0
5.733333333333333,0.9976,0.0698,0,31.7,31.7,21.3,25.2,2.6,9.7,4.1,3.6,3.9,3.8,3.9,3.0,12.299999999999999,7.699999999999999,7.699999999999999,6.9,23.9,NS,1.28,0,BALANCED_PHASE,37.7
23.866666666666667,-0.0349,0.9994,0,18.8,17.2,19.5,140.4,1.0,2.7,1.7,0.6,1.0,2.9,17.1,32.5,3.7,2.3,3.9,49.6,55.3,EW,9.35,4,W_EXCLUSIVE_GREEN,45.0
21.633333333333333,-0.5807,0.8141,0,20.5,21.4,37.5,34.3,0.3,4.0,1.4,6.9,4.8,3.7,3.9,2.9,4.3,8.3,8.5,6.8,16.0,EW,1.13,0,BALANCED_PHASE,30.4
10.533333333333333,0.3746,-0.9272,0,33.8,29.9,22.9,24.1,2.2,4.3,2.3,1.7,0.9,3.6,1.4,1.5,6.5,4.0,4.5,2.9,9.7,NS,1.27,0,BALANCED_PHASE,25.1
13.633333333333333,-0.4147,-0.91,0,35.8,31.2,26.6,21.4,3.7,6.4,6.1,1.9,2.3,2.5,1.9,1.6,10.100000000000001,8.0,4.8,3.5,13.3,NS,1.17,0,BALANCED_PHASE,33.0
7.283333333333333,0.9441,-0.3297,1,131.7,12.1,79.9,12.7,19.0,20.2,1.8,2.2,7.4,11.5,0.2,0.7,39.2,4.0,18.9,0.8999999999999999,75.7,NS,9.47,1,N_EXCLUSIVE_GREEN,45.0
12.35,-0.0915,-0.9958,0,32.3,37.4,27.9,28.7,1.1,4.3,6.0,9.1,4.3,2.6,3.6,3.6,5.4,15.1,6.9,7.2,24.7,NS,1.83,2,S_EXCLUSIVE_GREEN,44.4
14.85,-0.6788,-0.7343,0,19.5,28.6,30.3,101.4,0.4,5.4,3.0,5.0,2.0,8.0,22.4,13.1,5.800000000000001,8.0,10.0,35.5,44.0,EW,3.37,4,W_EXCLUSIVE_GREEN,45.0
19.733333333333334,-0.8988,0.4384,0,22.8,20.9,27.7,32.1,4.2,2.6,2.1,2.0,3.1,3.8,1.8,3.6,6.800000000000001,4.1,6.9,5.4,14.8,EW,1.16,0,BALANCED_PHASE,26.1
16.316666666666666,-0.9045,-0.4266,0,22.6,20.4,24.9,20.7,1.4,2.4,2.8,2.5,2.2,1.3,1.0,1.9,3.8,5.3,3.5,2.9,6.4,NS,1.17,0,BALANCED_PHASE,20.3
17.916666666666668,-0.9998,-0.0218,1,17.5,54.9,24.6,111.6,8.3,2.8,4.9,12.1,2.4,3.7,8.0,16.6,11.100000000000001,17.0,6.1,24.6,51.6,EW,4.07,4,W_EXCLUSIVE_GREEN,45.0
10.75,0.3214,-0.9469,0,21.1,24.4,31.8,22.4,0.3,1.7,2.5,6.5,4.7,5.1,2.2,3.5,2.0,9.0,9.8,5.7,16.9,EW,1.51,3,E_EXCLUSIVE_GREEN,32.0
17.666666666666668,-0.9962,-0.0872,1,19.0,71.8,14.7,48.2,2.1,4.3,5.0,11.5,1.2,1.0,7.5,9.1,6.4,16.5,2.2,16.6,29.7,NS,2.88,2,S_EXCLUSIVE_GREEN,45.0
6.2,0.9986,-0.0523,0,32.9,25.9,54.0,19.4,3.1,5.0,4.6,1.3,8.9,8.3,1.3,9.8,8.1,5.8999999999999995,17.200000000000003,11.100000000000001,37.3,EW,1.81,3,E_EXCLUSIVE_GREEN,45.0
21.366666666666667,-0.6361,0.7716,0,24.7,36.0,36.7,22.5,5.5,2.7,2.2,2.6,4.6,6.7,3.1,1.0,8.2,4.800000000000001,11.3,4.1,18.5,EW,2.05,3,E_EXCLUSIVE_GREEN,36.1
4.75,0.9469,0.3214,0,25.1,20.1,20.2,25.2,2.2,5.4,1.6,3.2,0.8,3.2,3.5,2.0,7.6000000000000005,4.800000000000001,4.0,5.5,9.1,NS,1.35,0,BALANCED_PHASE,25.6
5.533333333333333,0.9925,0.1219,0,31.6,34.9,36.2,30.8,2.9,4.5,5.7,8.0,4.3,14.8,1.2,3.1,7.4,13.7,19.1,4.3,24.0,EW,2.41,3,E_EXCLUSIVE_GREEN,45.0
20.333333333333332,-0.8192,0.5736,0,24.9,21.2,25.1,27.6,3.7,5.8,0.8,5.1,2.2,1.5,4.3,7.5,9.5,5.8999999999999995,3.7,11.8,12.0,EW,1.88,4,W_EXCLUSIVE_GREEN,34.8
11.583333333333334,0.1089,-0.9941,0,20.7,21.9,20.6,22.3,1.5,3.7,2.6,2.2,2.3,3.3,4.0,3.8,5.2,4.800000000000001,5.6,7.8,8.8,EW,1.2,0,BALANCED_PHASE,25.5
18.7,-0.9833,0.1822,1,13.4,69.4,15.0,55.5,1.2,1.9,10.6,7.8,10.1,1.1,3.8,13.2,3.0999999999999996,18.4,11.2,17.0,36.4,NS,5.13,2,S_EXCLUSIVE_GREEN,45.0
22.433333333333334,-0.3987,0.9171,0,22.9,24.9,32.3,34.1,0.2,5.4,5.4,7.7,2.7,6.6,4.6,4.6,5.6000000000000005,13.100000000000001,9.3,9.2,14.2,EW,1.0,0,BALANCED_PHASE,31.2
17.3,-0.9833,-0.1822,1,20.5,102.6,12.2,98.9,1.4,1.8,11.5,22.2,2.6,2.0,4.9,30.7,3.2,33.7,4.6,35.6,67.9,NS,6.95,2,S_EXCLUSIVE_GREEN,45.0
13.85,-0.4656,-0.885,0,116.2,21.1,23.1,18.0,18.4,18.2,2.8,0.6,4.5,0.8,4.9,2.2,36.599999999999994,3.4,5.3,7.1000000000000005,71.9,NS,7.37,1,N_EXCLUSIVE_GREEN,45.0
0.4,0.1045,0.9945,0,88.1,32.8,22.9,17.2,8.4,16.9,1.8,4.0,3.3,2.9,3.6,1.3,25.299999999999997,5.8,6.199999999999999,4.9,35.1,NS,3.34,1,N_EXCLUSIVE_GREEN,45.0
6.283333333333333,0.9973,-0.0741,0,32.3,24.3,38.2,34.2,1.4,2.2,0.7,2.8,7.8,3.1,1.2,7.7,3.6,3.5,10.9,8.9,23.4,EW,1.14,0,BALANCED_PHASE,36.0
5.3,0.9833,0.1822,0,21.0,32.4,22.2,28.4,4.3,3.4,1.2,4.2,0.4,6.2,2.1,4.6,7.699999999999999,5.4,6.6000000000000005,6.699999999999999,16.7,NS,1.4,1,N_EXCLUSIVE_GREEN,27.9
4.883333333333333,0.9576,0.2882,0,19.0,24.5,112.5,19.2,2.4,2.3,1.1,7.3,15.6,19.3,1.9,4.4,4.699999999999999,8.4,34.9,6.300000000000001,73.4,EW,5.39,3,E_EXCLUSIVE_GREEN,45.0
6.8,0.9781,-0.2079,0,37.5,25.3,27.2,26.8,7.3,5.4,1.4,2.3,2.8,1.6,0.8,1.7,12.7,3.6999999999999997,4.4,2.5,21.5,NS,2.18,1,N_EXCLUSIVE_GREEN,39.3
11.866666666666667,0.0349,-0.9994,0,25.0,22.4,20.5,29.5,1.3,6.2,2.8,5.5,2.3,3.6,1.6,6.9,7.5,8.3,5.9,8.5,14.2,EW,1.37,0,BALANCED_PHASE,28.7
19.916666666666668,-0.8767,0.481,0,34.9,28.7,29.1,23.0,0.8,6.1,4.5,1.7,2.8,5.9,1.1,5.2,6.8999999999999995,6.2,8.7,6.300000000000001,17.4,NS,1.12,0,BALANCED_PHASE,26.8
17.916666666666668,-0.9998,-0.0218,1,14.3,123.1,15.7,56.1,0.7,4.4,9.8,15.9,0.9,3.4,6.4,3.5,5.1000000000000005,25.700000000000003,4.3,9.9,51.7,NS,5.94,2,S_EXCLUSIVE_GREEN,45.0
7.783333333333333,0.893,-0.4501,1,55.4,15.5,51.0,17.0,8.5,6.0,0.2,2.0,7.4,7.6,3.2,3.9,14.5,2.2,15.0,7.1,22.7,EW,2.29,3,E_EXCLUSIVE_GREEN,45.0
20.583333333333332,-0.7799,0.6259,0,26.3,23.5,148.5,25.9,1.6,8.3,5.5,3.2,19.0,29.5,1.6,1.3,9.9,8.7,48.5,2.9000000000000004,60.9,EW,9.11,3,E_EXCLUSIVE_GREEN,45.0
22.7,-0.3338,0.9426,0,20.9,32.5,21.4,51.5,4.4,1.5,2.4,2.6,1.5,0.4,5.8,10.0,5.9,5.0,1.9,15.8,33.3,EW,3.91,4,W_EXCLUSIVE_GREEN,45.0
12.433333333333334,-0.1132,-0.9936,0,26.7,32.6,39.9,25.6,1.7,1.5,5.3,1.9,11.7,3.5,2.6,4.5,3.2,7.199999999999999,15.2,7.1,29.8,EW,1.82,3,E_EXCLUSIVE_GREEN,45.0
21.333333333333332,-0.6428,0.766,0,30.2,25.5,37.2,22.9,8.8,5.2,2.7,1.5,1.5,1.6,3.7,4.3,14.0,4.2,3.1,8.0,20.4,NS,2.04,1,N_EXCLUSIVE_GREEN,40.5
1.0,0.2588,0.9659,0,22.1,30.9,20.7,20.5,0.8,3.3,3.7,0.7,1.6,4.9,4.4,1.2,4.1,4.4,6.5,5.6000000000000005,6.7,NS,1.17,0,BALANCED_PHASE,20.0
6.65,0.9856,-0.1693,0,20.1,21.9,23.9,20.3,1.7,3.1,1.1,7.6,1.8,4.5,0.2,1.7,4.8,8.7,6.3,1.9,12.3,NS,1.4,2,S_EXCLUSIVE_GREEN,27.6
14.883333333333333,-0.6852,-0.7284,0,20.8,18.8,51.3,19.6,4.6,1.8,1.1,1.1,7.6,6.5,2.6,1.6,6.3999999999999995,2.2,14.1,4.2,16.0,EW,2.83,3,E_EXCLUSIVE_GREEN,44.0
18.566666666666666,-0.989,0.1478,1,18.9,56.5,19.0,88.2,1.8,7.2,8.8,6.9,4.2,1.1,6.3,23.3,9.0,15.700000000000001,5.300000000000001,29.6,56.7,EW,4.92,4,W_EXCLUSIVE_GREEN,45.0
23.633333333333333,-0.0958,0.9954,0,31.3,82.2,26.1,31.3,4.8,2.4,10.3,18.3,2.9,9.1,5.0,4.8,7.199999999999999,28.6,12.0,9.8,58.7,NS,3.22,2,S_EXCLUSIVE_GREEN,45.0
9.466666666666667,0.6157,-0.788,1,58.7,23.1,51.3,19.5,13.1,13.4,0.7,8.2,5.1,17.8,2.4,2.1,26.5,8.899999999999999,22.9,4.5,33.8,NS,2.73,1,N_EXCLUSIVE_GREEN,45.0
5.716666666666667,0.9973,0.0741,0,22.4,63.4,30.8,18.3,3.5,4.4,8.4,10.4,5.6,4.6,0.6,3.5,7.9,18.8,10.2,4.1,32.0,NS,2.44,2,S_EXCLUSIVE_GREEN,45.0
23.533333333333335,-0.1219,0.9925,0,63.3,26.8,18.7,23.4,6.4,9.2,4.4,2.3,0.6,0.4,3.6,1.5,15.6,6.7,1.0,5.1,21.5,NS,2.25,1,N_EXCLUSIVE_GREEN,45.0
13.283333333333333,-0.3297,-0.9441,0,26.6,31.8,20.7,26.3,1.6,2.4,3.8,3.4,4.0,4.2,5.4,2.2,4.0,7.199999999999999,8.2,7.6000000000000005,14.8,NS,1.38,0,BALANCED_PHASE,26.6
4.166666666666667,0.887,0.4617,0,24.1,22.9,36.1,20.6,2.6,3.0,2.3,5.0,3.8,5.9,2.2,7.8,5.6,7.3,9.7,10.0,12.5,EW,1.2,0,BALANCED_PHASE,32.7
8.0,0.866,-0.5,1,56.1,15.1,51.0,12.6,2.1,11.5,0.6,6.0,5.6,17.6,1.5,4.0,13.6,6.6,23.200000000000003,5.5,37.8,EW,3.92,3,E_EXCLUSIVE_GREEN,45.0
10.483333333333333,0.3867,-0.9222,0,39.7,23.7,33.5,27.0,4.7,6.2,1.5,2.1,4.6,3.1,3.3,3.5,10.9,3.6,7.699999999999999,6.8,23.9,NS,2.13,1,N_EXCLUSIVE_GREEN,36.3
4.033333333333333,0.8704,0.4924,0,21.8,18.2,81.0,19.8,1.2,3.0,3.2,1.3,15.7,8.7,2.0,1.6,4.2,4.5,24.4,3.6,28.5,EW,5.04,3,E_EXCLUSIVE_GREEN,45.0
19.05,-0.9625,0.2714,1,22.2,113.2,13.1,58.1,0.2,3.2,18.3,11.2,0.3,0.5,2.1,10.2,3.4000000000000004,29.5,0.8,12.299999999999999,34.2,NS,6.26,2,S_EXCLUSIVE_GREEN,45.0
20.65,-0.7688,0.6394,0,31.6,38.3,29.4,31.9,2.2,10.3,5.2,6.0,0.6,2.5,0.6,2.9,12.5,11.2,3.1,3.5,24.2,NS,1.12,0,BALANCED_PHASE,39.3
9.516666666666667,0.6053,-0.796,0,23.2,20.4,28.4,23.3,1.8,3.0,0.6,10.7,3.7,9.5,4.8,0.9,4.8,11.299999999999999,13.2,5.7,16.1,EW,1.74,3,E_EXCLUSIVE_GREEN,38.1
17.366666666666667,-0.9863,-0.165,1,19.4,90.3,12.7,64.9,0.7,1.8,10.3,18.8,0.1,2.7,2.9,9.9,2.5,29.1,2.8000000000000003,12.8,62.0,NS,6.85,2,S_EXCLUSIVE_GREEN,45.0
2.8333333333333335,0.6756,0.7373,0,30.0,29.3,36.9,24.4,3.2,1.1,8.8,8.0,8.5,5.6,1.7,1.1,4.300000000000001,16.8,14.1,2.8,21.6,NS,2.14,1,N_EXCLUSIVE_GREEN,45.0
16.233333333333334,-0.8949,-0.4462,0,36.7,35.9,30.3,39.5,2.4,4.0,5.4,4.1,3.3,3.0,4.1,2.5,6.4,9.5,6.3,6.6,11.0,NS,1.19,0,BALANCED_PHASE,31.7
16.066666666666666,-0.8746,-0.4848,0,28.5,20.8,38.1,20.1,8.8,3.1,1.7,4.2,10.5,6.1,1.2,2.1,11.9,5.9,16.6,3.3,34.3,EW,3.1,3,E_EXCLUSIVE_GREEN,45.0
5.433333333333334,0.989,0.1478,0,28.3,39.8,22.3,21.3,3.5,8.8,3.7,3.9,1.3,6.1,2.3,0.9,12.3,7.6,7.3999999999999995,3.1999999999999997,17.7,NS,1.47,1,N_EXCLUSIVE_GREEN,38.5
12.083333333333334,-0.0218,-0.9998,0,21.5,103.3,32.1,28.6,2.9,11.6,8.0,24.8,3.0,8.1,0.7,5.9,14.5,32.8,11.1,6.6000000000000005,46.4,NS,2.77,2,S_EXCLUSIVE_GREEN,45.0
21.35,-0.6394,0.7688,0,19.2,19.2,60.9,18.4,1.7,1.7,7.6,0.9,13.0,9.3,0.6,4.0,3.4,8.5,22.3,4.6,40.2,EW,3.93,3,E_EXCLUSIVE_GREEN,45.0
6.8,0.9781,-0.2079,0,24.9,23.3,27.1,31.5,3.9,1.5,1.3,0.7,2.2,0.9,1.4,8.0,5.4,2.0,3.1,9.4,11.4,EW,1.74,4,W_EXCLUSIVE_GREEN,30.6
15.583333333333334,-0.8064,-0.5913,0,38.9,24.4,31.5,27.3,5.7,6.2,0.6,2.1,1.8,3.8,3.2,3.8,11.9,2.7,5.6,7.0,15.2,NS,2.43,1,N_EXCLUSIVE_GREEN,37.3
20.0,-0.866,0.5,0,22.4,18.1,54.9,17.7,1.2,8.6,0.5,1.1,8.9,8.5,1.7,1.3,9.799999999999999,1.6,17.4,3.0,19.2,EW,4.04,3,E_EXCLUSIVE_GREEN,45.0
14.25,-0.5556,-0.8315,0,36.5,21.6,31.0,23.8,3.5,6.0,0.4,0.9,3.3,11.2,2.0,4.5,9.5,1.3,14.5,6.5,30.8,EW,1.76,3,E_EXCLUSIVE_GREEN,42.7
19.966666666666665,-0.8704,0.4924,0,24.9,22.9,21.0,25.8,2.5,11.7,4.2,4.3,2.0,1.0,5.6,2.6,14.2,8.5,3.0,8.2,19.9,NS,1.41,1,N_EXCLUSIVE_GREEN,39.9
1.7166666666666668,0.4344,0.9007,0,31.0,27.6,31.6,29.9,5.0,8.2,1.6,5.1,6.4,4.0,7.4,5.7,13.2,6.699999999999999,10.4,13.100000000000001,22.1,EW,1.15,0,BALANCED_PHASE,39.1
12.966666666666667,-0.2504,-0.9681,0,30.9,20.7,24.6,22.3,2.1,8.0,1.6,1.5,3.1,10.3,2.8,3.7,10.1,3.1,13.4,6.5,28.0,EW,1.6,3,E_EXCLUSIVE_GREEN,39.0
3.4,0.7771,0.6293,0,22.8,26.8,83.9,18.5,0.9,4.0,1.9,2.6,11.6,15.0,0.5,4.6,4.9,4.5,26.6,5.1,58.1,EW,4.67,3,E_EXCLUSIVE_GREEN,45.0
0.9666666666666667,0.2504,0.9681,0,38.8,23.5,39.0,23.1,4.3,2.5,4.2,3.0,1.8,8.6,5.0,9.2,6.8,7.2,10.4,14.2,31.1,EW,1.42,3,E_EXCLUSIVE_GREEN,43.5
11.533333333333333,0.1219,-0.9925,0,27.0,24.6,29.4,21.6,8.2,6.1,4.0,2.7,7.8,7.9,4.3,2.6,14.299999999999999,6.7,15.7,6.9,26.5,EW,1.84,3,E_EXCLUSIVE_GREEN,44.3
14.516666666666667,-0.6122,-0.7907,0,25.5,50.5,30.3,31.9,2.8,14.1,3.6,6.3,2.9,7.8,0.9,7.4,16.9,9.9,10.7,8.3,34.1,NS,1.74,1,N_EXCLUSIVE_GREEN,45.0
10.533333333333333,0.3746,-0.9272,0,96.0,17.5,17.3,27.4,10.7,14.5,1.5,4.5,3.9,1.3,0.8,8.1,25.2,6.0,5.2,8.9,55.1,NS,4.44,1,N_EXCLUSIVE_GREEN,45.0
5.816666666666666,0.9988,0.048,0,38.1,25.7,31.7,21.8,7.7,3.6,2.2,7.2,2.7,2.2,2.5,6.9,11.3,9.4,4.9,9.4,14.3,NS,1.26,0,BALANCED_PHASE,35.9
0.6666666666666666,0.1736,0.9848,0,29.7,54.8,31.7,30.0,2.6,3.0,1.2,10.1,2.5,12.0,1.0,1.9,5.6,11.299999999999999,14.5,2.9,30.1,NS,1.85,2,S_EXCLUSIVE_GREEN,40.5
21.45,-0.6191,0.7853,0,20.0,21.4,23.5,30.9,1.7,0.7,0.3,4.1,0.6,9.4,3.3,3.1,2.4,4.3999999999999995,10.0,6.4,16.8,EW,1.4,0,BALANCED_PHASE,32.2
6.566666666666666,0.989,-0.1478,0,37.3,20.6,30.9,37.3,3.0,2.9,3.3,2.8,2.3,3.9,8.8,11.3,5.9,6.1,6.199999999999999,20.1,31.4,EW,2.14,4,W_EXCLUSIVE_GREEN,45.0
23.816666666666666,-0.048,0.9988,0,23.2,21.9,30.2,26.9,1.0,2.2,1.6,3.1,4.5,5.3,3.1,4.9,3.2,4.7,9.8,8.0,12.9,EW,1.14,0,BALANCED_PHASE,31.3
2.783333333333333,0.6659,0.7461,0,24.3,27.8,39.8,27.1,6.2,7.1,0.5,2.1,4.8,5.8,1.2,3.2,13.3,2.6,10.6,4.4,20.1,EW,1.8,3,E_EXCLUSIVE_GREEN,35.4
0.48333333333333334,0.1262,0.992,0,23.6,22.9,22.4,26.6,0.8,5.5,3.6,3.1,0.2,5.2,2.0,8.0,6.3,6.7,5.4,10.0,18.4,EW,1.48,4,W_EXCLUSIVE_GREEN,31.6
1.0833333333333333,0.2798,0.96,0,20.6,83.6,26.4,21.1,2.2,6.9,13.6,15.3,3.5,4.5,2.2,0.5,9.100000000000001,28.9,8.0,2.7,36.9,NS,3.33,2,S_EXCLUSIVE_GREEN,45.0
8.583333333333334,0.7799,-0.6259,1,59.6,13.2,55.3,12.5,8.9,8.1,0.3,0.7,7.4,11.9,2.3,1.2,17.0,1.0,19.3,3.5,30.4,NS,6.99,1,N_EXCLUSIVE_GREEN,45.0
2.6,0.6293,0.7771,0,20.4,24.9,24.9,20.1,2.0,5.2,0.7,4.2,4.4,4.0,0.8,1.8,7.2,4.9,8.4,2.6,14.6,NS,1.28,0,BALANCED_PHASE,25.3
8.433333333333334,0.8039,-0.5948,1,89.8,12.6,65.9,18.9,10.0,12.3,2.6,2.1,3.2,8.7,3.6,4.5,22.3,4.7,11.899999999999999,8.1,35.4,NS,5.21,1,N_EXCLUSIVE_GREEN,45.0
12.466666666666667,-0.1219,-0.9925,0,35.5,37.7,30.3,36.8,6.5,5.4,3.1,3.2,3.2,10.9,1.5,10.7,11.9,6.300000000000001,14.100000000000001,12.2,16.3,EW,1.14,0,BALANCED_PHASE,41.5
13.333333333333334,-0.342,-0.9397,0,53.0,28.0,29.4,20.9,16.3,11.3,1.5,6.1,1.8,2.6,1.3,1.4,27.6,7.6,4.4,2.7,53.9,NS,2.79,1,N_EXCLUSIVE_GREEN,45.0
17.0,-0.9659,-0.2588,1,17.9,63.6,12.1,54.8,2.3,1.8,10.6,13.7,0.1,1.7,3.9,4.1,4.1,24.299999999999997,1.8,8.0,50.1,NS,4.53,2,S_EXCLUSIVE_GREEN,45.0
20.766666666666666,-0.749,0.6626,0,27.0,23.0,39.4,26.9,3.2,0.8,2.4,5.2,2.8,4.6,2.5,3.1,4.0,7.6,7.3999999999999995,5.6,12.5,EW,1.33,0,BALANCED_PHASE,28.1
23.616666666666667,-0.1002,0.995,0,63.8,19.4,20.1,18.5,5.8,4.5,3.7,2.7,6.5,4.2,1.2,1.5,10.3,6.4,10.7,2.7,15.5,NS,2.14,1,N_EXCLUSIVE_GREEN,38.6
11.983333333333333,0.0044,-1.0,0,21.4,22.5,34.9,25.0,1.7,4.5,11.1,3.6,1.8,11.8,2.7,2.1,6.2,14.7,13.600000000000001,4.800000000000001,22.1,EW,2.0,3,E_EXCLUSIVE_GREEN,40.7
9.833333333333334,0.5373,-0.8434,0,25.7,21.0,35.1,32.3,5.5,8.1,1.6,3.5,8.1,1.7,1.8,2.7,13.6,5.1,9.799999999999999,4.5,20.1,EW,1.47,3,E_EXCLUSIVE_GREEN,32.9
19.083333333333332,-0.96,0.2798,1,17.3,74.0,13.5,100.7,6.7,1.1,6.7,9.3,2.1,7.5,11.1,17.6,7.800000000000001,16.0,9.6,28.700000000000003,36.0,EW,3.82,4,W_EXCLUSIVE_GREEN,45.0
9.8,0.5446,-0.8387,0,28.3,26.2,26.6,20.8,2.2,4.0,3.7,0.6,0.7,5.1,1.2,1.8,6.2,4.3,5.8,3.0,11.7,NS,1.18,0,BALANCED_PHASE,23.7
12.416666666666666,-0.1089,-0.9941,0,35.6,31.8,33.5,21.7,9.9,9.9,2.7,4.9,1.8,3.2,0.2,0.2,19.8,7.6000000000000005,5.0,0.4,41.7,NS,1.86,1,N_EXCLUSIVE_GREEN,45.0
0.5,0.1305,0.9914,0,25.6,70.3,29.2,23.6,1.9,2.9,4.9,18.9,2.8,5.8,3.0,4.6,4.8,23.799999999999997,8.6,7.6,40.9,NS,3.63,2,S_EXCLUSIVE_GREEN,45.0
4.783333333333333,0.9497,0.3132,0,22.3,24.9,54.2,29.9,5.3,11.3,6.6,5.4,4.5,11.9,0.9,10.3,16.6,12.0,16.4,11.200000000000001,29.2,EW,1.54,3,E_EXCLUSIVE_GREEN,45.0
20.15,-0.8457,0.5336,0,28.8,20.2,89.7,23.4,6.6,12.9,1.1,2.7,3.9,22.3,0.2,2.7,19.5,3.8000000000000003,26.2,2.9000000000000004,44.5,EW,5.47,3,E_EXCLUSIVE_GREEN,45.0
0.5833333333333334,0.1521,0.9884,0,34.0,29.0,31.5,24.5,1.7,7.3,9.6,3.8,2.2,5.8,3.1,3.7,9.0,13.399999999999999,8.0,6.800000000000001,27.5,NS,1.32,0,BALANCED_PHASE,40.7
4.116666666666666,0.8809,0.4733,0,25.8,24.4,24.4,60.8,1.7,5.0,1.3,4.6,5.7,11.2,6.6,14.5,6.7,5.8999999999999995,16.9,21.1,25.5,EW,1.49,4,W_EXCLUSIVE_GREEN,45.0
17.583333333333332,-0.9941,-0.1089,1,19.1,81.0,14.5,72.7,5.4,0.2,7.9,9.1,0.1,5.4,7.0,10.2,5.6000000000000005,17.0,5.5,17.2,35.5,NS,3.35,2,S_EXCLUSIVE_GREEN,45.0
2.3166666666666664,0.57,0.8216,0,30.9,21.6,51.4,19.5,2.6,2.9,0.8,1.4,5.5,3.5,2.2,1.1,5.5,2.2,9.0,3.3000000000000003,15.5,EW,2.5,3,E_EXCLUSIVE_GREEN,33.8
6.433333333333334,0.9936,-0.1132,0,21.6,27.2,26.7,31.0,4.7,4.7,2.8,1.6,1.0,2.6,4.3,9.0,9.4,4.4,3.6,13.3,17.9,EW,2.07,4,W_EXCLUSIVE_GREEN,39.0
16.15,-0.885,-0.4656,0,24.7,50.8,33.2,25.8,2.4,1.8,3.5,10.5,3.2,3.5,5.8,2.2,4.2,14.0,6.7,8.0,29.5,NS,2.51,2,S_EXCLUSIVE_GREEN,45.0
19.883333333333333,-0.8809,0.4733,0,76.3,23.8,22.1,27.5,7.3,11.9,0.9,5.9,4.1,3.5,1.8,3.9,19.2,6.800000000000001,7.6,5.7,40.5,NS,2.86,1,N_EXCLUSIVE_GREEN,45.0
5.7,0.9969,0.0785,0,27.8,28.4,24.6,37.0,0.7,3.8,7.0,5.6,2.7,3.6,5.0,3.3,4.5,12.6,6.300000000000001,8.3,14.7,EW,1.34,0,BALANCED_PHASE,29.7
1.9,0.4772,0.8788,0,26.5,36.6,25.2,30.3,2.7,2.3,3.4,4.3,2.5,5.4,2.2,3.8,5.0,7.699999999999999,7.9,6.0,12.0,NS,1.39,0,BALANCED_PHASE,28.2
17.483333333333334,-0.9909,-0.1349,1,15.1,55.8,12.5,108.1,2.2,0.2,4.1,9.6,0.7,1.8,16.4,18.4,2.4000000000000004,13.7,2.5,34.8,53.4,EW,10.26,4,W_EXCLUSIVE_GREEN,45.0
20.583333333333332,-0.7799,0.6259,0,52.7,20.6,19.7,19.1,10.5,3.5,4.5,2.0,2.6,2.7,0.9,3.5,14.0,6.5,5.300000000000001,4.4,26.0,NS,2.21,1,N_EXCLUSIVE_GREEN,45.0
8.1,0.8526,-0.5225,1,102.7,16.9,52.5,15.3,8.9,20.1,0.7,5.0,14.1,8.8,0.1,3.6,29.0,5.7,22.9,3.7,48.4,NS,5.17,1,N_EXCLUSIVE_GREEN,45.0
6.766666666666667,0.9799,-0.1994,0,28.9,24.9,29.4,23.3,2.7,3.7,2.3,2.4,3.1,2.9,1.5,4.6,6.4,4.699999999999999,6.0,6.1,13.4,NS,1.2,0,BALANCED_PHASE,24.3
10.366666666666667,0.4147,-0.91,0,17.4,76.1,21.5,19.6,0.4,1.3,4.8,13.8,3.8,2.2,2.1,0.4,1.7000000000000002,18.6,6.0,2.5,21.7,NS,5.96,2,S_EXCLUSIVE_GREEN,45.0
3.3,0.7604,0.6494,0,31.0,20.2,20.3,21.9,2.4,1.8,1.9,1.9,0.6,6.6,0.8,1.4,4.2,3.8,7.199999999999999,2.2,12.1,NS,1.25,0,BALANCED_PHASE,20.2
6.333333333333333,0.9962,-0.0872,0,33.3,31.1,32.4,24.3,8.8,5.7,1.8,5.7,4.9,9.5,1.1,8.3,14.5,7.5,14.4,9.4,25.1,NS,1.49,1,N_EXCLUSIVE_GREEN,42.5
10.65,0.3461,-0.9382,0,37.1,24.0,26.9,22.8,2.5,3.8,5.8,2.3,3.5,2.6,1.4,3.4,6.3,8.1,6.1,4.8,10.7,NS,1.34,0,BALANCED_PHASE,28.9
22.616666666666667,-0.3543,0.9351,0,21.8,24.3,111.7,31.2,5.0,3.8,1.4,8.9,11.2,17.8,4.3,5.7,8.8,10.3,29.0,10.0,51.6,EW,3.07,3,E_EXCLUSIVE_GREEN,45.0
10.45,0.3947,-0.9188,0,26.3,20.1,95.0,32.2,2.2,9.0,1.7,0.8,3.3,19.9,3.2,3.9,11.2,2.5,23.2,7.1,34.5,EW,3.01,3,E_EXCLUSIVE_GREEN,45.0
7.833333333333333,0.887,-0.4617,1,109.7,23.0,46.8,14.9,8.0,10.8,1.0,7.8,11.0,8.5,2.0,2.2,18.8,8.8,19.5,4.2,25.4,NS,2.93,1,N_EXCLUSIVE_GREEN,45.0
7.75,0.8969,-0.4423,1,59.7,14.8,49.9,15.1,6.8,15.4,0.4,1.0,8.9,6.8,0.3,2.2,22.2,1.4,15.7,2.5,44.8,NS,7.03,1,N_EXCLUSIVE_GREEN,45.0
23.683333333333334,-0.0828,0.9966,0,25.6,25.3,27.9,29.1,5.1,1.6,1.2,1.5,3.8,5.4,2.3,1.6,6.699999999999999,2.7,9.2,3.9,16.4,EW,1.51,3,E_EXCLUSIVE_GREEN,30.3
11.133333333333333,0.225,-0.9744,0,28.5,24.7,28.9,30.5,5.6,3.1,2.2,7.4,2.3,10.3,0.9,7.3,8.7,9.600000000000001,12.600000000000001,8.2,23.3,EW,1.29,0,BALANCED_PHASE,38.0
10.933333333333334,0.2756,-0.9613,0,25.0,24.8,24.9,29.4,2.3,5.7,1.8,2.0,2.9,6.4,0.7,3.9,8.0,3.8,9.3,4.6,13.3,EW,1.5,3,E_EXCLUSIVE_GREEN,30.2
14.366666666666667,-0.5807,-0.8141,0,35.6,39.1,21.5,31.4,1.3,5.5,3.4,6.2,2.0,4.4,4.1,8.9,6.8,9.6,6.4,13.0,18.8,NS,1.21,0,BALANCED_PHASE,33.1
15.583333333333334,-0.8064,-0.5913,0,56.7,18.3,29.5,22.0,4.4,10.0,0.5,3.7,2.7,1.4,7.0,2.0,14.4,4.2,4.1,9.0,22.1,NS,3.08,1,N_EXCLUSIVE_GREEN,45.0
8.9,0.7254,-0.6884,1,70.0,17.2,98.9,26.0,9.4,12.9,1.7,5.1,9.4,22.0,2.2,5.7,22.3,6.8,31.4,7.9,65.8,EW,3.76,3,E_EXCLUSIVE_GREEN,45.0
4.95,0.9625,0.2714,0,39.3,24.5,24.9,25.3,2.4,7.4,4.4,4.7,1.1,2.7,0.8,5.2,9.8,9.100000000000001,3.8000000000000003,6.0,21.0,NS,1.22,0,BALANCED_PHASE,33.8
8.766666666666667,0.749,-0.6626,1,142.9,16.0,48.5,23.9,16.8,23.7,3.7,0.3,2.9,6.4,3.9,4.4,40.5,4.0,9.3,8.3,71.7,NS,8.98,1,N_EXCLUSIVE_GREEN,45.0
20.066666666666666,-0.8572,0.515,0,31.7,26.3,20.3,26.2,1.8,5.9,2.3,4.8,0.3,2.5,4.4,5.6,7.7,7.1,2.8,10.0,21.0,NS,1.09,0,BALANCED_PHASE,28.2
0.9,0.2334,0.9724,0,21.8,23.5,30.4,26.7,0.9,1.9,1.3,9.2,3.3,3.6,3.8,6.6,2.8,10.5,6.9,10.399999999999999,15.3,EW,1.29,0,BALANCED_PHASE,32.8
0.8666666666666667,0.225,0.9744,0,22.5,35.3,30.6,24.9,2.4,16.0,4.0,7.3,1.7,5.7,5.0,2.2,18.4,11.3,7.4,7.2,38.9,NS,1.56,1,N_EXCLUSIVE_GREEN,45.0
12.816666666666666,-0.2122,-0.9772,0,31.8,20.7,32.3,35.8,1.6,3.4,0.4,6.8,1.8,2.2,2.9,3.3,5.0,7.2,4.0,6.199999999999999,13.1,EW,1.22,0,BALANCED_PHASE,25.2
1.5833333333333335,0.4027,0.9153,0,23.2,21.3,21.3,85.9,0.5,3.7,3.0,3.0,0.4,4.5,5.8,13.2,4.2,6.0,4.9,19.0,41.1,EW,3.74,4,W_EXCLUSIVE_GREEN,45.0
20.816666666666666,-0.7402,0.6724,0,28.3,18.7,28.2,103.2,4.1,5.3,0.5,2.9,2.6,6.1,12.5,5.6,9.399999999999999,3.4,8.7,18.1,30.7,EW,2.61,4,W_EXCLUSIVE_GREEN,45.0
7.95,0.8725,-0.4886,1,61.0,20.4,56.6,15.6,10.8,10.8,1.3,1.6,5.1,11.6,1.3,2.7,21.6,2.9000000000000004,16.7,4.0,47.3,NS,4.52,1,N_EXCLUSIVE_GREEN,45.0
18.766666666666666,-0.9799,0.1994,1,22.0,57.8,16.4,119.9,3.7,1.9,4.6,8.5,1.8,4.6,14.1,14.7,5.6,13.1,6.3999999999999995,28.799999999999997,49.4,EW,5.19,4,W_EXCLUSIVE_GREEN,45.0
9.133333333333333,0.682,-0.7314,1,72.2,19.3,51.0,26.0,8.6,4.8,1.1,9.3,6.4,10.6,1.6,3.2,13.399999999999999,10.4,17.0,4.800000000000001,33.8,NS,1.89,1,N_EXCLUSIVE_GREEN,45.0
14.533333333333333,-0.6157,-0.788,0,31.1,21.6,23.5,35.5,2.7,5.9,0.8,2.0,2.3,6.6,3.3,1.8,8.600000000000001,2.8,8.899999999999999,5.1,11.6,EW,1.56,3,E_EXCLUSIVE_GREEN,30.4
12.383333333333333,-0.1002,-0.995,0,22.6,26.6,36.8,24.6,1.7,2.5,0.8,6.0,4.8,6.1,2.3,3.6,4.2,6.8,10.899999999999999,5.9,14.4,EW,1.61,3,E_EXCLUSIVE_GREEN,34.9
21.25,-0.6593,0.7518,0,27.0,20.4,20.4,22.9,1.0,4.7,3.2,2.7,1.6,5.6,2.1,4.7,5.7,5.9,7.199999999999999,6.800000000000001,12.4,NS,1.1,0,BALANCED_PHASE,22.9
19.716666666666665,-0.9007,0.4344,0,20.6,131.4,32.8,17.7,1.4,7.3,10.2,28.5,2.9,3.8,3.4,1.2,8.7,38.7,6.699999999999999,4.6,74.2,NS,4.88,2,S_EXCLUSIVE_GREEN,45.0
14.166666666666666,-0.5373,-0.8434,0,28.5,52.5,29.2,18.9,8.9,3.4,2.7,10.3,2.1,5.6,0.7,1.4,12.3,13.0,7.699999999999999,2.0999999999999996,14.8,NS,1.27,2,S_EXCLUSIVE_GREEN,41.9
23.766666666666666,-0.061,0.9981,0,37.5,35.9,21.3,39.6,7.5,7.0,8.0,3.5,0.6,4.4,6.0,10.3,14.5,11.5,5.0,16.3,16.8,NS,1.15,0,BALANCED_PHASE,42.4
11.033333333333333,0.2504,-0.9681,0,19.2,27.8,20.6,122.2,2.0,4.6,6.4,8.9,1.2,2.4,6.2,16.6,6.6,15.3,3.5999999999999996,22.8,48.3,EW,5.75,4,W_EXCLUSIVE_GREEN,45.0
7.066666666666666,0.9613,-0.2756,1,128.3,16.8,51.6,13.7,19.3,20.5,0.5,1.7,13.0,10.4,0.3,0.2,39.8,2.2,23.4,0.5,51.9,NS,10.8,1,N_EXCLUSIVE_GREEN,45.0
8.383333333333333,0.8116,-0.5842,1,77.2,24.5,54.5,16.5,8.6,8.3,1.6,6.1,9.6,4.9,3.3,1.5,16.9,7.699999999999999,14.5,4.8,28.4,NS,2.47,1,N_EXCLUSIVE_GREEN,45.0
7.033333333333333,0.9636,-0.2672,1,123.9,27.0,57.5,26.8,14.0,20.1,7.9,10.5,8.6,12.2,0.4,3.8,34.1,18.4,20.799999999999997,4.2,41.5,NS,2.42,1,N_EXCLUSIVE_GREEN,45.0
21.216666666666665,-0.6659,0.7461,0,33.2,32.2,31.9,27.5,0.6,5.4,2.6,2.4,4.1,9.7,1.3,2.4,6.0,5.0,13.799999999999999,3.7,21.3,EW,2.08,3,E_EXCLUSIVE_GREEN,40.5
11.4,0.1564,-0.9877,0,21.7,36.8,25.1,25.3,4.8,2.6,4.0,0.7,4.9,4.9,2.2,2.5,7.4,4.7,9.8,4.7,11.2,NS,1.55,1,N_EXCLUSIVE_GREEN,27.5
14.933333333333334,-0.6947,-0.7193,0,23.5,26.0,92.4,19.2,0.5,6.6,2.3,6.8,11.0,18.2,0.8,0.4,7.1,9.1,29.2,1.2000000000000002,60.5,EW,8.6,3,E_EXCLUSIVE_GREEN,45.0
3.75,0.8315,0.5556,0,28.6,29.1,38.8,27.3,1.3,7.5,1.4,9.2,13.2,5.2,4.7,6.3,8.8,10.6,18.4,11.0,23.8,EW,1.54,3,E_EXCLUSIVE_GREEN,45.0
20.883333333333333,-0.7284,0.6852,0,18.0,17.4,87.4,30.1,2.8,1.0,1.0,2.8,9.0,9.9,1.7,2.4,3.8,3.8,18.9,4.1,41.0,EW,3.42,3,E_EXCLUSIVE_GREEN,45.0
18.566666666666666,-0.989,0.1478,1,12.8,59.5,21.4,111.3,1.5,4.3,9.8,9.4,0.4,4.8,14.3,19.4,5.8,19.200000000000003,5.2,33.7,49.7,EW,5.61,4,W_EXCLUSIVE_GREEN,45.0
18.183333333333334,-0.9988,0.048,1,19.6,79.6,16.6,48.7,0.2,2.4,4.8,16.4,1.3,1.0,4.4,4.3,2.6,21.2,2.3,8.7,28.9,NS,5.29,2,S_EXCLUSIVE_GREEN,45.0
12.683333333333334,-0.1779,-0.984,0,69.0,32.8,24.0,28.3,7.5,13.0,2.5,9.3,1.5,4.5,3.3,3.4,20.5,11.8,6.0,6.699999999999999,35.0,NS,1.82,1,N_EXCLUSIVE_GREEN,45.0
16.266666666666666,-0.8988,-0.4384,0,22.3,131.3,29.2,18.5,2.0,3.6,6.3,28.3,10.5,4.3,2.8,3.4,5.6,34.6,14.8,6.199999999999999,53.8,NS,5.76,2,S_EXCLUSIVE_GREEN,45.0
16.416666666666668,-0.9153,-0.4027,0,29.5,20.7,137.1,24.6,0.7,5.4,2.1,6.0,7.9,18.8,3.9,8.0,6.1000000000000005,8.1,26.700000000000003,11.9,49.9,EW,3.12,3,E_EXCLUSIVE_GREEN,45.0
15.833333333333334,-0.8434,-0.5373,0,22.2,35.8,33.7,23.8,4.7,0.6,2.3,8.3,3.8,5.9,2.4,2.2,5.3,10.600000000000001,9.7,4.6,19.2,NS,1.74,2,S_EXCLUSIVE_GREEN,34.6
19.0,-0.9659,0.2588,1,15.3,85.4,12.9,49.1,5.1,0.4,11.8,12.4,0.2,0.0,4.4,6.0,5.5,24.200000000000003,0.2,10.4,28.0,NS,4.56,2,S_EXCLUSIVE_GREEN,45.0
16.933333333333334,-0.9613,-0.2756,1,21.3,67.3,14.6,57.1,3.2,2.5,8.6,11.5,2.1,0.2,5.4,13.1,5.7,20.1,2.3000000000000003,18.5,43.5,NS,3.21,2,S_EXCLUSIVE_GREEN,45.0
4.466666666666667,0.9205,0.3907,0,56.6,21.1,18.7,18.9,5.4,11.6,1.5,7.2,2.0,4.4,1.5,1.5,17.0,8.7,6.4,3.0,31.2,NS,2.11,1,N_EXCLUSIVE_GREEN,45.0
16.683333333333334,-0.9412,-0.3379,1,19.7,60.7,21.3,57.5,3.3,3.2,7.6,7.7,1.4,7.4,6.3,21.7,6.5,15.3,8.8,28.0,34.8,EW,2.91,4,W_EXCLUSIVE_GREEN,45.0
8.216666666666667,0.8363,-0.5483,1,96.9,23.0,60.1,14.2,10.5,21.7,1.3,2.8,9.3,11.6,0.2,1.7,32.2,4.1,20.9,1.9,64.6,NS,5.61,1,N_EXCLUSIVE_GREEN,45.0
4.183333333333334,0.889,0.4579,0,55.1,26.6,20.5,27.4,5.0,11.8,1.5,7.6,5.2,3.7,1.6,14.2,16.8,9.1,8.9,15.799999999999999,31.1,NS,1.87,1,N_EXCLUSIVE_GREEN,45.0
21.233333333333334,-0.6626,0.749,0,28.5,36.0,36.1,35.7,2.8,3.2,7.9,11.6,3.0,11.9,2.6,8.5,6.0,19.5,14.9,11.1,21.2,EW,1.18,0,BALANCED_PHASE,43.4
10.766666666666667,0.3173,-0.9483,0,17.6,23.7,24.7,53.3,0.5,6.6,0.6,2.3,5.6,3.3,12.2,3.7,7.1,2.9,8.899999999999999,15.899999999999999,32.9,EW,1.85,4,W_EXCLUSIVE_GREEN,45.0
15.216666666666667,-0.7461,-0.6659,0,20.7,22.1,34.9,22.9,2.2,3.4,0.8,8.1,1.9,5.7,1.2,5.0,5.6,8.9,7.6,6.2,12.6,EW,1.29,0,BALANCED_PHASE,27.7
20.883333333333333,-0.7284,0.6852,0,27.6,22.1,20.9,29.5,2.5,3.6,5.6,7.6,1.2,4.2,4.6,1.8,6.1,13.2,5.4,6.3999999999999995,16.5,NS,1.7,1,N_EXCLUSIVE_GREEN,38.0
7.033333333333333,0.9636,-0.2672,1,83.2,23.3,91.7,18.6,13.6,14.3,0.5,3.5,15.3,11.9,1.0,4.5,27.9,4.0,27.200000000000003,5.5,31.7,EW,4.68,3,E_EXCLUSIVE_GREEN,45.0
4.6,0.9336,0.3584,0,25.5,20.7,35.2,23.5,0.1,5.9,1.2,1.6,3.2,6.0,1.1,4.6,6.0,2.8,9.2,5.699999999999999,13.8,EW,1.49,3,E_EXCLUSIVE_GREEN,31.1
4.666666666666667,0.9397,0.342,0,25.4,27.6,24.7,28.5,2.7,4.3,2.0,2.8,1.0,1.6,1.9,4.8,7.0,4.8,2.6,6.699999999999999,9.9,NS,1.21,0,BALANCED_PHASE,25.0
18.15,-0.9992,0.0393,1,20.4,79.4,16.2,91.3,0.1,0.9,7.2,21.8,1.8,1.4,9.4,15.9,1.0,29.0,3.2,25.3,31.8,EW,6.28,4,W_EXCLUSIVE_GREEN,45.0
1.1666666666666667,0.3007,0.9537,0,29.2,118.2,30.2,25.5,3.3,2.7,9.6,13.0,1.4,2.7,3.1,3.9,6.0,22.6,4.1,7.0,36.4,NS,3.75,2,S_EXCLUSIVE_GREEN,45.0
16.416666666666668,-0.9153,-0.4027,0,35.8,28.8,21.6,35.2,3.6,3.5,8.0,2.8,0.8,4.1,0.5,1.7,7.1,10.8,4.8999999999999995,2.2,22.3,NS,1.34,0,BALANCED_PHASE,35.3
18.666666666666668,-0.9848,0.1736,1,14.8,70.4,12.5,51.7,5.7,1.3,5.4,14.6,0.0,1.1,6.3,7.7,7.0,20.0,1.1,14.0,24.1,NS,3.26,2,S_EXCLUSIVE_GREEN,45.0
0.9333333333333333,0.2419,0.9703,0,21.0,31.5,27.7,21.1,2.2,11.0,1.3,7.6,1.5,4.5,0.7,1.8,13.2,8.9,6.0,2.5,19.3,NS,1.43,1,N_EXCLUSIVE_GREEN,39.0
21.866666666666667,-0.5299,0.848,0,130.3,22.1,19.1,21.6,10.8,46.1,3.9,6.2,0.3,1.4,5.1,1.6,56.900000000000006,10.1,1.7,6.699999999999999,124.6,NS,5.52,1,N_EXCLUSIVE_GREEN,45.0
6.466666666666667,0.9925,-0.1219,0,33.7,33.0,26.8,34.8,1.5,1.9,1.6,5.3,4.9,4.2,3.7,9.1,3.4,6.9,9.100000000000001,12.8,18.4,EW,1.32,0,BALANCED_PHASE,38.7
15.916666666666666,-0.8549,-0.5188,0,28.2,38.1,20.8,36.8,3.5,3.8,6.7,5.6,1.0,10.4,6.7,17.4,7.3,12.3,11.4,24.099999999999998,46.0,EW,1.96,4,W_EXCLUSIVE_GREEN,45.0
7.883333333333333,0.8809,-0.4733,1,85.9,18.3,48.5,22.9,10.9,6.9,4.1,2.3,4.8,7.3,4.4,1.4,17.8,6.3999999999999995,12.1,5.800000000000001,28.2,NS,3.32,1,N_EXCLUSIVE_GREEN,45.0
13.633333333333333,-0.4147,-0.91,0,30.6,58.3,23.1,23.4,1.6,4.6,10.9,8.7,1.3,2.3,0.9,1.6,6.199999999999999,19.6,3.5999999999999996,2.5,29.5,NS,2.44,2,S_EXCLUSIVE_GREEN,45.0
19.7,-0.9026,0.4305,0,27.7,25.8,25.1,25.1,1.6,3.1,3.5,5.0,6.1,3.1,1.4,4.7,4.7,8.5,9.2,6.1,13.0,NS,1.35,0,BALANCED_PHASE,28.3
5.766666666666667,0.9981,0.061,0,22.7,24.6,39.8,29.0,1.6,2.0,1.1,2.8,5.3,9.6,2.8,2.1,3.6,3.9,14.899999999999999,4.9,29.1,EW,2.04,3,E_EXCLUSIVE_GREEN,44.9
14.633333333333333,-0.6361,-0.7716,0,38.2,20.1,23.6,30.3,3.2,2.9,1.1,1.6,0.9,1.8,2.7,7.1,6.1,2.7,2.7,9.8,10.0,NS,1.9,1,N_EXCLUSIVE_GREEN,25.1
7.4,0.9336,-0.3584,1,107.7,22.2,119.5,17.0,6.2,11.9,1.9,5.0,17.3,22.2,0.3,2.5,18.1,6.9,39.5,2.8,40.8,EW,9.46,3,E_EXCLUSIVE_GREEN,45.0
12.133333333333333,-0.0349,-0.9994,0,24.2,58.4,21.9,26.3,1.2,1.4,4.5,11.3,1.0,1.4,3.9,2.1,2.5999999999999996,15.8,2.4,6.0,24.3,NS,3.46,2,S_EXCLUSIVE_GREEN,45.0
16.916666666666668,-0.96,-0.2798,1,15.4,50.1,14.7,57.4,0.0,4.0,7.5,9.2,3.0,0.6,5.9,7.3,4.0,16.7,3.6,13.2,33.8,EW,3.51,4,W_EXCLUSIVE_GREEN,45.0
16.716666666666665,-0.9441,-0.3297,1,12.6,57.2,18.1,82.8,0.1,0.3,5.2,2.7,2.0,2.9,9.5,12.2,0.4,7.9,4.9,21.7,35.9,EW,4.24,4,W_EXCLUSIVE_GREEN,45.0
13.866666666666667,-0.4695,-0.8829,0,62.3,19.4,20.2,20.7,18.9,10.6,1.4,3.3,0.8,1.9,2.2,2.2,29.5,4.699999999999999,2.7,4.4,62.6,NS,4.62,1,N_EXCLUSIVE_GREEN,45.0
5.5,0.9914,0.1305,0,25.2,22.8,32.2,22.7,1.9,7.4,1.8,6.6,3.3,4.1,3.5,1.5,9.3,8.4,7.3999999999999995,5.0,19.5,EW,1.38,0,BALANCED_PHASE,27.6
19.033333333333335,-0.9636,0.2672,1,12.6,53.6,26.8,47.7,0.1,0.4,5.8,3.3,1.0,3.1,4.2,9.4,0.5,9.1,4.1,13.600000000000001,14.8,EW,2.32,4,W_EXCLUSIVE_GREEN,42.3
17.533333333333335,-0.9925,-0.1219,1,25.0,68.7,15.2,112.5,0.1,1.3,5.7,5.7,1.2,4.3,8.8,16.0,1.4000000000000001,11.4,5.5,24.8,53.1,EW,5.23,4,W_EXCLUSIVE_GREEN,45.0
3.0833333333333335,0.7224,0.6915,0,31.6,33.9,21.1,36.8,2.3,1.7,1.1,5.2,1.5,6.0,2.3,8.6,4.0,6.300000000000001,7.5,10.899999999999999,21.6,EW,1.5,4,W_EXCLUSIVE_GREEN,35.6
4.95,0.9625,0.2714,0,20.1,29.1,26.6,27.7,4.7,6.4,4.5,3.0,1.0,2.2,5.9,5.6,11.100000000000001,7.5,3.2,11.5,17.5,EW,1.89,4,W_EXCLUSIVE_GREEN,34.7
0.95,0.2462,0.9692,0,20.8,26.6,25.8,26.2,0.6,1.7,1.3,1.4,3.1,1.2,2.1,3.2,2.3,2.7,4.3,5.300000000000001,11.6,EW,1.06,0,BALANCED_PHASE,21.5
21.683333333333334,-0.57,0.8216,0,28.5,21.5,25.8,24.0,1.9,2.7,2.0,2.0,5.9,5.8,2.4,3.6,4.6,4.0,11.7,6.0,17.8,EW,1.49,3,E_EXCLUSIVE_GREEN,34.8
13.383333333333333,-0.3543,-0.9351,0,37.0,22.5,31.9,23.5,12.1,4.4,3.7,1.4,2.4,2.6,1.6,3.0,16.5,5.1,5.0,4.6,16.6,NS,2.36,1,N_EXCLUSIVE_GREEN,45.0
22.55,-0.3706,0.9288,0,32.7,24.0,28.6,21.8,10.3,5.2,1.3,1.4,7.1,3.8,2.8,1.3,15.5,2.7,10.899999999999999,4.1,33.1,NS,2.76,1,N_EXCLUSIVE_GREEN,45.0
15.833333333333334,-0.8434,-0.5373,0,20.3,22.6,31.1,32.8,2.1,2.9,1.8,4.7,3.8,5.8,8.3,2.9,5.0,6.5,9.6,11.200000000000001,15.2,EW,1.09,0,BALANCED_PHASE,34.8
11.616666666666667,0.1002,-0.995,0,29.8,25.8,38.0,22.5,3.6,1.9,2.9,7.1,4.2,8.1,4.0,5.4,5.5,10.0,12.3,9.4,25.4,EW,1.38,0,BALANCED_PHASE,39.0
22.6,-0.3584,0.9336,0,19.1,63.3,31.4,32.1,2.0,1.2,3.8,14.6,9.6,3.5,2.8,3.6,3.2,18.4,13.1,6.4,32.4,NS,4.13,2,S_EXCLUSIVE_GREEN,45.0
8.5,0.7934,-0.6088,1,51.1,16.7,50.6,16.7,6.2,5.4,1.7,4.1,5.0,6.5,2.8,0.5,11.600000000000001,5.8,11.5,3.3,21.1,NS,2.26,1,N_EXCLUSIVE_GREEN,39.5
7.966666666666667,0.8704,-0.4924,1,53.7,13.2,54.4,13.7,3.8,6.2,2.0,0.6,3.7,8.5,1.2,1.2,10.0,2.6,12.2,2.4,16.2,EW,4.09,3,E_EXCLUSIVE_GREEN,40.8
2.3,0.5664,0.8241,0,38.4,30.8,22.5,27.8,1.3,7.6,0.6,3.8,1.4,5.3,2.6,2.9,8.9,4.3999999999999995,6.699999999999999,5.5,15.6,NS,1.5,1,N_EXCLUSIVE_GREEN,31.3
17.433333333333334,-0.989,-0.1478,1,26.9,132.3,13.5,65.3,3.5,3.2,13.2,17.0,2.0,1.6,10.8,11.8,6.7,30.2,3.6,22.6,41.3,NS,4.5,2,S_EXCLUSIVE_GREEN,45.0
8.2,0.8387,-0.5446,1,68.4,26.9,74.4,26.4,6.3,5.9,4.0,5.0,5.6,13.6,0.7,5.6,12.2,9.0,19.2,6.3,36.7,EW,2.82,3,E_EXCLUSIVE_GREEN,45.0
0.75,0.1951,0.9808,0,32.5,29.1,36.7,27.7,3.3,4.3,1.9,6.5,5.4,2.1,2.7,3.6,7.6,8.4,7.5,6.300000000000001,17.0,EW,1.2,0,BALANCED_PHASE,28.3
0.6,0.1564,0.9877,0,23.1,23.5,31.3,21.8,3.7,6.4,1.9,11.9,1.6,3.9,11.9,2.7,10.100000000000001,13.8,5.5,14.600000000000001,16.1,EW,2.01,3,E_EXCLUSIVE_GREEN,41.4
16.0,-0.866,-0.5,0,28.0,59.5,32.9,17.4,4.9,4.3,9.4,6.2,2.4,7.1,2.1,4.6,9.2,15.600000000000001,9.5,6.699999999999999,27.3,NS,1.8,2,S_EXCLUSIVE_GREEN,45.0
22.85,-0.2965,0.955,0,32.9,27.1,68.7,23.3,2.4,2.5,4.2,3.4,7.3,11.7,1.7,10.3,4.9,7.6,19.0,12.0,35.9,EW,1.91,3,E_EXCLUSIVE_GREEN,45.0
3.15,0.7343,0.6788,0,30.7,35.8,21.6,21.7,6.5,5.1,2.9,2.8,3.9,7.1,2.1,4.6,11.6,5.699999999999999,11.0,6.699999999999999,14.4,NS,1.52,1,N_EXCLUSIVE_GREEN,36.1
18.266666666666666,-0.9976,0.0698,1,12.9,137.4,15.9,49.5,1.9,4.4,9.5,23.6,0.3,8.8,4.5,12.1,6.300000000000001,33.1,9.100000000000001,16.6,65.3,NS,6.46,2,S_EXCLUSIVE_GREEN,45.0
8.9,0.7254,-0.6884,1,65.9,12.6,56.5,13.4,3.3,7.4,1.5,6.5,3.9,4.4,0.3,0.6,10.7,8.0,8.3,0.8999999999999999,18.6,NS,2.17,1,N_EXCLUSIVE_GREEN,40.1
17.45,-0.9897,-0.1435,1,14.8,105.2,16.9,114.8,3.5,5.6,10.5,22.5,3.2,6.3,12.2,31.4,9.1,33.0,9.5,43.599999999999994,49.8,EW,4.98,4,W_EXCLUSIVE_GREEN,45.0
18.383333333333333,-0.995,0.1002,1,16.1,88.6,23.7,92.5,6.8,2.6,13.7,10.9,0.6,3.6,4.8,9.7,9.4,24.6,4.2,14.5,38.5,NS,3.23,2,S_EXCLUSIVE_GREEN,45.0
19.283333333333335,-0.9441,0.3297,1,22.8,57.8,22.5,56.5,2.2,2.6,2.0,4.4,2.9,1.6,7.2,13.4,4.800000000000001,6.4,4.5,20.6,31.5,EW,3.36,4,W_EXCLUSIVE_GREEN,45.0
21.416666666666668,-0.6259,0.7799,0,21.1,23.6,29.4,22.2,0.5,4.4,5.0,1.9,3.6,4.4,9.0,1.1,4.9,6.9,8.0,10.1,20.3,EW,1.24,0,BALANCED_PHASE,32.5
13.583333333333334,-0.4027,-0.9153,0,21.2,34.3,30.5,31.2,3.3,2.2,2.5,4.7,5.2,4.6,4.0,3.5,5.5,7.2,9.8,7.5,21.0,EW,1.14,0,BALANCED_PHASE,32.3
15.183333333333334,-0.7402,-0.6724,0,19.7,29.6,30.6,55.9,0.9,1.2,4.2,2.1,3.1,3.5,8.0,10.3,2.1,6.300000000000001,6.6,18.3,19.8,EW,2.23,4,W_EXCLUSIVE_GREEN,45.0
8.316666666666666,0.8216,-0.57,1,71.3,20.2,71.2,13.6,9.4,10.2,0.9,1.6,12.7,12.1,1.9,0.7,19.6,2.5,24.799999999999997,2.5999999999999996,40.0,NS,4.81,1,N_EXCLUSIVE_GREEN,45.0
18.366666666666667,-0.9954,0.0958,1,27.0,147.7,18.4,86.9,0.9,3.9,16.0,20.0,5.5,1.4,4.0,12.7,4.8,36.0,6.9,16.7,53.6,NS,6.12,2,S_EXCLUSIVE_GREEN,45.0
22.416666666666668,-0.4027,0.9153,0,22.5,20.7,36.8,22.2,0.2,1.3,1.8,10.3,2.4,5.3,1.8,5.9,1.5,12.100000000000001,7.699999999999999,7.7,13.8,EW,1.19,0,BALANCED_PHASE,28.4
21.116666666666667,-0.6852,0.7284,0,30.4,21.8,27.2,26.6,3.8,7.0,2.5,6.1,1.6,2.4,2.2,1.4,10.8,8.6,4.0,3.6,16.7,NS,1.25,0,BALANCED_PHASE,33.7
14.833333333333334,-0.6756,-0.7373,0,31.9,38.5,21.2,22.3,2.9,10.3,3.0,6.6,2.4,3.0,4.7,2.8,13.200000000000001,9.6,5.4,7.5,17.5,NS,1.27,0,BALANCED_PHASE,40.1
5.1,0.9724,0.2334,0,17.6,20.3,21.7,58.6,2.6,1.0,0.3,3.5,1.7,7.1,3.2,13.9,3.6,3.8,8.799999999999999,17.1,18.0,EW,2.11,4,W_EXCLUSIVE_GREEN,45.0
10.85,0.2965,-0.955,0,22.2,37.9,20.7,33.0,1.7,3.5,2.3,7.5,4.5,5.4,1.2,4.2,5.2,9.8,9.9,5.4,17.0,NS,1.71,2,S_EXCLUSIVE_GREEN,33.1
22.716666666666665,-0.3297,0.9441,0,37.2,28.3,21.8,30.4,5.5,15.6,2.3,0.5,2.3,1.6,5.2,3.0,21.1,2.8,3.9,8.2,26.2,NS,3.19,1,N_EXCLUSIVE_GREEN,45.0
5.4,0.9877,0.1564,0,31.6,21.4,22.6,39.9,2.0,5.5,1.1,2.7,6.1,3.5,3.6,9.5,7.5,3.8000000000000003,9.6,13.1,22.2,EW,1.44,4,W_EXCLUSIVE_GREEN,40.6
0.85,0.2207,0.9753,0,20.1,51.1,24.4,21.8,0.1,0.6,10.1,4.4,3.0,4.6,3.1,1.5,0.7,14.5,7.6,4.6,19.6,NS,4.73,2,S_EXCLUSIVE_GREEN,45.0
15.983333333333333,-0.8638,-0.5038,0,22.6,22.0,21.1,22.8,1.9,0.9,3.9,4.5,0.9,1.2,0.3,4.8,2.8,8.4,2.1,5.1,10.6,NS,1.68,1,N_EXCLUSIVE_GREEN,26.9
2.066666666666667,0.515,0.8572,0,31.4,19.2,104.3,18.1,2.2,10.0,3.6,3.5,13.1,20.3,1.7,1.8,12.2,7.1,33.4,3.5,52.5,EW,7.12,3,E_EXCLUSIVE_GREEN,45.0
2.6333333333333333,0.6361,0.7716,0,18.7,25.4,25.8,52.8,1.9,3.2,13.1,2.0,1.9,5.0,12.4,6.9,5.1,15.1,6.9,19.3,24.0,EW,2.38,4,W_EXCLUSIVE_GREEN,45.0
12.65,-0.1693,-0.9856,0,28.3,23.1,23.5,20.4,0.7,4.7,0.7,3.4,4.1,7.9,1.1,1.9,5.4,4.1,12.0,3.0,14.6,NS,1.2,0,BALANCED_PHASE,22.4
9.75,0.5556,-0.8315,0,26.7,20.5,25.4,28.4,0.7,5.5,0.6,8.3,3.3,6.3,5.6,2.0,6.2,8.9,9.6,7.6,9.9,EW,1.16,0,BALANCED_PHASE,30.3
1.8166666666666667,0.4579,0.889,0,33.6,31.2,20.8,22.3,5.7,9.4,2.6,9.4,1.3,4.7,4.0,2.7,15.100000000000001,12.0,6.0,6.7,26.8,NS,1.16,0,BALANCED_PHASE,43.9
20.516666666666666,-0.7907,0.6122,0,25.6,33.4,32.2,29.8,2.4,2.5,3.7,3.3,4.0,5.7,7.7,8.1,4.9,7.0,9.7,15.8,29.2,EW,1.38,0,BALANCED_PHASE,45.0
6.9,0.9724,-0.2334,0,24.2,31.6,37.1,20.9,1.4,4.4,1.8,1.8,1.6,3.8,1.7,3.5,5.800000000000001,3.6,5.4,5.2,5.8,EW,1.3,0,BALANCED_PHASE,23.1
16.3,-0.9026,-0.4305,0,17.7,60.4,20.2,23.6,5.0,4.8,12.3,5.5,4.3,2.1,1.7,0.9,9.8,17.8,6.4,2.6,35.0,NS,2.16,2,S_EXCLUSIVE_GREEN,45.0
19.166666666666668,-0.9537,0.3007,1,15.3,122.9,21.7,50.5,2.1,2.6,18.0,23.5,4.6,2.1,10.7,6.8,4.7,41.5,6.699999999999999,17.5,75.6,NS,8.0,2,S_EXCLUSIVE_GREEN,45.0
21.033333333333335,-0.7009,0.7133,0,92.1,22.0,25.2,20.1,8.1,13.4,2.3,4.7,2.5,5.6,0.9,3.3,21.5,7.0,8.1,4.2,30.9,NS,3.36,1,N_EXCLUSIVE_GREEN,45.0
5.083333333333333,0.9713,0.2377,0,34.6,26.7,30.5,25.5,0.8,7.0,3.0,3.7,4.1,2.6,3.9,5.2,7.8,6.7,6.699999999999999,9.1,18.8,NS,1.17,0,BALANCED_PHASE,28.7
12.366666666666667,-0.0958,-0.9954,0,25.5,25.4,24.7,31.4,1.2,6.5,3.3,4.7,2.1,4.2,3.7,5.5,7.7,8.0,6.300000000000001,9.2,19.3,EW,1.32,0,BALANCED_PHASE,31.0
12.616666666666667,-0.1607,-0.987,0,64.3,29.6,22.4,20.8,10.1,14.1,1.7,4.6,1.6,4.4,4.5,3.6,24.2,6.3,6.0,8.1,39.9,NS,2.91,1,N_EXCLUSIVE_GREEN,45.0
23.75,-0.0654,0.9979,0,68.8,21.1,30.3,20.4,5.9,16.8,7.5,1.0,0.7,2.5,1.8,10.2,22.700000000000003,8.5,3.2,12.0,32.7,NS,2.76,1,N_EXCLUSIVE_GREEN,45.0
17.3,-0.9833,-0.1822,1,22.6,70.6,18.3,70.3,2.1,0.6,7.5,14.1,0.6,0.8,11.2,11.4,2.7,21.6,1.4,22.6,45.3,NS,4.62,2,S_EXCLUSIVE_GREEN,45.0
23.883333333333333,-0.0305,0.9995,0,20.9,20.6,25.5,23.8,0.8,5.5,1.8,2.4,0.7,1.6,0.7,6.1,6.3,4.2,2.3,6.8,10.0,EW,1.57,3,E_EXCLUSIVE_GREEN,24.2
18.366666666666667,-0.9954,0.0958,1,13.3,148.3,12.5,106.5,4.0,2.2,15.4,35.9,3.0,0.7,13.7,14.1,6.2,51.3,3.7,27.799999999999997,90.1,NS,8.65,2,S_EXCLUSIVE_GREEN,45.0
11.866666666666667,0.0349,-0.9994,0,31.3,79.5,25.9,22.7,7.3,4.8,12.0,11.9,2.7,4.3,0.8,2.0,12.1,23.9,7.0,2.8,41.1,NS,2.11,2,S_EXCLUSIVE_GREEN,45.0
14.983333333333333,-0.704,-0.7102,0,33.6,22.3,27.9,27.2,8.1,3.0,2.7,3.7,1.0,6.5,1.3,4.6,11.1,6.4,7.5,5.8999999999999995,17.5,NS,1.57,1,N_EXCLUSIVE_GREEN,35.0
0.26666666666666666,0.0698,0.9976,0,64.6,19.4,22.9,17.3,4.3,6.8,0.9,2.6,2.1,2.2,1.8,1.3,11.1,3.5,4.300000000000001,3.1,11.9,NS,3.05,1,N_EXCLUSIVE_GREEN,40.0
17.066666666666666,-0.9703,-0.2419,1,12.3,101.2,25.7,68.9,2.0,5.1,9.3,16.4,2.4,6.9,7.0,9.7,7.1,25.7,9.3,16.7,56.0,NS,4.56,2,S_EXCLUSIVE_GREEN,45.0
16.3,-0.9026,-0.4305,0,101.9,24.8,26.5,32.1,9.0,15.6,1.1,2.8,7.6,3.3,4.1,7.8,24.6,3.9,10.899999999999999,11.899999999999999,47.7,NS,4.81,1,N_EXCLUSIVE_GREEN,45.0
16.266666666666666,-0.8988,-0.4384,0,27.8,39.9,28.3,26.4,7.3,1.1,7.7,5.9,2.2,6.1,1.8,1.1,8.4,13.600000000000001,8.3,2.9000000000000004,29.6,NS,1.49,2,S_EXCLUSIVE_GREEN,42.3
18.266666666666666,-0.9976,0.0698,1,12.8,96.7,21.9,102.2,0.8,1.9,14.1,11.9,2.1,7.0,7.5,17.6,2.7,26.0,9.1,25.1,40.2,EW,3.26,4,W_EXCLUSIVE_GREEN,45.0
22.466666666666665,-0.3907,0.9205,0,30.9,20.7,21.0,34.6,10.3,10.9,1.4,1.3,0.8,3.4,4.9,3.3,21.200000000000003,2.7,4.2,8.2,39.6,NS,3.73,1,N_EXCLUSIVE_GREEN,45.0
18.5,-0.9914,0.1305,1,12.0,63.3,12.6,56.1,4.1,2.5,5.5,11.2,0.0,4.7,7.1,11.0,6.6,16.7,4.7,18.1,39.5,NS,3.09,2,S_EXCLUSIVE_GREEN,45.0
7.8,0.891,-0.454,1,83.6,16.2,63.8,12.4,6.8,12.2,1.7,8.8,7.6,11.4,1.2,0.5,19.0,10.5,19.0,1.7,39.6,NS,2.51,1,N_EXCLUSIVE_GREEN,45.0
10.816666666666666,0.3049,-0.9524,0,21.8,32.5,26.3,24.1,1.9,2.3,5.9,5.7,5.0,1.3,1.5,0.6,4.199999999999999,11.600000000000001,6.3,2.1,20.4,NS,2.0,2,S_EXCLUSIVE_GREEN,36.1
14.95,-0.6978,-0.7163,0,23.8,25.7,20.7,25.0,5.2,8.8,5.6,8.7,1.2,1.8,2.1,3.0,14.0,14.299999999999999,3.0,5.1,31.4,NS,1.01,0,BALANCED_PHASE,41.4
0.5,0.1305,0.9914,0,99.1,19.6,23.9,29.5,14.2,11.3,1.4,0.8,1.9,1.3,1.9,5.7,25.5,2.2,3.2,7.6,29.7,NS,6.84,1,N_EXCLUSIVE_GREEN,45.0
12.666666666666666,-0.1736,-0.9848,0,32.0,33.3,33.0,32.5,1.8,4.0,2.1,3.9,9.9,6.8,7.1,2.5,5.8,6.0,16.7,9.6,20.2,EW,1.4,3,E_EXCLUSIVE_GREEN,45.0
7.716666666666667,0.9007,-0.4344,1,96.3,17.0,54.0,16.1,7.4,16.8,7.6,1.5,4.9,11.1,7.8,1.2,24.200000000000003,9.1,16.0,9.0,33.0,NS,3.34,1,N_EXCLUSIVE_GREEN,45.0
22.233333333333334,-0.4462,0.8949,0,27.8,28.7,30.1,32.3,8.1,17.6,3.9,7.2,3.2,1.6,2.8,5.5,25.700000000000003,11.1,4.800000000000001,8.3,31.3,NS,1.83,1,N_EXCLUSIVE_GREEN,45.0
13.366666666666667,-0.3502,-0.9367,0,23.5,23.5,29.6,27.0,1.3,11.6,3.1,3.5,3.0,1.9,3.9,3.0,12.9,6.6,4.9,6.9,25.7,EW,1.19,0,BALANCED_PHASE,26.7
0.7333333333333333,0.1908,0.9816,0,24.2,22.7,28.3,20.6,9.9,5.5,2.2,3.2,7.0,1.2,0.2,9.6,15.4,5.4,8.2,9.799999999999999,31.3,NS,1.94,1,N_EXCLUSIVE_GREEN,43.3
7.3,0.9426,-0.3338,1,86.4,15.8,72.5,21.7,8.3,10.8,5.2,2.1,4.3,13.0,2.9,1.2,19.1,7.300000000000001,17.3,4.1,37.3,NS,3.32,1,N_EXCLUSIVE_GREEN,45.0
2.4166666666666665,0.5913,0.8064,0,25.4,28.3,24.3,35.0,3.9,4.1,8.4,2.8,2.3,1.2,10.0,13.5,8.0,11.2,3.5,23.5,29.0,EW,3.44,4,W_EXCLUSIVE_GREEN,45.0
10.066666666666666,0.4848,-0.8746,0,31.4,30.9,23.0,35.1,4.2,0.9,4.1,3.2,0.3,5.6,6.1,5.4,5.1000000000000005,7.3,5.8999999999999995,11.5,20.9,EW,1.68,4,W_EXCLUSIVE_GREEN,36.4
5.5,0.9914,0.1305,0,21.7,50.1,27.7,23.8,2.3,4.6,3.2,5.3,8.8,4.7,3.0,1.7,6.8999999999999995,8.5,13.5,4.7,25.2,NS,1.58,2,S_EXCLUSIVE_GREEN,33.5
18.283333333333335,-0.9973,0.0741,1,16.7,110.2,12.8,69.6,0.8,2.0,9.5,33.2,0.5,1.8,4.3,9.5,2.8,42.7,2.3,13.8,70.0,NS,9.75,2,S_EXCLUSIVE_GREEN,45.0
5.783333333333333,0.9984,0.0567,0,34.5,24.8,23.8,36.9,6.1,9.2,0.6,6.3,1.4,8.6,3.2,4.3,15.299999999999999,6.8999999999999995,10.0,7.5,15.8,NS,1.8,1,N_EXCLUSIVE_GREEN,43.4
6.516666666666667,0.9909,-0.1349,0,31.2,24.9,29.5,23.4,2.0,6.7,1.2,1.3,1.4,6.7,4.8,1.0,8.7,2.5,8.1,5.8,10.6,NS,1.87,1,N_EXCLUSIVE_GREEN,29.1
7.783333333333333,0.893,-0.4501,1,70.5,23.3,58.6,23.4,4.5,8.6,4.8,3.0,3.4,5.7,2.5,1.7,13.1,7.8,9.1,4.2,26.9,NS,2.1,1,N_EXCLUSIVE_GREEN,45.0
7.916666666666667,0.8767,-0.481,1,65.6,15.6,69.8,18.4,2.7,6.8,0.1,3.1,6.4,7.6,0.2,11.1,9.5,3.2,14.0,11.299999999999999,26.9,EW,1.81,3,E_EXCLUSIVE_GREEN,45.0
8.216666666666667,0.8363,-0.5483,1,64.2,12.4,47.4,17.7,10.0,9.6,1.4,0.8,3.6,12.6,1.8,5.9,19.6,2.2,16.2,7.7,23.6,NS,6.27,1,N_EXCLUSIVE_GREEN,45.0
7.2,0.9511,-0.309,1,55.0,21.0,60.9,16.7,5.4,12.3,0.3,1.4,5.4,9.9,3.2,2.9,17.700000000000003,1.7,15.3,6.1,32.5,EW,2.76,3,E_EXCLUSIVE_GREEN,45.0
7.883333333333333,0.8809,-0.4733,1,108.9,24.3,104.7,13.8,13.3,15.3,4.1,5.8,14.2,17.8,2.5,0.4,28.6,9.899999999999999,32.0,2.9,40.3,NS,3.3,1,N_EXCLUSIVE_GREEN,45.0
19.366666666666667,-0.9367,0.3502,1,12.5,52.3,13.9,51.6,0.2,1.3,1.9,3.6,1.7,0.5,4.1,8.4,1.5,5.5,2.2,12.5,20.0,EW,4.16,4,W_EXCLUSIVE_GREEN,41.3
4.816666666666666,0.9524,0.3049,0,61.1,26.6,32.6,21.6,6.9,14.8,3.9,4.1,2.3,2.7,0.5,6.2,21.700000000000003,8.0,5.0,6.7,42.8,NS,2.46,1,N_EXCLUSIVE_GREEN,45.0
21.7,-0.5664,0.8241,0,34.1,23.8,24.1,20.9,2.9,2.7,1.2,1.9,0.5,7.4,1.1,5.6,5.6,3.0999999999999996,7.9,6.699999999999999,11.0,NS,1.48,1,N_EXCLUSIVE_GREEN,23.4
0.8,0.2079,0.9781,0,23.5,26.5,33.6,34.1,1.4,4.1,7.7,7.0,2.9,4.4,1.5,3.9,5.5,14.7,7.300000000000001,5.4,24.7,EW,1.12,0,BALANCED_PHASE,28.2
1.9,0.4772,0.8788,0,22.9,38.3,36.6,24.7,2.9,4.3,5.8,7.0,10.0,5.0,2.4,1.6,7.199999999999999,12.8,15.0,4.0,20.5,NS,1.67,2,S_EXCLUSIVE_GREEN,39.5
19.333333333333332,-0.9397,0.342,1,12.7,82.4,12.2,107.9,4.0,2.3,6.6,9.7,0.3,0.4,18.7,15.0,6.3,16.299999999999997,0.7,33.7,62.3,EW,15.17,4,W_EXCLUSIVE_GREEN,45.0
15.95,-0.8594,-0.5113,0,37.3,21.1,26.9,24.2,1.3,4.5,0.4,1.8,3.0,3.9,3.4,2.6,5.8,2.2,6.9,6.0,14.6,NS,1.91,1,N_EXCLUSIVE_GREEN,24.8
18.916666666666668,-0.9713,0.2377,1,21.4,123.2,12.1,118.1,2.4,5.8,6.7,28.2,1.4,0.3,18.8,15.9,8.2,34.9,1.7,34.7,70.9,NS,4.59,2,S_EXCLUSIVE_GREEN,45.0
8.516666666666667,0.7907,-0.6122,1,66.5,17.7,62.1,15.1,3.5,14.7,3.4,3.1,11.8,15.8,0.1,2.6,18.2,6.5,27.6,2.7,31.0,NS,2.99,1,N_EXCLUSIVE_GREEN,45.0
5.8,0.9986,0.0523,0,27.4,29.1,21.9,21.8,2.9,3.7,3.3,3.4,2.1,1.6,0.9,5.9,6.6,6.699999999999999,3.7,6.800000000000001,11.4,NS,0.99,0,BALANCED_PHASE,24.8
8.416666666666666,0.8064,-0.5913,1,70.0,24.7,56.5,14.0,19.3,13.9,1.3,3.8,4.2,13.1,2.0,3.1,33.2,5.1,17.3,5.1,57.3,NS,4.48,1,N_EXCLUSIVE_GREEN,45.0
7.8,0.891,-0.454,1,82.4,18.9,48.9,17.9,14.8,13.9,4.3,3.0,0.7,12.7,1.2,2.0,28.700000000000003,7.3,13.399999999999999,3.2,51.5,NS,3.9,1,N_EXCLUSIVE_GREEN,45.0
18.133333333333333,-0.9994,0.0349,1,20.3,91.5,22.9,66.7,0.1,3.1,8.4,17.5,3.9,1.0,5.0,10.5,3.2,25.9,4.9,15.5,38.3,NS,5.7,2,S_EXCLUSIVE_GREEN,45.0
1.55,0.3947,0.9188,0,22.7,30.5,23.1,26.4,1.1,3.2,1.8,7.6,3.6,1.1,0.8,3.2,4.300000000000001,9.4,4.7,4.0,19.3,NS,1.66,2,S_EXCLUSIVE_GREEN,31.2
15.566666666666666,-0.8039,-0.5948,0,20.4,25.1,64.6,18.4,0.5,8.3,4.7,3.1,5.4,21.3,1.1,1.1,8.8,7.800000000000001,26.700000000000003,2.2,33.6,EW,6.22,3,E_EXCLUSIVE_GREEN,45.0
12.916666666666666,-0.2377,-0.9713,0,20.1,22.9,22.3,36.2,3.1,2.8,3.7,3.3,3.1,3.7,1.7,3.8,5.9,7.0,6.800000000000001,5.5,10.4,EW,1.34,0,BALANCED_PHASE,26.1
5.483333333333333,0.9909,0.1349,0,20.6,34.6,28.8,31.8,6.0,3.8,4.3,6.8,0.9,3.0,3.0,4.0,9.8,11.1,3.9,7.0,21.3,NS,1.25,0,BALANCED_PHASE,35.6
22.55,-0.3706,0.9288,0,35.4,26.1,30.6,22.8,3.7,5.3,5.0,4.3,2.3,4.5,0.3,3.9,9.0,9.3,6.8,4.2,15.5,NS,1.11,0,BALANCED_PHASE,31.5
22.0,-0.5,0.866,0,18.0,121.8,19.1,21.8,0.9,1.9,15.9,26.9,3.4,0.7,1.6,3.4,2.8,42.8,4.1,5.0,50.8,NS,9.74,2,S_EXCLUSIVE_GREEN,45.0
12.616666666666667,-0.1607,-0.987,0,23.5,27.0,81.4,31.1,1.8,3.8,5.1,3.5,7.6,9.4,4.1,7.9,5.6,8.6,17.0,12.0,36.8,EW,1.78,3,E_EXCLUSIVE_GREEN,45.0
19.916666666666668,-0.8767,0.481,0,17.8,22.6,104.1,24.3,0.2,6.3,1.4,1.2,10.1,16.6,0.4,5.3,6.5,2.5999999999999996,26.700000000000003,5.7,45.4,EW,4.29,3,E_EXCLUSIVE_GREEN,45.0
7.283333333333333,0.9441,-0.3297,1,111.7,20.6,50.3,21.2,13.0,19.7,1.5,5.3,3.6,5.8,2.1,1.6,32.7,6.8,9.4,3.7,50.8,NS,4.82,1,N_EXCLUSIVE_GREEN,45.0
15.65,-0.8166,-0.5771,0,21.7,100.3,19.3,24.7,2.9,7.6,12.7,14.3,2.0,1.4,2.3,4.6,10.5,27.0,3.4,6.8999999999999995,36.7,NS,3.07,2,S_EXCLUSIVE_GREEN,45.0
15.45,-0.7853,-0.6191,0,25.3,32.2,95.6,28.7,0.3,0.7,0.9,4.4,10.2,17.4,4.2,1.1,1.0,5.300000000000001,27.599999999999998,5.300000000000001,55.6,EW,4.05,3,E_EXCLUSIVE_GREEN,45.0
11.9,0.0262,-0.9997,0,25.4,30.8,35.7,39.4,4.1,8.0,4.3,3.5,2.0,3.7,7.7,3.7,12.1,7.8,5.7,11.4,20.8,EW,1.45,4,W_EXCLUSIVE_GREEN,37.0
14.183333333333334,-0.541,-0.841,0,34.2,34.0,26.8,20.5,5.1,2.0,4.4,4.9,0.8,5.7,4.1,2.3,7.1,9.3,6.5,6.3999999999999995,17.6,NS,1.12,0,BALANCED_PHASE,31.5
18.716666666666665,-0.9825,0.1865,1,20.4,60.7,16.4,66.8,2.2,2.3,4.2,9.6,0.6,5.4,8.5,7.5,4.5,13.8,6.0,16.0,17.5,EW,3.0,4,W_EXCLUSIVE_GREEN,45.0
7.866666666666667,0.8829,-0.4695,1,142.2,27.1,102.0,19.3,12.7,21.6,2.1,5.2,8.5,21.7,2.4,2.5,34.3,7.300000000000001,30.2,4.9,39.2,NS,4.74,1,N_EXCLUSIVE_GREEN,45.0
3.7666666666666666,0.8339,0.5519,0,27.2,63.9,18.7,17.3,1.8,5.5,10.4,5.5,0.5,5.0,0.8,6.8,7.3,15.9,5.5,7.6,22.1,NS,2.17,2,S_EXCLUSIVE_GREEN,45.0
17.45,-0.9897,-0.1435,1,14.4,56.9,17.6,81.5,1.3,3.3,3.6,7.7,0.0,1.5,7.4,11.3,4.6,11.3,1.5,18.700000000000003,20.8,EW,6.35,4,W_EXCLUSIVE_GREEN,45.0
12.2,-0.0523,-0.9986,0,26.8,78.8,28.8,23.5,4.6,3.2,20.3,17.3,0.4,7.2,1.1,2.3,7.8,37.6,7.6000000000000005,3.4,58.5,NS,3.9,2,S_EXCLUSIVE_GREEN,45.0
15.85,-0.8457,-0.5336,0,33.3,21.9,23.2,53.0,2.1,6.2,3.3,7.8,5.7,4.5,4.6,4.1,8.3,11.1,10.2,8.7,16.2,EW,1.5,3,E_EXCLUSIVE_GREEN,36.6
15.133333333333333,-0.7314,-0.682,0,32.0,20.1,28.0,28.3,1.4,4.7,4.3,2.7,2.6,3.9,3.6,3.4,6.1,7.0,6.5,7.0,7.8,EW,1.0,0,BALANCED_PHASE,24.9
20.55,-0.7853,0.6191,0,23.8,21.6,34.6,28.5,1.8,1.6,2.9,7.7,4.9,5.7,1.2,2.3,3.4000000000000004,10.6,10.600000000000001,3.5,14.3,EW,1.8,3,E_EXCLUSIVE_GREEN,33.9
10.833333333333334,0.3007,-0.9537,0,38.5,35.0,24.4,22.9,5.8,3.3,4.2,2.4,0.7,3.3,5.4,3.3,9.1,6.6,4.0,8.7,19.3,NS,1.19,0,BALANCED_PHASE,32.1
8.583333333333334,0.7799,-0.6259,1,60.6,14.7,63.0,16.3,4.3,9.5,5.6,2.5,3.8,12.8,0.2,0.3,13.8,8.1,16.6,0.5,17.7,NS,2.24,1,N_EXCLUSIVE_GREEN,45.0
18.05,-0.9999,0.0131,1,13.0,79.3,14.2,48.4,1.3,1.6,11.3,18.0,1.9,1.0,2.9,13.8,2.9000000000000004,29.3,2.9,16.7,38.1,NS,7.53,2,S_EXCLUSIVE_GREEN,45.0
12.1,-0.0262,-0.9997,0,27.6,33.0,26.7,23.3,2.6,3.3,2.3,10.1,0.3,4.3,1.6,0.8,5.9,12.399999999999999,4.6,2.4000000000000004,17.8,NS,1.59,2,S_EXCLUSIVE_GREEN,37.5
1.2166666666666668,0.3132,0.9497,0,20.8,26.7,28.1,38.2,5.9,7.5,3.6,5.0,5.5,1.8,1.5,4.5,13.4,8.6,7.3,6.0,16.6,EW,1.23,0,BALANCED_PHASE,28.1
15.883333333333333,-0.8504,-0.5262,0,32.9,39.4,23.3,28.6,3.1,4.5,4.0,7.1,4.4,1.6,1.4,4.6,7.6,11.1,6.0,6.0,15.2,NS,1.29,0,BALANCED_PHASE,35.8
14.783333333333333,-0.6659,-0.7461,0,26.8,24.4,56.1,29.2,1.0,2.3,1.0,3.2,4.0,6.1,2.0,8.5,3.3,4.2,10.1,10.5,12.6,EW,1.32,3,E_EXCLUSIVE_GREEN,37.4
11.583333333333334,0.1089,-0.9941,0,28.6,25.7,38.4,24.2,4.2,5.5,3.7,5.1,6.1,4.7,5.1,2.0,9.7,8.8,10.8,7.1,16.6,EW,1.49,3,E_EXCLUSIVE_GREEN,35.2
8.366666666666667,0.8141,-0.5807,1,79.7,15.0,58.0,20.4,21.0,18.2,2.3,1.0,13.6,6.5,1.8,3.0,39.2,3.3,20.1,4.8,63.4,NS,8.12,1,N_EXCLUSIVE_GREEN,45.0
0.43333333333333335,0.1132,0.9936,0,24.6,124.3,25.1,23.8,6.9,3.3,14.4,22.4,3.2,6.8,0.8,6.2,10.2,36.8,10.0,7.0,65.1,NS,3.95,2,S_EXCLUSIVE_GREEN,45.0
18.6,-0.9877,0.1564,1,19.9,53.6,16.0,81.5,1.7,4.1,2.8,6.0,1.6,4.3,16.7,19.6,5.8,8.8,5.9,36.3,64.2,EW,5.48,4,W_EXCLUSIVE_GREEN,45.0
20.683333333333334,-0.7632,0.6461,0,21.8,24.7,30.4,23.0,2.9,1.0,0.4,2.2,0.4,4.6,2.2,2.7,3.9,2.6,5.0,4.9,8.3,EW,1.11,0,BALANCED_PHASE,21.3
9.366666666666667,0.6361,-0.7716,1,117.7,15.2,74.0,25.8,10.9,31.1,0.6,0.8,10.8,16.2,0.3,7.5,42.0,1.4,27.0,7.8,43.2,NS,13.25,1,N_EXCLUSIVE_GREEN,45.0
10.716666666666667,0.3297,-0.9441,0,24.6,28.7,24.0,33.4,3.3,1.2,2.0,3.7,2.5,8.4,4.1,3.3,4.5,5.7,10.9,7.3999999999999995,12.7,EW,1.38,0,BALANCED_PHASE,34.1
23.466666666666665,-0.1392,0.9903,0,30.8,20.5,25.8,20.7,4.1,5.3,2.9,4.3,1.6,4.2,2.9,4.9,9.399999999999999,7.199999999999999,5.800000000000001,7.800000000000001,13.7,NS,1.32,0,BALANCED_PHASE,30.7
12.65,-0.1693,-0.9856,0,29.0,139.7,26.7,27.1,1.1,3.8,18.4,25.8,4.9,6.3,2.0,4.0,4.9,44.2,11.2,6.0,73.5,NS,6.44,2,S_EXCLUSIVE_GREEN,45.0
5.666666666666667,0.9962,0.0872,0,33.0,27.0,28.6,20.3,4.5,7.1,2.3,0.6,4.8,1.1,1.8,7.4,11.6,2.9,5.9,9.200000000000001,23.5,NS,2.07,1,N_EXCLUSIVE_GREEN,36.5
10.433333333333334,0.3987,-0.9171,0,39.7,31.7,25.8,20.6,3.0,13.9,7.3,4.1,0.3,2.3,1.8,2.0,16.9,11.399999999999999,2.5999999999999996,3.8,27.5,NS,1.36,0,BALANCED_PHASE,45.0
18.416666666666668,-0.9941,0.1089,1,16.8,122.9,18.2,99.8,2.3,1.5,16.0,25.9,2.8,2.8,11.1,13.5,3.8,41.9,5.6,24.6,78.1,NS,8.67,2,S_EXCLUSIVE_GREEN,45.0
2.0833333333333335,0.5188,0.8549,0,28.9,59.7,31.5,29.2,4.9,2.9,3.7,11.2,5.2,2.2,3.6,3.1,7.800000000000001,14.899999999999999,7.4,6.7,23.1,NS,1.91,2,S_EXCLUSIVE_GREEN,45.0
10.333333333333334,0.4226,-0.9063,0,28.2,36.5,20.8,21.7,5.4,2.6,1.3,7.7,0.5,6.2,0.6,5.0,8.0,9.0,6.7,5.6,16.5,NS,1.15,0,BALANCED_PHASE,31.2
22.283333333333335,-0.4344,0.9007,0,26.8,30.6,34.9,29.8,6.0,6.1,2.0,3.3,4.3,5.7,1.4,3.8,12.1,5.3,10.0,5.199999999999999,21.7,EW,1.46,3,E_EXCLUSIVE_GREEN,33.5
12.283333333333333,-0.0741,-0.9973,0,25.9,22.9,38.6,20.4,1.8,3.2,1.5,4.0,3.9,2.8,0.3,4.7,5.0,5.5,6.699999999999999,5.0,8.3,EW,1.5,3,E_EXCLUSIVE_GREEN,26.2
11.783333333333333,0.0567,-0.9984,0,39.1,34.7,21.2,39.5,5.9,8.7,3.3,8.8,1.2,1.2,5.3,6.7,14.6,12.100000000000001,2.4,12.0,27.5,NS,1.15,0,BALANCED_PHASE,44.0
14.433333333333334,-0.5948,-0.8039,0,72.8,23.7,18.8,18.1,4.3,13.3,0.4,2.6,1.8,2.5,0.2,0.8,17.6,3.0,4.3,1.0,30.3,NS,3.9,1,N_EXCLUSIVE_GREEN,45.0
4.766666666666667,0.9483,0.3173,0,29.8,21.0,53.5,30.8,3.1,1.0,2.6,2.2,5.7,5.5,6.9,6.8,4.1,4.800000000000001,11.2,13.7,29.3,EW,1.37,3,E_EXCLUSIVE_GREEN,45.0
23.733333333333334,-0.0698,0.9976,0,22.8,31.9,35.7,25.5,1.7,4.6,4.8,6.0,1.1,3.3,3.4,5.4,6.3,10.8,4.4,8.8,16.1,EW,1.59,3,E_EXCLUSIVE_GREEN,30.6
6.166666666666667,0.999,-0.0436,0,54.2,24.4,23.8,20.4,5.5,8.5,1.6,10.3,3.8,2.2,0.4,1.0,14.0,11.9,6.0,1.4,21.7,NS,1.44,1,N_EXCLUSIVE_GREEN,44.9
2.9833333333333334,0.704,0.7102,0,35.5,33.0,26.0,29.9,4.7,8.2,3.2,4.2,3.8,4.2,3.7,4.4,12.899999999999999,7.4,8.0,8.100000000000001,17.8,NS,1.38,0,BALANCED_PHASE,39.0
17.05,-0.9692,-0.2462,1,13.3,50.1,14.9,94.1,0.5,1.0,7.0,8.7,1.1,0.8,14.1,11.3,1.5,15.7,1.9000000000000001,25.4,31.5,EW,8.23,4,W_EXCLUSIVE_GREEN,45.0
0.8166666666666667,0.2122,0.9772,0,80.3,23.7,24.0,17.9,4.8,16.0,6.3,3.0,1.9,4.4,0.4,5.3,20.8,9.3,6.300000000000001,5.7,25.9,NS,2.53,1,N_EXCLUSIVE_GREEN,45.0
3.2666666666666666,0.7547,0.6561,0,38.5,34.9,20.9,32.7,5.5,9.5,7.4,7.9,1.6,0.5,3.0,6.2,15.0,15.3,2.1,9.2,19.7,NS,1.02,0,BALANCED_PHASE,44.5
2.6833333333333336,0.6461,0.7632,0,22.6,22.1,25.8,21.1,2.6,1.0,1.8,5.4,0.6,1.1,3.6,2.2,3.6,7.2,1.7000000000000002,5.800000000000001,14.5,NS,1.38,0,BALANCED_PHASE,24.9
12.316666666666666,-0.0828,-0.9966,0,24.4,28.5,126.7,22.4,3.3,8.8,3.8,4.3,9.0,20.0,3.4,4.3,12.100000000000001,8.1,29.0,7.699999999999999,33.1,EW,4.29,3,E_EXCLUSIVE_GREEN,45.0
14.666666666666666,-0.6428,-0.766,0,23.0,63.8,18.0,24.5,3.9,0.2,3.3,7.4,4.6,4.4,5.2,6.7,4.1,10.7,9.0,11.9,24.9,NS,2.55,2,S_EXCLUSIVE_GREEN,40.4
0.03333333333333333,0.0087,1.0,0,27.6,34.5,22.2,29.5,4.4,4.6,1.9,9.2,2.9,6.9,0.9,4.5,9.0,11.1,9.8,5.4,19.1,NS,1.2,0,BALANCED_PHASE,35.3
10.916666666666666,0.2798,-0.96,0,28.0,30.6,32.0,33.8,1.4,6.2,1.7,2.2,4.0,6.8,0.7,10.2,7.6,3.9000000000000004,10.8,10.899999999999999,16.2,EW,1.0,0,BALANCED_PHASE,34.5
17.983333333333334,-1.0,-0.0044,1,18.6,91.7,17.2,60.6,0.9,1.8,11.6,17.9,2.3,2.0,5.7,8.1,2.7,29.5,4.3,13.8,62.1,NS,6.91,2,S_EXCLUSIVE_GREEN,45.0
8.583333333333334,0.7799,-0.6259,1,98.2,17.9,64.3,19.1,9.3,8.3,3.1,4.3,8.8,7.7,2.1,3.0,17.6,7.4,16.5,5.1,27.7,NS,3.24,1,N_EXCLUSIVE_GREEN,45.0
14.133333333333333,-0.5299,-0.848,0,37.8,22.9,26.6,29.2,4.8,8.2,0.9,4.8,1.6,2.2,1.8,2.8,13.0,5.7,3.8000000000000003,4.6,18.7,NS,1.91,1,N_EXCLUSIVE_GREEN,39.7
22.566666666666666,-0.3665,0.9304,0,26.8,21.0,24.7,63.3,3.2,5.5,4.7,1.7,2.0,2.5,7.1,12.6,8.7,6.4,4.5,19.7,27.4,EW,3.25,4,W_EXCLUSIVE_GREEN,45.0
20.783333333333335,-0.7461,0.6659,0,38.2,33.8,23.6,20.1,2.4,7.0,4.0,6.8,2.1,1.9,6.1,1.2,9.4,10.8,4.0,7.3,15.9,NS,1.11,0,BALANCED_PHASE,35.1
18.45,-0.9931,0.1175,1,17.2,56.9,20.6,104.6,1.9,7.7,5.3,14.3,1.0,5.9,20.4,9.6,9.6,19.6,6.9,30.0,46.5,EW,4.42,4,W_EXCLUSIVE_GREEN,45.0
16.666666666666668,-0.9397,-0.342,1,24.1,66.8,15.5,53.9,2.1,5.5,2.9,10.7,0.9,0.7,8.0,6.1,7.6,13.6,1.6,14.1,20.3,NS,2.09,2,S_EXCLUSIVE_GREEN,45.0
20.566666666666666,-0.7826,0.6225,0,19.0,28.8,114.1,20.3,1.2,1.9,3.6,4.1,13.8,21.0,0.7,5.7,3.0999999999999996,7.699999999999999,34.8,6.4,71.5,EW,5.26,3,E_EXCLUSIVE_GREEN,45.0
15.566666666666666,-0.8039,-0.5948,0,70.6,25.5,22.2,24.9,12.2,21.4,3.8,2.1,0.4,4.9,1.5,3.5,33.599999999999994,5.9,5.300000000000001,5.0,43.2,NS,4.15,1,N_EXCLUSIVE_GREEN,45.0
14.316666666666666,-0.57,-0.8216,0,27.3,22.9,91.5,21.8,2.3,2.9,1.9,7.0,5.6,12.8,2.6,4.7,5.199999999999999,8.9,18.4,7.300000000000001,36.8,EW,3.02,3,E_EXCLUSIVE_GREEN,45.0
4.316666666666666,0.9045,0.4266,0,29.0,73.5,23.8,17.2,1.2,3.1,4.9,10.2,4.2,2.6,3.4,1.6,4.3,15.1,6.800000000000001,5.0,29.1,NS,2.81,2,S_EXCLUSIVE_GREEN,45.0
11.3,0.1822,-0.9833,0,22.7,20.4,37.8,29.7,2.9,1.5,0.6,2.1,2.6,6.5,1.8,4.5,4.4,2.7,9.1,6.3,15.7,EW,1.31,0,BALANCED_PHASE,31.6
0.7333333333333333,0.1908,0.9816,0,32.4,22.6,24.3,25.5,1.5,1.6,2.1,8.4,5.4,1.2,2.7,2.4,3.1,10.5,6.6000000000000005,5.1,12.2,NS,2.09,1,N_EXCLUSIVE_GREEN,33.1
15.316666666666666,-0.7632,-0.6461,0,18.9,27.6,23.9,145.3,0.8,2.2,5.5,7.6,2.9,2.3,14.4,28.8,3.0,13.1,5.199999999999999,43.2,45.9,EW,6.89,4,W_EXCLUSIVE_GREEN,45.0
9.633333333333333,0.5807,-0.8141,0,147.6,19.1,21.9,19.8,15.9,26.3,2.5,1.5,1.3,2.8,1.4,3.4,42.2,4.0,4.1,4.8,45.7,NS,8.62,1,N_EXCLUSIVE_GREEN,45.0
17.383333333333333,-0.987,-0.1607,1,13.0,78.5,17.7,99.7,3.5,0.6,6.6,17.9,2.8,1.1,9.0,14.4,4.1,24.5,3.9,23.4,32.3,EW,5.46,4,W_EXCLUSIVE_GREEN,45.0
6.433333333333334,0.9936,-0.1132,0,23.1,26.4,27.9,30.4,7.2,3.4,1.7,1.7,3.6,5.8,1.4,4.5,10.6,3.4,9.4,5.9,22.2,EW,1.29,0,BALANCED_PHASE,31.5
13.416666666666666,-0.3624,-0.932,0,22.1,25.0,19.9,67.0,2.8,1.8,0.5,2.7,1.1,1.6,12.4,16.8,4.6,3.2,2.7,29.200000000000003,59.3,EW,5.94,4,W_EXCLUSIVE_GREEN,45.0
12.233333333333333,-0.061,-0.9981,0,22.1,18.0,28.0,52.2,1.6,1.3,6.3,6.6,2.7,3.2,6.4,4.1,2.9000000000000004,12.899999999999999,5.9,10.5,25.4,EW,1.75,4,W_EXCLUSIVE_GREEN,37.9
20.25,-0.8315,0.5556,0,27.0,28.8,32.1,22.8,3.0,5.7,1.7,5.8,4.1,5.9,1.9,12.1,8.7,7.5,10.0,14.0,29.6,EW,1.36,0,BALANCED_PHASE,41.7
19.85,-0.885,0.4656,0,31.5,24.2,26.7,31.6,3.4,5.0,3.4,4.1,1.8,4.5,2.6,2.7,8.4,7.5,6.3,5.300000000000001,9.6,NS,1.14,0,BALANCED_PHASE,28.4
8.3,0.8241,-0.5664,1,77.2,12.0,87.1,15.6,6.9,9.0,0.1,7.8,11.2,15.7,1.9,5.7,15.9,7.8999999999999995,26.9,7.6,27.2,EW,3.95,3,E_EXCLUSIVE_GREEN,45.0
20.783333333333335,-0.7461,0.6659,0,37.5,26.2,34.1,25.9,5.6,5.1,5.2,5.3,3.5,7.6,4.7,5.9,10.7,10.5,11.1,10.600000000000001,23.4,NS,1.12,0,BALANCED_PHASE,35.5
8.433333333333334,0.8039,-0.5948,1,58.9,13.4,83.7,18.9,8.8,8.0,0.0,1.2,9.4,6.5,0.8,0.9,16.8,1.2,15.9,1.7000000000000002,27.8,EW,5.46,3,E_EXCLUSIVE_GREEN,45.0
6.9,0.9724,-0.2334,0,29.6,79.3,29.7,30.8,4.0,4.8,10.3,14.1,1.6,3.9,1.1,5.6,8.8,24.4,5.5,6.699999999999999,51.7,NS,2.64,2,S_EXCLUSIVE_GREEN,45.0
9.116666666666667,0.6852,-0.7284,1,113.5,14.6,56.1,12.1,17.1,19.5,3.4,0.4,11.1,17.9,3.7,3.3,36.6,3.8,29.0,7.0,58.8,NS,8.21,1,N_EXCLUSIVE_GREEN,45.0
20.483333333333334,-0.796,0.6053,0,29.8,21.3,20.1,34.4,1.2,5.8,0.4,8.3,0.3,6.4,7.1,8.2,7.0,8.700000000000001,6.7,15.299999999999999,23.4,EW,1.98,4,W_EXCLUSIVE_GREEN,44.1
8.733333333333333,0.7547,-0.6561,1,113.2,13.6,60.7,14.8,14.5,20.3,0.6,0.3,7.7,5.0,0.7,1.7,34.8,0.8999999999999999,12.7,2.4,43.8,NS,13.92,1,N_EXCLUSIVE_GREEN,45.0
19.516666666666666,-0.9222,0.3867,0,50.0,24.1,21.0,18.0,10.1,4.4,4.4,2.7,4.4,5.1,1.3,1.1,14.5,7.1000000000000005,9.5,2.4000000000000004,21.8,NS,1.97,1,N_EXCLUSIVE_GREEN,45.0
4.05,0.8725,0.4886,0,26.5,38.0,20.3,37.8,1.1,2.2,5.0,5.9,0.2,1.0,5.3,4.4,3.3000000000000003,10.9,1.2,9.7,20.0,NS,2.03,2,S_EXCLUSIVE_GREEN,35.6
0.18333333333333332,0.048,0.9988,0,34.7,20.3,29.3,20.2,3.8,6.7,0.7,2.0,3.8,3.9,3.9,1.0,10.5,2.7,7.699999999999999,4.9,11.5,NS,2.4,1,N_EXCLUSIVE_GREEN,33.4
9.283333333333333,0.6528,-0.7576,1,134.5,14.1,80.6,21.6,20.3,23.6,2.3,6.3,19.8,8.5,7.1,4.1,43.900000000000006,8.6,28.3,11.2,64.2,NS,5.94,1,N_EXCLUSIVE_GREEN,45.0
4.75,0.9469,0.3214,0,24.8,22.6,20.6,31.6,1.3,4.6,3.5,7.3,2.4,4.1,1.9,8.6,5.8999999999999995,10.8,6.5,10.5,22.3,EW,1.51,4,W_EXCLUSIVE_GREEN,33.9
0.23333333333333334,0.061,0.9981,0,105.4,26.9,20.8,18.7,13.9,14.5,4.5,3.8,1.1,1.5,1.3,2.8,28.4,8.3,2.6,4.1,32.9,NS,3.49,1,N_EXCLUSIVE_GREEN,45.0
15.216666666666667,-0.7461,-0.6659,0,28.1,20.8,92.0,23.0,2.4,5.1,0.7,3.2,7.5,12.1,1.7,6.3,7.5,3.9000000000000004,19.6,8.0,38.8,EW,2.9,3,E_EXCLUSIVE_GREEN,45.0
15.383333333333333,-0.7744,-0.6327,0,22.0,32.6,36.8,25.0,0.1,1.5,3.3,3.4,3.4,6.2,1.6,1.0,1.6,6.699999999999999,9.6,2.6,20.1,EW,2.1,3,E_EXCLUSIVE_GREEN,32.8
1.35,0.3461,0.9382,0,22.1,126.4,17.7,28.4,5.5,6.4,17.7,16.1,0.5,7.6,5.2,3.7,11.9,33.8,8.1,8.9,55.6,NS,3.51,2,S_EXCLUSIVE_GREEN,45.0
1.2833333333333332,0.3297,0.9441,0,37.7,22.7,36.1,31.5,2.2,6.3,1.4,5.8,5.3,3.1,1.6,5.7,8.5,7.199999999999999,8.4,7.300000000000001,12.3,EW,1.11,0,BALANCED_PHASE,29.5
2.5666666666666664,0.6225,0.7826,0,23.7,22.5,31.9,30.8,2.7,9.1,1.3,5.7,6.1,16.6,4.0,4.3,11.8,7.0,22.700000000000003,8.3,40.3,EW,1.94,3,E_EXCLUSIVE_GREEN,45.0
6.95,0.9692,-0.2462,0,22.6,22.2,23.7,22.9,5.8,10.4,6.1,4.1,0.3,6.6,7.6,1.5,16.2,10.2,6.8999999999999995,9.1,24.5,NS,1.37,0,BALANCED_PHASE,43.9
12.883333333333333,-0.2292,-0.9734,0,21.5,52.7,22.4,26.9,0.3,7.3,3.4,7.3,3.6,4.6,0.3,3.7,7.6,10.7,8.2,4.0,22.1,NS,1.71,2,S_EXCLUSIVE_GREEN,38.1
12.816666666666666,-0.2122,-0.9772,0,35.2,35.6,20.7,33.1,5.3,3.9,3.6,2.5,3.7,4.2,3.6,5.6,9.2,6.1,7.9,9.2,13.0,NS,1.2,0,BALANCED_PHASE,31.1
7.783333333333333,0.893,-0.4501,1,120.4,16.8,48.3,18.1,13.5,18.1,0.7,2.4,2.5,4.6,0.7,6.8,31.6,3.0999999999999996,7.1,7.5,38.8,NS,8.0,1,N_EXCLUSIVE_GREEN,45.0
1.2,0.309,0.9511,0,26.9,24.4,30.0,23.0,2.3,2.4,2.0,7.2,1.1,2.7,2.1,3.6,4.699999999999999,9.2,3.8000000000000003,5.7,17.8,NS,1.45,1,N_EXCLUSIVE_GREEN,30.0
3.55,0.8013,0.5983,0,25.5,25.0,32.1,37.8,3.5,3.2,5.0,1.3,2.6,3.7,3.9,2.8,6.7,6.3,6.300000000000001,6.699999999999999,8.5,EW,1.08,0,BALANCED_PHASE,26.0
6.5,0.9914,-0.1305,0,18.5,23.7,67.4,21.1,0.1,5.9,2.6,2.0,8.0,12.0,3.4,0.4,6.0,4.6,20.0,3.8,23.3,EW,3.93,3,E_EXCLUSIVE_GREEN,45.0
10.166666666666666,0.4617,-0.887,0,26.0,20.9,21.1,21.6,1.0,4.9,0.9,2.3,2.2,4.6,0.8,6.9,5.9,3.1999999999999997,6.8,7.7,9.8,EW,1.04,0,BALANCED_PHASE,25.3
1.7833333333333332,0.4501,0.893,0,21.6,20.4,31.3,33.1,2.0,3.6,3.0,7.1,1.0,4.6,1.8,1.2,5.6,10.1,5.6,3.0,15.8,EW,1.25,0,BALANCED_PHASE,23.7
16.116666666666667,-0.8809,-0.4733,0,26.8,18.1,122.3,32.8,2.6,4.4,0.4,1.9,12.0,15.2,1.9,5.9,7.0,2.3,27.2,7.800000000000001,28.1,EW,3.48,3,E_EXCLUSIVE_GREEN,45.0
6.383333333333334,0.995,-0.1002,0,26.5,26.0,28.0,36.0,1.7,2.2,6.8,5.4,6.6,4.0,6.0,5.9,3.9000000000000004,12.2,10.6,11.9,24.7,EW,1.14,0,BALANCED_PHASE,37.8
21.216666666666665,-0.6659,0.7461,0,23.6,28.9,22.6,21.1,0.5,1.8,0.7,4.7,1.4,1.9,1.6,4.6,2.3,5.4,3.3,6.199999999999999,9.2,NS,1.49,2,S_EXCLUSIVE_GREEN,21.9
7.666666666666667,0.9063,-0.4226,1,136.1,21.9,85.4,12.2,6.2,18.6,1.9,2.8,12.1,13.1,0.3,5.2,24.8,4.699999999999999,25.2,5.5,27.9,NS,5.43,1,N_EXCLUSIVE_GREEN,45.0
13.333333333333334,-0.342,-0.9397,0,29.6,18.9,64.9,28.8,6.5,3.2,1.8,4.7,4.7,6.1,0.4,6.1,9.7,6.5,10.8,6.5,19.1,EW,1.86,3,E_EXCLUSIVE_GREEN,40.2
18.116666666666667,-0.9995,0.0305,1,22.5,94.5,15.9,95.0,5.2,5.6,10.2,18.9,1.3,2.7,8.5,17.7,10.8,29.099999999999998,4.0,26.2,44.2,NS,3.04,2,S_EXCLUSIVE_GREEN,45.0
12.833333333333334,-0.2164,-0.9763,0,107.6,33.0,25.1,29.2,15.3,18.8,2.2,6.3,2.2,5.6,0.5,4.6,34.1,8.5,7.8,5.1,37.9,NS,3.56,1,N_EXCLUSIVE_GREEN,45.0
18.833333333333332,-0.9763,0.2164,1,14.8,52.1,15.3,51.2,0.4,1.9,6.8,4.8,1.3,1.1,3.7,4.4,2.3,11.6,2.4000000000000004,8.100000000000001,25.5,NS,3.83,2,S_EXCLUSIVE_GREEN,40.1
22.5,-0.3827,0.9239,0,32.6,33.3,25.2,23.0,6.2,6.6,8.7,2.3,3.3,1.0,2.0,3.1,12.8,11.0,4.3,5.1,24.7,NS,1.08,0,BALANCED_PHASE,39.1
4.383333333333334,0.9118,0.4107,0,27.6,27.2,24.3,23.1,2.4,5.0,1.3,6.2,1.5,1.3,1.2,2.1,7.4,7.5,2.8,3.3,10.1,NS,0.98,0,BALANCED_PHASE,26.0
7.166666666666667,0.9537,-0.3007,1,50.4,25.1,72.1,17.9,6.5,4.2,3.4,2.0,4.1,11.6,3.8,2.8,10.7,5.4,15.7,6.6,16.3,EW,2.82,3,E_EXCLUSIVE_GREEN,45.0
15.083333333333334,-0.7224,-0.6915,0,20.0,22.7,29.9,39.2,4.1,2.5,1.0,6.7,1.5,7.2,5.1,10.5,6.6,7.7,8.7,15.6,17.4,EW,1.55,4,W_EXCLUSIVE_GREEN,45.0
10.983333333333333,0.263,-0.9648,0,25.9,21.2,21.4,25.2,3.5,3.8,0.7,3.0,2.3,4.6,0.4,2.7,7.3,3.7,6.8999999999999995,3.1,10.6,NS,1.48,1,N_EXCLUSIVE_GREEN,25.3
20.05,-0.8594,0.5113,0,21.7,57.9,17.2,25.9,3.5,2.4,10.4,11.7,2.2,1.5,8.0,4.3,5.9,22.1,3.7,12.3,44.0,NS,3.14,2,S_EXCLUSIVE_GREEN,45.0
22.566666666666666,-0.3665,0.9304,0,29.4,36.1,20.7,20.6,4.2,5.2,3.1,2.6,2.2,5.1,1.0,2.7,9.4,5.7,7.3,3.7,17.5,NS,1.38,0,BALANCED_PHASE,32.0
4.516666666666667,0.9255,0.3786,0,30.1,23.0,55.9,24.7,2.8,5.1,4.3,9.1,3.0,6.1,1.0,12.7,7.8999999999999995,13.399999999999999,9.1,13.7,26.7,EW,1.71,3,E_EXCLUSIVE_GREEN,45.0
14.766666666666667,-0.6626,-0.749,0,22.3,20.8,26.4,57.1,1.4,3.1,2.1,2.1,0.7,7.4,3.9,15.5,4.5,4.2,8.1,19.4,24.3,EW,2.22,4,W_EXCLUSIVE_GREEN,45.0
11.766666666666667,0.061,-0.9981,0,89.6,17.7,17.4,25.7,17.7,11.8,0.3,3.3,3.5,0.8,2.2,2.4,29.5,3.5999999999999996,4.3,4.6,37.2,NS,6.2,1,N_EXCLUSIVE_GREEN,45.0
15.75,-0.8315,-0.5556,0,25.8,25.7,24.9,25.3,2.1,2.6,1.8,3.2,3.2,2.6,2.5,1.8,4.7,5.0,5.800000000000001,4.3,10.1,NS,0.98,0,BALANCED_PHASE,20.7
9.566666666666666,0.5948,-0.8039,0,33.6,22.2,33.4,39.8,1.8,6.2,1.1,12.2,1.4,2.3,6.0,8.5,8.0,13.299999999999999,3.6999999999999997,14.5,22.0,EW,2.06,4,W_EXCLUSIVE_GREEN,43.4
6.6,0.9877,-0.1564,0,17.9,18.2,112.6,28.6,0.8,0.3,2.1,1.7,13.2,15.1,4.1,2.1,1.1,3.8,28.299999999999997,6.199999999999999,55.9,EW,4.09,3,E_EXCLUSIVE_GREEN,45.0
10.766666666666667,0.3173,-0.9483,0,20.7,24.8,26.4,24.7,2.2,1.0,3.9,4.0,12.4,4.1,2.1,3.6,3.2,7.9,16.5,5.7,22.7,EW,1.96,3,E_EXCLUSIVE_GREEN,45.0
19.966666666666665,-0.8704,0.4924,0,23.8,37.2,34.9,21.5,3.1,0.6,4.7,4.1,1.7,2.7,3.3,3.2,3.7,8.8,4.4,6.5,10.8,NS,1.81,2,S_EXCLUSIVE_GREEN,30.4
5.066666666666666,0.9703,0.2419,0,27.3,35.7,30.6,32.8,1.0,3.4,1.7,4.1,3.6,3.6,5.6,5.1,4.4,5.8,7.2,10.7,20.2,EW,1.25,0,BALANCED_PHASE,34.3
14.3,-0.5664,-0.8241,0,38.2,37.9,33.0,34.9,1.1,4.7,1.4,8.5,0.9,6.2,2.5,7.8,5.800000000000001,9.9,7.1000000000000005,10.3,20.9,NS,1.26,0,BALANCED_PHASE,33.8
17.383333333333333,-0.987,-0.1607,1,21.6,99.2,17.8,117.5,1.0,6.4,16.5,22.0,0.2,3.5,14.4,18.0,7.4,38.5,3.7,32.4,40.1,EW,7.21,4,W_EXCLUSIVE_GREEN,45.0
14.0,-0.5,-0.866,0,20.9,20.5,25.6,27.7,0.4,1.7,0.8,5.8,4.1,6.4,3.5,6.0,2.1,6.6,10.5,9.5,20.5,EW,1.06,0,BALANCED_PHASE,33.0
16.4,-0.9135,-0.4067,0,29.4,28.5,31.1,35.7,2.3,4.4,2.6,1.2,10.3,3.2,5.3,7.8,6.7,3.8,13.5,13.1,24.5,EW,1.04,0,BALANCED_PHASE,40.9
0.65,0.1693,0.9856,0,39.5,21.4,22.3,30.8,3.8,3.6,3.0,1.2,0.4,3.2,2.1,6.1,7.4,4.2,3.6,8.2,13.3,NS,1.7,1,N_EXCLUSIVE_GREEN,28.2
19.25,-0.9469,0.3214,1,22.2,52.8,14.6,116.4,4.7,2.4,4.7,4.3,1.7,0.9,15.1,17.0,7.1,9.0,2.6,32.1,48.8,EW,9.2,4,W_EXCLUSIVE_GREEN,45.0
10.766666666666667,0.3173,-0.9483,0,28.1,22.1,23.4,58.3,9.1,3.4,4.5,2.2,7.4,3.1,3.8,7.6,12.5,6.7,10.5,11.399999999999999,23.9,EW,1.47,4,W_EXCLUSIVE_GREEN,40.7
6.55,0.9897,-0.1435,0,21.4,32.8,22.5,29.3,4.1,4.0,7.4,4.8,4.3,1.5,0.7,2.2,8.1,12.2,5.8,2.9000000000000004,13.1,NS,1.46,2,S_EXCLUSIVE_GREEN,36.6
17.15,-0.9753,-0.2207,1,13.1,55.7,13.0,52.0,0.9,0.3,5.8,8.8,2.6,1.5,10.0,8.1,1.2,14.600000000000001,4.1,18.1,23.8,EW,3.96,4,W_EXCLUSIVE_GREEN,45.0
19.3,-0.9426,0.3338,1,16.9,55.5,26.4,111.4,0.7,0.8,7.8,12.4,1.4,8.2,10.9,12.7,1.5,20.2,9.6,23.6,42.9,EW,2.98,4,W_EXCLUSIVE_GREEN,45.0
10.433333333333334,0.3987,-0.9171,0,30.9,38.7,38.9,20.6,1.8,2.3,3.3,6.5,4.9,4.5,0.9,7.9,4.1,9.8,9.4,8.8,20.7,NS,1.63,2,S_EXCLUSIVE_GREEN,33.6
3.1,0.7254,0.6884,0,23.6,25.6,22.3,24.3,1.3,2.1,2.1,3.7,1.9,6.2,2.7,3.6,3.4000000000000004,5.800000000000001,8.1,6.300000000000001,11.4,EW,1.15,0,BALANCED_PHASE,26.7
2.033333333333333,0.5075,0.8616,0,28.8,21.2,25.2,22.7,3.5,1.9,1.8,1.6,1.7,1.8,2.2,5.3,5.4,3.4000000000000004,3.5,7.5,16.4,EW,1.47,3,E_EXCLUSIVE_GREEN,26.2
4.183333333333334,0.889,0.4579,0,24.3,38.0,30.4,21.2,2.9,4.3,3.5,6.7,3.8,3.8,2.6,3.9,7.199999999999999,10.2,7.6,6.5,18.8,NS,1.42,2,S_EXCLUSIVE_GREEN,34.1
6.1,0.9997,-0.0262,0,24.6,31.3,32.6,32.0,3.1,1.6,1.5,4.4,8.0,2.5,5.9,3.3,4.7,5.9,10.5,9.2,15.0,EW,1.06,0,BALANCED_PHASE,33.4
3.033333333333333,0.7133,0.7009,0,22.7,36.3,23.9,21.2,4.2,6.3,5.2,1.6,4.2,1.2,2.2,3.1,10.5,6.800000000000001,5.4,5.300000000000001,14.0,NS,1.5,1,N_EXCLUSIVE_GREEN,33.9
12.7,-0.1822,-0.9833,0,25.8,26.4,29.6,24.2,1.7,8.5,2.4,7.9,6.6,3.0,1.9,0.9,10.2,10.3,9.6,2.8,11.2,NS,0.98,0,BALANCED_PHASE,31.5
19.733333333333334,-0.8988,0.4384,0,30.9,29.3,26.3,27.1,1.2,7.1,3.0,6.3,2.9,2.4,4.6,2.5,8.299999999999999,9.3,5.3,7.1,12.4,NS,1.06,0,BALANCED_PHASE,30.4
1.3833333333333333,0.3543,0.9351,0,61.3,17.8,27.4,31.1,6.1,12.6,2.1,1.9,3.3,8.1,1.8,3.2,18.7,4.0,11.399999999999999,5.0,40.4,NS,3.84,1,N_EXCLUSIVE_GREEN,45.0
0.9833333333333333,0.2546,0.967,0,34.2,28.9,22.3,24.0,4.1,6.5,3.4,3.4,1.8,3.7,3.7,3.0,10.6,6.8,5.5,6.7,15.2,NS,1.33,0,BALANCED_PHASE,33.9
20.516666666666666,-0.7907,0.6122,0,27.2,21.5,23.0,32.3,3.5,6.8,1.0,2.2,3.3,2.0,1.1,4.5,10.3,3.2,5.3,5.6,20.1,EW,1.16,0,BALANCED_PHASE,24.0
2.4833333333333334,0.6053,0.796,0,21.6,37.3,31.3,26.5,6.7,2.5,4.3,3.5,1.1,3.0,6.3,4.0,9.2,7.8,4.1,10.3,14.0,NS,1.32,0,BALANCED_PHASE,31.5
1.3833333333333333,0.3543,0.9351,0,24.3,33.4,35.2,29.4,0.7,3.1,7.9,1.4,2.7,4.8,4.3,4.3,3.8,9.3,7.5,8.6,12.8,EW,1.13,0,BALANCED_PHASE,29.8
13.866666666666667,-0.4695,-0.8829,0,74.4,19.6,22.7,31.2,8.0,11.9,1.6,1.0,2.1,5.3,9.1,1.4,19.9,2.6,7.4,10.5,22.2,NS,4.96,1,N_EXCLUSIVE_GREEN,45.0
19.283333333333335,-0.9441,0.3297,1,12.6,60.6,13.2,84.5,1.9,7.0,4.0,9.9,0.9,1.0,6.2,13.0,8.9,13.9,1.9,19.2,29.4,EW,7.17,4,W_EXCLUSIVE_GREEN,45.0
16.033333333333335,-0.8704,-0.4924,0,22.8,35.5,20.8,38.7,2.3,7.7,3.4,6.1,2.1,2.4,2.2,8.3,10.0,9.5,4.5,10.5,15.1,NS,1.18,0,BALANCED_PHASE,32.9
9.066666666666666,0.6947,-0.7193,1,123.9,14.9,61.6,13.9,8.2,16.6,2.5,3.3,8.6,9.6,1.2,0.4,24.8,5.8,18.2,1.6,41.3,NS,5.35,1,N_EXCLUSIVE_GREEN,45.0
6.55,0.9897,-0.1435,0,23.9,100.0,20.5,19.1,9.7,4.8,21.2,11.7,1.9,2.3,4.4,1.5,14.5,32.9,4.199999999999999,5.9,60.9,NS,2.67,2,S_EXCLUSIVE_GREEN,45.0
17.4,-0.9877,-0.1564,1,18.3,57.1,21.8,67.3,1.2,2.0,4.8,12.0,3.8,2.3,9.2,11.7,3.2,16.8,6.1,20.9,21.6,EW,3.14,4,W_EXCLUSIVE_GREEN,45.0
6.2,0.9986,-0.0523,0,27.3,30.1,22.2,22.0,1.3,3.4,0.6,7.6,1.3,3.6,1.6,7.0,4.7,8.2,4.9,8.6,8.7,NS,1.33,0,BALANCED_PHASE,27.7
7.6,0.9135,-0.4067,1,98.0,18.3,48.9,14.4,5.8,13.7,1.9,0.9,4.7,14.1,0.2,2.9,19.5,2.8,18.8,3.1,35.6,NS,5.62,1,N_EXCLUSIVE_GREEN,45.0
20.183333333333334,-0.841,0.541,0,39.3,22.2,30.7,35.8,8.9,7.5,1.1,1.1,0.7,2.5,9.6,8.4,16.4,2.2,3.2,18.0,34.5,EW,2.56,4,W_EXCLUSIVE_GREEN,45.0
17.433333333333334,-0.989,-0.1478,1,13.9,124.7,20.7,54.1,2.7,0.1,15.7,19.8,2.0,2.9,5.1,5.1,2.8000000000000003,35.5,4.9,10.2,65.6,NS,9.95,2,S_EXCLUSIVE_GREEN,45.0
23.1,-0.2334,0.9724,0,22.1,24.7,25.1,28.4,1.2,4.0,1.2,17.3,3.6,0.4,1.5,5.3,5.2,18.5,4.0,6.8,18.6,NS,2.31,2,S_EXCLUSIVE_GREEN,45.0
18.366666666666667,-0.9954,0.0958,1,16.8,58.8,17.9,73.0,2.2,1.9,4.1,5.1,0.8,2.0,11.8,9.1,4.1,9.2,2.8,20.9,39.2,EW,5.16,4,W_EXCLUSIVE_GREEN,45.0
21.483333333333334,-0.6122,0.7907,0,35.6,25.8,20.1,30.2,3.0,3.7,2.1,3.6,6.7,4.0,3.1,7.0,6.7,5.7,10.7,10.1,22.6,NS,1.22,0,BALANCED_PHASE,27.1
13.933333333333334,-0.4848,-0.8746,0,22.5,96.2,24.4,27.6,0.8,5.9,10.0,13.8,4.3,2.0,2.4,3.3,6.7,23.8,6.3,5.699999999999999,50.3,NS,3.68,2,S_EXCLUSIVE_GREEN,45.0
17.416666666666668,-0.9884,-0.1521,1,17.5,50.3,14.6,72.5,2.1,2.4,8.7,7.9,0.6,0.6,6.8,18.8,4.5,16.6,1.2,25.6,42.9,EW,8.68,4,W_EXCLUSIVE_GREEN,45.0
16.35,-0.9081,-0.4187,0,25.9,22.7,21.5,24.1,4.6,3.7,2.2,3.0,3.0,3.2,3.9,2.1,8.3,5.2,6.2,6.0,9.8,NS,1.32,0,BALANCED_PHASE,27.2
17.633333333333333,-0.9954,-0.0958,1,14.6,119.5,19.7,48.6,1.1,1.4,10.8,17.3,0.6,3.9,7.6,17.5,2.5,28.1,4.5,25.1,31.4,NS,8.8,2,S_EXCLUSIVE_GREEN,45.0
14.983333333333333,-0.704,-0.7102,0,27.5,17.5,89.8,26.6,3.7,3.0,1.1,3.9,5.8,16.5,3.7,5.9,6.7,5.0,22.3,9.600000000000001,44.1,EW,2.61,3,E_EXCLUSIVE_GREEN,45.0
17.333333333333332,-0.9848,-0.1736,1,15.6,65.5,14.0,72.0,0.7,4.5,8.8,13.9,2.4,2.0,6.4,11.7,5.2,22.700000000000003,4.4,18.1,30.9,NS,4.06,2,S_EXCLUSIVE_GREEN,45.0
11.433333333333334,0.1478,-0.989,0,26.4,21.9,36.0,29.4,4.6,2.9,0.7,3.9,3.6,4.3,3.8,4.0,7.5,4.6,7.9,7.8,16.8,EW,1.06,0,BALANCED_PHASE,29.0
13.866666666666667,-0.4695,-0.8829,0,36.7,21.2,31.8,37.0,4.3,11.5,0.4,2.5,3.4,4.8,5.3,3.8,15.8,2.9,8.2,9.1,32.5,EW,1.1,0,BALANCED_PHASE,33.1
19.25,-0.9469,0.3214,1,16.8,53.8,22.6,51.0,1.2,0.5,7.0,12.1,0.3,4.4,2.8,7.5,1.7,19.1,4.7,10.3,25.6,NS,5.37,2,S_EXCLUSIVE_GREEN,45.0
18.566666666666666,-0.989,0.1478,1,16.3,106.8,23.5,55.2,1.0,1.9,10.3,15.1,1.7,4.0,6.5,9.2,2.9,25.4,5.7,15.7,44.3,NS,7.03,2,S_EXCLUSIVE_GREEN,45.0
6.4,0.9945,-0.1045,0,25.9,34.1,21.7,30.1,1.5,1.4,2.0,3.7,5.9,0.9,2.2,5.9,2.9,5.7,6.800000000000001,8.100000000000001,17.0,NS,1.46,2,S_EXCLUSIVE_GREEN,24.2
23.266666666666666,-0.1908,0.9816,0,30.1,24.9,22.7,65.0,3.2,4.0,2.7,2.7,2.7,2.4,13.4,11.2,7.2,5.4,5.1,24.6,53.7,EW,3.71,4,W_EXCLUSIVE_GREEN,45.0
14.416666666666666,-0.5913,-0.8064,0,137.3,22.7,25.5,17.2,14.3,18.5,0.9,5.6,3.2,2.1,2.5,2.0,32.8,6.5,5.300000000000001,4.5,52.5,NS,5.22,1,N_EXCLUSIVE_GREEN,45.0
9.633333333333333,0.5807,-0.8141,0,29.0,51.6,28.9,19.4,3.6,3.1,5.6,12.5,4.4,6.7,2.8,3.8,6.7,18.1,11.100000000000001,6.6,35.4,NS,2.19,2,S_EXCLUSIVE_GREEN,45.0
9.0,0.7071,-0.7071,1,55.4,13.4,59.3,18.9,11.3,9.7,1.6,0.4,3.7,4.7,2.1,2.8,21.0,2.0,8.4,4.9,38.7,NS,6.19,1,N_EXCLUSIVE_GREEN,45.0
9.233333333333333,0.6626,-0.749,1,75.0,20.4,75.8,20.5,11.8,10.7,1.3,5.4,10.6,9.6,1.5,1.8,22.5,6.7,20.2,3.3,48.3,NS,3.33,1,N_EXCLUSIVE_GREEN,45.0
6.9,0.9724,-0.2334,0,30.3,22.7,133.3,30.7,4.3,2.2,3.0,1.6,11.1,19.7,1.4,7.0,6.5,4.6,30.799999999999997,8.4,30.8,EW,3.82,3,E_EXCLUSIVE_GREEN,45.0
17.533333333333335,-0.9925,-0.1219,1,25.4,95.5,16.0,91.7,3.9,4.4,14.3,12.1,3.2,4.2,8.2,17.5,8.3,26.4,7.4,25.7,39.5,NS,3.28,2,S_EXCLUSIVE_GREEN,45.0
17.6,-0.9945,-0.1045,1,24.2,53.9,19.4,53.9,0.9,3.9,7.0,14.0,1.4,4.1,8.9,12.0,4.8,21.0,5.5,20.9,45.8,NS,3.14,2,S_EXCLUSIVE_GREEN,45.0
18.15,-0.9992,0.0393,1,13.4,105.3,12.4,71.0,1.2,1.2,8.7,18.5,3.3,1.5,12.0,7.3,2.4,27.2,4.8,19.3,47.1,NS,8.65,2,S_EXCLUSIVE_GREEN,45.0
3.033333333333333,0.7133,0.7009,0,29.1,32.1,39.5,21.4,7.5,8.8,1.6,4.0,6.1,2.6,3.4,3.3,16.3,5.6,8.7,6.699999999999999,26.5,NS,1.91,1,N_EXCLUSIVE_GREEN,45.0
4.133333333333334,0.8829,0.4695,0,21.8,86.5,24.2,17.7,1.4,2.6,7.4,7.8,1.6,7.0,0.9,4.0,4.0,15.2,8.6,4.9,31.4,NS,3.67,2,S_EXCLUSIVE_GREEN,45.0
7.266666666666667,0.9455,-0.3256,1,58.1,12.1,62.0,17.5,7.1,10.7,0.9,4.0,6.1,10.0,0.8,1.4,17.799999999999997,4.9,16.1,2.2,20.0,EW,4.6,3,E_EXCLUSIVE_GREEN,45.0
9.083333333333334,0.6915,-0.7224,1,55.1,18.3,55.0,15.1,8.7,7.2,2.3,3.4,4.4,5.6,1.8,3.1,15.899999999999999,5.699999999999999,10.0,4.9,29.0,NS,2.73,1,N_EXCLUSIVE_GREEN,45.0
18.416666666666668,-0.9941,0.1089,1,22.0,73.9,14.9,46.7,1.2,3.3,11.6,13.4,2.7,5.0,8.4,5.2,4.5,25.0,7.7,13.600000000000001,45.0,NS,4.23,2,S_EXCLUSIVE_GREEN,45.0
18.966666666666665,-0.9681,0.2504,1,22.4,84.2,23.7,82.3,2.5,3.5,17.5,10.6,1.2,5.3,12.7,10.6,6.0,28.1,6.5,23.299999999999997,40.7,NS,4.09,2,S_EXCLUSIVE_GREEN,45.0
6.766666666666667,0.9799,-0.1994,0,27.5,22.4,56.9,21.6,1.8,7.0,1.0,6.5,5.6,11.9,0.8,7.8,8.8,7.5,17.5,8.6,24.9,EW,2.15,3,E_EXCLUSIVE_GREEN,45.0
15.183333333333334,-0.7402,-0.6724,0,37.4,24.8,30.2,29.9,9.6,5.3,1.4,3.5,1.0,7.3,1.7,2.4,14.899999999999999,4.9,8.3,4.1,30.7,NS,2.16,1,N_EXCLUSIVE_GREEN,44.6
22.733333333333334,-0.3256,0.9455,0,24.8,37.7,22.2,37.7,1.8,2.3,3.0,9.1,2.2,2.4,7.3,7.2,4.1,12.1,4.6,14.5,31.2,EW,2.31,4,W_EXCLUSIVE_GREEN,43.9
3.6333333333333333,0.8141,0.5807,0,23.2,20.2,20.8,24.8,4.0,1.9,3.6,7.3,2.3,5.7,0.8,2.7,5.9,10.9,8.0,3.5,23.4,NS,1.49,1,N_EXCLUSIVE_GREEN,33.3
1.7666666666666666,0.4462,0.8949,0,33.1,27.3,20.1,20.7,1.1,2.7,0.3,3.0,0.7,5.4,0.7,4.2,3.8000000000000003,3.3,6.1000000000000005,4.9,10.3,NS,1.13,0,BALANCED_PHASE,19.6
12.083333333333334,-0.0218,-0.9998,0,37.2,26.3,36.8,29.9,2.2,12.1,1.2,6.3,5.5,6.5,2.6,4.7,14.3,7.5,12.0,7.300000000000001,18.2,EW,1.4,3,E_EXCLUSIVE_GREEN,37.4
10.366666666666667,0.4147,-0.91,0,33.9,23.0,20.5,28.9,8.7,6.1,1.8,2.9,1.4,4.0,3.0,4.1,14.799999999999999,4.7,5.4,7.1,17.6,NS,2.2,1,N_EXCLUSIVE_GREEN,42.5
13.433333333333334,-0.3665,-0.9304,0,21.2,23.8,24.2,25.3,1.2,7.2,1.2,4.7,1.1,2.5,1.1,0.9,8.4,5.9,3.6,2.0,17.6,NS,1.24,0,BALANCED_PHASE,27.9
3.9166666666666665,0.8549,0.5188,0,24.1,29.4,29.5,26.6,3.8,1.8,3.1,2.0,1.0,4.4,2.3,2.1,5.6,5.1,5.4,4.4,8.0,EW,1.1,0,BALANCED_PHASE,21.9
23.683333333333334,-0.0828,0.9966,0,25.4,20.5,28.7,29.5,1.4,5.5,8.8,7.4,3.7,5.4,2.4,4.8,6.9,16.200000000000003,9.100000000000001,7.199999999999999,31.6,EW,1.12,0,BALANCED_PHASE,31.7
0.6666666666666666,0.1736,0.9848,0,37.7,26.0,29.6,38.8,4.9,6.4,4.0,4.9,2.5,3.1,3.6,3.3,11.3,8.9,5.6,6.9,16.3,NS,1.29,0,BALANCED_PHASE,36.0
12.05,-0.0131,-0.9999,0,121.3,18.8,28.0,19.5,6.2,9.1,1.3,1.7,3.4,3.7,1.2,0.7,15.3,3.0,7.1,1.9,16.7,NS,5.44,1,N_EXCLUSIVE_GREEN,45.0
10.566666666666666,0.3665,-0.9304,0,38.8,31.8,20.8,28.8,2.5,7.9,0.6,6.0,3.4,2.1,6.8,5.3,10.4,6.6,5.5,12.1,12.4,NS,1.35,0,BALANCED_PHASE,34.0
10.533333333333333,0.3746,-0.9272,0,24.9,26.1,22.8,23.1,1.5,4.1,2.3,8.2,0.6,7.4,1.0,5.0,5.6,10.5,8.0,6.0,14.0,NS,1.42,2,S_EXCLUSIVE_GREEN,32.1
4.05,0.8725,0.4886,0,22.1,22.1,23.6,20.8,1.3,1.9,4.8,1.5,0.6,4.2,1.7,3.7,3.2,6.3,4.8,5.4,8.0,EW,1.07,0,BALANCED_PHASE,20.9
12.466666666666667,-0.1219,-0.9925,0,33.5,23.6,20.4,33.8,2.8,3.1,1.1,3.4,4.5,6.2,2.6,6.1,5.9,4.5,10.7,8.7,10.7,EW,1.32,0,BALANCED_PHASE,33.6
18.533333333333335,-0.9903,0.1392,1,17.6,109.2,14.3,50.8,1.1,4.2,8.5,12.0,0.3,3.9,4.2,11.3,5.300000000000001,20.5,4.2,15.5,44.7,NS,4.54,2,S_EXCLUSIVE_GREEN,45.0
2.2333333333333334,0.5519,0.8339,0,29.4,32.8,26.8,31.0,4.2,1.9,4.8,1.1,2.2,2.6,7.9,2.1,6.1,5.9,4.800000000000001,10.0,12.2,NS,1.03,0,BALANCED_PHASE,24.3
12.15,-0.0393,-0.9992,0,69.3,17.4,28.4,31.3,5.6,6.1,1.4,1.9,1.8,7.7,1.5,14.6,11.7,3.3,9.5,16.1,16.6,NS,3.51,1,N_EXCLUSIVE_GREEN,42.5
15.6,-0.809,-0.5878,0,30.4,21.2,32.3,35.2,10.7,3.9,0.2,0.7,3.4,3.2,1.6,2.0,14.6,0.8999999999999999,6.6,3.6,20.6,EW,1.29,0,BALANCED_PHASE,26.6
17.416666666666668,-0.9884,-0.1521,1,13.5,78.3,16.8,96.0,0.2,0.0,7.2,19.1,0.9,2.6,5.5,19.0,0.2,26.3,3.5,24.5,47.7,EW,5.94,4,W_EXCLUSIVE_GREEN,45.0
8.083333333333334,0.8549,-0.5188,1,52.4,24.6,87.5,12.1,4.0,7.9,2.2,2.5,10.5,14.3,0.7,0.5,11.9,4.7,24.8,1.2,34.1,EW,10.25,3,E_EXCLUSIVE_GREEN,45.0
12.533333333333333,-0.1392,-0.9903,0,20.8,27.7,21.7,24.6,3.3,5.2,4.9,2.2,3.6,2.1,1.9,1.7,8.5,7.1000000000000005,5.7,3.5999999999999996,17.7,NS,1.19,0,BALANCED_PHASE,28.8
22.133333333333333,-0.4695,0.8829,0,25.2,24.8,21.1,20.9,1.1,4.8,2.9,2.0,0.1,2.5,2.4,3.2,5.9,4.9,2.6,5.6,11.9,NS,1.06,0,BALANCED_PHASE,22.5
15.583333333333334,-0.8064,-0.5913,0,26.0,17.7,27.6,131.7,2.3,2.4,1.4,3.2,2.8,1.9,15.8,22.4,4.699999999999999,4.6,4.699999999999999,38.2,71.2,EW,6.02,4,W_EXCLUSIVE_GREEN,45.0
20.6,-0.7771,0.6293,0,18.6,57.7,26.7,23.9,2.5,0.6,3.7,6.8,1.8,0.8,2.6,3.0,3.1,10.5,2.6,5.6,20.6,NS,3.01,2,S_EXCLUSIVE_GREEN,38.4
7.066666666666666,0.9613,-0.2756,1,52.6,16.7,64.9,21.5,3.7,7.8,2.7,10.5,8.0,18.8,3.8,4.3,11.5,13.2,26.8,8.1,31.5,EW,3.09,3,E_EXCLUSIVE_GREEN,45.0
8.816666666666666,0.7402,-0.6724,1,55.9,13.5,93.1,22.6,2.9,7.7,0.2,6.1,7.0,17.0,0.8,3.4,10.6,6.3,24.0,4.2,32.8,EW,4.62,3,E_EXCLUSIVE_GREEN,45.0
13.333333333333334,-0.342,-0.9397,0,28.1,28.7,38.2,21.9,3.3,2.9,7.0,5.1,3.6,5.2,0.8,3.9,6.199999999999999,12.1,8.8,4.7,17.4,NS,1.45,2,S_EXCLUSIVE_GREEN,36.1
18.083333333333332,-0.9998,0.0218,1,15.1,109.6,13.8,61.2,0.3,0.8,10.1,14.2,0.8,1.8,3.7,9.5,1.1,24.299999999999997,2.6,13.2,37.4,NS,10.0,2,S_EXCLUSIVE_GREEN,45.0
3.7,0.8241,0.5664,0,24.4,34.4,38.0,34.5,4.6,2.3,4.7,4.6,10.3,6.7,1.8,6.0,6.8999999999999995,9.3,17.0,7.8,37.1,EW,1.62,3,E_EXCLUSIVE_GREEN,45.0
11.366666666666667,0.165,-0.9863,0,21.5,19.0,114.8,18.9,5.0,2.8,0.3,1.2,12.0,17.4,5.1,2.7,7.8,1.5,29.4,7.8,41.9,EW,4.33,3,E_EXCLUSIVE_GREEN,45.0
19.683333333333334,-0.9045,0.4266,0,18.1,19.1,51.3,19.1,3.1,3.2,3.0,5.9,3.9,7.6,0.4,4.7,6.300000000000001,8.9,11.5,5.1000000000000005,13.3,EW,2.31,3,E_EXCLUSIVE_GREEN,38.6
5.366666666666666,0.9863,0.165,0,20.1,28.1,26.6,24.3,0.2,1.8,1.7,4.7,3.3,2.0,4.0,4.4,2.0,6.4,5.3,8.4,10.0,EW,1.29,0,BALANCED_PHASE,27.6
14.65,-0.6394,-0.7688,0,88.0,31.4,19.9,17.2,6.4,13.9,6.3,3.3,0.3,4.2,1.4,5.2,20.3,9.6,4.5,6.6,38.5,NS,2.31,1,N_EXCLUSIVE_GREEN,45.0
7.2,0.9511,-0.309,1,71.6,20.0,64.0,21.7,7.7,17.8,1.4,0.4,11.8,11.9,1.6,1.4,25.5,1.7999999999999998,23.700000000000003,3.0,51.4,NS,6.32,1,N_EXCLUSIVE_GREEN,45.0
21.383333333333333,-0.6327,0.7744,0,54.7,32.7,18.8,18.5,9.7,5.7,3.1,5.8,2.2,3.6,5.0,2.9,15.399999999999999,8.9,5.800000000000001,7.9,22.8,NS,1.65,1,N_EXCLUSIVE_GREEN,45.0
3.783333333333333,0.8363,0.5483,0,17.3,57.9,19.5,26.5,1.2,9.9,5.9,8.3,0.3,2.2,5.8,2.9,11.1,14.200000000000001,2.5,8.7,29.2,NS,1.71,2,S_EXCLUSIVE_GREEN,45.0
9.0,0.7071,-0.7071,1,71.5,12.1,50.8,16.0,4.7,10.2,0.0,1.4,3.4,8.4,4.3,2.8,14.899999999999999,1.4,11.8,7.1,22.1,NS,6.76,1,N_EXCLUSIVE_GREEN,45.0
10.733333333333333,0.3256,-0.9455,0,29.9,23.2,30.8,29.0,5.2,3.8,0.9,2.6,1.9,3.9,7.4,1.3,9.0,3.5,5.8,8.700000000000001,12.4,EW,1.23,0,BALANCED_PHASE,29.2
9.466666666666667,0.6157,-0.788,1,91.1,16.2,47.5,17.2,7.1,10.6,3.6,0.8,9.1,5.4,0.0,3.4,17.7,4.4,14.5,3.4,26.7,NS,4.41,1,N_EXCLUSIVE_GREEN,45.0
15.016666666666667,-0.7102,-0.704,0,22.6,71.9,22.5,30.7,0.2,3.7,3.8,9.1,1.1,1.0,2.3,8.3,3.9000000000000004,12.899999999999999,2.1,10.600000000000001,27.0,NS,3.06,2,S_EXCLUSIVE_GREEN,45.0
6.566666666666666,0.989,-0.1478,0,39.4,37.5,23.2,29.6,8.2,4.5,2.6,7.7,1.8,1.4,1.0,8.1,12.7,10.3,3.2,9.1,12.9,NS,1.12,0,BALANCED_PHASE,38.8
8.583333333333334,0.7799,-0.6259,1,68.2,18.2,55.6,18.3,9.5,12.9,0.8,3.3,6.4,6.5,1.3,5.4,22.4,4.1,12.9,6.7,40.6,NS,4.38,1,N_EXCLUSIVE_GREEN,45.0
15.65,-0.8166,-0.5771,0,22.9,34.2,20.4,29.9,3.1,3.4,8.4,5.6,0.3,6.4,0.7,7.0,6.5,14.0,6.7,7.7,16.1,NS,1.8,2,S_EXCLUSIVE_GREEN,40.8
4.733333333333333,0.9455,0.3256,0,24.3,20.3,21.2,23.7,1.2,1.7,0.4,2.0,0.5,7.8,2.2,7.0,2.9,2.4,8.3,9.2,10.3,EW,1.07,0,BALANCED_PHASE,28.7
0.4,0.1045,0.9945,0,22.2,26.1,34.0,31.7,4.9,4.4,2.8,1.9,5.6,8.1,2.1,11.2,9.3,4.699999999999999,13.7,13.299999999999999,27.8,EW,1.02,0,BALANCED_PHASE,41.3
21.55,-0.5983,0.8013,0,31.5,54.9,31.8,29.1,6.2,6.2,4.3,8.1,4.8,8.4,2.0,2.2,12.4,12.399999999999999,13.2,4.2,27.1,NS,1.22,1,N_EXCLUSIVE_GREEN,42.4
1.3,0.3338,0.9426,0,19.1,21.7,57.3,29.1,2.4,4.2,1.0,9.6,9.9,7.4,1.6,6.2,6.6,10.6,17.3,7.800000000000001,27.1,EW,2.04,3,E_EXCLUSIVE_GREEN,45.0
1.4833333333333334,0.3786,0.9255,0,21.8,25.9,27.5,39.4,1.6,2.0,2.8,3.1,5.6,4.6,14.5,10.0,3.6,5.9,10.2,24.5,39.8,EW,2.0,4,W_EXCLUSIVE_GREEN,45.0
0.06666666666666667,0.0175,0.9998,0,23.8,20.1,59.0,23.2,6.8,2.3,10.1,1.7,12.4,7.5,0.8,2.8,9.1,11.799999999999999,19.9,3.5999999999999996,24.7,EW,3.62,3,E_EXCLUSIVE_GREEN,45.0
21.9,-0.5225,0.8526,0,35.6,23.1,22.8,31.6,0.1,4.4,2.6,3.0,2.1,9.0,4.8,2.7,4.5,5.6,11.1,7.5,17.4,EW,1.39,0,BALANCED_PHASE,34.6
11.916666666666666,0.0218,-0.9998,0,20.0,32.3,138.7,18.1,3.1,4.1,0.8,5.5,15.2,28.3,2.5,3.4,7.199999999999999,6.3,43.5,5.9,48.1,EW,7.12,3,E_EXCLUSIVE_GREEN,45.0
20.4,-0.809,0.5878,0,20.3,30.8,19.5,66.5,1.9,2.5,2.9,2.3,3.2,0.8,3.2,5.9,4.4,5.199999999999999,4.0,9.100000000000001,14.3,EW,2.66,4,W_EXCLUSIVE_GREEN,36.6
16.75,-0.9469,-0.3214,1,13.6,51.3,12.9,53.2,1.0,8.8,6.7,5.5,1.4,3.1,8.7,7.4,9.8,12.2,4.5,16.1,25.3,NS,1.72,2,S_EXCLUSIVE_GREEN,41.2
3.95,0.8594,0.5113,0,60.2,28.8,27.2,27.1,2.3,11.2,3.7,4.8,1.5,1.5,0.3,8.0,13.5,8.5,3.0,8.3,18.2,NS,1.73,1,N_EXCLUSIVE_GREEN,44.7
5.2,0.9781,0.2079,0,32.8,29.6,25.0,24.3,3.7,4.7,3.4,3.2,1.9,1.5,1.2,1.5,8.4,6.6,3.4,2.7,9.7,NS,1.15,0,BALANCED_PHASE,28.7
14.583333333333334,-0.6259,-0.7799,0,30.9,22.7,26.5,22.3,4.2,9.7,1.1,13.3,1.3,4.8,8.2,3.4,13.899999999999999,14.4,6.1,11.6,30.1,NS,1.09,0,BALANCED_PHASE,42.4
0.03333333333333333,0.0087,1.0,0,23.6,18.1,69.3,23.8,1.8,6.4,1.5,0.4,11.9,12.1,0.4,2.9,8.200000000000001,1.9,24.0,3.3,44.8,EW,4.43,3,E_EXCLUSIVE_GREEN,45.0
10.516666666666667,0.3786,-0.9255,0,17.7,62.0,25.0,21.3,1.1,3.7,13.3,9.8,4.1,7.8,0.6,1.1,4.800000000000001,23.1,11.899999999999999,1.7000000000000002,30.1,NS,4.02,2,S_EXCLUSIVE_GREEN,45.0
0.36666666666666664,0.0958,0.9954,0,37.9,22.6,28.4,32.8,0.9,3.8,1.1,2.0,1.2,8.5,2.0,7.4,4.7,3.1,9.7,9.4,12.1,EW,1.04,0,BALANCED_PHASE,31.5
11.666666666666666,0.0872,-0.9962,0,24.6,19.2,104.2,18.9,0.8,5.4,1.1,2.1,8.4,16.7,5.2,6.0,6.2,3.2,25.1,11.2,29.1,EW,2.97,3,E_EXCLUSIVE_GREEN,45.0
1.6666666666666665,0.4226,0.9063,0,19.6,23.9,18.2,61.6,3.1,3.0,3.4,1.7,1.7,2.0,10.1,4.0,6.1,5.1,3.7,14.1,14.7,EW,3.37,4,W_EXCLUSIVE_GREEN,45.0
0.5833333333333334,0.1521,0.9884,0,25.3,30.2,22.5,27.2,3.2,4.3,3.8,2.5,1.4,3.6,2.1,4.2,7.5,6.3,5.0,6.300000000000001,11.1,NS,1.14,0,BALANCED_PHASE,26.5
7.15,0.955,-0.2965,1,132.1,15.4,60.7,16.6,10.3,25.6,0.6,1.9,2.9,17.4,1.5,2.1,35.900000000000006,2.5,20.299999999999997,3.6,50.1,NS,10.25,1,N_EXCLUSIVE_GREEN,45.0
10.95,0.2714,-0.9625,0,17.7,86.7,17.9,18.4,6.7,3.2,11.1,10.6,0.2,3.3,1.0,2.6,9.9,21.7,3.5,3.6,28.9,NS,2.8,2,S_EXCLUSIVE_GREEN,45.0
2.7666666666666666,0.6626,0.749,0,26.9,137.4,23.2,22.3,0.8,12.8,19.9,24.4,0.6,4.3,0.3,4.9,13.600000000000001,44.3,4.8999999999999995,5.2,62.7,NS,3.68,2,S_EXCLUSIVE_GREEN,45.0
13.25,-0.3214,-0.9469,0,26.9,24.0,29.8,24.6,1.3,2.1,2.7,7.0,0.9,8.1,2.5,2.6,3.4000000000000004,9.7,9.0,5.1,17.2,EW,1.42,3,E_EXCLUSIVE_GREEN,30.1
13.316666666666666,-0.3379,-0.9412,0,25.7,22.6,36.0,27.7,0.9,7.2,1.9,3.2,3.5,5.6,0.9,3.3,8.1,5.1,9.1,4.2,14.5,EW,1.59,3,E_EXCLUSIVE_GREEN,31.1
10.466666666666667,0.3907,-0.9205,0,22.9,32.8,21.7,34.6,4.1,0.9,3.4,5.6,4.3,5.2,6.6,3.9,5.0,9.0,9.5,10.5,15.0,EW,1.21,0,BALANCED_PHASE,33.7
6.683333333333334,0.984,-0.1779,0,17.8,74.1,20.9,23.9,0.8,5.4,7.2,21.3,1.8,1.3,2.8,3.3,6.2,28.5,3.1,6.1,49.1,NS,4.22,2,S_EXCLUSIVE_GREEN,45.0
4.316666666666666,0.9045,0.4266,0,28.0,36.5,22.1,33.6,8.0,3.4,8.5,2.5,2.9,2.1,1.2,6.6,11.4,11.0,5.0,7.8,11.5,NS,1.09,0,BALANCED_PHASE,35.5
16.966666666666665,-0.9636,-0.2672,1,20.9,61.8,16.5,52.9,1.6,2.5,5.3,6.1,0.6,4.6,3.2,13.2,4.1,11.399999999999999,5.199999999999999,16.4,23.4,NS,2.71,2,S_EXCLUSIVE_GREEN,41.3
4.45,0.9188,0.3947,0,21.0,35.6,23.2,24.8,2.2,6.9,2.3,1.2,5.0,3.3,10.0,3.2,9.100000000000001,3.5,8.3,13.2,28.2,EW,1.35,0,BALANCED_PHASE,38.7
4.683333333333334,0.9412,0.3379,0,21.8,30.5,20.4,30.8,5.9,2.5,1.5,0.8,1.5,4.5,1.5,3.4,8.4,2.3,6.0,4.9,9.5,NS,2.03,1,N_EXCLUSIVE_GREEN,28.2
5.333333333333333,0.9848,0.1736,0,53.6,18.1,20.8,22.2,4.5,7.6,0.5,3.8,1.0,3.4,1.2,2.0,12.1,4.3,4.4,3.2,18.0,NS,2.71,1,N_EXCLUSIVE_GREEN,40.6
5.333333333333333,0.9848,0.1736,0,26.1,23.2,29.2,36.2,5.8,7.5,5.1,6.2,8.6,5.0,4.1,6.4,13.3,11.3,13.6,10.5,20.3,EW,1.24,0,BALANCED_PHASE,40.7
4.766666666666667,0.9483,0.3173,0,26.6,28.8,53.2,23.8,2.5,4.1,2.6,2.7,14.9,6.5,0.9,1.6,6.6,5.300000000000001,21.4,2.5,27.9,EW,4.13,3,E_EXCLUSIVE_GREEN,45.0
13.433333333333334,-0.3665,-0.9304,0,25.0,24.5,76.0,28.6,3.2,4.6,3.0,4.1,10.1,8.7,7.7,6.1,7.8,7.1,18.799999999999997,13.8,26.1,EW,1.7,3,E_EXCLUSIVE_GREEN,45.0
4.816666666666666,0.9524,0.3049,0,27.5,101.8,20.4,19.3,1.5,4.5,8.4,10.1,0.7,6.5,4.0,2.3,6.0,18.5,7.2,6.3,37.3,NS,3.24,2,S_EXCLUSIVE_GREEN,45.0
5.016666666666667,0.967,0.2546,0,23.8,27.5,23.6,34.1,4.2,5.0,2.3,7.5,1.1,2.8,2.5,4.1,9.2,9.8,3.9,6.6,11.2,NS,1.06,0,BALANCED_PHASE,30.7
19.65,-0.9081,0.4187,0,22.9,96.8,24.6,18.8,0.6,5.1,6.1,15.4,4.4,16.1,2.5,3.1,5.699999999999999,21.5,20.5,5.6,43.5,NS,3.79,2,S_EXCLUSIVE_GREEN,45.0
19.233333333333334,-0.9483,0.3173,1,12.4,58.2,26.4,74.2,1.2,7.3,10.2,9.2,2.1,2.5,9.0,13.8,8.5,19.4,4.6,22.8,24.2,EW,3.63,4,W_EXCLUSIVE_GREEN,45.0
7.716666666666667,0.9007,-0.4344,1,72.2,16.3,72.6,14.0,3.5,14.9,2.5,3.4,8.2,15.0,1.8,0.6,18.4,5.9,23.2,2.4,28.9,NS,3.4,1,N_EXCLUSIVE_GREEN,45.0
0.36666666666666664,0.0958,0.9954,0,28.4,27.0,32.4,61.7,5.5,2.2,4.0,1.1,8.1,5.1,3.1,9.8,7.7,5.1,13.2,12.9,19.8,EW,1.28,3,E_EXCLUSIVE_GREEN,44.5
4.533333333333333,0.9272,0.3746,0,24.6,23.6,23.1,33.5,2.8,2.3,4.3,11.6,3.2,3.0,5.1,6.0,5.1,15.899999999999999,6.2,11.1,26.8,EW,1.57,4,W_EXCLUSIVE_GREEN,35.9
15.75,-0.8315,-0.5556,0,25.9,25.4,23.5,24.5,1.9,1.2,3.0,4.8,1.8,2.6,2.2,2.2,3.0999999999999996,7.8,4.4,4.4,11.2,NS,1.49,1,N_EXCLUSIVE_GREEN,26.4
5.9,0.9997,0.0262,0,20.8,28.1,17.9,73.8,1.4,3.2,1.8,5.0,3.1,3.7,5.1,5.3,4.6,6.8,6.800000000000001,10.399999999999999,16.9,EW,2.31,4,W_EXCLUSIVE_GREEN,40.8
4.166666666666667,0.887,0.4617,0,51.4,24.9,19.8,18.6,5.9,6.3,6.0,2.2,2.8,6.4,0.5,3.8,12.2,8.2,9.2,4.3,20.8,NS,1.64,1,N_EXCLUSIVE_GREEN,40.7
13.8,-0.454,-0.891,0,21.0,32.8,25.1,24.2,1.9,3.7,0.9,4.2,5.6,1.9,3.1,1.1,5.6,5.1000000000000005,7.5,4.2,13.6,NS,1.24,0,BALANCED_PHASE,23.5
8.433333333333334,0.8039,-0.5948,1,81.4,26.5,115.3,16.3,9.9,18.7,1.6,1.8,12.4,18.9,4.9,0.8,28.6,3.4000000000000004,31.299999999999997,5.7,53.9,EW,5.75,3,E_EXCLUSIVE_GREEN,45.0
7.783333333333333,0.893,-0.4501,1,54.9,17.4,61.9,15.7,7.7,10.4,0.7,0.6,7.6,12.9,0.5,2.1,18.1,1.2999999999999998,20.5,2.6,38.6,EW,5.27,3,E_EXCLUSIVE_GREEN,45.0
21.2,-0.6691,0.7431,0,28.2,25.1,36.1,24.5,5.8,10.5,1.3,2.2,6.8,3.1,0.6,1.9,16.3,3.5,9.9,2.5,22.6,NS,2.43,1,N_EXCLUSIVE_GREEN,44.9
2.183333333333333,0.541,0.841,0,24.7,35.9,30.3,24.3,3.2,4.5,5.7,5.8,2.1,8.3,4.7,15.0,7.7,11.5,10.4,19.7,29.6,EW,1.63,3,E_EXCLUSIVE_GREEN,45.0
14.916666666666666,-0.6915,-0.7224,0,23.4,22.5,28.8,23.7,1.6,4.4,4.6,2.6,0.8,6.3,1.1,3.5,6.0,7.199999999999999,7.1,4.6,14.7,EW,1.31,0,BALANCED_PHASE,25.9
22.333333333333332,-0.4226,0.9063,0,37.0,20.5,38.4,33.8,3.9,6.0,5.2,2.7,5.1,6.8,5.5,6.5,9.9,7.9,11.899999999999999,12.0,24.5,EW,1.03,0,BALANCED_PHASE,38.4
7.45,0.9288,-0.3706,1,132.5,18.1,46.5,22.4,10.3,21.6,0.8,8.0,5.5,7.5,0.6,4.6,31.900000000000002,8.8,13.0,5.199999999999999,38.1,NS,4.52,1,N_EXCLUSIVE_GREEN,45.0
12.816666666666666,-0.2122,-0.9772,0,27.7,20.4,31.7,63.9,0.5,2.0,0.2,3.1,4.6,6.7,13.1,8.4,2.5,3.3000000000000003,11.3,21.5,45.5,EW,1.89,4,W_EXCLUSIVE_GREEN,45.0
23.333333333333332,-0.1736,0.9848,0,59.4,23.0,24.1,24.4,4.9,5.7,1.2,3.6,0.3,3.1,2.0,4.5,10.600000000000001,4.8,3.4,6.5,23.1,NS,2.27,1,N_EXCLUSIVE_GREEN,39.2
16.1,-0.8788,-0.4772,0,20.3,24.2,23.4,28.1,0.3,2.1,0.5,4.7,2.4,6.1,3.0,3.4,2.4,5.2,8.5,6.4,12.1,EW,1.22,0,BALANCED_PHASE,28.3
1.9333333333333333,0.4848,0.8746,0,31.3,32.4,20.9,30.9,6.2,6.5,6.6,2.7,1.2,2.5,3.9,3.1,12.7,9.3,3.7,7.0,21.8,NS,1.19,0,BALANCED_PHASE,38.4
16.566666666666666,-0.9304,-0.3665,1,12.7,105.0,24.5,50.3,0.5,2.5,12.1,16.3,1.8,7.0,5.7,6.8,3.0,28.4,8.8,12.5,42.6,NS,8.17,2,S_EXCLUSIVE_GREEN,45.0
12.783333333333333,-0.2036,-0.979,0,30.9,27.4,18.4,91.3,2.5,5.4,2.4,3.6,3.1,3.7,15.9,20.2,7.9,6.0,6.800000000000001,36.1,70.6,EW,4.95,4,W_EXCLUSIVE_GREEN,45.0
16.8,-0.9511,-0.309,1,20.6,85.6,15.7,58.3,0.4,2.1,12.5,8.0,1.2,4.0,8.3,5.3,2.5,20.5,5.2,13.600000000000001,43.3,NS,5.28,2,S_EXCLUSIVE_GREEN,45.0
20.05,-0.8594,0.5113,0,22.8,17.2,23.7,76.6,2.7,4.1,1.9,2.7,8.0,1.4,8.1,12.0,6.8,4.6,9.4,20.1,26.7,EW,2.42,4,W_EXCLUSIVE_GREEN,45.0
12.933333333333334,-0.2419,-0.9703,0,19.6,25.8,61.4,28.1,1.6,2.0,5.3,3.2,5.6,10.7,2.3,3.9,3.6,8.5,16.299999999999997,6.199999999999999,27.7,EW,2.32,3,E_EXCLUSIVE_GREEN,45.0
14.166666666666666,-0.5373,-0.8434,0,38.4,28.0,25.2,20.4,6.7,4.6,3.4,3.7,0.7,4.5,1.7,2.0,11.3,7.1,5.2,3.7,12.5,NS,1.44,1,N_EXCLUSIVE_GREEN,35.8
19.966666666666665,-0.8704,0.4924,0,17.5,112.1,29.2,17.4,5.3,2.7,15.4,37.0,10.2,4.5,1.1,2.1,8.0,52.4,14.7,3.2,58.9,NS,6.24,2,S_EXCLUSIVE_GREEN,45.0
14.883333333333333,-0.6852,-0.7284,0,38.8,21.8,35.4,34.6,4.6,4.8,2.9,5.0,3.9,8.2,3.9,5.5,9.399999999999999,7.9,12.1,9.4,22.6,EW,1.14,0,BALANCED_PHASE,37.8
2.7666666666666666,0.6626,0.749,0,24.3,28.6,23.2,36.4,0.4,8.7,6.2,0.2,0.5,0.8,1.2,3.2,9.1,6.4,1.3,4.4,15.6,NS,1.26,0,BALANCED_PHASE,29.9
5.816666666666666,0.9988,0.048,0,25.5,21.3,22.6,38.0,1.1,1.8,1.6,2.9,2.1,3.6,1.8,6.8,2.9000000000000004,4.5,5.7,8.6,14.9,EW,1.51,4,W_EXCLUSIVE_GREEN,30.5
22.566666666666666,-0.3665,0.9304,0,31.0,30.4,21.1,66.0,1.5,3.7,1.7,5.8,1.3,6.5,11.3,9.9,5.2,7.5,7.8,21.200000000000003,46.6,EW,2.75,4,W_EXCLUSIVE_GREEN,45.0
10.466666666666667,0.3907,-0.9205,0,23.2,20.1,20.4,73.7,5.3,4.3,1.4,3.1,4.0,2.6,6.6,13.4,9.6,4.5,6.6,20.0,38.9,EW,3.11,4,W_EXCLUSIVE_GREEN,45.0
18.95,-0.9692,0.2462,1,15.2,112.2,20.4,102.1,1.1,4.9,18.4,29.8,1.5,2.1,14.9,14.7,6.0,48.2,3.6,29.6,64.2,NS,7.41,2,S_EXCLUSIVE_GREEN,45.0
22.95,-0.2714,0.9625,0,18.3,19.7,23.2,52.4,1.9,3.4,0.5,8.4,1.7,4.0,1.7,6.8,5.3,8.9,5.7,8.5,19.0,EW,1.75,4,W_EXCLUSIVE_GREEN,33.3
2.2666666666666666,0.5592,0.829,0,21.0,50.7,24.2,22.3,2.7,2.5,6.4,13.2,1.2,5.0,2.0,3.7,5.2,19.6,6.2,5.7,35.1,NS,3.0,2,S_EXCLUSIVE_GREEN,45.0
22.766666666666666,-0.3173,0.9483,0,53.9,17.7,17.9,20.6,7.9,7.8,1.2,1.8,0.3,4.9,1.5,1.5,15.7,3.0,5.2,3.0,27.9,NS,3.76,1,N_EXCLUSIVE_GREEN,45.0
22.466666666666665,-0.3907,0.9205,0,32.9,24.0,33.0,25.1,4.6,6.7,2.7,2.8,3.0,5.2,5.0,7.3,11.3,5.5,8.2,12.3,26.1,EW,1.38,0,BALANCED_PHASE,38.2
2.55,0.6191,0.7853,0,33.0,20.8,38.9,25.9,4.1,8.5,7.8,2.2,6.2,8.1,1.4,1.2,12.6,10.0,14.3,2.5999999999999996,25.4,EW,2.66,3,E_EXCLUSIVE_GREEN,43.1
23.833333333333332,-0.0436,0.999,0,23.5,21.2,21.0,21.5,3.1,9.7,1.2,0.9,1.9,2.2,4.7,1.9,12.799999999999999,2.1,4.1,6.6,14.5,NS,2.56,1,N_EXCLUSIVE_GREEN,36.3
19.166666666666668,-0.9537,0.3007,1,16.3,59.7,13.3,111.0,2.3,3.1,9.5,5.7,1.3,2.2,7.1,22.7,5.4,15.2,3.5,29.799999999999997,59.6,EW,7.8,4,W_EXCLUSIVE_GREEN,45.0
12.583333333333334,-0.1521,-0.9884,0,17.6,51.2,23.7,21.0,0.4,4.6,4.6,10.7,6.9,7.3,5.1,2.9,5.0,15.299999999999999,14.2,8.0,29.6,NS,2.83,2,S_EXCLUSIVE_GREEN,45.0
10.6,0.3584,-0.9336,0,21.8,24.3,35.5,30.0,4.0,4.6,0.4,8.9,5.1,5.3,5.3,4.5,8.6,9.3,10.399999999999999,9.8,22.1,EW,1.07,0,BALANCED_PHASE,34.4
4.166666666666667,0.887,0.4617,0,20.1,20.6,23.3,27.7,4.4,4.0,1.9,5.9,3.2,3.3,1.1,3.5,8.4,7.800000000000001,6.5,4.6,16.2,EW,1.23,0,BALANCED_PHASE,24.6
5.816666666666666,0.9988,0.048,0,28.3,21.8,28.5,22.7,4.1,3.8,2.9,5.4,4.5,2.1,0.9,2.1,7.8999999999999995,8.3,6.6,3.0,16.2,NS,1.09,0,BALANCED_PHASE,28.3
13.316666666666666,-0.3379,-0.9412,0,22.5,24.4,18.6,94.0,1.0,2.6,1.0,2.7,1.0,6.5,12.1,20.0,3.6,3.7,7.5,32.1,67.9,EW,4.35,4,W_EXCLUSIVE_GREEN,45.0
9.666666666666666,0.5736,-0.8192,0,28.4,96.8,30.6,18.6,6.5,3.9,13.9,23.1,4.3,5.4,0.3,2.6,10.4,37.0,9.7,2.9,74.5,NS,3.4,2,S_EXCLUSIVE_GREEN,45.0
6.0,1.0,0.0,0,40.0,27.1,39.2,29.6,6.8,8.4,2.2,3.2,3.7,1.4,5.0,7.3,15.2,5.4,5.1,12.3,26.3,NS,2.05,1,N_EXCLUSIVE_GREEN,45.0
8.0,0.866,-0.5,1,145.8,15.3,60.3,25.1,22.7,32.5,3.0,2.6,3.9,7.9,1.5,2.8,55.2,5.6,11.8,4.3,102.4,NS,9.2,1,N_EXCLUSIVE_GREEN,45.0
14.516666666666667,-0.6122,-0.7907,0,34.5,39.1,29.1,30.6,2.1,11.2,3.3,13.2,5.3,2.4,5.9,5.4,13.299999999999999,16.5,7.699999999999999,11.3,33.8,NS,1.17,0,BALANCED_PHASE,45.0
17.85,-0.9992,-0.0393,1,13.2,62.2,18.9,111.0,1.9,1.6,7.2,6.0,0.3,3.4,8.9,20.8,3.5,13.2,3.6999999999999997,29.700000000000003,44.8,EW,6.5,4,W_EXCLUSIVE_GREEN,45.0
0.6333333333333333,0.165,0.9863,0,20.5,26.9,21.5,38.6,6.4,1.9,1.2,4.5,4.3,2.9,4.0,2.7,8.3,5.7,7.199999999999999,6.7,11.1,EW,1.3,0,BALANCED_PHASE,27.5
7.216666666666667,0.9497,-0.3132,1,137.8,17.7,95.1,23.4,7.8,15.5,0.2,7.6,11.5,12.0,1.1,5.4,23.3,7.8,23.5,6.5,32.6,NS,4.3,1,N_EXCLUSIVE_GREEN,45.0
18.7,-0.9833,0.1822,1,13.6,62.8,16.8,66.5,1.8,1.6,7.4,9.3,0.5,2.4,12.7,9.9,3.4000000000000004,16.700000000000003,2.9,22.6,39.3,EW,5.32,4,W_EXCLUSIVE_GREEN,45.0
15.483333333333333,-0.7907,-0.6122,0,26.8,30.9,39.6,24.8,5.5,15.5,6.5,11.5,5.4,5.2,5.8,1.5,21.0,18.0,10.600000000000001,7.3,44.4,NS,1.14,0,BALANCED_PHASE,45.0
2.6333333333333333,0.6361,0.7716,0,22.3,22.4,29.5,20.7,2.3,3.5,1.5,3.7,4.2,1.7,3.6,4.2,5.8,5.2,5.9,7.800000000000001,14.4,EW,1.3,0,BALANCED_PHASE,27.4
7.933333333333334,0.8746,-0.4848,1,88.4,12.5,54.6,15.4,4.1,12.8,0.0,2.8,2.9,6.6,0.2,2.4,16.9,2.8,9.5,2.6,34.6,NS,5.96,1,N_EXCLUSIVE_GREEN,45.0
17.283333333333335,-0.9825,-0.1865,1,15.6,63.6,24.9,49.3,3.5,3.2,10.0,6.2,2.1,6.5,0.6,8.4,6.7,16.2,8.6,9.0,25.9,NS,2.8,2,S_EXCLUSIVE_GREEN,45.0
19.666666666666668,-0.9063,0.4226,0,30.9,38.2,20.9,39.5,2.2,1.5,1.1,5.2,4.6,2.9,2.6,9.1,3.7,6.300000000000001,7.5,11.7,21.6,EW,1.61,4,W_EXCLUSIVE_GREEN,37.7
6.05,0.9999,-0.0131,0,53.9,24.2,27.1,22.0,5.1,7.0,0.4,2.7,1.3,4.3,2.3,4.7,12.1,3.1,5.6,7.0,12.3,NS,2.71,1,N_EXCLUSIVE_GREEN,40.1
20.366666666666667,-0.8141,0.5807,0,64.9,20.0,19.8,21.8,10.2,16.7,5.1,4.7,1.8,1.3,2.8,2.9,26.9,9.8,3.1,5.699999999999999,29.9,NS,2.79,1,N_EXCLUSIVE_GREEN,45.0
21.6,-0.5878,0.809,0,33.6,26.0,20.4,38.9,1.7,4.7,1.2,4.0,2.0,4.3,4.1,9.7,6.4,5.2,6.3,13.799999999999999,25.1,EW,1.98,4,W_EXCLUSIVE_GREEN,42.1
9.35,0.6394,-0.7688,1,77.3,20.3,97.7,25.1,16.9,9.5,6.8,0.3,6.0,12.1,0.7,6.7,26.4,7.1,18.1,7.4,38.8,EW,2.91,3,E_EXCLUSIVE_GREEN,45.0
2.05,0.5113,0.8594,0,26.2,112.2,27.7,20.6,2.0,6.4,7.1,16.0,5.6,8.6,2.8,1.8,8.4,23.1,14.2,4.6,25.2,NS,3.22,2,S_EXCLUSIVE_GREEN,45.0
5.716666666666667,0.9973,0.0741,0,31.9,77.8,30.3,25.8,6.2,3.3,6.1,15.5,2.9,5.3,5.5,2.2,9.5,21.6,8.2,7.7,28.6,NS,2.27,2,S_EXCLUSIVE_GREEN,45.0
14.783333333333333,-0.6659,-0.7461,0,24.2,27.5,35.9,32.1,1.4,2.6,5.0,5.4,6.9,7.6,1.3,15.2,4.0,10.4,14.5,16.5,23.8,EW,1.11,0,BALANCED_PHASE,45.0
1.0833333333333333,0.2798,0.96,0,26.7,24.5,38.9,32.1,3.6,3.3,1.5,5.5,2.2,7.8,2.2,7.2,6.9,7.0,10.0,9.4,14.7,EW,1.09,0,BALANCED_PHASE,33.5
10.383333333333333,0.4107,-0.9118,0,37.4,35.2,25.0,29.1,1.0,3.9,3.5,4.9,1.0,5.1,2.1,6.5,4.9,8.4,6.1,8.6,10.7,NS,1.28,0,BALANCED_PHASE,29.6
2.8,0.6691,0.7431,0,32.3,36.2,20.4,32.1,0.7,8.0,7.5,11.1,0.4,2.6,6.0,1.3,8.7,18.6,3.0,7.3,33.7,NS,1.65,2,S_EXCLUSIVE_GREEN,45.0
17.066666666666666,-0.9703,-0.2419,1,20.7,83.9,14.7,48.8,1.3,1.8,9.5,12.9,0.8,1.0,7.3,8.0,3.1,22.4,1.8,15.3,40.1,NS,5.06,2,S_EXCLUSIVE_GREEN,45.0
9.5,0.6088,-0.7934,1,124.0,18.5,65.3,16.2,12.7,21.3,5.3,1.9,5.1,15.2,0.6,0.8,34.0,7.199999999999999,20.299999999999997,1.4,45.2,NS,5.16,1,N_EXCLUSIVE_GREEN,45.0
4.116666666666666,0.8809,0.4733,0,21.2,20.7,23.3,22.1,3.8,3.5,2.4,6.3,2.4,2.7,0.5,6.7,7.3,8.7,5.1,7.2,14.6,NS,1.08,0,BALANCED_PHASE,27.7
8.35,0.8166,-0.5771,1,64.5,22.5,61.1,12.9,4.0,7.8,3.1,4.3,8.9,7.3,1.4,3.3,11.8,7.4,16.2,4.699999999999999,28.3,NS,1.99,1,N_EXCLUSIVE_GREEN,43.0
16.433333333333334,-0.9171,-0.3987,0,21.1,21.5,32.6,21.3,1.1,4.0,1.8,4.5,10.0,6.5,3.1,2.5,5.1,6.3,16.5,5.6,35.9,EW,2.22,3,E_EXCLUSIVE_GREEN,45.0
22.216666666666665,-0.4501,0.893,0,21.5,24.7,39.5,32.6,3.6,7.2,4.3,6.7,5.4,6.1,3.3,2.0,10.8,11.0,11.5,5.3,13.2,EW,1.58,3,E_EXCLUSIVE_GREEN,36.4
3.6,0.809,0.5878,0,21.4,27.9,25.6,20.7,4.3,2.8,7.0,2.9,3.0,3.5,0.9,1.8,7.1,9.9,6.5,2.7,18.7,NS,1.3,0,BALANCED_PHASE,31.7
20.55,-0.7853,0.6191,0,34.7,25.1,23.3,21.6,6.2,6.8,0.3,5.2,2.6,3.3,2.6,3.4,13.0,5.5,5.9,6.0,13.7,NS,1.81,1,N_EXCLUSIVE_GREEN,38.6
15.766666666666667,-0.8339,-0.5519,0,29.4,39.9,30.2,20.5,4.2,1.9,4.5,7.4,2.3,5.7,4.2,3.6,6.1,11.9,8.0,7.800000000000001,12.5,NS,1.59,2,S_EXCLUSIVE_GREEN,37.2
22.3,-0.4305,0.9026,0,30.8,30.2,21.6,22.5,1.9,4.2,6.7,2.5,3.6,6.5,2.0,1.7,6.1,9.2,10.1,3.7,20.4,NS,1.22,0,BALANCED_PHASE,31.0
10.266666666666667,0.4384,-0.8988,0,27.7,32.3,22.2,25.9,2.8,2.9,2.8,4.7,2.1,3.5,1.5,1.1,5.699999999999999,7.5,5.6,2.6,10.7,NS,1.19,0,BALANCED_PHASE,26.9
19.366666666666667,-0.9367,0.3502,1,25.1,119.3,22.5,70.7,2.7,3.5,7.1,20.6,1.3,2.3,6.1,15.7,6.2,27.700000000000003,3.5999999999999996,21.799999999999997,46.1,NS,4.4,2,S_EXCLUSIVE_GREEN,45.0
4.65,0.9382,0.3461,0,40.0,35.5,21.7,31.5,1.9,7.0,5.6,10.9,1.1,2.1,3.6,4.4,8.9,16.5,3.2,8.0,18.2,NS,1.48,1,N_EXCLUSIVE_GREEN,45.0
16.766666666666666,-0.9483,-0.3173,1,22.2,77.9,20.0,50.0,0.4,1.7,16.4,12.4,0.7,2.6,5.9,7.9,2.1,28.799999999999997,3.3,13.8,52.3,NS,6.31,2,S_EXCLUSIVE_GREEN,45.0
20.516666666666666,-0.7907,0.6122,0,21.0,20.8,24.9,26.1,1.0,4.9,2.1,3.0,1.8,1.7,3.1,10.0,5.9,5.1,3.5,13.1,26.8,EW,2.04,4,W_EXCLUSIVE_GREEN,38.6
5.933333333333334,0.9998,0.0175,0,25.5,26.9,23.1,29.6,1.0,5.1,0.2,9.3,1.7,1.1,3.5,8.9,6.1,9.5,2.8,12.4,15.9,NS,1.27,0,BALANCED_PHASE,30.4
22.3,-0.4305,0.9026,0,32.8,38.4,33.8,22.0,7.0,1.6,2.2,4.1,5.4,6.0,0.2,0.7,8.6,6.3,11.4,0.8999999999999999,21.5,NS,1.22,0,BALANCED_PHASE,31.3
0.11666666666666667,0.0305,0.9995,0,62.7,24.6,19.2,17.5,3.9,15.9,1.6,6.3,3.1,1.6,1.5,1.5,19.8,7.9,4.7,3.0,38.4,NS,2.43,1,N_EXCLUSIVE_GREEN,45.0
23.9,-0.0262,0.9997,0,18.9,32.4,32.3,53.4,1.4,5.4,4.6,2.8,1.9,5.4,13.0,12.0,6.800000000000001,7.3999999999999995,7.300000000000001,25.0,28.8,EW,2.5,4,W_EXCLUSIVE_GREEN,45.0
13.033333333333333,-0.2672,-0.9636,0,25.9,71.2,19.4,17.8,1.6,3.5,6.7,7.9,2.9,2.2,2.6,0.7,5.1,14.600000000000001,5.1,3.3,19.3,NS,2.67,2,S_EXCLUSIVE_GREEN,45.0
0.6666666666666666,0.1736,0.9848,0,20.9,19.1,97.5,26.6,0.2,3.7,2.2,0.7,7.3,16.3,2.2,6.2,3.9000000000000004,2.9000000000000004,23.6,8.4,30.5,EW,3.03,3,E_EXCLUSIVE_GREEN,45.0
8.833333333333334,0.7373,-0.6756,1,92.9,18.5,118.4,22.6,10.4,24.2,0.8,2.1,11.3,12.4,3.1,1.3,34.6,2.9000000000000004,23.700000000000003,4.4,54.7,EW,5.02,3,E_EXCLUSIVE_GREEN,45.0
2.3166666666666664,0.57,0.8216,0,24.5,20.1,68.4,31.0,0.5,3.6,2.5,2.8,7.3,12.4,2.9,6.6,4.1,5.3,19.7,9.5,35.0,EW,2.06,3,E_EXCLUSIVE_GREEN,45.0
0.11666666666666667,0.0305,0.9995,0,29.9,25.6,27.2,29.1,1.4,8.4,1.6,3.1,2.1,1.7,2.0,9.2,9.8,4.7,3.8,11.2,22.7,EW,1.75,4,W_EXCLUSIVE_GREEN,34.9
10.416666666666666,0.4027,-0.9153,0,27.0,35.2,22.0,27.4,2.5,3.6,5.9,4.2,4.2,1.5,1.9,5.0,6.1,10.100000000000001,5.7,6.9,18.0,NS,1.43,2,S_EXCLUSIVE_GREEN,33.3
19.016666666666666,-0.9648,0.263,1,13.4,51.1,23.7,93.1,1.8,6.5,6.0,10.5,3.1,6.2,11.2,5.5,8.3,16.5,9.3,16.7,30.4,EW,2.43,4,W_EXCLUSIVE_GREEN,45.0
5.2,0.9781,0.2079,0,24.8,27.8,83.8,33.1,1.8,8.3,0.7,1.6,9.6,23.1,2.9,8.1,10.100000000000001,2.3,32.7,11.0,65.6,EW,2.73,3,E_EXCLUSIVE_GREEN,45.0
21.5,-0.6088,0.7934,0,23.6,27.3,31.6,28.0,0.1,6.7,3.5,3.8,3.8,3.4,2.4,4.8,6.8,7.3,7.199999999999999,7.199999999999999,9.3,EW,1.02,0,BALANCED_PHASE,26.0
1.6833333333333333,0.4266,0.9045,0,30.6,97.7,31.9,31.3,0.7,3.6,8.2,24.8,0.6,10.5,4.2,4.3,4.3,33.0,11.1,8.5,36.8,NS,4.81,2,S_EXCLUSIVE_GREEN,45.0
20.483333333333334,-0.796,0.6053,0,20.5,25.9,23.9,33.0,0.4,2.2,2.7,9.5,3.1,1.6,1.5,2.0,2.6,12.2,4.7,3.5,23.1,EW,1.29,0,BALANCED_PHASE,22.6
17.95,-0.9999,-0.0131,1,18.9,52.3,14.5,50.2,0.7,4.1,6.8,9.6,0.4,0.5,10.0,10.0,4.8,16.4,0.9,20.0,37.7,NS,2.96,2,S_EXCLUSIVE_GREEN,45.0
10.483333333333333,0.3867,-0.9222,0,20.2,22.9,26.5,28.3,3.6,5.8,1.6,4.5,1.5,7.1,2.7,3.6,9.4,6.1,8.6,6.300000000000001,18.3,EW,1.18,0,BALANCED_PHASE,29.1
13.983333333333333,-0.4962,-0.8682,0,30.0,21.5,20.9,25.8,3.9,3.3,1.9,2.0,2.1,2.2,1.5,4.8,7.199999999999999,3.9,4.300000000000001,6.3,12.0,NS,1.52,1,N_EXCLUSIVE_GREEN,26.0
16.316666666666666,-0.9045,-0.4266,0,29.9,32.1,37.3,21.5,3.3,4.7,1.8,5.4,7.0,6.0,0.9,1.0,8.0,7.2,13.0,1.9,14.5,NS,1.05,0,BALANCED_PHASE,28.2
21.333333333333332,-0.6428,0.766,0,26.4,39.8,31.5,21.4,4.0,2.8,2.3,3.3,4.3,3.3,2.5,1.2,6.8,5.6,7.6,3.7,11.4,NS,1.3,0,BALANCED_PHASE,26.9
0.21666666666666667,0.0567,0.9984,0,38.4,21.9,22.5,31.3,1.2,10.6,1.4,2.4,1.5,1.9,1.1,2.7,11.799999999999999,3.8,3.4,3.8000000000000003,17.5,NS,2.24,1,N_EXCLUSIVE_GREEN,37.3
10.85,0.2965,-0.955,0,22.7,24.4,29.4,27.9,2.7,9.2,1.5,3.9,2.6,1.0,0.6,2.7,11.899999999999999,5.4,3.6,3.3000000000000003,17.5,NS,1.61,1,N_EXCLUSIVE_GREEN,34.9
11.066666666666666,0.2419,-0.9703,0,21.8,21.2,22.8,28.6,1.0,4.3,4.7,4.9,2.9,1.2,0.6,2.7,5.3,9.600000000000001,4.1,3.3000000000000003,16.0,EW,1.17,0,BALANCED_PHASE,20.0
8.883333333333333,0.7284,-0.6852,1,141.5,15.8,111.4,13.1,15.4,20.0,1.9,1.8,7.7,18.4,0.3,2.8,35.4,3.7,26.099999999999998,3.0999999999999996,50.6,NS,8.65,1,N_EXCLUSIVE_GREEN,45.0
0.35,0.0915,0.9958,0,24.0,33.6,27.5,25.8,1.0,5.7,3.9,9.1,1.6,5.1,2.5,13.6,6.7,13.0,6.699999999999999,16.1,32.1,NS,1.64,2,S_EXCLUSIVE_GREEN,40.3
20.566666666666666,-0.7826,0.6225,0,22.9,22.6,35.1,28.6,0.4,2.7,0.9,5.0,7.5,5.8,1.0,3.8,3.1,5.9,13.3,4.8,27.6,EW,1.84,3,E_EXCLUSIVE_GREEN,40.7
18.633333333333333,-0.9863,0.165,1,13.9,123.9,16.3,54.4,0.7,0.4,9.4,17.2,2.2,0.9,5.6,11.8,1.1,26.6,3.1,17.4,58.1,NS,11.72,2,S_EXCLUSIVE_GREEN,45.0
12.183333333333334,-0.048,-0.9988,0,21.9,33.3,27.6,36.2,1.3,4.4,3.8,5.9,0.8,5.2,4.7,10.9,5.7,9.7,6.0,15.600000000000001,31.0,EW,1.9,4,W_EXCLUSIVE_GREEN,45.0
9.75,0.5556,-0.8315,0,39.3,22.3,22.5,30.7,4.8,7.3,0.5,6.1,2.0,7.3,2.4,3.9,12.1,6.6,9.3,6.3,14.6,NS,1.73,1,N_EXCLUSIVE_GREEN,37.7
22.033333333333335,-0.4924,0.8704,0,110.2,22.8,17.5,21.4,13.7,15.6,1.0,2.6,0.4,3.0,0.9,0.5,29.299999999999997,3.6,3.4,1.4,32.6,NS,5.93,1,N_EXCLUSIVE_GREEN,45.0
15.933333333333334,-0.8572,-0.515,0,17.3,19.8,26.4,52.9,2.9,3.6,4.0,4.3,2.4,7.9,11.7,5.4,6.5,8.3,10.3,17.1,32.1,EW,1.72,4,W_EXCLUSIVE_GREEN,45.0
9.216666666666667,0.6659,-0.7461,1,90.2,22.6,55.3,12.1,14.9,19.7,0.9,3.0,4.5,6.6,0.4,1.8,34.6,3.9,11.1,2.2,43.1,NS,5.9,1,N_EXCLUSIVE_GREEN,45.0
16.316666666666666,-0.9045,-0.4266,0,17.6,18.0,54.7,30.3,2.5,0.7,3.5,1.7,6.1,5.3,9.4,6.5,3.2,5.2,11.399999999999999,15.9,17.0,EW,1.5,3,E_EXCLUSIVE_GREEN,45.0
1.8166666666666667,0.4579,0.889,0,51.5,19.0,19.4,32.7,2.8,9.8,1.1,4.2,1.6,4.9,6.9,5.3,12.600000000000001,5.300000000000001,6.5,12.2,23.3,NS,2.39,1,N_EXCLUSIVE_GREEN,41.8
14.533333333333333,-0.6157,-0.788,0,29.5,30.7,24.2,129.9,2.6,8.5,2.3,7.9,0.5,2.9,20.3,30.6,11.1,10.2,3.4,50.900000000000006,70.5,EW,8.79,4,W_EXCLUSIVE_GREEN,45.0
16.15,-0.885,-0.4656,0,22.1,17.4,32.0,72.9,1.0,2.6,0.9,2.5,1.1,2.6,4.5,6.3,3.6,3.4,3.7,10.8,20.2,EW,2.4,4,W_EXCLUSIVE_GREEN,41.7
23.916666666666668,-0.0218,0.9998,0,22.8,33.5,20.9,28.3,0.8,4.0,0.4,3.5,3.0,8.3,1.4,5.1,4.8,3.9,11.3,6.5,24.4,EW,1.52,3,E_EXCLUSIVE_GREEN,35.1
10.15,0.4656,-0.885,0,23.1,29.8,35.2,27.0,0.9,4.7,4.0,2.8,3.7,4.6,2.2,3.8,5.6000000000000005,6.8,8.3,6.0,16.2,EW,1.29,0,BALANCED_PHASE,29.6
3.8666666666666667,0.848,0.5299,0,32.2,30.8,29.8,22.7,1.6,2.8,3.2,2.8,3.3,4.2,2.8,3.4,4.4,6.0,7.5,6.199999999999999,15.5,NS,1.12,0,BALANCED_PHASE,24.3
16.716666666666665,-0.9441,-0.3297,1,17.1,58.1,22.8,60.0,0.4,1.2,6.9,5.8,0.7,3.7,3.6,14.3,1.6,12.7,4.4,17.900000000000002,30.6,EW,3.16,4,W_EXCLUSIVE_GREEN,45.0
4.216666666666667,0.893,0.4501,0,29.2,22.8,29.2,32.0,6.8,6.2,5.4,2.6,2.9,5.8,2.9,4.8,13.0,8.0,8.7,7.699999999999999,13.7,EW,1.08,0,BALANCED_PHASE,29.5
14.4,-0.5878,-0.809,0,40.0,24.4,27.5,21.7,2.3,3.8,0.6,1.5,2.7,2.2,1.5,0.8,6.1,2.1,4.9,2.3,12.6,NS,1.88,1,N_EXCLUSIVE_GREEN,25.7
16.116666666666667,-0.8809,-0.4733,0,69.0,26.3,18.8,19.1,9.4,12.9,2.6,8.8,1.0,2.8,0.5,0.7,22.3,11.4,3.8,1.2,38.1,NS,2.1,1,N_EXCLUSIVE_GREEN,45.0
21.9,-0.5225,0.8526,0,22.4,31.8,22.9,23.9,2.6,7.6,1.1,4.0,6.7,1.5,2.5,0.2,10.2,5.1,8.2,2.7,18.0,NS,1.64,1,N_EXCLUSIVE_GREEN,32.9
2.35,0.5771,0.8166,0,24.9,29.8,29.8,24.3,1.9,4.2,3.1,3.8,7.3,2.8,1.1,6.7,6.1,6.9,10.1,7.800000000000001,15.7,EW,1.22,0,BALANCED_PHASE,32.1
1.1,0.284,0.9588,0,25.2,37.3,23.4,26.2,4.2,6.3,7.1,11.3,3.8,2.7,5.3,2.5,10.5,18.4,6.5,7.8,19.9,NS,1.61,2,S_EXCLUSIVE_GREEN,45.0
21.783333333333335,-0.5483,0.8363,0,22.9,18.0,84.3,19.2,2.4,2.9,3.8,0.3,9.6,14.9,0.4,7.5,5.3,4.1,24.5,7.9,47.5,EW,3.38,3,E_EXCLUSIVE_GREEN,45.0
20.95,-0.7163,0.6978,0,28.0,59.5,21.0,25.2,2.0,2.7,4.4,8.9,0.8,5.0,1.0,5.7,4.7,13.3,5.8,6.7,25.4,NS,2.34,2,S_EXCLUSIVE_GREEN,44.9
6.3,0.9969,-0.0785,0,21.8,20.5,74.4,19.6,1.6,3.4,1.4,5.1,7.2,10.6,0.6,3.7,5.0,6.5,17.8,4.3,19.9,EW,3.75,3,E_EXCLUSIVE_GREEN,45.0
14.7,-0.6494,-0.7604,0,29.8,53.2,18.6,23.2,3.5,12.4,9.5,10.3,6.8,8.3,1.0,3.7,15.9,19.8,15.100000000000001,4.7,22.8,NS,1.36,2,S_EXCLUSIVE_GREEN,45.0
5.283333333333333,0.9825,0.1865,0,52.6,20.1,28.7,17.6,3.7,6.1,0.9,3.1,5.4,5.7,2.8,6.3,9.8,4.0,11.100000000000001,9.1,19.7,NS,2.39,1,N_EXCLUSIVE_GREEN,36.0
6.566666666666666,0.989,-0.1478,0,19.3,28.3,75.4,24.2,0.9,1.5,5.3,0.9,16.6,12.3,0.2,5.0,2.4,6.2,28.900000000000002,5.2,54.7,EW,4.17,3,E_EXCLUSIVE_GREEN,45.0
8.15,0.8457,-0.5336,1,68.0,12.1,53.0,12.6,10.4,11.8,1.0,0.5,9.1,4.1,0.8,2.3,22.200000000000003,1.5,13.2,3.0999999999999996,33.1,NS,8.1,1,N_EXCLUSIVE_GREEN,45.0
22.85,-0.2965,0.955,0,19.5,51.6,18.3,33.3,6.0,2.1,2.4,8.3,1.7,10.0,6.5,3.5,8.1,10.700000000000001,11.7,10.0,20.6,NS,1.68,2,S_EXCLUSIVE_GREEN,37.7
5.066666666666666,0.9703,0.2419,0,32.9,30.2,126.8,24.6,3.9,4.4,1.3,7.7,14.5,20.7,0.8,2.8,8.3,9.0,35.2,3.5999999999999996,73.3,EW,6.71,3,E_EXCLUSIVE_GREEN,45.0
17.466666666666665,-0.9903,-0.1392,1,16.5,83.1,13.5,57.6,1.4,4.2,11.5,25.3,0.5,1.9,13.0,9.2,5.6,36.8,2.4,22.2,72.5,NS,5.68,2,S_EXCLUSIVE_GREEN,45.0
1.1333333333333333,0.2924,0.9563,0,61.0,22.8,26.3,23.5,3.3,7.4,2.4,3.5,2.0,2.4,4.3,1.8,10.7,5.9,4.4,6.1,22.0,NS,2.09,1,N_EXCLUSIVE_GREEN,39.6
3.4,0.7771,0.6293,0,21.2,20.2,27.5,52.7,2.3,2.6,3.2,0.9,1.8,1.3,10.9,11.4,4.9,4.1000000000000005,3.1,22.3,35.7,EW,3.61,4,W_EXCLUSIVE_GREEN,45.0
12.183333333333334,-0.048,-0.9988,0,29.3,23.4,28.7,25.2,2.8,8.5,2.4,5.2,3.0,4.1,2.9,6.5,11.3,7.6,7.1,9.4,21.8,NS,1.34,0,BALANCED_PHASE,35.1
18.666666666666668,-0.9848,0.1736,1,17.0,87.4,25.5,59.2,3.1,1.4,6.8,14.2,2.0,4.0,16.3,12.1,4.5,21.0,6.0,28.4,56.7,NS,4.58,2,S_EXCLUSIVE_GREEN,45.0
22.733333333333334,-0.3256,0.9455,0,28.5,28.3,21.4,32.9,1.4,4.4,3.4,5.0,4.2,3.7,3.2,4.5,5.800000000000001,8.4,7.9,7.7,11.5,NS,1.18,0,BALANCED_PHASE,28.1
11.316666666666666,0.1779,-0.984,0,26.6,95.8,17.4,32.2,0.8,8.6,15.4,16.2,4.3,1.1,1.3,1.8,9.4,31.6,5.4,3.1,66.3,NS,3.34,2,S_EXCLUSIVE_GREEN,45.0
22.8,-0.309,0.9511,0,28.5,32.7,29.7,21.3,3.2,3.5,4.7,3.1,2.1,6.5,1.7,1.3,6.7,7.800000000000001,8.6,3.0,18.6,NS,1.11,0,BALANCED_PHASE,28.3
17.083333333333332,-0.9713,-0.2377,1,25.6,65.8,21.9,49.3,8.3,9.1,6.2,16.4,2.5,4.4,0.8,13.6,17.4,22.599999999999998,6.9,14.4,30.4,NS,1.55,2,S_EXCLUSIVE_GREEN,45.0
14.6,-0.6293,-0.7771,0,22.6,21.2,25.1,55.7,3.6,5.4,3.1,4.4,3.3,12.3,8.5,7.9,9.0,7.5,15.600000000000001,16.4,28.3,EW,1.3,4,W_EXCLUSIVE_GREEN,45.0
3.4833333333333334,0.7907,0.6122,0,19.0,19.4,17.2,88.1,2.2,6.8,2.4,4.2,2.8,4.2,8.3,16.6,9.0,6.6,7.0,24.900000000000002,54.4,EW,3.89,4,W_EXCLUSIVE_GREEN,45.0
15.233333333333333,-0.749,-0.6626,0,22.7,36.3,23.1,31.8,1.0,1.8,3.6,2.1,0.1,5.8,1.1,5.1,2.8,5.7,5.8999999999999995,6.199999999999999,12.0,NS,1.65,2,S_EXCLUSIVE_GREEN,24.1
4.916666666666667,0.96,0.2798,0,37.4,25.6,36.4,34.0,6.3,2.4,2.6,8.9,2.9,5.5,4.2,4.6,8.7,11.5,8.4,8.8,16.7,EW,1.02,0,BALANCED_PHASE,30.8
8.966666666666667,0.7133,-0.7009,1,67.2,17.0,77.3,12.2,10.2,10.9,1.0,6.9,9.2,13.1,0.6,1.4,21.1,7.9,22.299999999999997,2.0,31.3,EW,7.65,3,E_EXCLUSIVE_GREEN,45.0
11.416666666666666,0.1521,-0.9884,0,19.9,27.3,63.3,22.7,0.5,5.3,2.1,5.8,10.8,8.9,5.1,2.8,5.8,7.9,19.700000000000003,7.8999999999999995,33.9,EW,2.5,3,E_EXCLUSIVE_GREEN,45.0
10.483333333333333,0.3867,-0.9222,0,27.6,27.3,31.6,20.1,7.6,3.0,2.6,6.2,7.0,3.3,2.3,3.3,10.6,8.8,10.3,5.6,19.6,NS,1.09,0,BALANCED_PHASE,33.1
2.5,0.6088,0.7934,0,17.2,28.7,29.6,94.4,3.1,5.8,2.0,3.8,1.3,7.4,7.2,25.2,8.9,5.8,8.700000000000001,32.4,33.3,EW,3.39,4,W_EXCLUSIVE_GREEN,45.0
14.9,-0.6884,-0.7254,0,26.8,21.5,107.7,26.2,6.1,2.7,1.7,1.6,8.3,20.2,2.6,3.3,8.8,3.3,28.5,5.9,55.8,EW,4.3,3,E_EXCLUSIVE_GREEN,45.0
19.6,-0.9135,0.4067,0,75.7,32.3,26.2,24.9,7.8,19.1,2.5,7.5,1.5,4.8,4.4,2.9,26.900000000000002,10.0,6.3,7.300000000000001,58.8,NS,2.48,1,N_EXCLUSIVE_GREEN,45.0
12.866666666666667,-0.225,-0.9744,0,20.4,26.5,36.5,23.5,4.6,1.1,6.0,2.3,0.5,3.2,6.3,4.2,5.699999999999999,8.3,3.7,10.5,19.7,EW,2.0,3,E_EXCLUSIVE_GREEN,34.5
3.3333333333333335,0.766,0.6428,0,25.2,28.3,38.0,39.3,2.4,3.6,3.2,10.6,9.1,6.6,5.7,6.5,6.0,13.8,15.7,12.2,21.6,EW,1.16,0,BALANCED_PHASE,45.0
2.8333333333333335,0.6756,0.7373,0,22.0,33.0,17.3,59.2,0.8,2.0,3.1,6.0,1.3,6.0,9.9,7.3,2.8,9.1,7.3,17.2,26.1,EW,2.58,4,W_EXCLUSIVE_GREEN,45.0
12.616666666666667,-0.1607,-0.987,0,28.2,28.2,23.6,28.5,6.4,4.3,3.5,4.0,1.4,4.0,2.4,2.2,10.7,7.5,5.4,4.6,20.7,NS,1.2,0,BALANCED_PHASE,33.5
19.25,-0.9469,0.3214,1,20.0,132.1,17.1,58.4,2.4,6.5,20.2,21.6,4.9,1.2,7.5,13.1,8.9,41.8,6.1000000000000005,20.6,42.6,NS,5.09,2,S_EXCLUSIVE_GREEN,45.0
17.166666666666668,-0.9763,-0.2164,1,26.9,139.3,12.8,78.3,5.1,8.2,27.9,26.0,0.5,1.4,7.7,16.6,13.299999999999999,53.9,1.9,24.3,89.1,NS,4.26,2,S_EXCLUSIVE_GREEN,45.0
15.4,-0.7771,-0.6293,0,28.5,133.0,19.9,19.1,3.1,4.8,12.9,22.2,0.3,2.2,4.5,3.7,7.9,35.1,2.5,8.2,76.2,NS,4.37,2,S_EXCLUSIVE_GREEN,45.0
22.616666666666667,-0.3543,0.9351,0,35.7,28.6,31.4,35.3,4.8,8.3,4.0,6.1,3.0,7.0,2.8,4.8,13.100000000000001,10.1,10.0,7.6,14.7,NS,1.24,0,BALANCED_PHASE,39.1
13.6,-0.4067,-0.9135,0,38.3,35.2,33.3,28.2,1.0,8.7,8.7,5.7,10.0,9.1,1.7,8.0,9.7,14.399999999999999,19.1,9.7,21.8,NS,1.28,0,BALANCED_PHASE,42.9
17.733333333333334,-0.9976,-0.0698,1,22.8,106.0,18.6,48.1,2.6,10.5,9.5,24.5,0.6,0.7,8.0,6.9,13.1,34.0,1.2999999999999998,14.9,60.4,NS,3.04,2,S_EXCLUSIVE_GREEN,45.0
7.183333333333334,0.9524,-0.3049,1,66.5,17.5,52.4,20.5,4.6,6.7,1.5,1.4,6.3,5.3,4.5,8.2,11.3,2.9,11.6,12.7,12.9,NS,3.56,1,N_EXCLUSIVE_GREEN,40.9
21.7,-0.5664,0.8241,0,21.8,31.3,27.6,70.5,0.7,7.8,2.5,4.7,2.6,2.5,8.8,18.0,8.5,7.2,5.1,26.8,41.3,EW,3.68,4,W_EXCLUSIVE_GREEN,45.0
3.6166666666666667,0.8116,0.5842,0,25.0,21.4,30.6,40.0,1.9,1.7,7.0,0.5,1.7,4.0,5.7,7.1,3.5999999999999996,7.5,5.7,12.8,19.4,EW,1.69,4,W_EXCLUSIVE_GREEN,39.7
10.583333333333334,0.3624,-0.932,0,26.1,19.4,25.3,50.5,3.5,2.1,7.9,7.2,1.4,2.1,7.8,6.1,5.6,15.100000000000001,3.5,13.899999999999999,25.2,EW,2.65,4,W_EXCLUSIVE_GREEN,44.4
5.316666666666666,0.984,0.1779,0,29.7,33.6,22.1,20.1,4.9,4.9,0.9,4.9,2.8,13.9,0.6,0.6,9.8,5.800000000000001,16.7,1.2,30.4,NS,1.35,0,BALANCED_PHASE,33.7
2.6333333333333333,0.6361,0.7716,0,30.7,19.9,22.0,73.2,7.2,3.8,5.7,2.3,2.8,1.4,5.7,8.6,11.0,8.0,4.199999999999999,14.3,30.5,EW,3.18,4,W_EXCLUSIVE_GREEN,45.0
10.516666666666667,0.3786,-0.9255,0,26.3,21.2,38.9,21.5,6.5,3.7,0.4,4.3,1.0,4.0,1.6,1.6,10.2,4.7,5.0,3.2,16.3,EW,1.6,3,E_EXCLUSIVE_GREEN,23.6
1.0833333333333333,0.2798,0.96,0,21.0,115.3,19.5,17.4,2.9,3.0,10.5,13.6,1.3,9.5,0.2,2.0,5.9,24.1,10.8,2.2,25.4,NS,4.45,2,S_EXCLUSIVE_GREEN,45.0
18.95,-0.9692,0.2462,1,18.5,70.6,26.4,107.5,2.2,2.6,4.8,13.4,3.1,3.5,9.6,13.9,4.800000000000001,18.2,6.6,23.5,41.6,EW,3.63,4,W_EXCLUSIVE_GREEN,45.0
20.85,-0.7343,0.6788,0,19.6,74.2,21.1,18.9,1.7,4.6,7.4,16.6,1.6,0.8,1.8,4.5,6.3,24.0,2.4000000000000004,6.3,40.1,NS,3.62,2,S_EXCLUSIVE_GREEN,45.0
21.15,-0.6788,0.7343,0,31.0,32.6,25.2,33.7,2.2,2.9,4.1,8.5,5.2,3.2,2.0,8.5,5.1,12.6,8.4,10.5,22.9,NS,1.62,2,S_EXCLUSIVE_GREEN,38.4
9.4,0.6293,-0.7771,1,98.5,13.4,68.8,13.6,9.9,17.0,2.3,0.5,11.8,11.2,4.1,1.5,26.9,2.8,23.0,5.6,41.3,NS,7.79,1,N_EXCLUSIVE_GREEN,45.0
19.6,-0.9135,0.4067,0,25.5,37.0,31.2,38.5,1.8,7.7,5.4,8.2,0.6,6.3,3.8,3.3,9.5,13.6,6.8999999999999995,7.1,29.1,NS,1.39,0,BALANCED_PHASE,41.8
6.716666666666667,0.9825,-0.1865,0,36.7,32.2,32.3,26.5,2.5,8.8,5.5,4.1,6.1,4.7,1.8,4.8,11.3,9.6,10.8,6.6,21.6,NS,1.13,0,BALANCED_PHASE,36.4
9.6,0.5878,-0.809,0,24.0,33.6,20.2,34.0,6.3,5.3,3.9,7.8,2.3,4.3,2.3,5.3,11.6,11.7,6.6,7.6,12.5,NS,1.09,0,BALANCED_PHASE,35.7
21.316666666666666,-0.6461,0.7632,0,38.5,39.8,26.2,27.3,2.4,10.5,1.7,5.5,4.0,2.1,0.5,5.6,12.9,7.2,6.1,6.1,13.1,NS,1.35,0,BALANCED_PHASE,39.3
13.75,-0.4423,-0.8969,0,31.6,20.5,20.9,35.9,3.6,4.7,2.1,1.4,1.3,2.0,6.4,11.3,8.3,3.5,3.3,17.700000000000003,21.5,EW,3.11,4,W_EXCLUSIVE_GREEN,45.0
11.083333333333334,0.2377,-0.9713,0,31.5,25.5,23.6,26.5,2.7,5.4,6.1,3.5,2.6,4.4,2.3,2.8,8.100000000000001,9.6,7.0,5.1,15.9,NS,1.16,0,BALANCED_PHASE,31.5
19.533333333333335,-0.9205,0.3907,0,20.9,24.0,24.3,29.7,2.9,3.2,1.5,8.0,4.9,4.3,1.4,7.8,6.1,9.5,9.2,9.2,20.4,EW,1.04,0,BALANCED_PHASE,30.8
4.9,0.9588,0.284,0,24.9,30.6,51.3,19.7,8.2,4.6,2.6,5.7,10.4,7.1,4.0,3.6,12.799999999999999,8.3,17.5,7.6,32.0,EW,2.3,3,E_EXCLUSIVE_GREEN,45.0
17.05,-0.9692,-0.2462,1,14.9,143.0,13.5,51.7,1.5,4.1,23.9,23.1,1.3,1.5,9.2,8.1,5.6,47.0,2.8,17.299999999999997,83.4,NS,8.32,2,S_EXCLUSIVE_GREEN,45.0
0.75,0.1951,0.9808,0,24.3,21.2,33.8,37.8,5.0,0.7,0.8,4.8,4.9,6.9,3.1,6.3,5.7,5.6,11.8,9.4,14.2,EW,1.16,0,BALANCED_PHASE,36.8
11.116666666666667,0.2292,-0.9734,0,21.0,22.8,37.0,20.9,0.6,0.4,0.4,2.5,7.5,11.7,0.2,4.2,1.0,2.9,19.2,4.4,20.3,EW,2.93,3,E_EXCLUSIVE_GREEN,45.0
0.25,0.0654,0.9979,0,37.6,32.1,33.5,29.1,2.1,5.0,6.2,3.6,0.1,4.8,1.2,2.9,7.1,9.8,4.8999999999999995,4.1,13.1,NS,1.24,0,BALANCED_PHASE,32.7
18.416666666666668,-0.9941,0.1089,1,20.4,146.6,20.4,48.1,1.5,5.7,24.3,23.5,0.8,7.8,12.7,9.0,7.2,47.8,8.6,21.7,69.3,NS,6.54,2,S_EXCLUSIVE_GREEN,45.0
20.333333333333332,-0.8192,0.5736,0,22.6,20.8,20.9,25.8,5.9,2.1,1.5,4.3,2.4,3.6,1.0,2.2,8.0,5.8,6.0,3.2,11.8,NS,1.2,0,BALANCED_PHASE,26.3
12.4,-0.1045,-0.9945,0,28.6,20.5,26.3,20.1,3.5,7.1,6.5,1.4,0.8,7.9,4.1,8.9,10.6,7.9,8.700000000000001,13.0,21.8,EW,1.38,0,BALANCED_PHASE,37.9
6.7,0.9833,-0.1822,0,18.6,79.7,18.9,19.1,1.3,0.8,6.6,12.5,1.0,0.9,5.0,9.2,2.1,19.1,1.9,14.2,24.2,NS,5.55,2,S_EXCLUSIVE_GREEN,45.0
6.583333333333333,0.9884,-0.1521,0,18.1,18.7,66.9,30.6,1.1,2.0,3.2,5.1,5.1,12.8,1.5,7.0,3.1,8.3,17.9,8.5,33.1,EW,2.07,3,E_EXCLUSIVE_GREEN,45.0
13.15,-0.2965,-0.955,0,25.9,76.3,28.2,23.7,1.1,0.9,7.3,10.7,2.6,4.0,1.5,5.5,2.0,18.0,6.6,7.0,29.3,NS,4.33,2,S_EXCLUSIVE_GREEN,45.0
4.0,0.866,0.5,0,55.6,18.7,17.6,25.9,9.4,21.0,0.6,6.0,0.3,2.0,3.1,4.7,30.4,6.6,2.3,7.800000000000001,43.5,NS,3.83,1,N_EXCLUSIVE_GREEN,45.0
4.766666666666667,0.9483,0.3173,0,21.7,31.7,25.6,39.9,1.1,8.2,4.2,9.1,4.2,2.9,5.6,7.4,9.299999999999999,13.3,7.1,13.0,26.2,EW,1.65,4,W_EXCLUSIVE_GREEN,40.8
21.45,-0.6191,0.7853,0,21.2,20.3,29.7,25.1,2.1,6.7,0.5,2.0,5.0,3.9,2.4,4.9,8.8,2.5,8.9,7.300000000000001,16.8,EW,1.16,0,BALANCED_PHASE,29.8
4.083333333333333,0.8767,0.481,0,21.6,18.1,30.6,83.8,1.3,6.4,0.6,0.4,2.4,6.4,9.9,18.5,7.7,1.0,8.8,28.4,47.7,EW,2.93,4,W_EXCLUSIVE_GREEN,45.0
14.95,-0.6978,-0.7163,0,31.1,26.7,21.6,25.3,1.6,1.1,0.9,3.7,2.7,1.7,1.0,5.6,2.7,4.6000000000000005,4.4,6.6,13.9,NS,1.27,0,BALANCED_PHASE,21.2
19.983333333333334,-0.8682,0.4962,0,26.3,20.2,27.6,25.8,3.8,5.5,1.3,0.7,2.0,2.8,1.5,7.4,9.3,2.0,4.8,8.9,12.3,EW,1.38,0,BALANCED_PHASE,29.0
5.483333333333333,0.9909,0.1349,0,30.2,22.5,21.4,38.6,7.6,8.7,5.2,2.3,0.5,3.9,5.3,3.0,16.299999999999997,7.5,4.4,8.3,33.8,NS,1.79,1,N_EXCLUSIVE_GREEN,45.0
17.866666666666667,-0.9994,-0.0349,1,23.0,69.3,17.1,51.8,2.7,1.6,10.1,7.9,0.8,1.2,8.2,10.9,4.300000000000001,18.0,2.0,19.1,21.3,NS,3.39,2,S_EXCLUSIVE_GREEN,45.0
14.4,-0.5878,-0.809,0,29.0,108.9,18.8,25.0,5.5,5.1,9.0,17.4,3.3,1.8,3.2,2.6,10.6,26.4,5.1,5.800000000000001,38.8,NS,2.85,2,S_EXCLUSIVE_GREEN,45.0
13.633333333333333,-0.4147,-0.91,0,28.6,17.9,18.2,67.3,0.7,4.5,3.9,2.3,1.3,2.0,4.0,6.4,5.2,6.199999999999999,3.3,10.4,16.1,EW,3.21,4,W_EXCLUSIVE_GREEN,39.5
23.25,-0.1951,0.9808,0,25.9,35.5,33.9,21.8,0.2,2.7,3.7,2.1,2.9,4.7,6.6,4.0,2.9000000000000004,5.800000000000001,7.6,10.6,14.6,EW,1.39,0,BALANCED_PHASE,33.8
8.433333333333334,0.8039,-0.5948,1,122.8,22.7,63.1,12.5,17.0,19.5,0.7,8.4,3.2,9.1,1.0,0.7,36.5,9.1,12.3,1.7,69.3,NS,4.32,1,N_EXCLUSIVE_GREEN,45.0
17.6,-0.9945,-0.1045,1,14.9,92.0,24.5,48.2,1.7,1.3,10.7,21.4,4.2,6.5,6.5,8.5,3.0,32.099999999999994,10.7,15.0,44.9,NS,7.79,2,S_EXCLUSIVE_GREEN,45.0
11.033333333333333,0.2504,-0.9681,0,23.7,24.3,25.0,33.8,1.4,3.5,2.6,2.9,0.8,8.2,1.8,2.0,4.9,5.5,9.0,3.8,18.3,EW,1.69,3,E_EXCLUSIVE_GREEN,30.9
18.5,-0.9914,0.1305,1,19.5,73.8,19.2,59.7,3.3,4.1,9.5,17.9,1.9,5.3,8.4,6.6,7.3999999999999995,27.4,7.199999999999999,15.0,42.8,NS,3.57,2,S_EXCLUSIVE_GREEN,45.0
22.383333333333333,-0.4107,0.9118,0,23.5,32.4,19.3,55.7,0.6,3.8,1.5,4.8,12.5,8.3,4.9,9.4,4.3999999999999995,6.3,20.8,14.3,40.0,EW,1.71,3,E_EXCLUSIVE_GREEN,45.0
22.083333333333332,-0.481,0.8767,0,25.3,21.9,112.7,17.5,1.1,8.2,1.5,7.3,10.4,15.2,5.8,6.4,9.299999999999999,8.8,25.6,12.2,31.7,EW,2.97,3,E_EXCLUSIVE_GREEN,45.0
14.55,-0.6191,-0.7853,0,131.5,29.8,27.2,25.1,11.6,25.4,5.7,6.2,5.1,2.9,2.7,5.3,37.0,11.9,8.0,8.0,52.1,NS,3.45,1,N_EXCLUSIVE_GREEN,45.0
7.5,0.9239,-0.3827,1,78.2,22.0,61.9,16.7,5.1,19.1,0.7,3.0,7.1,15.4,1.6,0.7,24.200000000000003,3.7,22.5,2.3,47.2,NS,4.64,1,N_EXCLUSIVE_GREEN,45.0
20.783333333333335,-0.7461,0.6659,0,22.8,33.2,32.3,38.9,0.5,7.6,2.9,5.6,4.9,4.9,5.5,2.9,8.1,8.5,9.8,8.4,9.8,EW,1.14,0,BALANCED_PHASE,32.6
21.066666666666666,-0.6947,0.7193,0,37.6,21.5,26.8,26.0,5.2,7.5,7.5,2.4,1.8,6.4,1.3,4.3,12.7,9.9,8.200000000000001,5.6,25.7,NS,1.38,0,BALANCED_PHASE,39.7
17.85,-0.9992,-0.0393,1,16.2,86.1,17.9,119.2,0.2,2.2,9.3,18.3,5.1,6.6,12.7,26.1,2.4000000000000004,27.6,11.7,38.8,56.5,EW,3.97,4,W_EXCLUSIVE_GREEN,45.0
18.316666666666666,-0.9966,0.0828,1,16.5,51.1,23.3,113.8,0.2,2.2,5.1,3.7,2.3,3.2,11.3,16.5,2.4000000000000004,8.8,5.5,27.8,59.5,EW,4.75,4,W_EXCLUSIVE_GREEN,45.0
19.05,-0.9625,0.2714,1,18.2,144.3,27.2,63.0,3.0,4.1,19.4,27.0,4.6,11.5,10.7,14.4,7.1,46.4,16.1,25.1,69.9,NS,6.69,2,S_EXCLUSIVE_GREEN,45.0
10.566666666666666,0.3665,-0.9304,0,22.9,24.0,27.1,24.2,0.9,2.0,3.1,3.1,1.1,6.1,2.8,3.0,2.9,6.2,7.199999999999999,5.8,11.5,EW,1.13,0,BALANCED_PHASE,25.4
15.483333333333333,-0.7907,-0.6122,0,27.2,31.1,31.9,23.1,4.2,1.5,4.1,2.6,0.9,3.1,2.8,5.0,5.7,6.699999999999999,4.0,7.8,13.1,NS,1.11,0,BALANCED_PHASE,25.3
15.6,-0.809,-0.5878,0,27.1,21.5,33.8,34.5,3.4,4.9,6.4,2.0,2.8,8.2,5.0,5.2,8.3,8.4,11.0,10.2,11.9,EW,1.03,0,BALANCED_PHASE,34.4
13.366666666666667,-0.3502,-0.9367,0,30.0,26.9,36.6,35.1,7.1,2.5,1.7,3.1,10.2,5.8,6.2,1.5,9.6,4.8,16.0,7.7,31.5,EW,1.53,3,E_EXCLUSIVE_GREEN,45.0
9.3,0.6494,-0.7604,1,108.9,12.3,70.2,15.3,4.8,17.6,2.4,2.6,6.3,14.6,2.7,3.8,22.400000000000002,5.0,20.9,6.5,31.3,NS,5.55,1,N_EXCLUSIVE_GREEN,45.0
5.033333333333333,0.9681,0.2504,0,22.2,21.2,24.7,25.7,2.1,3.9,4.8,4.8,1.7,5.5,1.4,7.6,6.0,9.6,7.2,9.0,10.9,EW,1.12,0,BALANCED_PHASE,28.7
19.783333333333335,-0.893,0.4501,0,23.6,28.5,98.8,21.5,2.1,2.8,3.8,2.1,10.8,12.5,3.6,2.9,4.9,5.9,23.3,6.5,27.6,EW,3.81,3,E_EXCLUSIVE_GREEN,45.0
1.6666666666666665,0.4226,0.9063,0,21.0,38.6,28.6,23.1,0.1,0.7,2.1,3.5,3.9,4.0,3.7,5.7,0.7999999999999999,5.6,7.9,9.4,9.5,EW,1.16,0,BALANCED_PHASE,29.9
5.6,0.9945,0.1045,0,22.1,21.4,54.6,27.8,3.1,5.3,0.8,3.5,8.1,11.1,3.7,4.7,8.4,4.3,19.2,8.4,27.1,EW,2.08,3,E_EXCLUSIVE_GREEN,45.0
23.65,-0.0915,0.9958,0,26.0,26.3,20.1,65.2,0.3,1.8,4.9,6.7,0.1,2.0,5.5,10.2,2.1,11.600000000000001,2.1,15.7,21.2,EW,4.34,4,W_EXCLUSIVE_GREEN,45.0
2.1333333333333333,0.5299,0.848,0,20.2,33.5,27.4,20.1,1.2,1.4,7.5,2.4,1.7,2.9,3.3,0.4,2.5999999999999996,9.9,4.6,3.6999999999999997,15.5,NS,2.33,2,S_EXCLUSIVE_GREEN,32.4
8.266666666666667,0.829,-0.5592,1,74.8,14.5,58.5,12.2,10.5,8.7,4.6,7.7,5.3,16.0,0.7,0.3,19.2,12.3,21.3,1.0,35.4,NS,2.18,1,N_EXCLUSIVE_GREEN,45.0
4.65,0.9382,0.3461,0,19.0,17.7,70.0,30.2,2.4,3.7,4.0,2.4,8.8,24.2,2.5,3.5,6.1,6.4,33.0,6.0,59.2,EW,3.75,3,E_EXCLUSIVE_GREEN,45.0
0.7833333333333333,0.2036,0.979,0,23.1,132.2,28.1,28.6,7.9,3.7,16.2,23.7,2.6,4.1,4.0,4.7,11.600000000000001,39.9,6.699999999999999,8.7,57.5,NS,3.97,2,S_EXCLUSIVE_GREEN,45.0
18.783333333333335,-0.979,0.2036,1,22.0,122.5,13.9,109.3,1.6,2.4,11.4,16.5,2.5,2.1,16.7,9.6,4.0,27.9,4.6,26.299999999999997,55.4,NS,5.89,2,S_EXCLUSIVE_GREEN,45.0
4.7,0.9426,0.3338,0,34.2,26.4,24.4,22.9,2.4,2.5,2.2,9.5,3.7,7.2,4.4,0.8,4.9,11.7,10.9,5.2,17.8,NS,1.74,1,N_EXCLUSIVE_GREEN,36.3
5.266666666666667,0.9816,0.1908,0,31.1,22.4,28.4,25.8,3.7,10.2,1.8,1.8,7.0,9.8,3.9,2.4,13.899999999999999,3.6,16.8,6.3,25.4,EW,1.88,3,E_EXCLUSIVE_GREEN,45.0
7.516666666666667,0.9222,-0.3867,1,113.5,12.3,57.0,24.9,10.3,23.6,3.3,2.3,5.7,9.3,1.3,1.6,33.900000000000006,5.6,15.0,2.9000000000000004,56.8,NS,6.62,1,N_EXCLUSIVE_GREEN,45.0
5.85,0.9992,0.0393,0,20.4,21.1,26.6,24.9,0.6,2.5,1.0,2.8,3.7,3.2,3.2,4.7,3.1,3.8,6.9,7.9,9.2,EW,1.07,0,BALANCED_PHASE,26.5
1.35,0.3461,0.9382,0,20.6,39.6,31.8,36.9,1.7,4.5,4.9,3.5,4.3,9.4,4.1,4.7,6.2,8.4,13.7,8.8,27.2,EW,1.35,0,BALANCED_PHASE,41.8
4.633333333333333,0.9367,0.3502,0,27.4,33.4,27.1,32.9,0.9,3.9,2.7,4.2,5.4,4.8,7.6,3.9,4.8,6.9,10.2,11.5,15.1,EW,1.12,0,BALANCED_PHASE,35.4
4.883333333333333,0.9576,0.2882,0,30.1,25.1,31.3,21.1,4.2,7.6,6.1,3.6,1.5,7.5,5.4,3.2,11.8,9.7,9.0,8.600000000000001,13.8,NS,1.17,0,BALANCED_PHASE,35.4
13.816666666666666,-0.4579,-0.889,0,22.0,32.6,28.1,96.0,5.1,3.0,3.4,5.4,5.9,2.4,16.9,8.9,8.1,8.8,8.3,25.799999999999997,44.5,EW,3.12,4,W_EXCLUSIVE_GREEN,45.0
23.666666666666668,-0.0872,0.9962,0,22.6,20.3,64.2,22.3,2.0,8.6,0.5,8.2,5.1,17.5,1.4,2.1,10.6,8.7,22.6,3.5,23.8,EW,4.19,3,E_EXCLUSIVE_GREEN,45.0
1.6833333333333333,0.4266,0.9045,0,84.5,24.0,18.4,28.5,10.6,23.5,2.7,4.2,3.1,5.3,2.1,1.8,34.1,6.9,8.4,3.9000000000000004,68.1,NS,4.18,1,N_EXCLUSIVE_GREEN,45.0
1.1666666666666667,0.3007,0.9537,0,27.3,34.9,30.6,20.2,1.9,5.0,5.1,6.8,1.2,6.8,1.2,2.0,6.9,11.899999999999999,8.0,3.2,12.0,NS,1.47,2,S_EXCLUSIVE_GREEN,36.3
15.316666666666666,-0.7632,-0.6461,0,25.7,22.3,37.6,29.5,2.7,1.3,1.1,3.0,2.6,8.9,6.3,2.0,4.0,4.1,11.5,8.3,15.6,EW,1.29,0,BALANCED_PHASE,36.3
17.233333333333334,-0.9799,-0.1994,1,12.9,58.8,17.3,51.7,2.6,0.3,2.1,8.4,0.6,8.3,5.9,6.4,2.9,10.5,8.9,12.3,14.3,EW,1.76,4,W_EXCLUSIVE_GREEN,40.3
12.716666666666667,-0.1865,-0.9825,0,35.8,32.1,28.3,31.9,3.0,4.1,3.0,6.4,7.8,1.8,7.6,4.9,7.1,9.4,9.6,12.5,13.5,NS,1.18,0,BALANCED_PHASE,31.6
15.266666666666667,-0.7547,-0.6561,0,17.3,24.6,25.7,50.6,1.0,4.3,0.7,2.1,4.2,6.6,11.0,8.1,5.3,2.8,10.8,19.1,35.4,EW,1.78,4,W_EXCLUSIVE_GREEN,45.0
0.3,0.0785,0.9969,0,21.1,36.5,35.5,34.5,1.6,0.7,2.0,4.4,5.3,8.3,0.9,3.6,2.3,6.4,13.600000000000001,4.5,16.3,EW,1.74,3,E_EXCLUSIVE_GREEN,40.2
14.4,-0.5878,-0.809,0,27.3,24.3,35.4,31.8,4.6,5.2,2.2,1.5,4.0,5.4,3.8,5.6,9.8,3.7,9.4,9.399999999999999,12.5,EW,1.01,0,BALANCED_PHASE,31.4
16.716666666666665,-0.9441,-0.3297,1,14.8,68.2,16.4,116.2,0.1,0.8,15.3,7.4,1.8,1.5,9.7,17.9,0.9,22.700000000000003,3.3,27.599999999999998,43.7,EW,7.18,4,W_EXCLUSIVE_GREEN,45.0
1.1,0.284,0.9588,0,27.1,24.6,26.9,29.5,3.3,2.2,2.8,5.8,0.4,2.2,2.9,3.7,5.5,8.6,2.6,6.6,9.6,NS,1.29,0,BALANCED_PHASE,28.0
20.366666666666667,-0.8141,0.5807,0,20.3,35.4,26.2,22.1,3.1,2.1,4.3,8.6,1.1,1.9,1.7,3.0,5.2,12.899999999999999,3.0,4.7,23.4,NS,2.05,2,S_EXCLUSIVE_GREEN,39.5
13.65,-0.4187,-0.9081,0,33.8,26.3,26.5,21.8,5.2,5.8,6.5,2.2,0.9,6.7,2.0,3.2,11.0,8.7,7.6000000000000005,5.2,22.3,NS,1.23,0,BALANCED_PHASE,35.3
8.35,0.8166,-0.5771,1,70.7,12.9,70.3,26.4,3.1,7.8,0.1,4.6,5.6,7.3,3.5,4.9,10.9,4.699999999999999,12.899999999999999,8.4,23.2,EW,1.9,3,E_EXCLUSIVE_GREEN,45.0
8.283333333333333,0.8266,-0.5628,1,66.4,13.8,55.9,24.3,8.7,8.1,0.4,0.5,7.5,3.8,4.9,4.6,16.799999999999997,0.9,11.3,9.5,36.8,EW,1.51,3,E_EXCLUSIVE_GREEN,41.3
3.2666666666666666,0.7547,0.6561,0,25.4,24.0,24.2,32.7,4.2,3.9,0.5,1.2,1.0,7.3,2.6,10.8,8.1,1.7,8.3,13.4,27.1,EW,1.46,4,W_EXCLUSIVE_GREEN,40.4
12.483333333333333,-0.1262,-0.992,0,25.5,24.5,22.4,35.6,1.5,3.3,1.7,2.6,2.8,2.0,1.9,1.2,4.8,4.3,4.8,3.0999999999999996,9.8,EW,1.48,3,E_EXCLUSIVE_GREEN,22.0
23.25,-0.1951,0.9808,0,30.8,25.9,29.2,38.5,1.7,2.9,0.9,1.8,2.2,2.4,3.6,7.4,4.6,2.7,4.6,11.0,22.6,EW,1.71,4,W_EXCLUSIVE_GREEN,36.2
18.816666666666666,-0.9772,0.2122,1,15.3,67.6,18.2,81.5,0.6,2.2,8.8,9.1,0.8,4.9,10.7,19.1,2.8000000000000003,17.9,5.7,29.8,44.8,EW,4.69,4,W_EXCLUSIVE_GREEN,45.0
6.55,0.9897,-0.1435,0,17.4,60.5,28.1,26.3,1.8,1.9,2.9,12.7,1.0,1.8,1.3,10.1,3.7,15.6,2.8,11.4,29.2,NS,3.61,2,S_EXCLUSIVE_GREEN,45.0
10.583333333333334,0.3624,-0.932,0,50.8,25.2,19.3,30.6,4.1,8.5,6.3,5.5,1.8,2.6,1.1,3.8,12.6,11.8,4.4,4.9,16.8,NS,1.31,1,N_EXCLUSIVE_GREEN,41.0
2.0,0.5,0.866,0,31.4,21.5,22.7,23.9,3.3,3.3,4.8,4.3,3.6,2.3,2.4,5.1,6.6,9.1,5.9,7.5,18.3,NS,1.35,0,BALANCED_PHASE,30.7
16.1,-0.8788,-0.4772,0,26.2,32.8,39.5,34.5,7.1,5.7,1.2,3.2,4.7,7.1,1.3,4.0,12.8,4.4,11.8,5.3,18.9,EW,1.55,3,E_EXCLUSIVE_GREEN,37.6
11.233333333333333,0.1994,-0.9799,0,21.5,29.5,38.2,32.9,3.4,7.2,3.0,3.3,2.0,11.1,2.7,8.7,10.6,6.3,13.1,11.399999999999999,23.5,EW,1.12,0,BALANCED_PHASE,40.4
8.2,0.8387,-0.5446,1,93.1,22.5,109.6,18.0,9.0,15.7,4.1,7.9,12.6,25.7,3.4,3.3,24.7,12.0,38.3,6.699999999999999,77.2,EW,5.57,3,E_EXCLUSIVE_GREEN,45.0
1.0166666666666666,0.263,0.9648,0,27.8,21.0,23.1,22.9,2.6,1.5,4.3,3.2,0.8,4.6,0.9,4.6,4.1,7.5,5.3999999999999995,5.5,14.0,NS,1.48,1,N_EXCLUSIVE_GREEN,26.4
1.6333333333333333,0.4147,0.91,0,35.7,20.1,20.6,29.2,6.1,6.1,5.9,5.9,4.2,3.2,6.5,3.5,12.2,11.8,7.4,10.0,20.5,NS,1.19,0,BALANCED_PHASE,37.9
6.633333333333333,0.9863,-0.165,0,30.8,27.5,21.9,20.9,2.6,1.9,2.6,5.3,2.6,2.0,1.8,2.8,4.5,7.9,4.6,4.6,16.5,NS,1.34,0,BALANCED_PHASE,28.0
22.116666666666667,-0.4733,0.8809,0,22.4,149.7,20.1,22.4,1.3,2.5,20.2,19.1,0.9,4.4,4.3,6.4,3.8,39.3,5.300000000000001,10.7,58.7,NS,7.89,2,S_EXCLUSIVE_GREEN,45.0
12.7,-0.1822,-0.9833,0,22.3,34.7,22.1,29.3,1.6,2.7,2.4,3.5,2.5,2.4,1.1,2.1,4.300000000000001,5.9,4.9,3.2,12.8,NS,1.39,0,BALANCED_PHASE,24.3
20.6,-0.7771,0.6293,0,21.4,36.7,21.7,24.5,1.4,2.0,4.0,9.7,1.1,4.4,1.2,3.2,3.4,13.7,5.5,4.4,28.7,NS,2.57,2,S_EXCLUSIVE_GREEN,41.9
5.95,0.9999,0.0131,0,21.0,50.3,27.1,20.3,2.3,1.7,3.6,7.9,1.3,3.2,1.9,5.4,4.0,11.5,4.5,7.300000000000001,16.2,NS,2.48,2,S_EXCLUSIVE_GREEN,38.7
8.3,0.8241,-0.5664,1,116.4,25.0,104.6,13.4,17.6,15.8,4.7,4.3,12.8,19.5,0.6,5.4,33.400000000000006,9.0,32.3,6.0,60.2,NS,3.91,1,N_EXCLUSIVE_GREEN,45.0
14.7,-0.6494,-0.7604,0,30.7,29.6,34.1,27.3,8.0,2.5,3.9,5.3,3.9,3.0,1.5,3.4,10.5,9.2,6.9,4.9,18.4,NS,1.06,0,BALANCED_PHASE,33.4
20.483333333333334,-0.796,0.6053,0,22.3,32.0,23.3,35.8,3.1,3.6,1.5,4.7,0.5,8.9,3.9,2.7,6.7,6.2,9.4,6.6,20.0,EW,1.41,3,E_EXCLUSIVE_GREEN,32.2
8.816666666666666,0.7402,-0.6724,1,59.3,12.8,90.2,14.1,4.2,6.3,2.7,1.8,9.0,12.9,0.1,1.0,10.5,4.5,21.9,1.1,24.8,EW,9.04,3,E_EXCLUSIVE_GREEN,45.0
13.733333333333333,-0.4384,-0.8988,0,31.8,22.1,37.9,31.2,3.3,4.0,3.1,5.4,4.8,7.5,3.7,4.6,7.3,8.5,12.3,8.3,13.8,EW,1.32,0,BALANCED_PHASE,37.8
10.266666666666667,0.4384,-0.8988,0,66.7,17.3,18.6,19.0,11.3,16.1,0.6,3.3,4.6,1.4,0.5,2.1,27.400000000000002,3.9,6.0,2.6,59.1,NS,5.18,1,N_EXCLUSIVE_GREEN,45.0
8.816666666666666,0.7402,-0.6724,1,70.8,13.8,52.1,14.8,3.9,11.6,2.7,1.6,1.8,3.5,0.6,1.8,15.5,4.300000000000001,5.3,2.4,18.8,NS,3.93,1,N_EXCLUSIVE_GREEN,45.0
1.4,0.3584,0.9336,0,69.6,25.6,19.7,29.0,6.0,9.6,1.6,5.2,5.2,5.5,1.6,13.0,15.6,6.800000000000001,10.7,14.6,26.9,NS,2.38,1,N_EXCLUSIVE_GREEN,45.0
8.866666666666667,0.7314,-0.682,1,50.9,19.9,114.4,20.1,2.9,8.9,1.3,0.7,12.0,29.7,1.4,2.6,11.8,2.0,41.7,4.0,49.3,EW,7.58,3,E_EXCLUSIVE_GREEN,45.0
8.183333333333334,0.841,-0.541,1,82.7,16.4,69.3,25.9,8.0,15.8,2.2,3.2,6.0,8.9,5.4,8.4,23.8,5.4,14.9,13.8,50.8,NS,4.39,1,N_EXCLUSIVE_GREEN,45.0
14.066666666666666,-0.515,-0.8572,0,27.8,27.0,28.6,30.8,1.8,3.4,3.2,2.5,2.7,3.4,1.6,5.8,5.2,5.7,6.1,7.4,8.1,EW,1.1,0,BALANCED_PHASE,26.2
6.65,0.9856,-0.1693,0,20.3,17.5,29.9,141.1,2.4,6.6,4.4,0.8,0.4,1.5,13.7,32.4,9.0,5.2,1.9,46.099999999999994,81.7,EW,8.86,4,W_EXCLUSIVE_GREEN,45.0
3.15,0.7343,0.6788,0,28.4,20.8,30.1,22.9,3.7,5.8,4.9,2.9,1.9,3.8,5.3,6.3,9.5,7.800000000000001,5.699999999999999,11.6,12.0,EW,1.64,3,E_EXCLUSIVE_GREEN,34.8
13.216666666666667,-0.3132,-0.9497,0,21.4,21.2,27.7,37.2,6.7,3.5,1.0,3.7,0.4,11.5,5.7,2.0,10.2,4.7,11.9,7.7,23.8,EW,1.41,3,E_EXCLUSIVE_GREEN,37.9
3.966666666666667,0.8616,0.5075,0,33.7,30.2,27.6,21.7,1.7,8.9,11.5,3.4,4.7,4.8,0.4,9.7,10.6,14.9,9.5,10.1,24.0,NS,1.26,0,BALANCED_PHASE,43.3
8.1,0.8526,-0.5225,1,58.8,19.7,104.4,26.4,7.2,10.2,1.7,1.8,8.6,21.9,4.0,1.6,17.4,3.5,30.5,5.6,52.3,EW,4.51,3,E_EXCLUSIVE_GREEN,45.0
1.0666666666666667,0.2756,0.9613,0,20.0,32.8,56.1,23.0,2.8,5.5,2.0,4.8,5.1,7.1,0.9,5.0,8.3,6.8,12.2,5.9,22.9,EW,2.13,3,E_EXCLUSIVE_GREEN,41.8
14.016666666666667,-0.5038,-0.8638,0,26.2,36.4,21.9,35.6,1.3,4.1,3.3,6.4,1.5,6.4,5.0,4.8,5.3999999999999995,9.7,7.9,9.8,18.8,NS,1.52,2,S_EXCLUSIVE_GREEN,32.8
4.683333333333334,0.9412,0.3379,0,23.7,39.5,27.6,26.6,3.3,2.7,2.0,6.7,2.1,8.1,1.6,8.7,6.0,8.7,10.2,10.299999999999999,11.3,NS,1.48,2,S_EXCLUSIVE_GREEN,30.6
1.7,0.4305,0.9026,0,30.6,95.1,21.4,20.7,3.5,7.4,6.0,21.2,4.1,3.8,1.9,2.9,10.9,27.2,7.8999999999999995,4.8,29.8,NS,2.64,2,S_EXCLUSIVE_GREEN,45.0
22.35,-0.4187,0.9081,0,33.0,34.5,25.6,30.3,5.2,12.9,3.7,1.1,1.7,1.6,8.0,4.0,18.1,4.800000000000001,3.3,12.0,39.0,NS,2.1,1,N_EXCLUSIVE_GREEN,45.0
18.0,-1.0,-0.0,1,12.4,53.4,15.0,54.5,0.6,0.5,4.9,8.8,2.4,4.5,3.4,4.9,1.1,13.700000000000001,6.9,8.3,17.1,EW,1.85,4,W_EXCLUSIVE_GREEN,33.1
16.75,-0.9469,-0.3214,1,22.0,147.8,14.3,96.8,0.6,2.8,11.9,23.4,1.1,2.9,6.1,19.0,3.4,35.3,4.0,25.1,44.3,NS,7.82,2,S_EXCLUSIVE_GREEN,45.0
15.5,-0.7934,-0.6088,0,23.2,20.6,28.7,30.2,1.5,1.5,5.5,6.0,9.6,7.6,3.3,8.8,3.0,11.5,17.2,12.100000000000001,36.3,EW,1.27,0,BALANCED_PHASE,45.0
23.816666666666666,-0.048,0.9988,0,22.1,20.7,31.6,35.8,1.2,3.3,7.5,1.9,3.8,6.1,0.8,2.8,4.5,9.4,9.899999999999999,3.5999999999999996,14.4,EW,1.64,3,E_EXCLUSIVE_GREEN,32.7
2.5666666666666664,0.6225,0.7826,0,20.2,26.0,19.0,123.9,4.4,4.0,11.2,7.3,1.9,2.9,15.8,27.6,8.4,18.5,4.8,43.400000000000006,56.5,EW,7.49,4,W_EXCLUSIVE_GREEN,45.0
22.866666666666667,-0.2924,0.9563,0,21.6,27.7,26.1,20.4,2.8,4.4,3.4,2.9,1.3,5.6,0.2,1.8,7.2,6.3,6.8999999999999995,2.0,14.6,NS,1.15,0,BALANCED_PHASE,25.8
3.6,0.809,0.5878,0,20.5,20.3,26.1,24.9,0.6,11.2,0.4,2.4,1.6,4.2,7.9,2.3,11.799999999999999,2.8,5.800000000000001,10.2,18.5,EW,1.37,0,BALANCED_PHASE,32.0
11.35,0.1693,-0.9856,0,31.7,27.1,20.6,22.0,3.7,2.3,0.5,2.3,2.6,3.9,0.0,4.1,6.0,2.8,6.5,4.1,11.3,NS,1.42,1,N_EXCLUSIVE_GREEN,23.8
12.05,-0.0131,-0.9999,0,30.5,39.4,28.0,30.6,4.7,5.0,6.8,9.0,4.4,5.7,4.2,7.9,9.7,15.8,10.100000000000001,12.100000000000001,32.5,NS,1.45,2,S_EXCLUSIVE_GREEN,45.0
20.083333333333332,-0.8549,0.5188,0,25.9,32.4,90.7,17.5,1.5,5.3,1.8,5.4,13.6,16.7,2.3,2.6,6.8,7.2,30.299999999999997,4.9,51.2,EW,5.44,3,E_EXCLUSIVE_GREEN,45.0
2.8833333333333333,0.6852,0.7284,0,21.7,21.8,39.5,31.8,1.7,1.1,4.2,3.1,2.9,9.4,0.1,5.5,2.8,7.300000000000001,12.3,5.6,15.7,EW,1.62,3,E_EXCLUSIVE_GREEN,38.3
9.683333333333334,0.57,-0.8216,0,106.6,17.6,17.4,33.2,14.6,8.6,0.7,0.8,0.7,3.4,4.4,6.2,23.2,1.5,4.1,10.600000000000001,28.4,NS,8.06,1,N_EXCLUSIVE_GREEN,45.0
12.7,-0.1822,-0.9833,0,18.0,22.3,28.8,64.9,1.1,2.3,1.3,5.7,1.3,3.7,11.5,10.2,3.4,7.0,5.0,21.7,33.4,EW,3.08,4,W_EXCLUSIVE_GREEN,45.0
3.6666666666666665,0.8192,0.5736,0,28.7,38.9,24.7,22.6,3.9,8.2,3.5,9.2,3.5,6.9,1.6,2.7,12.1,12.7,10.4,4.300000000000001,26.0,NS,1.12,0,BALANCED_PHASE,40.0
15.083333333333334,-0.7224,-0.6915,0,21.3,25.1,24.1,21.1,0.5,4.5,0.6,6.0,2.0,1.6,1.6,0.8,5.0,6.6,3.6,2.4000000000000004,12.1,NS,1.19,0,BALANCED_PHASE,23.9
14.783333333333333,-0.6659,-0.7461,0,122.6,20.9,33.3,23.2,14.9,21.1,1.0,5.4,3.0,2.4,0.7,5.2,36.0,6.4,5.4,5.9,41.4,NS,5.46,1,N_EXCLUSIVE_GREEN,45.0
6.016666666666667,1.0,-0.0044,0,21.9,22.8,27.7,36.5,0.2,2.4,0.7,7.8,1.7,2.7,2.0,4.3,2.6,8.5,4.4,6.3,12.8,EW,1.3,0,BALANCED_PHASE,25.4
18.25,-0.9979,0.0654,1,12.6,91.1,13.0,78.7,4.9,6.1,4.5,13.4,0.7,1.0,6.1,15.9,11.0,17.9,1.7,22.0,22.8,NS,2.58,2,S_EXCLUSIVE_GREEN,45.0
15.4,-0.7771,-0.6293,0,24.8,18.8,89.3,26.1,2.4,5.0,3.5,1.4,15.0,15.8,0.4,9.3,7.4,4.9,30.8,9.700000000000001,49.5,EW,3.15,3,E_EXCLUSIVE_GREEN,45.0
15.566666666666666,-0.8039,-0.5948,0,23.5,21.7,26.2,20.5,1.9,5.7,0.7,7.7,1.2,6.6,3.1,5.8,7.6,8.4,7.8,8.9,10.9,EW,1.14,0,BALANCED_PHASE,28.6
14.016666666666667,-0.5038,-0.8638,0,118.5,17.3,26.6,19.4,12.8,20.9,1.2,1.4,1.0,2.0,1.7,1.7,33.7,2.5999999999999996,3.0,3.4,34.8,NS,8.74,1,N_EXCLUSIVE_GREEN,45.0
10.833333333333334,0.3007,-0.9537,0,30.4,29.7,20.9,20.1,4.2,0.5,4.7,8.1,5.0,1.1,0.1,2.2,4.7,12.8,6.1,2.3000000000000003,18.8,NS,1.7,1,N_EXCLUSIVE_GREEN,38.0
12.116666666666667,-0.0305,-0.9995,0,25.7,18.2,22.5,51.6,3.5,5.4,0.4,2.0,2.5,4.6,6.1,5.9,8.9,2.4,7.1,12.0,23.7,EW,1.85,4,W_EXCLUSIVE_GREEN,40.7
21.916666666666668,-0.5188,0.8549,0,24.0,26.6,39.3,31.2,0.7,2.8,1.2,5.1,2.3,4.5,5.1,7.0,3.5,6.3,6.8,12.1,21.5,EW,1.47,3,E_EXCLUSIVE_GREEN,38.4
4.783333333333333,0.9497,0.3132,0,21.6,33.8,24.1,35.5,1.3,3.2,1.7,2.4,1.7,1.4,3.3,7.6,4.5,4.1,3.0999999999999996,10.899999999999999,12.2,EW,2.14,4,W_EXCLUSIVE_GREEN,34.4
2.033333333333333,0.5075,0.8616,0,28.6,37.3,23.4,31.4,2.1,4.4,3.7,8.4,2.2,2.3,5.8,3.0,6.5,12.100000000000001,4.5,8.8,25.8,NS,1.54,2,S_EXCLUSIVE_GREEN,38.5
15.683333333333334,-0.8216,-0.57,0,51.0,26.8,19.3,23.6,8.6,7.4,1.5,4.4,2.7,3.2,2.2,2.0,16.0,5.9,5.9,4.2,18.2,NS,2.23,1,N_EXCLUSIVE_GREEN,45.0
7.733333333333333,0.8988,-0.4384,1,64.8,25.1,97.3,17.1,8.4,10.8,1.5,2.9,8.2,17.6,0.9,4.8,19.200000000000003,4.4,25.8,5.7,49.4,EW,4.71,3,E_EXCLUSIVE_GREEN,45.0
20.133333333333333,-0.848,0.5299,0,57.4,27.5,23.8,31.3,5.3,8.0,7.5,2.7,1.5,2.4,6.6,4.3,13.3,10.2,3.9,10.899999999999999,22.4,NS,1.53,1,N_EXCLUSIVE_GREEN,44.2
9.866666666666667,0.5299,-0.848,0,22.3,31.8,33.1,27.1,2.8,2.2,4.0,6.6,5.9,3.6,2.0,7.7,5.0,10.6,9.5,9.7,12.3,EW,1.06,0,BALANCED_PHASE,31.6
14.65,-0.6394,-0.7688,0,59.7,30.1,20.3,19.8,9.8,11.6,3.6,6.9,0.6,1.7,6.2,2.7,21.4,10.5,2.3,8.9,32.4,NS,1.96,1,N_EXCLUSIVE_GREEN,45.0
3.1166666666666667,0.7284,0.6852,0,23.5,32.5,22.1,38.0,0.7,3.3,5.1,6.3,1.3,8.8,4.4,6.5,4.0,11.399999999999999,10.100000000000001,10.9,20.5,EW,1.23,0,BALANCED_PHASE,35.7
19.233333333333334,-0.9483,0.3173,1,14.2,99.0,17.0,67.8,1.4,1.7,16.2,11.2,5.5,4.5,3.2,21.9,3.0999999999999996,27.4,10.0,25.099999999999998,49.3,NS,7.32,2,S_EXCLUSIVE_GREEN,45.0
2.85,0.6788,0.7343,0,28.2,24.3,74.1,20.2,4.1,3.0,2.8,8.8,4.6,13.4,2.8,6.9,7.1,11.600000000000001,18.0,9.7,19.2,EW,2.3,3,E_EXCLUSIVE_GREEN,45.0
23.716666666666665,-0.0741,0.9973,0,30.0,33.4,26.3,33.8,1.9,4.5,0.4,5.1,6.4,4.3,2.8,8.8,6.4,5.5,10.7,11.600000000000001,25.1,EW,1.11,0,BALANCED_PHASE,36.8
3.716666666666667,0.8266,0.5628,0,27.5,20.9,28.9,22.4,3.5,5.5,1.6,5.1,2.9,3.3,4.2,7.4,9.0,6.699999999999999,6.199999999999999,11.600000000000001,16.8,EW,1.56,3,E_EXCLUSIVE_GREEN,35.1
4.333333333333333,0.9063,0.4226,0,25.9,34.0,27.3,34.8,5.2,6.2,2.5,2.4,2.5,1.5,3.4,3.5,11.4,4.9,4.0,6.9,16.8,NS,1.72,1,N_EXCLUSIVE_GREEN,35.6
6.8,0.9781,-0.2079,0,17.5,81.2,26.8,21.7,4.2,2.6,7.4,13.8,4.3,5.0,1.1,3.2,6.800000000000001,21.200000000000003,9.3,4.300000000000001,35.5,NS,3.47,2,S_EXCLUSIVE_GREEN,45.0
10.066666666666666,0.4848,-0.8746,0,19.6,72.7,20.9,30.4,1.4,3.4,7.2,9.0,0.8,3.2,4.1,2.9,4.8,16.2,4.0,7.0,22.4,NS,3.33,2,S_EXCLUSIVE_GREEN,45.0
13.166666666666666,-0.3007,-0.9537,0,31.0,20.3,25.3,31.7,1.6,5.1,2.0,3.3,2.1,5.2,0.7,4.8,6.699999999999999,5.3,7.300000000000001,5.5,8.4,EW,1.23,0,BALANCED_PHASE,26.1
17.166666666666668,-0.9763,-0.2164,1,16.6,100.3,14.0,75.5,2.5,4.4,9.4,30.8,3.1,1.7,7.1,11.7,6.9,40.2,4.8,18.799999999999997,45.1,NS,5.62,2,S_EXCLUSIVE_GREEN,45.0
14.25,-0.5556,-0.8315,0,23.9,28.5,34.0,32.4,2.2,2.3,4.2,7.3,1.1,9.1,5.8,3.5,4.5,11.5,10.2,9.3,16.8,EW,1.04,0,BALANCED_PHASE,33.2
1.1333333333333333,0.2924,0.9563,0,26.1,17.8,19.6,79.7,4.4,6.6,2.2,3.4,6.5,3.6,7.7,9.9,11.0,5.6,10.1,17.6,19.4,EW,2.31,4,W_EXCLUSIVE_GREEN,45.0
5.016666666666667,0.967,0.2546,0,27.7,20.4,26.6,35.3,4.7,1.6,6.3,4.3,7.4,6.7,2.7,7.8,6.300000000000001,10.6,14.100000000000001,10.5,30.8,EW,1.3,0,BALANCED_PHASE,42.6
2.0,0.5,0.866,0,56.6,21.6,19.3,19.2,3.4,10.9,2.6,8.4,4.2,3.3,10.0,3.0,14.3,11.0,7.5,13.0,28.1,NS,1.62,1,N_EXCLUSIVE_GREEN,45.0
22.683333333333334,-0.3379,0.9412,0,25.4,26.3,30.9,20.9,2.2,8.9,2.5,2.3,1.6,4.9,0.7,9.2,11.100000000000001,4.8,6.5,9.899999999999999,21.5,EW,1.44,3,E_EXCLUSIVE_GREEN,32.5
9.433333333333334,0.6225,-0.7826,1,82.1,23.1,75.6,15.5,9.6,19.5,2.4,5.3,5.8,8.3,0.4,1.5,29.1,7.699999999999999,14.100000000000001,1.9,40.9,NS,3.55,1,N_EXCLUSIVE_GREEN,45.0
22.85,-0.2965,0.955,0,32.2,35.4,34.1,26.8,4.7,6.4,0.7,11.2,4.2,3.8,4.4,7.4,11.100000000000001,11.899999999999999,8.0,11.8,20.7,NS,1.05,0,BALANCED_PHASE,37.2
15.733333333333333,-0.829,-0.5592,0,18.5,75.5,25.7,17.2,1.9,3.3,7.2,17.0,1.5,1.5,1.6,3.4,5.199999999999999,24.2,3.0,5.0,50.0,NS,4.18,2,S_EXCLUSIVE_GREEN,45.0
20.283333333333335,-0.8266,0.5628,0,22.5,21.1,34.3,23.1,3.6,3.3,1.6,8.4,1.3,4.0,2.7,7.2,6.9,10.0,5.3,9.9,13.9,EW,1.61,3,E_EXCLUSIVE_GREEN,32.4
13.25,-0.3214,-0.9469,0,20.5,21.7,34.3,25.9,4.3,1.0,3.0,0.7,2.5,6.6,2.0,3.8,5.3,3.7,9.1,5.8,18.6,EW,1.39,0,BALANCED_PHASE,31.2
19.733333333333334,-0.8988,0.4384,0,25.0,56.1,23.8,18.5,2.3,1.0,5.2,13.5,1.3,3.9,3.1,9.0,3.3,18.7,5.2,12.1,21.8,NS,3.4,2,S_EXCLUSIVE_GREEN,45.0
22.516666666666666,-0.3786,0.9255,0,23.6,29.4,26.4,29.3,4.0,6.1,3.3,2.8,2.1,3.9,2.0,3.3,10.1,6.1,6.0,5.3,14.5,NS,1.41,1,N_EXCLUSIVE_GREEN,31.9
2.6666666666666665,0.6428,0.766,0,32.6,31.9,25.0,37.0,3.5,5.3,3.2,5.8,2.0,6.5,5.0,7.3,8.8,9.0,8.5,12.3,13.3,EW,1.41,4,W_EXCLUSIVE_GREEN,37.6
9.366666666666667,0.6361,-0.7716,1,63.7,26.1,58.4,16.0,3.7,14.0,2.2,6.7,12.2,6.6,0.0,1.4,17.7,8.9,18.799999999999997,1.4,22.3,NS,2.08,1,N_EXCLUSIVE_GREEN,45.0
13.0,-0.2588,-0.9659,0,20.5,34.0,28.2,37.0,2.7,3.9,3.6,10.3,0.7,5.2,1.6,4.0,6.6,13.9,5.9,5.6,27.0,EW,1.13,0,BALANCED_PHASE,26.2
6.116666666666666,0.9995,-0.0305,0,27.7,25.8,38.7,26.7,2.8,7.7,1.7,10.5,4.4,9.6,1.3,7.5,10.5,12.2,14.0,8.8,27.9,EW,1.49,3,E_EXCLUSIVE_GREEN,42.8
3.65,0.8166,0.5771,0,18.9,76.0,24.7,19.4,1.1,1.2,7.1,13.0,4.9,1.5,2.6,1.5,2.3,20.1,6.4,4.1,21.0,NS,5.37,2,S_EXCLUSIVE_GREEN,45.0
14.816666666666666,-0.6724,-0.7402,0,28.1,21.5,32.0,36.2,2.2,1.6,0.2,3.9,5.5,1.7,4.9,2.5,3.8000000000000003,4.1,7.2,7.4,10.2,EW,1.04,0,BALANCED_PHASE,27.3
6.283333333333333,0.9973,-0.0741,0,73.8,21.5,23.8,24.0,4.7,16.5,4.2,4.7,3.9,10.2,0.3,4.8,21.2,8.9,14.1,5.1,29.1,NS,2.62,1,N_EXCLUSIVE_GREEN,45.0
4.716666666666667,0.9441,0.3297,0,24.5,24.7,21.0,32.3,1.6,9.6,2.0,2.9,1.8,5.3,2.0,3.7,11.2,4.9,7.1,5.7,21.0,EW,1.3,0,BALANCED_PHASE,27.1
15.516666666666667,-0.796,-0.6053,0,68.7,18.7,31.6,27.3,10.9,11.8,6.5,5.3,2.8,3.2,1.5,2.8,22.700000000000003,11.8,6.0,4.3,45.4,NS,2.27,1,N_EXCLUSIVE_GREEN,45.0
1.6833333333333333,0.4266,0.9045,0,22.4,62.2,17.4,23.4,4.0,1.9,12.1,17.2,0.7,4.7,1.8,6.3,5.9,29.299999999999997,5.4,8.1,43.1,NS,3.84,2,S_EXCLUSIVE_GREEN,45.0
13.266666666666667,-0.3256,-0.9455,0,31.2,21.0,23.9,80.8,7.6,7.1,1.0,11.2,1.8,4.5,12.0,10.7,14.7,12.2,6.3,22.7,37.3,EW,3.36,4,W_EXCLUSIVE_GREEN,45.0
1.1,0.284,0.9588,0,25.8,34.6,27.1,21.9,0.3,3.0,1.3,6.7,2.7,3.1,2.2,3.8,3.3,8.0,5.800000000000001,6.0,11.3,NS,1.67,2,S_EXCLUSIVE_GREEN,28.4
17.183333333333334,-0.9772,-0.2122,1,12.7,79.1,14.8,108.2,0.7,0.3,5.6,10.3,1.8,0.4,18.3,15.2,1.0,15.9,2.2,33.5,37.9,EW,9.75,4,W_EXCLUSIVE_GREEN,45.0
5.833333333333333,0.999,0.0436,0,67.1,29.6,17.6,23.9,6.1,10.4,2.3,3.6,4.5,5.1,0.6,7.1,16.5,5.9,9.6,7.699999999999999,25.5,NS,2.43,1,N_EXCLUSIVE_GREEN,45.0
2.95,0.6978,0.7163,0,21.2,19.9,18.0,95.8,0.3,2.0,2.1,1.5,1.1,1.4,10.1,18.6,2.3,3.6,2.5,28.700000000000003,32.9,EW,7.25,4,W_EXCLUSIVE_GREEN,45.0
18.616666666666667,-0.987,0.1607,1,14.5,50.0,19.0,49.4,5.3,0.7,6.4,12.1,1.8,1.1,6.2,3.0,6.0,18.5,2.9000000000000004,9.2,25.2,NS,3.03,2,S_EXCLUSIVE_GREEN,45.0
10.433333333333334,0.3987,-0.9171,0,22.4,28.3,146.7,23.8,3.1,2.7,7.0,1.8,13.3,27.9,0.8,4.7,5.800000000000001,8.8,41.2,5.5,76.2,EW,6.56,3,E_EXCLUSIVE_GREEN,45.0
7.816666666666666,0.889,-0.4579,1,70.0,22.5,58.5,26.6,18.5,7.7,1.5,6.3,4.5,6.4,3.9,7.2,26.2,7.8,10.9,11.1,46.3,NS,3.14,1,N_EXCLUSIVE_GREEN,45.0
3.3333333333333335,0.766,0.6428,0,23.3,66.7,17.5,18.9,1.5,1.4,8.0,12.7,0.4,4.5,2.3,6.1,2.9,20.7,4.9,8.399999999999999,28.3,NS,4.23,2,S_EXCLUSIVE_GREEN,45.0
23.433333333333334,-0.1478,0.989,0,35.9,23.8,35.7,27.4,6.4,4.6,0.2,1.2,3.5,9.5,1.7,2.6,11.0,1.4,13.0,4.3,18.3,EW,1.96,3,E_EXCLUSIVE_GREEN,39.3
12.95,-0.2462,-0.9692,0,21.1,22.6,32.6,51.9,0.7,5.9,3.1,2.6,8.1,3.4,0.8,7.2,6.6000000000000005,5.7,11.5,8.0,19.0,EW,1.46,3,E_EXCLUSIVE_GREEN,39.2
18.516666666666666,-0.9909,0.1349,1,13.1,88.4,14.0,92.6,0.5,3.2,12.5,17.3,0.1,0.8,8.9,24.1,3.7,29.8,0.9,33.0,39.2,EW,12.27,4,W_EXCLUSIVE_GREEN,45.0
1.9333333333333333,0.4848,0.8746,0,21.3,23.5,34.3,24.0,0.8,4.6,3.7,7.3,1.7,3.8,0.7,4.2,5.3999999999999995,11.0,5.5,4.9,22.4,EW,1.21,0,BALANCED_PHASE,24.4
6.983333333333333,0.967,-0.2546,0,28.0,25.1,26.2,20.1,3.6,8.3,3.0,2.0,1.3,5.0,1.2,1.6,11.9,5.0,6.3,2.8,22.7,NS,1.66,1,N_EXCLUSIVE_GREEN,36.1
5.4,0.9877,0.1564,0,27.1,24.2,18.2,141.9,2.3,1.0,0.3,1.8,1.4,3.2,14.0,20.1,3.3,2.1,4.6,34.1,59.6,EW,7.15,4,W_EXCLUSIVE_GREEN,45.0
23.2,-0.2079,0.9781,0,20.5,37.4,23.3,39.9,1.0,2.9,10.6,5.7,1.0,2.1,2.8,8.2,3.9,16.3,3.1,11.0,26.0,NS,2.8,2,S_EXCLUSIVE_GREEN,45.0
8.2,0.8387,-0.5446,1,85.1,17.1,118.9,24.9,9.0,20.1,1.3,1.7,12.7,16.7,1.1,2.1,29.1,3.0,29.4,3.2,54.0,EW,6.12,3,E_EXCLUSIVE_GREEN,45.0
10.133333333333333,0.4695,-0.8829,0,89.4,19.1,23.9,22.3,8.1,12.2,1.3,3.0,1.1,4.8,2.6,7.6,20.299999999999997,4.3,5.9,10.2,37.8,NS,4.43,1,N_EXCLUSIVE_GREEN,45.0
8.133333333333333,0.848,-0.5299,1,55.8,26.3,50.1,15.2,5.9,9.4,1.2,3.6,7.6,8.7,0.1,1.0,15.3,4.8,16.299999999999997,1.1,27.4,NS,2.51,1,N_EXCLUSIVE_GREEN,45.0
3.9,0.8526,0.5225,0,31.6,29.2,27.6,39.4,3.1,8.1,4.6,4.7,0.6,1.5,3.5,14.3,11.2,9.3,2.1,17.8,22.9,EW,3.16,4,W_EXCLUSIVE_GREEN,45.0
13.166666666666666,-0.3007,-0.9537,0,25.6,37.7,20.8,20.7,1.1,3.2,5.1,6.6,2.2,2.8,2.1,5.6,4.300000000000001,11.7,5.0,7.699999999999999,20.8,NS,1.94,2,S_EXCLUSIVE_GREEN,37.3
7.933333333333334,0.8746,-0.4848,1,108.8,25.2,56.9,21.7,14.9,19.1,0.9,2.6,5.9,6.9,1.9,4.3,34.0,3.5,12.8,6.199999999999999,71.9,NS,6.17,1,N_EXCLUSIVE_GREEN,45.0
9.633333333333333,0.5807,-0.8141,0,30.6,103.7,19.9,26.1,2.1,9.5,10.4,13.6,4.6,4.2,4.7,2.4,11.6,24.0,8.8,7.1,49.8,NS,2.46,2,S_EXCLUSIVE_GREEN,45.0
18.583333333333332,-0.9884,0.1521,1,16.7,50.5,15.3,65.4,0.9,5.8,4.9,10.4,0.9,2.2,7.4,9.2,6.7,15.3,3.1,16.6,32.5,EW,4.45,4,W_EXCLUSIVE_GREEN,45.0
7.083333333333333,0.96,-0.2798,1,62.8,22.7,48.4,18.4,6.6,10.2,4.7,2.8,3.0,6.2,3.8,1.4,16.799999999999997,7.5,9.2,5.199999999999999,36.8,NS,2.34,1,N_EXCLUSIVE_GREEN,45.0
13.9,-0.4772,-0.8788,0,24.7,30.9,21.6,34.8,5.3,3.4,3.4,2.4,0.3,5.4,1.2,3.8,8.7,5.8,5.7,5.0,13.6,NS,1.32,0,BALANCED_PHASE,29.3
6.616666666666667,0.987,-0.1607,0,36.5,29.9,21.9,28.6,1.4,3.9,5.8,5.5,2.3,1.4,1.7,4.4,5.3,11.3,3.6999999999999997,6.1000000000000005,19.7,NS,1.58,1,N_EXCLUSIVE_GREEN,36.1
14.283333333333333,-0.5628,-0.8266,0,22.2,19.8,22.3,52.7,2.1,3.5,2.5,3.0,5.4,4.7,4.3,5.2,5.6,5.5,10.100000000000001,9.5,13.8,EW,1.43,3,E_EXCLUSIVE_GREEN,36.1
23.916666666666668,-0.0218,0.9998,0,25.9,25.6,53.9,17.9,2.8,3.8,3.5,3.7,5.7,4.6,2.7,3.8,6.6,7.2,10.3,6.5,20.4,EW,1.99,3,E_EXCLUSIVE_GREEN,37.3
13.616666666666667,-0.4107,-0.9118,0,32.2,73.9,17.8,18.2,1.2,8.1,6.2,16.9,1.7,8.4,0.3,3.3,9.299999999999999,23.099999999999998,10.1,3.5999999999999996,42.8,NS,2.33,2,S_EXCLUSIVE_GREEN,45.0
18.95,-0.9692,0.2462,1,12.7,98.8,23.1,85.5,1.1,5.2,11.9,19.5,1.6,4.2,8.5,14.7,6.300000000000001,31.4,5.800000000000001,23.2,67.0,NS,5.48,2,S_EXCLUSIVE_GREEN,45.0
0.43333333333333335,0.1132,0.9936,0,21.1,26.1,24.9,21.6,2.9,3.8,7.0,2.2,3.4,3.5,8.1,4.1,6.699999999999999,9.2,6.9,12.2,17.7,EW,1.47,3,E_EXCLUSIVE_GREEN,35.7
1.5,0.3827,0.9239,0,24.4,21.1,23.2,29.6,2.8,5.3,0.3,8.0,2.6,2.4,1.6,5.4,8.1,8.3,5.0,7.0,17.9,EW,1.28,0,BALANCED_PHASE,26.1
16.033333333333335,-0.8704,-0.4924,0,33.5,38.8,25.2,30.1,1.7,15.6,3.9,2.8,2.4,2.5,1.8,5.9,17.3,6.699999999999999,4.9,7.7,28.2,NS,1.8,1,N_EXCLUSIVE_GREEN,45.0
12.5,-0.1305,-0.9914,0,29.5,29.1,29.3,39.2,4.5,9.3,1.2,2.7,6.1,6.0,1.4,8.2,13.8,3.9000000000000004,12.1,9.6,24.9,EW,1.25,0,BALANCED_PHASE,38.7
22.866666666666667,-0.2924,0.9563,0,21.9,18.8,18.7,132.0,3.4,2.4,2.0,0.9,0.9,1.0,14.1,20.0,5.8,2.9,1.9,34.1,36.2,EW,9.86,4,W_EXCLUSIVE_GREEN,45.0
7.083333333333333,0.96,-0.2798,1,58.3,22.8,75.5,21.9,7.3,8.8,5.4,3.0,6.3,11.0,1.7,1.7,16.1,8.4,17.3,3.4,33.5,EW,3.91,3,E_EXCLUSIVE_GREEN,45.0
17.8,-0.9986,-0.0523,1,24.5,113.4,16.8,54.4,5.4,6.1,14.4,22.9,0.8,0.4,11.1,5.7,11.5,37.3,1.2000000000000002,16.8,81.4,NS,3.55,2,S_EXCLUSIVE_GREEN,45.0
0.7333333333333333,0.1908,0.9816,0,25.6,27.0,20.3,35.1,5.9,4.3,2.1,5.3,0.7,2.6,1.0,6.8,10.2,7.4,3.3,7.8,14.6,NS,1.2,0,BALANCED_PHASE,31.7
6.133333333333334,0.9994,-0.0349,0,19.3,68.4,20.3,25.6,0.9,1.5,8.6,14.7,4.4,3.9,1.1,2.0,2.4,23.299999999999997,8.3,3.1,25.0,NS,5.46,2,S_EXCLUSIVE_GREEN,45.0
20.083333333333332,-0.8549,0.5188,0,19.1,28.7,87.5,25.6,0.6,1.1,5.3,5.1,3.7,14.9,0.9,1.6,1.7000000000000002,10.399999999999999,18.6,2.5,26.0,EW,4.44,3,E_EXCLUSIVE_GREEN,45.0
5.75,0.9979,0.0654,0,22.9,20.4,36.4,26.2,0.8,1.3,6.0,1.4,4.3,6.0,14.4,17.0,2.1,7.4,10.3,31.4,59.5,EW,2.41,3,E_EXCLUSIVE_GREEN,45.0
18.783333333333335,-0.979,0.2036,1,16.0,51.7,13.9,69.6,1.7,1.2,12.0,9.1,2.3,0.6,5.9,8.3,2.9,21.1,2.9,14.200000000000001,32.0,EW,4.56,4,W_EXCLUSIVE_GREEN,45.0
18.016666666666666,-1.0,0.0044,1,15.4,55.5,20.9,93.9,2.1,1.9,5.0,4.8,2.6,3.8,5.4,17.9,4.0,9.8,6.4,23.299999999999997,40.3,EW,3.8,4,W_EXCLUSIVE_GREEN,45.0
14.483333333333333,-0.6053,-0.796,0,38.8,22.9,20.3,30.6,4.6,8.1,5.1,2.3,1.9,2.7,0.7,6.3,12.7,7.3999999999999995,4.6,7.0,27.4,NS,1.64,1,N_EXCLUSIVE_GREEN,40.1
22.416666666666668,-0.4027,0.9153,0,25.4,20.3,61.4,20.6,0.2,8.7,2.2,3.5,5.8,7.5,4.8,5.6,8.899999999999999,5.7,13.3,10.399999999999999,17.1,EW,1.7,3,E_EXCLUSIVE_GREEN,44.4
20.483333333333334,-0.796,0.6053,0,36.0,20.7,34.7,23.1,3.4,6.7,1.2,9.5,3.4,7.0,0.3,6.7,10.1,10.7,10.4,7.0,22.3,NS,1.21,0,BALANCED_PHASE,35.1
0.9166666666666666,0.2377,0.9713,0,25.0,30.3,29.5,24.2,2.6,4.3,1.5,3.1,2.9,1.7,2.5,2.7,6.9,4.6,4.6,5.2,11.2,NS,1.28,0,BALANCED_PHASE,25.4
12.95,-0.2462,-0.9692,0,21.4,37.4,25.9,23.5,2.5,7.1,4.6,9.4,0.6,2.8,4.1,3.2,9.6,14.0,3.4,7.3,25.5,NS,1.49,2,S_EXCLUSIVE_GREEN,42.3
16.033333333333335,-0.8704,-0.4924,0,17.2,18.9,66.1,23.1,8.1,1.1,2.6,0.8,5.6,15.4,0.8,5.5,9.2,3.4000000000000004,21.0,6.3,39.0,EW,3.0,3,E_EXCLUSIVE_GREEN,45.0
22.65,-0.3461,0.9382,0,28.2,23.3,26.5,36.9,2.0,6.0,2.0,0.6,3.0,1.5,4.6,7.9,8.0,2.6,4.5,12.5,12.9,EW,1.93,4,W_EXCLUSIVE_GREEN,37.9
6.833333333333333,0.9763,-0.2164,0,30.0,22.3,23.3,22.0,3.6,3.3,4.6,2.7,1.7,2.4,2.0,1.6,6.9,7.3,4.1,3.6,14.2,NS,1.12,0,BALANCED_PHASE,26.4
19.933333333333334,-0.8746,0.4848,0,92.2,24.5,19.1,26.8,8.6,14.2,0.5,1.2,0.6,4.8,3.1,1.1,22.799999999999997,1.7,5.3999999999999995,4.2,28.8,NS,5.81,1,N_EXCLUSIVE_GREEN,45.0
16.966666666666665,-0.9636,-0.2672,1,25.4,72.6,13.8,53.2,4.5,2.6,11.3,11.3,2.0,0.4,4.9,6.5,7.1,22.6,2.4,11.4,40.6,NS,2.93,2,S_EXCLUSIVE_GREEN,45.0
21.383333333333333,-0.6327,0.7744,0,28.9,25.8,23.4,27.3,3.7,5.2,2.0,2.2,0.6,4.7,0.8,3.5,8.9,4.2,5.3,4.3,16.9,NS,1.49,1,N_EXCLUSIVE_GREEN,29.7
3.4,0.7771,0.6293,0,62.6,19.0,20.1,29.7,5.2,8.2,0.5,5.9,0.5,2.2,2.3,7.5,13.399999999999999,6.4,2.7,9.8,23.8,NS,2.42,1,N_EXCLUSIVE_GREEN,45.0
11.383333333333333,0.1607,-0.987,0,55.5,26.5,21.9,25.3,15.9,9.1,2.0,6.2,0.8,2.4,4.4,5.1,25.0,8.2,3.2,9.5,26.1,NS,2.58,1,N_EXCLUSIVE_GREEN,45.0
17.75,-0.9979,-0.0654,1,16.3,78.8,12.9,74.9,0.3,0.9,7.5,17.9,2.0,0.6,15.5,20.4,1.2,25.4,2.6,35.9,37.5,EW,8.96,4,W_EXCLUSIVE_GREEN,45.0
6.133333333333334,0.9994,-0.0349,0,28.3,26.5,29.5,38.1,3.6,4.2,3.2,1.6,7.3,2.0,2.1,8.1,7.800000000000001,4.800000000000001,9.3,10.2,17.4,EW,1.14,0,BALANCED_PHASE,34.0
7.566666666666666,0.9171,-0.3987,1,136.8,23.2,48.5,21.4,12.9,31.0,2.1,4.1,4.8,11.6,3.0,1.7,43.9,6.199999999999999,16.4,4.7,48.0,NS,6.28,1,N_EXCLUSIVE_GREEN,45.0
3.6833333333333336,0.8216,0.57,0,38.2,30.6,20.6,23.4,3.6,9.4,1.2,4.1,3.3,4.4,2.2,2.3,13.0,5.3,7.7,4.5,19.2,NS,1.73,1,N_EXCLUSIVE_GREEN,39.8
18.916666666666668,-0.9713,0.2377,1,13.5,59.4,14.6,115.2,0.5,1.8,10.3,9.2,1.2,3.7,13.1,15.9,2.3,19.5,4.9,29.0,35.1,EW,6.26,4,W_EXCLUSIVE_GREEN,45.0
22.216666666666665,-0.4501,0.893,0,33.7,21.7,22.2,20.2,2.6,4.9,0.8,4.3,0.9,3.1,2.0,0.2,7.5,5.1,4.0,2.2,14.8,NS,1.43,1,N_EXCLUSIVE_GREEN,27.5
7.333333333333333,0.9397,-0.342,1,107.7,15.8,60.1,20.7,10.4,9.9,0.4,3.8,3.4,11.1,1.7,2.3,20.3,4.2,14.5,4.0,30.0,NS,5.32,1,N_EXCLUSIVE_GREEN,45.0
11.95,0.0131,-0.9999,0,20.9,18.0,26.1,51.8,3.6,2.0,1.3,6.0,0.6,5.7,5.6,7.2,5.6,7.3,6.3,12.8,20.0,EW,1.93,4,W_EXCLUSIVE_GREEN,41.9
8.05,0.8594,-0.5113,1,70.4,12.6,115.2,15.9,4.3,7.7,0.6,0.4,6.6,19.2,0.5,3.7,12.0,1.0,25.799999999999997,4.2,41.5,EW,6.19,3,E_EXCLUSIVE_GREEN,45.0
2.3833333333333333,0.5842,0.8116,0,17.4,18.2,21.8,70.9,2.1,2.1,2.2,1.5,4.3,6.4,5.2,9.6,4.2,3.7,10.7,14.8,19.3,EW,1.86,4,W_EXCLUSIVE_GREEN,45.0
16.55,-0.9288,-0.3706,1,15.1,75.9,21.5,92.0,0.5,4.6,5.0,20.6,1.7,3.9,8.1,7.9,5.1,25.6,5.6,16.0,53.3,EW,3.31,4,W_EXCLUSIVE_GREEN,45.0
3.5,0.7934,0.6088,0,27.3,22.9,35.5,30.1,3.3,2.6,0.7,2.0,3.7,5.0,1.1,1.0,5.9,2.7,8.7,2.1,15.9,EW,1.83,3,E_EXCLUSIVE_GREEN,30.4
21.866666666666667,-0.5299,0.848,0,32.4,22.6,23.5,22.9,6.1,8.2,0.5,3.6,5.2,2.8,8.9,7.3,14.299999999999999,4.1,8.0,16.2,29.9,NS,2.28,1,N_EXCLUSIVE_GREEN,42.4
9.466666666666667,0.6157,-0.788,1,148.7,12.2,119.6,20.4,21.3,19.5,0.2,0.7,14.6,17.8,3.7,2.8,40.8,0.8999999999999999,32.4,6.5,60.8,NS,18.41,1,N_EXCLUSIVE_GREEN,45.0
19.383333333333333,-0.9351,0.3543,1,12.8,139.1,21.0,54.1,0.5,4.2,14.2,20.4,4.0,2.4,2.1,17.2,4.7,34.599999999999994,6.4,19.3,41.8,NS,8.04,2,S_EXCLUSIVE_GREEN,45.0
21.733333333333334,-0.5592,0.829,0,38.9,38.8,29.4,34.9,1.6,5.0,2.5,6.3,0.9,1.8,2.6,5.5,6.6,8.8,2.7,8.1,9.5,NS,1.11,0,BALANCED_PHASE,30.5
2.2,0.5446,0.8387,0,30.2,31.1,22.7,35.5,6.8,5.3,2.4,4.5,3.6,4.2,3.2,7.1,12.1,6.9,7.800000000000001,10.3,26.2,NS,1.36,0,BALANCED_PHASE,37.4
14.083333333333334,-0.5188,-0.8549,0,32.4,89.5,30.9,31.8,3.8,5.1,17.8,9.9,1.5,3.9,0.1,5.9,8.899999999999999,27.700000000000003,5.4,6.0,33.9,NS,2.87,2,S_EXCLUSIVE_GREEN,45.0
9.066666666666666,0.6947,-0.7193,1,74.9,13.8,102.6,19.5,9.1,11.7,2.1,0.9,9.6,14.4,0.9,3.9,20.799999999999997,3.0,24.0,4.8,32.2,EW,4.84,3,E_EXCLUSIVE_GREEN,45.0
3.1666666666666665,0.7373,0.6756,0,33.0,91.4,17.4,18.2,5.5,3.2,9.8,12.1,4.9,0.2,1.3,2.9,8.7,21.9,5.1000000000000005,4.2,23.9,NS,2.54,2,S_EXCLUSIVE_GREEN,45.0
15.15,-0.7343,-0.6788,0,24.1,22.2,21.8,38.4,1.2,2.7,5.0,3.3,0.2,1.5,2.3,8.4,3.9000000000000004,8.3,1.7,10.7,12.5,EW,2.8,4,W_EXCLUSIVE_GREEN,34.6
16.666666666666668,-0.9397,-0.342,1,12.4,124.0,15.1,59.6,0.3,0.4,11.2,23.5,0.7,1.7,8.2,16.5,0.7,34.7,2.4,24.7,44.6,NS,16.18,2,S_EXCLUSIVE_GREEN,45.0
0.3,0.0785,0.9969,0,20.9,29.7,22.7,31.8,1.1,2.5,4.7,3.0,3.1,1.4,2.4,3.1,3.6,7.7,4.5,5.5,16.7,EW,1.24,0,BALANCED_PHASE,23.4
21.566666666666666,-0.5948,0.8039,0,22.5,20.3,29.1,30.7,3.3,0.7,1.4,2.0,2.0,5.4,0.3,2.6,4.0,3.4,7.4,2.9,11.6,EW,1.47,3,E_EXCLUSIVE_GREEN,26.5
15.366666666666667,-0.7716,-0.6361,0,31.7,36.9,27.3,34.1,3.2,1.6,2.2,2.5,2.2,3.6,4.1,5.4,4.800000000000001,4.7,5.800000000000001,9.5,14.8,NS,1.06,0,BALANCED_PHASE,22.7
23.683333333333334,-0.0828,0.9966,0,27.6,52.0,23.1,25.1,1.5,2.4,3.7,6.5,0.8,5.4,4.6,2.2,3.9,10.2,6.2,6.8,14.7,NS,2.07,2,S_EXCLUSIVE_GREEN,36.2
2.0166666666666666,0.5038,0.8638,0,27.8,22.4,30.9,30.0,2.0,2.0,0.5,2.0,2.3,7.3,3.1,8.1,4.0,2.5,9.6,11.2,13.3,EW,1.08,0,BALANCED_PHASE,34.3
7.883333333333333,0.8809,-0.4733,1,133.9,22.5,85.2,15.4,24.2,21.3,0.0,6.1,8.8,16.2,1.3,2.8,45.5,6.1,25.0,4.1,88.1,NS,6.52,1,N_EXCLUSIVE_GREEN,45.0
16.683333333333334,-0.9412,-0.3379,1,25.1,141.5,17.4,48.7,2.9,3.9,11.8,17.8,1.3,2.6,4.3,14.2,6.8,29.6,3.9000000000000004,18.5,39.0,NS,4.7,2,S_EXCLUSIVE_GREEN,45.0
10.433333333333334,0.3987,-0.9171,0,20.0,27.9,29.4,21.3,3.3,0.8,3.0,4.0,2.0,1.8,5.8,1.3,4.1,7.0,3.8,7.1,11.4,EW,1.52,3,E_EXCLUSIVE_GREEN,25.6
20.683333333333334,-0.7632,0.6461,0,20.4,22.2,28.2,23.0,1.2,3.0,0.9,0.6,5.7,7.0,3.8,0.5,4.2,1.5,12.7,4.3,18.7,EW,1.95,3,E_EXCLUSIVE_GREEN,37.3
15.616666666666667,-0.8116,-0.5842,0,21.7,21.8,22.6,38.5,0.2,5.4,1.3,5.4,1.4,5.2,3.8,8.8,5.6000000000000005,6.7,6.6,12.600000000000001,22.7,EW,1.75,4,W_EXCLUSIVE_GREEN,39.4
16.883333333333333,-0.9576,-0.2882,1,17.1,113.7,12.4,71.2,1.1,0.4,19.5,18.0,0.9,4.2,4.9,10.7,1.5,37.5,5.1000000000000005,15.6,42.0,NS,11.13,2,S_EXCLUSIVE_GREEN,45.0
17.466666666666665,-0.9903,-0.1392,1,13.0,50.8,20.9,85.9,2.3,0.8,5.0,8.6,6.2,2.3,5.3,15.2,3.0999999999999996,13.6,8.5,20.5,38.5,EW,2.86,4,W_EXCLUSIVE_GREEN,45.0
14.316666666666666,-0.57,-0.8216,0,31.3,28.5,24.9,36.5,8.6,2.2,1.6,2.9,1.1,2.6,1.2,12.4,10.8,4.5,3.7,13.6,18.7,EW,2.28,4,W_EXCLUSIVE_GREEN,40.6
9.166666666666666,0.6756,-0.7373,1,54.7,26.3,107.4,18.0,7.3,6.4,0.8,2.7,10.3,22.8,7.6,1.0,13.7,3.5,33.1,8.6,55.6,EW,4.3,3,E_EXCLUSIVE_GREEN,45.0
8.233333333333333,0.8339,-0.5519,1,74.2,14.8,62.5,18.4,9.3,15.8,2.6,4.4,6.7,12.4,0.9,4.3,25.1,7.0,19.1,5.2,49.7,NS,3.82,1,N_EXCLUSIVE_GREEN,45.0
15.383333333333333,-0.7744,-0.6327,0,28.3,22.2,21.9,21.5,7.4,6.4,1.6,3.3,5.3,6.9,1.1,0.7,13.8,4.9,12.2,1.8,18.1,NS,1.98,1,N_EXCLUSIVE_GREEN,39.5
1.15,0.2965,0.955,0,22.7,24.4,18.8,56.7,1.2,0.6,1.2,1.9,2.3,0.4,3.2,6.6,1.7999999999999998,3.0999999999999996,2.6999999999999997,9.8,19.5,EW,3.04,4,W_EXCLUSIVE_GREEN,36.8
5.65,0.9958,0.0915,0,34.8,20.9,27.0,34.2,6.4,5.7,4.6,3.6,2.5,3.8,1.1,8.3,12.100000000000001,8.2,6.3,9.4,24.6,EW,1.33,0,BALANCED_PHASE,32.4
22.566666666666666,-0.3665,0.9304,0,23.0,110.3,20.8,29.2,3.8,6.5,7.6,21.7,0.8,1.9,1.8,5.8,10.3,29.299999999999997,2.7,7.6,53.8,NS,3.34,2,S_EXCLUSIVE_GREEN,45.0
22.733333333333334,-0.3256,0.9455,0,34.3,27.4,21.4,30.3,3.1,0.8,5.0,7.4,1.3,4.5,6.3,7.9,3.9000000000000004,12.4,5.8,14.2,25.5,NS,1.95,1,N_EXCLUSIVE_GREEN,38.5
4.166666666666667,0.887,0.4617,0,54.0,20.4,26.6,22.5,3.4,9.9,4.3,5.8,0.1,5.1,0.7,0.8,13.3,10.1,5.199999999999999,1.5,25.2,NS,1.64,1,N_EXCLUSIVE_GREEN,43.8
10.6,0.3584,-0.9336,0,33.2,23.8,109.0,19.3,0.3,3.3,3.1,4.1,9.5,17.7,0.7,4.3,3.5999999999999996,7.199999999999999,27.2,5.0,29.9,EW,5.24,3,E_EXCLUSIVE_GREEN,45.0
11.183333333333334,0.2122,-0.9772,0,95.1,22.3,32.5,22.2,11.1,19.3,2.3,0.8,4.0,7.9,1.1,4.9,30.4,3.0999999999999996,11.9,6.0,54.1,NS,6.13,1,N_EXCLUSIVE_GREEN,45.0
21.333333333333332,-0.6428,0.766,0,33.7,23.6,24.6,33.9,9.4,3.9,0.9,4.2,1.9,5.9,5.8,4.5,13.3,5.1000000000000005,7.800000000000001,10.3,27.8,EW,1.29,0,BALANCED_PHASE,34.5
4.383333333333334,0.9118,0.4107,0,26.5,32.4,23.6,25.6,2.6,8.9,5.3,7.6,2.3,4.0,8.1,5.6,11.5,12.899999999999999,6.3,13.7,19.6,NS,1.12,0,BALANCED_PHASE,38.6
5.566666666666666,0.9936,0.1132,0,101.4,23.8,27.8,23.9,7.1,17.8,0.7,2.5,1.5,2.6,2.0,2.8,24.9,3.2,4.1,4.8,45.3,NS,5.34,1,N_EXCLUSIVE_GREEN,45.0
12.983333333333333,-0.2546,-0.967,0,28.9,28.6,31.6,30.0,3.5,5.6,0.7,5.7,2.9,3.2,5.2,5.3,9.1,6.4,6.1,10.5,11.3,EW,1.34,0,BALANCED_PHASE,32.8
4.483333333333333,0.9222,0.3867,0,31.1,34.6,34.9,34.1,7.2,4.5,8.2,5.2,3.2,4.0,3.4,7.2,11.7,13.399999999999999,7.2,10.6,22.8,NS,1.1,0,BALANCED_PHASE,40.3
4.0,0.866,0.5,0,29.5,30.8,28.3,27.4,1.1,2.7,4.5,3.1,0.5,5.4,1.0,5.6,3.8000000000000003,7.6,5.9,6.6,12.5,NS,1.35,0,BALANCED_PHASE,27.0
17.533333333333335,-0.9925,-0.1219,1,17.1,143.6,12.0,78.4,1.8,3.8,13.4,22.5,0.9,0.3,8.6,5.7,5.6,35.9,1.2,14.3,49.3,NS,6.79,2,S_EXCLUSIVE_GREEN,45.0
10.683333333333334,0.3379,-0.9412,0,34.0,21.5,33.3,20.3,2.6,5.3,7.2,2.1,4.0,3.9,1.2,1.5,7.9,9.3,7.9,2.7,16.7,NS,1.27,0,BALANCED_PHASE,31.4
15.95,-0.8594,-0.5113,0,22.9,64.3,24.5,19.5,3.4,3.0,6.9,11.9,1.4,3.0,5.1,3.3,6.4,18.8,4.4,8.399999999999999,31.1,NS,2.76,2,S_EXCLUSIVE_GREEN,45.0
18.766666666666666,-0.9799,0.1994,1,24.5,58.7,15.6,46.5,1.1,2.8,3.6,22.5,0.5,1.7,6.2,4.1,3.9,26.1,2.2,10.3,30.0,NS,4.07,2,S_EXCLUSIVE_GREEN,45.0
14.35,-0.5771,-0.8166,0,38.2,20.3,28.3,22.5,6.4,7.1,1.4,2.7,2.9,8.1,5.0,5.7,13.5,4.1,11.0,10.7,14.0,NS,2.44,1,N_EXCLUSIVE_GREEN,40.3
23.5,-0.1305,0.9914,0,24.5,32.2,23.1,22.6,1.6,1.6,2.7,4.7,4.0,3.8,5.5,2.5,3.2,7.4,7.8,8.0,16.9,NS,1.61,2,S_EXCLUSIVE_GREEN,27.3
4.716666666666667,0.9441,0.3297,0,33.1,22.2,39.3,21.3,6.7,11.9,1.7,8.5,1.5,8.8,0.5,4.0,18.6,10.2,10.3,4.5,34.6,NS,1.67,1,N_EXCLUSIVE_GREEN,45.0
9.016666666666667,0.704,-0.7102,1,95.2,18.3,64.1,20.1,6.2,12.8,3.8,1.5,9.9,19.1,0.6,5.4,19.0,5.3,29.0,6.0,59.8,NS,4.02,1,N_EXCLUSIVE_GREEN,45.0
12.65,-0.1693,-0.9856,0,23.4,25.5,30.2,34.9,5.8,2.9,0.7,2.9,0.4,3.4,3.6,6.8,8.7,3.5999999999999996,3.8,10.4,21.2,EW,1.68,4,W_EXCLUSIVE_GREEN,34.2
14.366666666666667,-0.5807,-0.8141,0,88.1,18.9,17.8,21.0,10.2,6.2,2.1,5.0,4.0,1.4,2.0,4.5,16.4,7.1,5.4,6.5,26.6,NS,2.99,1,N_EXCLUSIVE_GREEN,45.0
19.683333333333334,-0.9045,0.4266,0,17.2,61.6,22.4,23.7,1.8,3.9,4.2,16.9,0.0,0.7,4.4,2.1,5.7,21.099999999999998,0.7,6.5,25.7,NS,3.46,2,S_EXCLUSIVE_GREEN,45.0
8.2,0.8387,-0.5446,1,96.1,12.4,119.7,17.6,12.6,8.3,4.4,1.0,17.5,18.0,2.2,2.0,20.9,5.4,35.5,4.2,50.2,EW,7.23,3,E_EXCLUSIVE_GREEN,45.0
0.08333333333333333,0.0218,0.9998,0,39.0,36.8,33.9,26.9,1.9,5.1,1.6,4.8,5.5,4.6,2.9,2.7,7.0,6.4,10.1,5.6,14.9,NS,1.04,0,BALANCED_PHASE,27.5
14.716666666666667,-0.6528,-0.7576,0,25.2,36.6,20.5,27.3,1.8,2.3,1.7,10.2,0.9,5.6,3.6,3.5,4.1,11.899999999999999,6.5,7.1,25.9,NS,1.99,2,S_EXCLUSIVE_GREEN,38.0
2.533333333333333,0.6157,0.788,0,27.0,19.4,20.7,77.9,4.9,3.5,0.4,1.4,2.0,1.7,6.7,6.2,8.4,1.7999999999999998,3.7,12.9,15.9,EW,3.42,4,W_EXCLUSIVE_GREEN,45.0
10.633333333333333,0.3502,-0.9367,0,35.6,20.1,27.6,34.2,3.0,6.6,1.3,3.8,3.5,3.3,7.2,8.1,9.6,5.1,6.8,15.3,25.6,EW,1.73,4,W_EXCLUSIVE_GREEN,44.3
1.9666666666666668,0.4924,0.8704,0,37.1,37.5,23.0,21.6,1.7,8.9,2.7,3.0,0.5,1.3,3.3,6.2,10.6,5.7,1.8,9.5,18.0,NS,1.33,0,BALANCED_PHASE,34.7
12.15,-0.0393,-0.9992,0,20.8,20.4,27.3,20.9,0.4,1.7,6.2,3.3,3.1,3.5,1.2,3.4,2.1,9.5,6.6,4.6,12.7,EW,1.3,0,BALANCED_PHASE,24.4
13.383333333333333,-0.3543,-0.9351,0,56.0,21.3,30.9,24.4,2.3,10.3,3.8,2.9,10.1,3.7,3.2,1.7,12.600000000000001,6.699999999999999,13.8,4.9,24.0,NS,2.08,1,N_EXCLUSIVE_GREEN,42.7
9.366666666666667,0.6361,-0.7716,1,65.1,13.7,109.5,15.4,7.5,10.3,0.6,0.7,12.5,17.8,0.5,0.7,17.8,1.2999999999999998,30.3,1.2,38.0,EW,10.92,3,E_EXCLUSIVE_GREEN,45.0
11.316666666666666,0.1779,-0.984,0,20.5,38.3,21.2,27.6,2.0,3.0,5.2,6.3,3.8,4.8,7.6,3.0,5.0,11.5,8.6,10.6,18.7,NS,1.99,2,S_EXCLUSIVE_GREEN,36.8
17.083333333333332,-0.9713,-0.2377,1,12.7,68.4,14.7,80.0,1.3,3.1,4.6,9.2,1.6,2.3,6.2,28.6,4.4,13.799999999999999,3.9,34.800000000000004,51.4,EW,6.92,4,W_EXCLUSIVE_GREEN,45.0
6.766666666666667,0.9799,-0.1994,0,39.8,27.3,35.7,20.8,3.6,5.7,3.1,3.5,6.2,6.3,1.3,3.9,9.3,6.6,12.5,5.2,22.4,NS,1.38,0,BALANCED_PHASE,33.0
23.433333333333334,-0.1478,0.989,0,23.9,30.3,20.3,39.7,4.4,4.3,1.0,13.3,4.1,5.2,2.2,6.4,8.7,14.3,9.3,8.600000000000001,18.9,EW,1.31,0,BALANCED_PHASE,32.6
9.166666666666666,0.6756,-0.7373,1,58.3,23.6,66.0,18.1,4.8,7.9,4.8,7.6,5.3,4.5,4.9,0.7,12.7,12.399999999999999,9.8,5.6000000000000005,23.4,NS,1.38,1,N_EXCLUSIVE_GREEN,43.2
23.95,-0.0131,0.9999,0,25.8,27.9,33.3,24.6,1.6,1.2,1.4,3.9,4.5,2.0,4.2,3.8,2.8,5.3,6.5,8.0,11.3,EW,1.23,0,BALANCED_PHASE,28.1
13.133333333333333,-0.2924,-0.9563,0,22.8,23.8,24.5,20.1,2.4,0.6,0.9,4.5,1.8,0.1,1.0,2.1,3.0,5.4,1.9000000000000001,3.1,11.2,NS,1.26,0,BALANCED_PHASE,21.2
19.083333333333332,-0.96,0.2798,1,14.2,88.5,26.5,50.4,0.2,3.1,13.3,14.6,2.8,2.7,4.7,5.1,3.3000000000000003,27.9,5.5,9.8,39.7,NS,6.87,2,S_EXCLUSIVE_GREEN,45.0
4.216666666666667,0.893,0.4501,0,28.3,19.8,56.9,23.2,6.8,1.7,2.0,2.7,6.9,8.5,10.1,6.8,8.5,4.7,15.4,16.9,32.1,EW,1.38,3,E_EXCLUSIVE_GREEN,45.0
2.9833333333333334,0.704,0.7102,0,25.6,24.4,27.2,23.3,3.0,2.5,2.8,1.5,2.0,4.8,2.1,2.7,5.5,4.3,6.8,4.800000000000001,8.3,EW,1.23,0,BALANCED_PHASE,24.3
12.083333333333334,-0.0218,-0.9998,0,31.6,25.5,94.3,19.9,0.6,4.3,1.1,4.9,12.6,15.2,1.2,1.1,4.8999999999999995,6.0,27.799999999999997,2.3,56.4,EW,6.89,3,E_EXCLUSIVE_GREEN,45.0
13.183333333333334,-0.3049,-0.9524,0,38.0,23.4,33.3,39.5,5.5,9.1,0.7,2.5,3.1,6.0,2.2,12.0,14.6,3.2,9.1,14.2,27.1,EW,1.36,0,BALANCED_PHASE,43.2
22.6,-0.3584,0.9336,0,33.2,26.1,28.0,31.2,4.8,5.1,3.7,1.4,6.6,1.9,1.9,7.5,9.899999999999999,5.1,8.5,9.4,19.0,EW,1.07,0,BALANCED_PHASE,31.3
4.2,0.891,0.454,0,18.2,18.9,21.6,88.4,0.9,2.6,0.9,2.2,1.6,2.4,9.0,11.1,3.5,3.1,4.0,20.1,23.2,EW,4.28,4,W_EXCLUSIVE_GREEN,45.0
9.583333333333334,0.5913,-0.8064,0,24.8,30.3,35.6,28.7,0.3,1.8,2.4,4.0,4.9,3.8,2.0,3.7,2.1,6.4,8.7,5.7,18.8,EW,1.32,0,BALANCED_PHASE,30.7
9.883333333333333,0.5262,-0.8504,0,23.9,27.7,20.1,29.1,3.0,1.6,1.0,3.6,0.4,0.9,3.7,2.5,4.6,4.6,1.3,6.2,7.6,NS,1.03,0,BALANCED_PHASE,19.9
15.583333333333334,-0.8064,-0.5913,0,27.6,33.0,32.8,21.8,0.5,6.3,8.3,6.2,5.7,7.8,2.7,4.6,6.8,14.5,13.5,7.3,31.4,NS,1.65,2,S_EXCLUSIVE_GREEN,43.1
7.016666666666667,0.9648,-0.263,1,73.1,24.4,55.8,13.2,4.5,13.4,3.8,5.8,4.4,8.8,0.9,0.2,17.9,9.6,13.200000000000001,1.1,29.3,NS,2.17,1,N_EXCLUSIVE_GREEN,45.0
0.15,0.0393,0.9992,0,28.8,26.3,22.6,86.7,2.6,3.3,4.9,5.7,2.7,11.2,14.1,24.1,5.9,10.600000000000001,13.899999999999999,38.2,72.8,EW,2.94,4,W_EXCLUSIVE_GREEN,45.0
3.6833333333333336,0.8216,0.57,0,28.9,22.0,33.0,33.0,3.4,8.9,1.5,1.7,3.7,6.0,3.1,6.0,12.3,3.2,9.7,9.1,26.6,EW,1.01,0,BALANCED_PHASE,33.0
9.433333333333334,0.6225,-0.7826,1,111.9,14.5,57.1,14.2,10.9,13.9,0.2,0.5,6.2,20.1,0.3,4.1,24.8,0.7,26.3,4.3999999999999995,28.2,NS,11.53,1,N_EXCLUSIVE_GREEN,45.0
5.516666666666667,0.992,0.1262,0,20.7,20.7,28.6,28.2,0.9,7.0,1.8,2.8,1.4,0.8,3.4,6.3,7.9,4.6,2.2,9.7,14.4,EW,1.85,3,E_EXCLUSIVE_GREEN,31.0
20.25,-0.8315,0.5556,0,17.4,29.4,99.7,22.8,1.7,0.6,3.3,2.6,7.2,11.9,2.4,1.3,2.3,5.9,19.1,3.7,24.1,EW,4.45,3,E_EXCLUSIVE_GREEN,45.0
15.066666666666666,-0.7193,-0.6947,0,22.5,29.3,21.8,20.8,4.0,1.3,2.8,1.7,0.3,1.6,1.2,1.2,5.3,4.5,1.9000000000000001,2.4,11.4,NS,1.18,0,BALANCED_PHASE,22.0
11.616666666666667,0.1002,-0.995,0,22.7,33.3,22.8,22.6,0.9,2.5,3.0,1.1,2.6,3.2,4.2,2.9,3.4,4.1,5.800000000000001,7.1,15.2,NS,1.28,0,BALANCED_PHASE,20.7
13.916666666666666,-0.481,-0.8767,0,21.7,29.0,17.6,50.9,1.5,4.3,3.0,4.4,1.8,2.0,7.4,5.7,5.8,7.4,3.8,13.100000000000001,15.6,EW,2.98,4,W_EXCLUSIVE_GREEN,41.9
22.866666666666667,-0.2924,0.9563,0,78.3,17.3,17.2,19.2,9.0,15.7,3.5,2.5,1.7,1.2,3.9,3.5,24.7,6.0,2.9,7.4,52.0,NS,4.05,1,N_EXCLUSIVE_GREEN,45.0
8.166666666666666,0.8434,-0.5373,1,51.1,19.2,110.2,26.9,7.7,12.5,0.2,3.2,11.3,16.3,1.9,3.7,20.2,3.4000000000000004,27.6,5.6,28.8,EW,4.32,3,E_EXCLUSIVE_GREEN,45.0
18.05,-0.9999,0.0131,1,13.2,57.6,22.8,61.1,1.8,0.9,4.9,11.5,12.0,4.3,2.5,9.8,2.7,16.4,16.3,12.3,20.0,EW,1.64,3,E_EXCLUSIVE_GREEN,45.0
4.333333333333333,0.9063,0.4226,0,25.7,23.4,33.4,22.9,3.5,3.4,2.2,2.3,3.6,4.6,3.4,10.1,6.9,4.5,8.2,13.5,18.7,EW,1.52,3,E_EXCLUSIVE_GREEN,39.9
22.133333333333333,-0.4695,0.8829,0,56.9,28.2,26.1,23.5,8.8,13.0,4.4,2.7,1.8,5.2,3.2,10.8,21.8,7.1000000000000005,7.0,14.0,38.6,NS,2.51,1,N_EXCLUSIVE_GREEN,45.0
8.383333333333333,0.8116,-0.5842,1,83.2,12.5,51.6,17.6,5.9,19.4,2.5,2.7,5.3,7.6,3.3,7.8,25.299999999999997,5.2,12.899999999999999,11.1,38.3,NS,5.11,1,N_EXCLUSIVE_GREEN,45.0
13.666666666666666,-0.4226,-0.9063,0,35.3,38.0,30.1,24.3,4.1,6.3,1.1,3.8,2.7,3.8,0.9,5.0,10.399999999999999,4.9,6.5,5.9,11.7,NS,1.45,1,N_EXCLUSIVE_GREEN,33.8
11.05,0.2462,-0.9692,0,101.9,30.8,24.2,19.9,19.8,19.4,1.4,4.7,0.9,7.1,0.6,1.4,39.2,6.1,8.0,2.0,63.2,NS,4.67,1,N_EXCLUSIVE_GREEN,45.0
16.2,-0.891,-0.454,0,20.8,34.9,27.1,38.6,10.1,2.6,1.0,5.2,7.2,7.2,3.5,8.7,12.7,6.2,14.4,12.2,22.5,EW,1.22,0,BALANCED_PHASE,43.0
5.8,0.9986,0.0523,0,22.3,59.0,21.0,24.2,1.1,2.5,7.4,7.1,2.8,8.5,2.6,3.9,3.6,14.5,11.3,6.5,23.8,NS,3.07,2,S_EXCLUSIVE_GREEN,45.0
17.333333333333332,-0.9848,-0.1736,1,20.0,145.0,12.6,83.4,1.7,5.4,14.0,21.2,1.4,2.1,5.7,8.1,7.1000000000000005,35.2,3.5,13.8,66.9,NS,5.53,2,S_EXCLUSIVE_GREEN,45.0
10.866666666666667,0.2924,-0.9563,0,20.1,25.7,33.5,38.4,1.3,8.3,2.2,3.0,0.9,6.5,3.1,4.6,9.600000000000001,5.2,7.4,7.699999999999999,10.2,EW,1.05,0,BALANCED_PHASE,28.3
9.283333333333333,0.6528,-0.7576,1,51.9,16.8,76.0,24.1,3.8,5.2,1.3,2.5,6.8,8.3,1.2,6.5,9.0,3.8,15.100000000000001,7.7,32.1,EW,2.33,3,E_EXCLUSIVE_GREEN,45.0
21.733333333333334,-0.5592,0.829,0,25.7,24.0,29.6,24.9,1.8,2.2,4.7,5.6,12.1,3.1,0.2,4.1,4.0,10.3,15.2,4.3,27.0,EW,2.16,3,E_EXCLUSIVE_GREEN,43.4
3.5666666666666664,0.8039,0.5948,0,27.2,20.4,22.9,32.0,1.4,4.4,1.4,2.6,0.9,2.8,2.8,8.6,5.800000000000001,4.0,3.6999999999999997,11.399999999999999,21.8,EW,2.03,4,W_EXCLUSIVE_GREEN,35.7
4.0,0.866,0.5,0,20.5,24.1,70.0,19.3,4.2,3.5,3.1,3.1,9.0,12.4,1.4,2.9,7.7,6.2,21.4,4.3,37.7,EW,4.09,3,E_EXCLUSIVE_GREEN,45.0
11.816666666666666,0.048,-0.9988,0,25.7,37.7,33.9,39.5,4.4,2.9,0.9,4.7,7.3,3.6,3.7,3.9,7.300000000000001,5.6000000000000005,10.9,7.6,13.2,EW,1.26,0,BALANCED_PHASE,35.2
10.966666666666667,0.2672,-0.9636,0,23.2,30.6,24.8,21.2,3.3,3.8,2.7,2.3,0.9,3.1,4.0,4.2,7.1,5.0,4.0,8.2,11.1,NS,1.3,0,BALANCED_PHASE,25.8
3.216666666666667,0.7461,0.6659,0,22.2,56.1,25.7,24.4,2.7,3.7,9.0,11.0,3.8,4.6,1.0,2.4,6.4,20.0,8.399999999999999,3.4,38.5,NS,2.75,2,S_EXCLUSIVE_GREEN,45.0
6.833333333333333,0.9763,-0.2164,0,30.0,23.7,22.6,22.0,2.3,1.6,3.6,6.4,1.8,1.7,3.5,2.0,3.9,10.0,3.5,5.5,21.0,NS,1.75,1,N_EXCLUSIVE_GREEN,32.5
19.733333333333334,-0.8988,0.4384,0,20.8,25.6,30.4,31.3,0.3,4.3,1.0,3.4,1.6,0.8,0.8,2.0,4.6,4.4,2.4000000000000004,2.8,7.9,EW,1.01,0,BALANCED_PHASE,17.0
16.9,-0.9588,-0.284,1,26.6,101.0,21.7,85.9,2.3,2.2,7.7,11.1,0.9,7.4,11.8,13.3,4.5,18.8,8.3,25.1,48.9,NS,3.78,2,S_EXCLUSIVE_GREEN,45.0
17.75,-0.9979,-0.0654,1,24.0,124.0,16.0,69.6,0.7,7.5,18.4,16.9,0.1,2.7,8.6,19.3,8.2,35.3,2.8000000000000003,27.9,58.5,NS,4.45,2,S_EXCLUSIVE_GREEN,45.0
17.733333333333334,-0.9976,-0.0698,1,19.2,77.0,12.2,54.3,1.9,3.0,5.5,16.3,0.1,1.0,3.3,15.1,4.9,21.8,1.1,18.4,37.5,NS,4.03,2,S_EXCLUSIVE_GREEN,45.0
3.4333333333333336,0.7826,0.6225,0,26.6,39.0,30.3,33.6,0.7,2.8,2.4,10.8,4.3,9.3,4.8,1.8,3.5,13.200000000000001,13.600000000000001,6.6,21.3,EW,1.54,3,E_EXCLUSIVE_GREEN,40.4
2.1166666666666667,0.5262,0.8504,0,25.0,21.9,23.7,22.1,4.4,11.2,4.3,7.0,3.6,0.9,3.4,3.7,15.6,11.3,4.5,7.1,17.2,NS,1.27,0,BALANCED_PHASE,42.4
0.5,0.1305,0.9914,0,27.6,19.4,125.7,18.7,1.6,9.0,2.1,4.2,6.1,28.1,4.0,1.6,10.6,6.300000000000001,34.2,5.6,69.9,EW,6.03,3,E_EXCLUSIVE_GREEN,45.0
4.866666666666667,0.9563,0.2924,0,37.6,22.1,22.4,32.8,6.0,3.7,3.3,3.9,6.2,4.4,2.1,4.9,9.7,7.199999999999999,10.600000000000001,7.0,11.9,NS,1.42,1,N_EXCLUSIVE_GREEN,32.4
19.55,-0.9188,0.3947,0,26.8,34.8,22.2,20.4,0.3,4.0,2.4,6.2,2.1,2.0,0.5,1.6,4.3,8.6,4.1,2.1,9.1,NS,1.53,2,S_EXCLUSIVE_GREEN,29.4
10.183333333333334,0.4579,-0.889,0,25.3,30.2,29.0,25.4,1.9,3.2,12.1,1.1,2.4,10.4,1.0,2.5,5.1,13.2,12.8,3.5,14.4,NS,1.81,2,S_EXCLUSIVE_GREEN,38.3
0.7833333333333333,0.2036,0.979,0,23.3,38.6,33.9,25.1,5.0,3.2,3.0,9.1,5.4,11.0,4.2,13.0,8.2,12.1,16.4,17.2,18.3,EW,1.09,0,BALANCED_PHASE,45.0
7.133333333333334,0.9563,-0.2924,1,110.7,18.8,50.2,17.6,14.0,13.6,3.4,3.6,5.8,7.3,0.9,1.2,27.6,7.0,13.1,2.1,48.8,NS,4.42,1,N_EXCLUSIVE_GREEN,45.0
22.15,-0.4656,0.885,0,36.7,34.9,21.7,33.3,7.9,5.2,3.2,3.4,8.8,5.2,5.3,4.0,13.100000000000001,6.6,14.0,9.3,24.9,NS,1.45,1,N_EXCLUSIVE_GREEN,40.3
9.133333333333333,0.682,-0.7314,1,123.9,14.2,63.8,18.0,15.2,22.0,1.3,2.0,10.4,13.0,3.7,1.7,37.2,3.3,23.4,5.4,61.9,NS,9.33,1,N_EXCLUSIVE_GREEN,45.0
6.133333333333334,0.9994,-0.0349,0,27.0,21.6,21.6,34.0,1.7,5.7,3.2,0.7,1.3,1.9,2.4,2.0,7.4,3.9000000000000004,3.2,4.4,13.6,EW,1.4,0,BALANCED_PHASE,21.3
13.733333333333333,-0.4384,-0.8988,0,33.1,32.2,20.1,29.2,5.1,6.5,4.4,9.5,1.2,4.1,4.2,5.1,11.6,13.9,5.3,9.3,28.6,NS,1.11,0,BALANCED_PHASE,41.6
3.066666666666667,0.7193,0.6947,0,18.9,19.7,20.2,57.4,2.1,3.3,1.2,3.7,0.6,0.7,4.8,8.2,5.4,4.9,1.2999999999999998,13.0,13.1,EW,4.19,4,W_EXCLUSIVE_GREEN,42.6
13.033333333333333,-0.2672,-0.9636,0,54.1,18.5,18.5,18.9,8.1,14.3,4.2,3.9,1.5,3.6,1.0,1.5,22.4,8.1,5.1,2.5,43.8,NS,2.7,1,N_EXCLUSIVE_GREEN,45.0
21.533333333333335,-0.6018,0.7986,0,33.2,36.8,32.7,30.9,1.7,3.4,10.9,5.6,0.8,5.6,2.8,7.2,5.1,16.5,6.3999999999999995,10.0,26.3,NS,1.95,2,S_EXCLUSIVE_GREEN,45.0
15.116666666666667,-0.7284,-0.6852,0,28.4,20.3,21.9,20.6,7.2,2.6,1.6,3.4,0.5,5.2,1.7,5.0,9.8,5.0,5.7,6.7,10.7,NS,1.62,1,N_EXCLUSIVE_GREEN,30.8
1.0666666666666667,0.2756,0.9613,0,75.5,19.3,17.5,31.1,6.0,16.0,2.1,1.3,3.3,3.8,5.3,4.3,22.0,3.4000000000000004,7.1,9.6,39.8,NS,4.79,1,N_EXCLUSIVE_GREEN,45.0
3.8333333333333335,0.8434,0.5373,0,21.9,133.5,20.2,21.3,4.0,5.8,17.2,15.8,1.4,3.1,0.6,5.5,9.8,33.0,4.5,6.1,58.1,NS,4.07,2,S_EXCLUSIVE_GREEN,45.0
18.95,-0.9692,0.2462,1,26.7,68.3,19.3,97.0,0.7,7.1,10.3,14.3,2.4,6.7,10.0,14.8,7.8,24.6,9.1,24.8,32.4,EW,3.29,4,W_EXCLUSIVE_GREEN,45.0
6.183333333333334,0.9988,-0.048,0,24.0,27.1,24.6,39.9,1.7,2.8,4.2,4.4,6.3,1.3,7.3,14.1,4.5,8.600000000000001,7.6,21.4,37.0,EW,2.26,4,W_EXCLUSIVE_GREEN,45.0
0.08333333333333333,0.0218,0.9998,0,22.1,19.8,57.5,26.1,0.9,4.2,0.7,2.0,4.9,4.9,3.0,3.1,5.1000000000000005,2.7,9.8,6.1,21.5,EW,1.8,3,E_EXCLUSIVE_GREEN,37.1
18.366666666666667,-0.9954,0.0958,1,25.1,90.0,26.5,47.6,0.6,5.1,18.5,24.6,10.9,4.0,8.1,8.5,5.699999999999999,43.1,14.9,16.6,80.5,NS,5.45,2,S_EXCLUSIVE_GREEN,45.0
11.166666666666666,0.2164,-0.9763,0,33.0,30.8,22.4,26.3,5.2,2.4,7.3,11.0,1.7,5.4,2.6,4.1,7.6,18.3,7.1000000000000005,6.699999999999999,34.8,NS,1.75,1,N_EXCLUSIVE_GREEN,45.0
23.65,-0.0915,0.9958,0,69.7,21.3,19.4,19.3,5.6,6.6,1.4,4.6,0.2,4.0,5.8,9.6,12.2,6.0,4.2,15.399999999999999,32.6,NS,2.43,1,N_EXCLUSIVE_GREEN,45.0
3.8666666666666667,0.848,0.5299,0,28.0,35.6,38.6,34.7,4.9,1.6,1.2,3.9,3.8,5.2,15.0,5.0,6.5,5.1,9.0,20.0,28.5,EW,1.69,3,E_EXCLUSIVE_GREEN,45.0
0.55,0.1435,0.9897,0,22.4,97.0,17.3,28.3,1.4,2.0,13.7,15.4,3.1,2.7,4.2,7.1,3.4,29.1,5.800000000000001,11.3,58.7,NS,5.79,2,S_EXCLUSIVE_GREEN,45.0
9.166666666666666,0.6756,-0.7373,1,141.6,20.3,48.5,15.5,7.8,31.2,0.6,9.7,6.0,2.6,10.2,1.5,39.0,10.299999999999999,8.6,11.7,76.3,NS,4.53,1,N_EXCLUSIVE_GREEN,45.0
17.0,-0.9659,-0.2588,1,12.9,87.6,19.3,51.5,0.9,5.2,4.4,13.1,0.6,3.8,3.4,4.6,6.1000000000000005,17.5,4.3999999999999995,8.0,26.1,NS,3.81,2,S_EXCLUSIVE_GREEN,45.0
23.1,-0.2334,0.9724,0,21.6,20.8,27.5,38.5,6.4,3.3,0.9,4.1,2.6,4.8,9.4,2.7,9.7,5.0,7.4,12.100000000000001,23.8,EW,1.48,4,W_EXCLUSIVE_GREEN,38.5
16.9,-0.9588,-0.284,1,19.7,125.1,14.3,49.4,0.9,1.3,15.9,13.3,1.6,1.2,6.7,17.8,2.2,29.200000000000003,2.8,24.5,54.8,NS,8.17,2,S_EXCLUSIVE_GREEN,45.0
22.5,-0.3827,0.9239,0,31.0,118.9,26.0,23.0,1.4,3.2,18.7,20.9,9.7,5.3,1.9,2.7,4.6,39.599999999999994,15.0,4.6,62.8,NS,5.61,2,S_EXCLUSIVE_GREEN,45.0
14.716666666666667,-0.6528,-0.7576,0,34.7,29.6,20.4,29.8,2.2,5.7,0.7,8.7,2.5,1.5,3.9,3.6,7.9,9.399999999999999,4.0,7.5,17.5,NS,1.14,0,BALANCED_PHASE,31.8
5.883333333333333,0.9995,0.0305,0,23.7,21.1,28.7,84.5,6.4,8.7,2.6,2.2,4.6,1.9,17.5,11.6,15.1,4.800000000000001,6.5,29.1,54.1,EW,3.61,4,W_EXCLUSIVE_GREEN,45.0
13.216666666666667,-0.3132,-0.9497,0,39.8,23.2,24.1,27.2,5.0,4.8,3.7,5.6,7.2,3.7,1.4,1.6,9.8,9.3,10.9,3.0,17.7,NS,1.23,0,BALANCED_PHASE,33.5
13.116666666666667,-0.2882,-0.9576,0,28.6,20.3,28.3,22.7,0.6,2.7,1.9,5.7,4.7,3.4,0.7,1.8,3.3000000000000003,7.6,8.1,2.5,11.9,EW,1.83,3,E_EXCLUSIVE_GREEN,27.5
10.116666666666667,0.4733,-0.8809,0,37.7,32.6,26.9,22.1,3.8,8.4,6.9,5.4,1.4,9.8,0.2,0.8,12.2,12.3,11.200000000000001,1.0,23.9,NS,1.03,0,BALANCED_PHASE,38.8
16.133333333333333,-0.8829,-0.4695,0,22.0,37.8,26.9,35.2,2.7,6.0,2.3,6.4,1.1,6.4,4.4,5.2,8.7,8.7,7.5,9.600000000000001,14.2,EW,1.24,0,BALANCED_PHASE,32.0
11.75,0.0654,-0.9979,0,52.8,21.8,19.5,32.9,7.8,5.8,3.8,1.8,0.1,1.0,1.8,1.5,13.6,5.6,1.1,3.3,25.1,NS,2.31,1,N_EXCLUSIVE_GREEN,44.2
2.3333333333333335,0.5736,0.8192,0,24.4,26.8,22.0,21.5,1.1,3.1,1.1,2.6,2.9,4.2,2.2,3.7,4.2,3.7,7.1,5.9,14.2,NS,1.05,0,BALANCED_PHASE,19.6
12.3,-0.0785,-0.9969,0,34.2,31.0,25.4,35.6,0.6,5.7,3.7,1.9,0.9,2.0,3.4,7.4,6.3,5.6,2.9,10.8,13.1,NS,1.07,0,BALANCED_PHASE,25.1
23.316666666666666,-0.1779,0.984,0,27.5,21.3,26.9,22.0,1.5,3.3,3.6,1.5,2.6,5.2,1.1,3.1,4.8,5.1,7.800000000000001,4.2,14.6,EW,1.45,3,E_EXCLUSIVE_GREEN,26.9
14.233333333333333,-0.5519,-0.8339,0,36.0,24.6,20.5,27.5,2.3,1.0,2.1,1.9,0.9,3.1,4.5,3.4,3.3,4.0,4.0,7.9,8.3,NS,1.29,0,BALANCED_PHASE,20.3
9.9,0.5225,-0.8526,0,22.4,22.3,23.5,21.1,1.4,12.9,0.2,7.9,2.6,7.3,2.7,4.4,14.3,8.1,9.9,7.1000000000000005,26.6,NS,1.44,1,N_EXCLUSIVE_GREEN,40.3
2.95,0.6978,0.7163,0,39.0,22.4,23.2,23.7,8.5,5.3,3.6,0.7,3.6,5.6,3.4,10.4,13.8,4.3,9.2,13.8,21.2,NS,2.33,1,N_EXCLUSIVE_GREEN,41.7
15.716666666666667,-0.8266,-0.5628,0,52.1,18.8,30.4,23.5,4.0,3.6,0.3,2.5,1.5,4.4,2.5,2.6,7.6,2.8,5.9,5.1,8.9,NS,2.55,1,N_EXCLUSIVE_GREEN,30.5
21.516666666666666,-0.6053,0.796,0,34.6,33.3,38.0,24.3,0.4,12.1,2.1,3.3,6.3,2.4,0.6,9.2,12.5,5.4,8.7,9.799999999999999,25.8,NS,1.55,1,N_EXCLUSIVE_GREEN,38.8
12.466666666666667,-0.1219,-0.9925,0,27.3,21.6,38.6,30.6,1.9,5.5,0.9,1.5,3.4,9.1,4.9,5.2,7.4,2.4,12.5,10.100000000000001,15.9,EW,1.21,0,BALANCED_PHASE,38.5
21.083333333333332,-0.6915,0.7224,0,26.4,21.6,19.2,90.5,1.5,5.3,1.4,1.1,0.5,3.8,12.1,24.9,6.8,2.5,4.3,37.0,43.6,EW,6.38,4,W_EXCLUSIVE_GREEN,45.0
12.733333333333333,-0.1908,-0.9816,0,30.3,23.8,22.6,21.6,2.1,1.4,2.0,8.9,3.1,3.2,1.8,3.0,3.5,10.9,6.300000000000001,4.8,18.6,NS,1.94,1,N_EXCLUSIVE_GREEN,34.1
3.783333333333333,0.8363,0.5483,0,30.2,26.1,26.2,20.3,0.3,1.2,5.3,2.0,3.8,0.7,1.0,4.1,1.5,7.3,4.5,5.1,12.8,NS,1.85,1,N_EXCLUSIVE_GREEN,26.3
5.066666666666666,0.9703,0.2419,0,18.9,119.5,22.3,30.0,2.4,6.4,13.3,17.2,2.0,6.3,7.1,3.8,8.8,30.5,8.3,10.899999999999999,57.2,NS,4.16,2,S_EXCLUSIVE_GREEN,45.0
10.2,0.454,-0.891,0,20.3,35.7,30.5,22.5,7.4,1.6,4.5,10.6,4.0,5.7,1.2,3.7,9.0,15.1,9.7,4.9,29.3,NS,1.64,2,S_EXCLUSIVE_GREEN,44.5
12.116666666666667,-0.0305,-0.9995,0,21.9,18.4,30.4,58.8,4.2,2.1,0.9,0.9,4.6,1.4,3.1,13.1,6.300000000000001,1.8,6.0,16.2,17.6,EW,2.22,4,W_EXCLUSIVE_GREEN,45.0
23.516666666666666,-0.1262,0.992,0,18.0,31.5,66.2,32.7,0.6,6.0,1.1,4.8,5.1,16.3,3.7,1.1,6.6,5.9,21.4,4.800000000000001,26.9,EW,2.93,3,E_EXCLUSIVE_GREEN,45.0
20.416666666666668,-0.8064,0.5913,0,18.1,23.4,22.2,96.6,1.6,2.6,3.0,4.3,2.3,10.2,12.7,14.2,4.2,7.3,12.5,26.9,39.6,EW,2.65,4,W_EXCLUSIVE_GREEN,45.0
15.533333333333333,-0.7986,-0.6018,0,17.4,23.0,29.8,141.8,4.9,2.3,2.1,2.9,2.2,8.6,18.0,24.2,7.2,5.0,10.8,42.2,70.8,EW,4.09,4,W_EXCLUSIVE_GREEN,45.0
3.1166666666666667,0.7284,0.6852,0,33.0,27.8,17.5,62.3,1.9,3.1,3.4,8.3,1.2,2.2,4.5,7.2,5.0,11.700000000000001,3.4000000000000004,11.7,19.2,EW,3.27,4,W_EXCLUSIVE_GREEN,41.5
7.666666666666667,0.9063,-0.4226,1,80.0,17.7,108.9,13.1,6.1,12.4,2.1,2.7,9.0,16.7,4.7,0.9,18.5,4.800000000000001,25.7,5.6000000000000005,28.6,EW,5.44,3,E_EXCLUSIVE_GREEN,45.0
4.016666666666667,0.8682,0.4962,0,92.0,21.9,22.1,29.9,8.3,8.7,0.4,1.8,1.7,1.5,7.2,1.7,17.0,2.2,3.2,8.9,36.6,NS,5.0,1,N_EXCLUSIVE_GREEN,45.0
2.5166666666666666,0.6122,0.7907,0,23.6,22.1,31.9,24.0,1.5,3.7,2.5,3.2,3.0,2.4,5.7,3.4,5.2,5.7,5.4,9.1,14.2,EW,1.45,3,E_EXCLUSIVE_GREEN,30.4
5.4,0.9877,0.1564,0,22.2,22.6,28.5,38.4,0.3,5.2,2.0,2.0,3.7,2.4,8.8,3.9,5.5,4.0,6.1,12.700000000000001,16.0,EW,1.66,4,W_EXCLUSIVE_GREEN,38.9
10.15,0.4656,-0.885,0,67.6,20.1,30.6,18.9,14.3,15.0,4.3,1.6,1.9,4.5,3.1,12.0,29.3,5.9,6.4,15.1,58.7,NS,4.11,1,N_EXCLUSIVE_GREEN,45.0
2.7,0.6494,0.7604,0,31.1,39.5,26.7,20.8,10.3,7.5,2.2,5.2,3.3,2.0,1.0,5.7,17.8,7.4,5.3,6.7,24.7,NS,1.82,1,N_EXCLUSIVE_GREEN,45.0
15.833333333333334,-0.8434,-0.5373,0,27.9,20.7,24.9,23.1,5.5,10.3,1.5,3.9,4.4,0.6,2.5,3.0,15.8,5.4,5.0,5.5,27.0,NS,2.13,1,N_EXCLUSIVE_GREEN,44.3
9.7,0.5664,-0.8241,0,29.3,27.6,21.4,30.3,2.6,2.9,4.0,4.2,1.3,2.1,5.3,4.7,5.5,8.2,3.4000000000000004,10.0,12.6,NS,1.22,0,BALANCED_PHASE,27.9
16.266666666666666,-0.8988,-0.4384,0,22.9,27.3,39.4,22.6,0.5,2.0,4.1,1.8,9.6,8.1,2.7,2.2,2.5,5.8999999999999995,17.7,4.9,28.9,EW,2.58,3,E_EXCLUSIVE_GREEN,45.0
17.566666666666666,-0.9936,-0.1132,1,13.7,54.6,26.9,58.2,1.3,0.6,4.9,3.5,6.3,0.7,10.5,10.1,1.9,8.4,7.0,20.6,40.9,EW,2.5,4,W_EXCLUSIVE_GREEN,45.0
0.8,0.2079,0.9781,0,18.8,29.4,26.7,50.7,0.4,2.3,3.1,2.8,3.0,4.0,2.8,5.2,2.6999999999999997,5.9,7.0,8.0,13.0,EW,1.41,4,W_EXCLUSIVE_GREEN,31.4
3.4,0.7771,0.6293,0,28.1,36.1,21.0,23.9,6.6,1.7,4.4,2.2,10.9,5.1,4.0,4.3,8.299999999999999,6.6000000000000005,16.0,8.3,32.4,NS,1.22,0,BALANCED_PHASE,31.3
12.466666666666667,-0.1219,-0.9925,0,34.1,30.6,25.0,31.0,7.6,3.9,1.2,1.3,1.5,7.0,1.6,8.3,11.5,2.5,8.5,9.9,21.0,NS,2.01,1,N_EXCLUSIVE_GREEN,36.2
1.1833333333333333,0.3049,0.9524,0,37.5,22.9,34.1,22.1,2.4,3.8,3.5,3.1,3.8,7.3,1.8,2.5,6.199999999999999,6.6,11.1,4.3,12.3,NS,1.25,0,BALANCED_PHASE,26.2
9.933333333333334,0.515,-0.8572,0,29.5,39.3,31.8,21.0,2.2,5.0,2.7,8.4,3.5,6.4,1.8,9.7,7.2,11.100000000000001,9.9,11.5,24.2,NS,1.39,0,BALANCED_PHASE,36.7
15.45,-0.7853,-0.6191,0,20.7,32.7,32.8,63.8,2.0,1.4,6.4,4.1,0.9,3.0,4.8,13.0,3.4,10.5,3.9,17.8,37.7,EW,2.79,4,W_EXCLUSIVE_GREEN,45.0
15.8,-0.8387,-0.5446,0,21.3,29.5,20.4,106.9,1.8,1.2,2.9,4.7,1.6,6.3,9.6,22.8,3.0,7.6,7.9,32.4,61.7,EW,4.31,4,W_EXCLUSIVE_GREEN,45.0
21.583333333333332,-0.5913,0.8064,0,27.2,27.5,26.0,31.5,4.3,5.4,0.5,3.1,1.7,2.4,1.8,5.7,9.7,3.6,4.1,7.5,10.9,EW,1.41,4,W_EXCLUSIVE_GREEN,26.8
18.5,-0.9914,0.1305,1,20.8,77.8,13.7,69.3,6.8,6.7,7.3,13.0,3.8,5.9,6.8,10.3,13.5,20.3,9.7,17.1,21.4,NS,1.97,2,S_EXCLUSIVE_GREEN,45.0
15.583333333333334,-0.8064,-0.5913,0,34.6,25.0,30.6,31.7,3.8,8.4,0.3,4.1,9.4,6.5,2.4,5.5,12.2,4.3999999999999995,15.9,7.9,32.7,EW,1.53,3,E_EXCLUSIVE_GREEN,45.0
16.05,-0.8725,-0.4886,0,17.9,17.8,22.9,76.8,1.3,5.6,0.5,3.6,2.9,1.9,6.9,5.6,6.8999999999999995,4.1,4.8,12.5,18.1,EW,2.82,4,W_EXCLUSIVE_GREEN,45.0
18.4,-0.9945,0.1045,1,16.9,56.6,24.6,47.7,0.7,2.6,4.7,16.2,6.5,2.7,5.4,5.4,3.3,20.9,9.2,10.8,39.5,NS,4.49,2,S_EXCLUSIVE_GREEN,45.0
19.716666666666665,-0.9007,0.4344,0,19.2,28.9,97.8,22.5,5.2,2.6,3.7,6.2,10.1,11.6,2.5,1.3,7.800000000000001,9.9,21.7,3.8,42.0,EW,4.69,3,E_EXCLUSIVE_GREEN,45.0
10.05,0.4886,-0.8725,0,80.5,28.9,28.2,26.4,9.3,8.6,4.7,3.5,1.9,8.2,1.9,6.6,17.9,8.2,10.1,8.5,37.3,NS,2.35,1,N_EXCLUSIVE_GREEN,45.0
4.883333333333333,0.9576,0.2882,0,68.5,17.5,18.9,17.7,8.1,5.4,0.8,4.8,0.9,1.2,1.6,1.5,13.5,5.6,2.1,3.1,16.5,NS,2.83,1,N_EXCLUSIVE_GREEN,45.0
20.35,-0.8166,0.5771,0,21.5,31.7,17.7,120.4,1.4,4.0,8.6,12.4,1.1,2.7,14.2,16.4,5.4,21.0,3.8000000000000003,30.599999999999998,53.6,EW,6.98,4,W_EXCLUSIVE_GREEN,45.0
11.366666666666667,0.165,-0.9863,0,29.3,29.0,21.7,30.6,5.1,5.6,3.2,8.4,7.4,6.6,1.9,10.1,10.7,11.600000000000001,14.0,12.0,21.0,NS,1.03,0,BALANCED_PHASE,35.6
1.7,0.4305,0.9026,0,23.8,50.0,24.3,30.9,1.5,1.6,8.4,12.5,1.2,6.4,5.4,5.6,3.1,20.9,7.6000000000000005,11.0,44.2,NS,3.7,2,S_EXCLUSIVE_GREEN,45.0
20.316666666666666,-0.8216,0.57,0,34.8,33.0,22.0,28.6,3.7,3.4,1.9,11.3,3.1,2.8,4.0,5.6,7.1,13.200000000000001,5.9,9.6,25.2,NS,1.42,1,N_EXCLUSIVE_GREEN,40.2
22.066666666666666,-0.4848,0.8746,0,36.0,21.6,34.2,37.4,3.7,2.0,2.9,4.4,4.6,3.0,2.3,7.9,5.7,7.300000000000001,7.6,10.2,18.2,EW,1.18,0,BALANCED_PHASE,34.0
3.35,0.7688,0.6394,0,17.6,20.4,80.6,26.4,0.7,4.1,1.1,2.5,10.2,12.5,4.7,3.5,4.8,3.6,22.7,8.2,31.7,EW,2.78,3,E_EXCLUSIVE_GREEN,45.0
1.4833333333333334,0.3786,0.9255,0,28.4,25.8,25.2,27.6,4.2,2.6,0.6,4.8,1.6,5.5,2.5,13.0,6.800000000000001,5.3999999999999995,7.1,15.5,24.0,EW,1.66,4,W_EXCLUSIVE_GREEN,43.4
13.6,-0.4067,-0.9135,0,33.6,20.9,23.0,25.6,3.8,9.6,1.9,3.3,1.4,3.6,1.2,2.5,13.399999999999999,5.199999999999999,5.0,3.7,20.2,NS,2.03,1,N_EXCLUSIVE_GREEN,39.9
13.283333333333333,-0.3297,-0.9441,0,27.8,27.9,22.9,96.1,3.0,1.1,2.9,1.7,2.9,3.5,12.7,15.3,4.1,4.6,6.4,28.0,43.7,EW,4.11,4,W_EXCLUSIVE_GREEN,45.0
18.016666666666666,-1.0,0.0044,1,16.0,145.4,22.7,46.3,0.9,3.3,9.2,13.9,2.6,2.2,4.8,7.8,4.2,23.1,4.800000000000001,12.6,36.5,NS,6.6,2,S_EXCLUSIVE_GREEN,45.0
10.4,0.4067,-0.9135,0,24.0,29.1,25.8,34.4,3.5,3.0,4.1,3.8,0.5,2.2,3.7,5.7,6.5,7.8999999999999995,2.7,9.4,15.5,EW,1.95,4,W_EXCLUSIVE_GREEN,31.5
10.6,0.3584,-0.9336,0,28.2,20.9,22.6,82.6,3.6,8.0,5.7,4.4,8.4,2.9,10.1,18.1,11.6,10.100000000000001,11.3,28.200000000000003,46.8,EW,2.74,4,W_EXCLUSIVE_GREEN,45.0
3.7333333333333334,0.829,0.5592,0,32.5,23.1,34.3,21.1,2.2,3.9,2.1,5.5,3.2,5.1,0.3,2.6,6.1,7.6,8.3,2.9,17.6,NS,1.26,0,BALANCED_PHASE,27.8
10.516666666666667,0.3786,-0.9255,0,22.2,26.2,25.6,22.0,2.9,3.7,7.2,5.2,1.9,1.3,2.2,4.2,6.6,12.4,3.2,6.4,15.8,NS,1.53,2,S_EXCLUSIVE_GREEN,36.1
21.35,-0.6394,0.7688,0,20.9,19.1,83.2,28.4,4.2,9.3,1.8,1.0,9.7,17.4,6.4,5.2,13.5,2.8,27.099999999999998,11.600000000000001,45.8,EW,2.46,3,E_EXCLUSIVE_GREEN,45.0
11.45,0.1435,-0.9897,0,50.2,32.1,28.1,18.9,6.2,8.7,3.5,2.4,3.1,3.0,1.0,3.6,14.899999999999999,5.9,6.1,4.6,30.0,NS,1.94,1,N_EXCLUSIVE_GREEN,45.0
17.216666666666665,-0.979,-0.2036,1,12.2,123.9,26.5,77.1,2.8,1.6,16.0,17.5,3.2,7.7,10.1,8.8,4.4,33.5,10.9,18.9,37.1,NS,7.94,2,S_EXCLUSIVE_GREEN,45.0
9.266666666666667,0.6561,-0.7547,1,70.1,16.1,73.0,20.9,2.5,15.9,1.0,4.4,9.2,13.4,4.0,1.0,18.4,5.4,22.6,5.0,48.5,EW,3.84,3,E_EXCLUSIVE_GREEN,45.0
1.3166666666666667,0.3379,0.9412,0,30.7,21.7,23.3,22.0,2.6,11.2,3.1,3.0,5.0,3.4,0.2,4.2,13.799999999999999,6.1,8.4,4.4,22.7,NS,1.82,1,N_EXCLUSIVE_GREEN,40.4
12.85,-0.2207,-0.9753,0,78.9,26.2,17.4,18.8,18.2,26.5,1.3,4.2,0.9,2.8,1.6,3.7,44.7,5.5,3.6999999999999997,5.300000000000001,47.0,NS,5.38,1,N_EXCLUSIVE_GREEN,45.0
22.9,-0.284,0.9588,0,23.6,38.5,25.8,35.1,3.7,4.2,2.7,6.1,6.0,3.2,2.1,7.6,7.9,8.8,9.2,9.7,18.0,EW,1.13,0,BALANCED_PHASE,32.5
18.35,-0.9958,0.0915,1,27.2,56.5,12.6,57.3,3.4,6.2,6.5,17.3,0.5,2.4,10.6,10.7,9.6,23.8,2.9,21.299999999999997,35.9,NS,2.26,2,S_EXCLUSIVE_GREEN,45.0
8.066666666666666,0.8572,-0.515,1,67.7,20.7,71.5,20.6,5.9,9.3,2.0,1.5,2.8,20.7,1.1,3.4,15.200000000000001,3.5,23.5,4.5,36.2,EW,4.14,3,E_EXCLUSIVE_GREEN,45.0
18.85,-0.9753,0.2207,1,15.8,139.6,14.7,67.9,1.5,5.5,17.9,12.7,0.3,3.2,4.4,9.9,7.0,30.599999999999998,3.5,14.3,57.8,NS,5.49,2,S_EXCLUSIVE_GREEN,45.0
16.5,-0.9239,-0.3827,1,19.5,54.8,20.4,60.4,2.1,1.8,5.4,10.0,2.5,11.2,7.6,8.3,3.9000000000000004,15.4,13.7,15.9,18.0,EW,1.53,4,W_EXCLUSIVE_GREEN,45.0
13.216666666666667,-0.3132,-0.9497,0,70.0,19.9,25.3,18.5,3.2,18.4,0.4,6.7,3.7,3.0,0.9,1.0,21.599999999999998,7.1000000000000005,6.7,1.9,38.6,NS,3.07,1,N_EXCLUSIVE_GREEN,45.0
20.866666666666667,-0.7314,0.682,0,25.8,24.7,68.3,17.6,1.0,2.2,2.1,3.5,3.6,11.2,4.0,1.9,3.2,5.6,14.799999999999999,5.9,22.7,EW,2.87,3,E_EXCLUSIVE_GREEN,45.0
13.7,-0.4305,-0.9026,0,25.7,28.5,26.7,23.8,7.2,2.3,2.4,4.3,3.2,11.5,8.2,1.6,9.5,6.699999999999999,14.7,9.799999999999999,26.1,EW,1.33,0,BALANCED_PHASE,41.8
6.433333333333334,0.9936,-0.1132,0,27.2,25.4,23.1,21.6,1.9,2.7,0.6,2.6,0.3,1.9,5.5,2.1,4.6,3.2,2.1999999999999997,7.6,11.9,NS,1.14,0,BALANCED_PHASE,20.3
19.533333333333335,-0.9205,0.3907,0,29.2,21.8,34.1,23.2,2.2,6.1,2.8,2.6,3.0,6.0,1.7,4.9,8.3,5.4,9.0,6.6000000000000005,13.0,EW,1.35,0,BALANCED_PHASE,30.4
17.183333333333334,-0.9772,-0.2122,1,21.7,61.8,19.1,51.5,3.0,4.9,9.3,12.6,3.8,2.7,3.0,9.0,7.9,21.9,6.5,12.0,42.6,NS,2.69,2,S_EXCLUSIVE_GREEN,45.0
0.6666666666666666,0.1736,0.9848,0,20.8,30.0,20.3,22.1,2.7,0.9,0.9,2.5,1.1,1.4,4.4,5.9,3.6,3.4,2.5,10.3,21.9,NS,1.19,0,BALANCED_PHASE,19.8
5.6,0.9945,0.1045,0,22.9,22.4,26.4,33.0,5.6,4.5,0.7,5.9,1.6,3.4,2.1,3.6,10.1,6.6000000000000005,5.0,5.7,12.2,EW,1.14,0,BALANCED_PHASE,23.6
21.866666666666667,-0.5299,0.848,0,29.8,27.7,23.0,32.6,2.1,1.1,7.4,3.8,0.6,3.7,3.0,8.8,3.2,11.2,4.3,11.8,18.4,NS,1.86,1,N_EXCLUSIVE_GREEN,34.6
14.283333333333333,-0.5628,-0.8266,0,30.0,23.0,35.6,22.9,8.9,2.4,0.6,4.1,7.9,9.9,3.0,6.6,11.3,4.699999999999999,17.8,9.6,23.4,EW,1.7,3,E_EXCLUSIVE_GREEN,45.0
17.85,-0.9992,-0.0393,1,17.4,80.9,13.1,59.9,2.1,1.6,10.7,21.3,0.3,4.2,4.6,15.0,3.7,32.0,4.5,19.6,47.4,NS,6.27,2,S_EXCLUSIVE_GREEN,45.0
19.9,-0.8788,0.4772,0,20.6,28.4,29.6,34.9,1.2,1.8,2.2,0.9,0.2,5.5,1.1,10.0,3.0,3.1,5.7,11.1,15.4,EW,1.49,4,W_EXCLUSIVE_GREEN,35.0
13.983333333333333,-0.4962,-0.8682,0,31.5,23.1,26.4,21.5,0.5,3.4,3.0,4.0,1.2,1.1,4.9,4.6,3.9,7.0,2.3,9.5,11.0,NS,1.47,1,N_EXCLUSIVE_GREEN,25.8
20.05,-0.8594,0.5113,0,31.3,30.9,32.4,20.5,7.9,2.0,3.5,4.7,2.1,4.8,1.0,2.4,9.9,8.2,6.9,3.4,18.0,NS,1.09,0,BALANCED_PHASE,32.2
11.483333333333333,0.1349,-0.9909,0,23.0,133.0,19.6,31.6,6.0,3.2,14.6,22.1,1.9,5.7,8.9,1.1,9.2,36.7,7.6,10.0,38.0,NS,4.43,2,S_EXCLUSIVE_GREEN,45.0
23.716666666666665,-0.0741,0.9973,0,26.1,21.8,38.9,31.2,3.5,1.2,3.8,5.2,4.2,4.0,3.2,9.4,4.7,9.0,8.2,12.600000000000001,27.4,EW,1.36,0,BALANCED_PHASE,39.9
13.433333333333334,-0.3665,-0.9304,0,100.4,32.9,28.4,29.7,10.4,16.3,1.6,5.2,1.3,6.4,2.2,3.6,26.700000000000003,6.800000000000001,7.7,5.800000000000001,27.0,NS,3.37,1,N_EXCLUSIVE_GREEN,45.0
20.216666666666665,-0.8363,0.5483,0,22.0,34.2,23.3,39.4,1.9,1.5,1.9,9.1,1.3,7.6,5.6,7.2,3.4,11.0,8.9,12.8,16.4,EW,1.47,4,W_EXCLUSIVE_GREEN,39.3
8.866666666666667,0.7314,-0.682,1,59.9,16.9,62.2,14.5,12.0,10.8,0.2,5.1,3.1,12.0,1.1,3.2,22.8,5.3,15.1,4.300000000000001,33.5,NS,3.79,1,N_EXCLUSIVE_GREEN,45.0
9.683333333333334,0.57,-0.8216,0,28.1,59.1,17.9,32.0,2.3,7.6,4.5,6.0,3.2,5.3,3.0,3.5,9.899999999999999,10.5,8.5,6.5,17.3,NS,1.39,2,S_EXCLUSIVE_GREEN,38.4
12.25,-0.0654,-0.9979,0,17.7,133.6,24.8,24.1,1.9,1.1,14.2,18.2,4.4,5.7,2.3,4.4,3.0,32.4,10.100000000000001,6.7,52.7,NS,8.39,2,S_EXCLUSIVE_GREEN,45.0
0.25,0.0654,0.9979,0,22.5,37.1,23.7,36.3,2.3,6.7,1.6,5.7,1.9,4.2,2.2,3.2,9.0,7.300000000000001,6.1,5.4,10.2,NS,1.33,0,BALANCED_PHASE,30.7
9.483333333333333,0.6122,-0.7907,1,117.7,19.1,74.7,13.1,8.0,20.9,3.2,3.8,7.0,10.3,0.0,0.5,28.9,7.0,17.3,0.5,32.0,NS,4.64,1,N_EXCLUSIVE_GREEN,45.0
15.583333333333334,-0.8064,-0.5913,0,38.5,22.5,26.2,26.1,3.7,7.1,2.1,7.2,1.7,3.7,5.1,3.2,10.8,9.3,5.4,8.3,11.9,NS,1.29,0,BALANCED_PHASE,34.7
13.683333333333334,-0.4266,-0.9045,0,23.8,25.1,24.5,34.6,6.3,3.8,4.6,3.9,1.2,1.0,2.1,3.9,10.1,8.5,2.2,6.0,12.1,NS,1.1,0,BALANCED_PHASE,30.9
6.166666666666667,0.999,-0.0436,0,88.7,22.8,21.9,18.4,6.8,8.0,2.5,3.9,3.2,7.7,2.0,4.3,14.8,6.4,10.9,6.3,22.5,NS,2.84,1,N_EXCLUSIVE_GREEN,45.0
8.833333333333334,0.7373,-0.6756,1,62.0,23.7,82.7,12.0,3.1,8.5,3.0,6.8,7.3,8.1,0.6,3.6,11.6,9.8,15.399999999999999,4.2,18.1,EW,4.5,3,E_EXCLUSIVE_GREEN,45.0
8.7,0.7604,-0.6494,1,51.3,15.5,59.7,26.9,4.2,7.4,0.5,2.4,5.7,12.3,1.5,2.3,11.600000000000001,2.9,18.0,3.8,39.6,EW,3.1,3,E_EXCLUSIVE_GREEN,45.0
17.183333333333334,-0.9772,-0.2122,1,12.4,62.5,12.0,71.4,3.1,1.9,7.5,12.4,1.0,2.0,3.3,14.0,5.0,19.9,3.0,17.3,39.2,EW,5.34,4,W_EXCLUSIVE_GREEN,45.0
20.9,-0.7254,0.6884,0,21.4,19.4,28.7,120.8,0.3,3.5,4.3,1.2,1.4,11.2,20.5,16.3,3.8,5.5,12.6,36.8,41.3,EW,3.23,4,W_EXCLUSIVE_GREEN,45.0
0.05,0.0131,0.9999,0,24.5,27.4,38.5,21.0,3.7,4.4,2.4,1.9,3.7,2.3,3.7,4.2,8.100000000000001,4.3,6.0,7.9,16.3,EW,1.46,3,E_EXCLUSIVE_GREEN,29.4
2.3333333333333335,0.5736,0.8192,0,27.2,25.5,21.1,23.6,4.7,5.2,3.4,4.0,2.5,1.1,0.9,4.0,9.9,7.4,3.6,4.9,15.2,NS,1.18,0,BALANCED_PHASE,31.2
2.95,0.6978,0.7163,0,34.6,27.9,21.3,27.4,1.5,10.1,6.8,0.7,1.8,1.5,0.8,3.8,11.6,7.5,3.3,4.6,19.0,NS,1.36,0,BALANCED_PHASE,36.3
11.7,0.0785,-0.9969,0,21.6,25.7,31.9,25.8,2.4,3.7,5.4,7.8,11.9,5.7,6.6,11.6,6.1,13.2,17.6,18.2,26.1,EW,1.06,0,BALANCED_PHASE,45.0
2.4166666666666665,0.5913,0.8064,0,36.0,24.5,33.5,35.1,3.3,3.6,3.1,8.1,0.8,4.4,3.1,9.3,6.9,11.2,5.2,12.4,17.4,EW,1.57,4,W_EXCLUSIVE_GREEN,37.9
23.883333333333333,-0.0305,0.9995,0,54.8,24.4,22.6,21.1,6.3,15.0,7.4,3.3,0.4,2.6,0.8,12.3,21.3,10.7,3.0,13.100000000000001,34.1,NS,2.01,1,N_EXCLUSIVE_GREEN,45.0
18.783333333333335,-0.979,0.2036,1,14.3,52.8,16.9,64.3,2.9,2.2,10.7,7.9,0.8,2.5,7.8,11.5,5.1,18.6,3.3,19.3,30.5,EW,4.48,4,W_EXCLUSIVE_GREEN,45.0
16.983333333333334,-0.9648,-0.263,1,13.0,83.5,20.9,66.2,1.3,0.6,11.1,11.2,2.2,1.9,5.5,11.9,1.9,22.299999999999997,4.1,17.4,31.7,NS,7.79,2,S_EXCLUSIVE_GREEN,45.0
3.55,0.8013,0.5983,0,20.5,24.7,24.9,24.2,3.1,2.5,1.9,3.8,0.3,1.1,0.7,2.8,5.6,5.699999999999999,1.4000000000000001,3.5,10.9,NS,1.04,0,BALANCED_PHASE,21.9
18.816666666666666,-0.9772,0.2122,1,12.8,54.8,12.5,100.3,0.7,1.2,3.6,6.3,0.0,2.5,18.7,9.3,1.9,9.9,2.5,28.0,39.3,EW,8.75,4,W_EXCLUSIVE_GREEN,45.0
16.266666666666666,-0.8988,-0.4384,0,37.4,28.2,25.9,25.7,3.1,4.0,0.4,3.9,0.4,3.3,1.4,10.5,7.1,4.3,3.6999999999999997,11.9,13.4,NS,1.4,0,BALANCED_PHASE,27.3
2.25,0.5556,0.8315,0,22.7,22.9,22.0,20.4,1.1,0.9,1.4,4.5,0.5,3.1,1.0,5.6,2.0,5.9,3.6,6.6,12.1,NS,1.49,2,S_EXCLUSIVE_GREEN,22.1
10.35,0.4187,-0.9081,0,33.7,35.5,20.8,24.4,4.6,2.6,3.8,3.4,0.8,3.7,1.7,9.4,7.199999999999999,7.199999999999999,4.5,11.1,19.6,NS,0.99,0,BALANCED_PHASE,27.7
23.4,-0.1564,0.9877,0,22.6,39.7,26.6,26.2,1.6,1.1,13.1,11.8,1.9,1.6,3.7,4.4,2.7,24.9,3.5,8.100000000000001,45.3,NS,4.26,2,S_EXCLUSIVE_GREEN,45.0
23.25,-0.1951,0.9808,0,22.0,20.7,23.4,28.7,10.8,2.0,0.3,4.4,3.6,2.8,1.7,1.4,12.8,4.7,6.4,3.0999999999999996,20.8,EW,1.47,3,E_EXCLUSIVE_GREEN,25.0
6.15,0.9992,-0.0393,0,19.5,59.2,27.7,17.2,1.8,1.2,2.5,7.7,6.6,4.9,2.5,1.5,3.0,10.2,11.5,4.0,23.4,NS,2.98,2,S_EXCLUSIVE_GREEN,38.4
8.466666666666667,0.7986,-0.6018,1,50.6,14.2,52.3,27.2,9.0,5.3,5.0,6.7,3.2,13.2,3.8,3.4,14.3,11.7,16.4,7.199999999999999,22.6,EW,2.04,3,E_EXCLUSIVE_GREEN,45.0
13.266666666666667,-0.3256,-0.9455,0,26.7,23.3,23.3,20.8,0.8,4.1,2.5,2.3,1.5,5.0,1.4,3.7,4.8999999999999995,4.8,6.5,5.1,8.1,NS,1.03,0,BALANCED_PHASE,20.4
1.5166666666666666,0.3867,0.9222,0,32.0,24.4,21.4,30.4,2.7,5.6,3.0,2.3,2.5,1.8,3.9,5.8,8.3,5.3,4.3,9.7,18.8,NS,1.38,0,BALANCED_PHASE,29.2
22.116666666666667,-0.4733,0.8809,0,26.3,20.3,19.8,84.0,4.3,2.6,1.5,1.5,1.2,3.1,6.6,13.6,6.9,3.0,4.3,20.2,34.6,EW,4.23,4,W_EXCLUSIVE_GREEN,45.0
15.716666666666667,-0.8266,-0.5628,0,25.2,27.1,59.6,23.7,4.2,8.2,10.3,9.2,9.5,6.0,1.7,0.8,12.399999999999999,19.5,15.5,2.5,29.9,EW,3.54,3,E_EXCLUSIVE_GREEN,45.0
4.383333333333334,0.9118,0.4107,0,21.6,24.2,34.5,26.7,1.4,1.2,0.1,1.9,6.3,8.4,1.3,3.5,2.5999999999999996,2.0,14.7,4.8,16.7,EW,2.03,3,E_EXCLUSIVE_GREEN,42.3
11.866666666666667,0.0349,-0.9994,0,54.2,17.3,18.1,23.5,7.8,5.8,1.2,0.6,4.0,1.3,3.4,2.8,13.6,1.7999999999999998,5.3,6.199999999999999,20.8,NS,4.24,1,N_EXCLUSIVE_GREEN,44.0
23.7,-0.0785,0.9969,0,29.8,25.9,26.4,33.7,2.9,4.2,0.8,8.2,1.9,8.2,1.6,4.5,7.1,9.0,10.1,6.1,14.1,EW,1.42,3,E_EXCLUSIVE_GREEN,32.7
1.7333333333333334,0.4384,0.8988,0,21.7,37.2,37.7,27.7,2.0,2.2,2.3,5.5,2.8,10.3,1.6,1.9,4.2,7.8,13.100000000000001,3.5,18.4,EW,2.16,3,E_EXCLUSIVE_GREEN,39.8
21.25,-0.6593,0.7518,0,18.9,21.9,28.0,125.9,1.2,5.2,3.0,6.1,2.4,1.4,9.5,15.0,6.4,9.1,3.8,24.5,42.0,EW,5.02,4,W_EXCLUSIVE_GREEN,45.0
9.666666666666666,0.5736,-0.8192,0,36.9,23.7,33.9,21.6,5.4,7.9,0.8,3.1,6.9,11.2,1.3,1.8,13.3,3.9000000000000004,18.1,3.1,23.7,NS,2.26,1,N_EXCLUSIVE_GREEN,40.6
11.95,0.0131,-0.9999,0,32.2,27.4,22.0,24.8,5.7,6.5,7.0,0.9,3.9,6.4,5.3,5.7,12.2,7.9,10.3,11.0,14.5,NS,1.34,0,BALANCED_PHASE,36.7
3.5666666666666664,0.8039,0.5948,0,21.0,36.2,22.7,36.3,0.6,3.1,1.8,5.1,2.0,2.9,6.7,6.4,3.7,6.8999999999999995,4.9,13.100000000000001,24.4,EW,2.05,4,W_EXCLUSIVE_GREEN,40.2
14.4,-0.5878,-0.809,0,17.7,18.6,17.8,88.9,3.7,3.4,1.2,2.3,1.0,4.2,19.9,16.7,7.1,3.5,5.2,36.599999999999994,40.6,EW,5.88,4,W_EXCLUSIVE_GREEN,45.0
8.316666666666666,0.8216,-0.57,1,56.2,13.3,52.9,15.0,5.0,9.6,2.9,4.7,4.9,9.0,5.4,0.7,14.6,7.6,13.9,6.1000000000000005,21.2,NS,2.4,1,N_EXCLUSIVE_GREEN,45.0
2.9833333333333334,0.704,0.7102,0,25.3,33.1,29.2,21.4,2.3,2.4,1.8,6.7,1.4,7.0,6.4,4.4,4.699999999999999,8.5,8.4,10.8,18.1,NS,1.47,2,S_EXCLUSIVE_GREEN,29.8
7.316666666666666,0.9412,-0.3379,1,91.6,16.7,49.8,13.5,8.2,18.8,1.0,1.5,4.4,5.4,0.5,2.3,27.0,2.5,9.8,2.8,32.4,NS,7.15,1,N_EXCLUSIVE_GREEN,45.0
6.916666666666667,0.9713,-0.2377,0,22.5,30.5,24.7,29.4,2.1,1.8,4.0,2.2,1.0,3.0,3.4,3.6,3.9000000000000004,6.2,4.0,7.0,12.9,EW,1.36,0,BALANCED_PHASE,25.6
14.666666666666666,-0.6428,-0.766,0,31.7,21.9,24.5,60.1,7.7,6.7,2.6,3.1,5.2,1.8,4.4,12.6,14.4,5.7,7.0,17.0,30.3,EW,2.34,4,W_EXCLUSIVE_GREEN,45.0
1.2833333333333332,0.3297,0.9441,0,25.1,32.7,20.9,20.2,1.5,9.8,3.6,4.9,0.3,4.2,1.8,5.0,11.3,8.5,4.5,6.8,16.3,NS,1.27,0,BALANCED_PHASE,35.1
15.5,-0.7934,-0.6088,0,34.5,20.8,32.3,23.4,6.9,4.6,0.3,2.4,1.2,2.4,3.8,8.0,11.5,2.6999999999999997,3.5999999999999996,11.8,18.7,EW,2.08,3,E_EXCLUSIVE_GREEN,36.3
10.75,0.3214,-0.9469,0,22.3,22.5,21.6,21.6,4.6,5.4,1.2,2.7,2.2,4.0,1.3,5.6,10.0,3.9000000000000004,6.2,6.8999999999999995,21.8,NS,1.64,1,N_EXCLUSIVE_GREEN,31.2
3.8666666666666667,0.848,0.5299,0,18.7,24.2,122.9,18.3,3.9,3.1,2.5,2.8,21.2,11.4,5.3,1.6,7.0,5.3,32.6,6.9,57.0,EW,5.17,3,E_EXCLUSIVE_GREEN,45.0
16.066666666666666,-0.8746,-0.4848,0,17.6,20.7,53.8,17.7,0.5,2.7,1.1,2.5,9.8,7.5,0.6,4.4,3.2,3.6,17.3,5.0,28.6,EW,3.11,3,E_EXCLUSIVE_GREEN,45.0
14.733333333333333,-0.6561,-0.7547,0,57.4,31.2,21.3,22.9,5.1,10.1,1.7,6.7,4.7,3.8,0.8,1.6,15.2,8.4,8.5,2.4000000000000004,17.9,NS,1.76,1,N_EXCLUSIVE_GREEN,45.0
20.683333333333334,-0.7632,0.6461,0,19.8,17.5,29.9,67.6,1.8,6.3,5.5,3.0,0.6,3.9,6.5,8.0,8.1,8.5,4.5,14.5,25.5,EW,2.55,4,W_EXCLUSIVE_GREEN,45.0
20.133333333333333,-0.848,0.5299,0,18.1,50.3,17.7,19.4,7.0,3.5,8.0,8.3,0.4,3.6,4.7,1.4,10.5,16.3,4.0,6.1,17.7,NS,1.8,2,S_EXCLUSIVE_GREEN,45.0
20.316666666666666,-0.8216,0.57,0,80.9,26.7,18.8,19.5,10.2,17.8,3.3,6.0,0.5,1.2,1.0,2.3,28.0,9.3,1.7,3.3,36.5,NS,2.92,1,N_EXCLUSIVE_GREEN,45.0
3.1666666666666665,0.7373,0.6756,0,21.2,131.5,19.8,22.6,0.9,4.5,9.0,19.3,0.7,3.8,2.0,3.7,5.4,28.3,4.5,5.7,52.1,NS,5.38,2,S_EXCLUSIVE_GREEN,45.0
19.716666666666665,-0.9007,0.4344,0,27.9,30.8,25.9,35.1,1.5,5.0,7.7,2.0,4.4,3.6,4.2,2.2,6.5,9.7,8.0,6.4,18.7,EW,1.24,0,BALANCED_PHASE,29.2
10.466666666666667,0.3907,-0.9205,0,22.1,23.3,39.6,31.1,2.6,6.1,3.9,7.3,0.6,14.1,1.2,3.5,8.7,11.2,14.7,4.7,25.7,EW,1.98,3,E_EXCLUSIVE_GREEN,44.1
23.133333333333333,-0.225,0.9744,0,21.5,22.2,86.5,19.3,1.4,0.5,0.5,3.9,9.3,15.4,1.8,0.9,1.9,4.4,24.700000000000003,2.7,42.8,EW,5.95,3,E_EXCLUSIVE_GREEN,45.0
9.2,0.6691,-0.7431,1,57.2,12.7,93.6,25.4,3.5,6.8,4.3,0.1,9.7,22.1,2.8,6.3,10.3,4.3999999999999995,31.8,9.1,64.9,EW,3.44,3,E_EXCLUSIVE_GREEN,45.0
2.4333333333333336,0.5948,0.8039,0,21.8,22.3,20.1,112.6,3.7,2.9,2.7,4.1,5.4,1.8,15.6,16.4,6.6,6.8,7.2,32.0,62.5,EW,4.66,4,W_EXCLUSIVE_GREEN,45.0
12.883333333333333,-0.2292,-0.9734,0,27.1,28.4,29.8,20.7,2.9,5.3,3.1,1.1,0.9,2.0,1.9,2.8,8.2,4.2,2.9,4.699999999999999,16.8,NS,1.37,0,BALANCED_PHASE,28.2
7.016666666666667,0.9648,-0.263,1,77.7,23.4,88.4,23.1,9.4,20.2,0.9,2.7,6.8,11.2,4.9,2.5,29.6,3.6,18.0,7.4,30.3,EW,2.85,3,E_EXCLUSIVE_GREEN,45.0
0.9833333333333333,0.2546,0.967,0,39.7,32.6,20.1,37.3,4.4,7.9,4.2,3.8,0.1,3.3,3.8,4.2,12.3,8.0,3.4,8.0,13.1,NS,1.35,0,BALANCED_PHASE,38.1
19.666666666666668,-0.9063,0.4226,0,91.2,22.2,20.0,30.5,14.4,13.6,3.1,7.4,2.0,6.1,3.2,3.3,28.0,10.5,8.1,6.5,30.9,NS,2.99,1,N_EXCLUSIVE_GREEN,45.0
14.2,-0.5446,-0.8387,0,30.5,67.3,21.9,26.1,4.9,9.9,4.6,15.9,1.6,0.6,1.8,4.1,14.8,20.5,2.2,5.8999999999999995,38.0,NS,1.59,2,S_EXCLUSIVE_GREEN,45.0
1.4166666666666667,0.3624,0.932,0,35.0,25.3,27.2,29.4,4.1,5.7,0.9,6.1,0.9,8.2,1.6,3.8,9.8,7.0,9.1,5.4,15.2,NS,1.34,0,BALANCED_PHASE,32.4
19.266666666666666,-0.9455,0.3256,1,26.6,95.1,18.0,103.3,0.9,4.4,6.9,27.8,0.9,2.1,8.5,27.3,5.300000000000001,34.7,3.0,35.8,52.5,NS,4.83,2,S_EXCLUSIVE_GREEN,45.0
4.083333333333333,0.8767,0.481,0,27.8,29.1,22.7,35.1,7.2,7.9,1.3,1.5,1.6,5.0,5.9,3.3,15.100000000000001,2.8,6.6,9.2,23.9,NS,2.36,1,N_EXCLUSIVE_GREEN,42.8
5.6,0.9945,0.1045,0,22.5,18.5,19.3,72.5,2.3,0.6,0.7,2.8,1.7,5.0,13.8,10.7,2.9,3.5,6.7,24.5,39.0,EW,3.53,4,W_EXCLUSIVE_GREEN,45.0
14.866666666666667,-0.682,-0.7314,0,20.0,29.6,24.7,24.1,2.4,2.1,1.2,10.5,1.1,0.8,1.1,3.2,4.5,11.7,1.9000000000000001,4.300000000000001,20.1,NS,1.95,2,S_EXCLUSIVE_GREEN,35.7
3.2333333333333334,0.749,0.6626,0,23.5,33.6,35.4,35.9,0.8,1.4,3.1,5.0,3.0,3.2,1.2,5.0,2.2,8.1,6.2,6.2,13.7,EW,0.97,0,BALANCED_PHASE,25.2
6.916666666666667,0.9713,-0.2377,0,21.9,30.7,35.2,29.4,1.0,5.1,1.2,6.5,5.0,6.7,3.1,7.2,6.1,7.7,11.7,10.3,20.9,EW,1.12,0,BALANCED_PHASE,36.8
8.3,0.8241,-0.5664,1,71.5,19.3,79.1,14.9,12.3,9.9,2.8,3.3,8.1,11.1,0.5,2.6,22.200000000000003,6.1,19.2,3.1,41.9,NS,3.49,1,N_EXCLUSIVE_GREEN,45.0
23.516666666666666,-0.1262,0.992,0,23.9,27.3,22.4,138.4,1.2,2.5,2.8,14.4,1.9,1.1,15.4,21.1,3.7,17.2,3.0,36.5,46.1,EW,8.04,4,W_EXCLUSIVE_GREEN,45.0
6.633333333333333,0.9863,-0.165,0,25.6,26.2,138.8,30.3,2.9,5.1,2.7,4.4,19.3,35.5,3.2,5.0,8.0,7.1000000000000005,54.8,8.2,82.1,EW,5.59,3,E_EXCLUSIVE_GREEN,45.0
23.716666666666665,-0.0741,0.9973,0,24.9,53.8,18.0,20.3,1.6,6.6,4.3,8.2,1.0,1.1,6.3,2.1,8.2,12.5,2.1,8.4,19.6,NS,1.7,2,S_EXCLUSIVE_GREEN,41.6
13.833333333333334,-0.4617,-0.887,0,19.8,20.7,102.4,18.6,5.0,3.6,3.3,2.2,9.1,18.2,0.9,1.5,8.6,5.5,27.299999999999997,2.4,46.8,EW,7.21,3,E_EXCLUSIVE_GREEN,45.0
8.25,0.8315,-0.5556,1,70.0,16.2,73.0,23.7,6.5,12.7,0.2,3.7,6.1,6.4,5.0,4.3,19.2,3.9000000000000004,12.5,9.3,31.2,EW,1.86,3,E_EXCLUSIVE_GREEN,45.0
19.466666666666665,-0.9272,0.3746,1,13.3,67.0,15.3,98.1,1.1,2.5,6.6,8.2,1.5,0.2,8.3,16.1,3.6,14.799999999999999,1.7,24.400000000000002,46.8,EW,8.36,4,W_EXCLUSIVE_GREEN,45.0
7.383333333333334,0.9351,-0.3543,1,95.2,19.2,57.6,21.9,7.8,18.8,0.7,4.8,4.6,12.8,4.6,2.8,26.6,5.5,17.4,7.3999999999999995,30.8,NS,4.64,1,N_EXCLUSIVE_GREEN,45.0
18.716666666666665,-0.9825,0.1865,1,14.7,133.6,24.6,57.4,0.3,3.2,20.0,26.7,1.9,7.8,11.9,13.2,3.5,46.7,9.7,25.1,72.8,NS,10.59,2,S_EXCLUSIVE_GREEN,45.0
20.483333333333334,-0.796,0.6053,0,19.2,22.0,23.7,72.9,3.1,2.7,4.3,8.1,0.7,3.7,8.4,12.7,5.800000000000001,12.399999999999999,4.4,21.1,35.1,EW,3.7,4,W_EXCLUSIVE_GREEN,45.0
4.916666666666667,0.96,0.2798,0,21.8,18.2,27.8,79.9,5.3,4.6,1.8,2.4,4.9,1.5,5.2,6.3,9.899999999999999,4.2,6.4,11.5,11.8,EW,2.2,4,W_EXCLUSIVE_GREEN,43.6
21.216666666666665,-0.6659,0.7461,0,33.2,31.1,29.3,25.4,6.2,4.0,0.6,3.2,3.5,11.2,3.4,2.5,10.2,3.8000000000000003,14.7,5.9,23.6,NS,1.6,1,N_EXCLUSIVE_GREEN,33.7
22.45,-0.3947,0.9188,0,38.7,21.7,20.7,37.2,5.7,3.8,2.4,1.7,0.2,4.3,3.5,17.6,9.5,4.1,4.5,21.1,24.3,EW,3.13,4,W_EXCLUSIVE_GREEN,45.0
8.066666666666666,0.8572,-0.515,1,131.0,14.7,53.5,14.9,13.4,25.4,3.3,2.4,0.8,8.9,0.6,1.1,38.8,5.699999999999999,9.700000000000001,1.7000000000000002,57.8,NS,7.12,1,N_EXCLUSIVE_GREEN,45.0
3.5833333333333335,0.8064,0.5913,0,17.9,18.6,108.3,29.1,0.1,5.2,0.1,7.9,15.7,21.1,3.2,6.4,5.3,8.0,36.8,9.600000000000001,51.1,EW,3.67,3,E_EXCLUSIVE_GREEN,45.0
7.5,0.9239,-0.3827,1,135.8,15.3,64.5,12.9,11.3,18.8,0.8,3.0,4.2,12.0,1.9,0.5,30.1,3.8,16.2,2.4,34.5,NS,7.77,1,N_EXCLUSIVE_GREEN,45.0
11.633333333333333,0.0958,-0.9954,0,24.0,32.5,23.8,25.8,0.5,2.6,4.0,6.0,4.3,5.4,2.9,4.0,3.1,10.0,9.7,6.9,14.2,NS,1.96,2,S_EXCLUSIVE_GREEN,32.3
19.75,-0.8969,0.4423,0,23.8,25.0,29.1,22.7,5.3,0.9,5.9,6.8,4.0,7.4,0.3,2.3,6.2,12.7,11.4,2.5999999999999996,17.9,NS,1.54,2,S_EXCLUSIVE_GREEN,36.7
1.0,0.2588,0.9659,0,21.6,18.4,29.1,58.7,2.7,6.1,0.3,6.1,1.0,2.0,6.6,8.1,8.8,6.3999999999999995,3.0,14.7,24.4,EW,2.84,4,W_EXCLUSIVE_GREEN,45.0
9.416666666666666,0.6259,-0.7799,1,143.6,13.0,54.2,23.1,10.1,24.5,3.1,7.5,5.6,12.1,3.6,1.1,34.6,10.6,17.7,4.7,69.9,NS,4.62,1,N_EXCLUSIVE_GREEN,45.0
21.383333333333333,-0.6327,0.7744,0,50.5,32.8,30.7,22.7,8.9,6.0,4.5,4.4,1.6,3.4,3.8,5.6,14.9,8.9,5.0,9.399999999999999,18.4,NS,1.57,1,N_EXCLUSIVE_GREEN,45.0
18.183333333333334,-0.9988,0.048,1,15.1,70.1,21.8,103.1,1.7,2.4,12.8,11.6,0.6,2.8,11.9,12.1,4.1,24.4,3.4,24.0,46.1,EW,5.4,4,W_EXCLUSIVE_GREEN,45.0
8.166666666666666,0.8434,-0.5373,1,104.1,13.0,61.1,15.5,10.0,11.2,2.9,1.7,7.9,10.8,0.7,5.1,21.2,4.6,18.700000000000003,5.8,25.0,NS,5.46,1,N_EXCLUSIVE_GREEN,45.0
16.516666666666666,-0.9255,-0.3786,1,25.6,124.2,26.3,74.7,5.0,2.5,6.3,13.1,2.5,9.6,1.3,15.8,7.5,19.4,12.1,17.1,24.3,NS,3.37,2,S_EXCLUSIVE_GREEN,45.0
10.933333333333334,0.2756,-0.9613,0,31.0,24.1,25.5,22.6,2.8,6.7,2.9,2.8,4.2,4.9,2.1,2.2,9.5,5.699999999999999,9.100000000000001,4.300000000000001,11.2,NS,1.42,1,N_EXCLUSIVE_GREEN,30.7
2.3333333333333335,0.5736,0.8192,0,26.4,27.0,21.8,30.7,0.5,9.0,0.8,11.8,1.2,2.1,0.5,4.3,9.5,12.600000000000001,3.3,4.8,13.1,NS,1.18,0,BALANCED_PHASE,36.4
13.15,-0.2965,-0.955,0,33.2,17.7,50.1,31.8,4.8,2.9,2.4,3.4,7.5,3.0,2.1,5.5,7.699999999999999,5.8,10.5,7.6,18.4,EW,1.42,3,E_EXCLUSIVE_GREEN,36.9
1.1333333333333333,0.2924,0.9563,0,20.6,20.5,25.0,31.5,1.5,2.3,0.9,1.4,7.4,5.5,3.1,2.8,3.8,2.3,12.9,5.9,18.4,EW,1.68,3,E_EXCLUSIVE_GREEN,38.3
8.783333333333333,0.7461,-0.6659,1,80.6,13.1,116.1,12.9,4.4,15.1,3.3,8.3,13.0,18.4,0.6,1.6,19.5,11.600000000000001,31.4,2.2,52.8,EW,10.36,3,E_EXCLUSIVE_GREEN,45.0
11.983333333333333,0.0044,-1.0,0,27.6,28.7,21.7,24.7,2.1,8.2,1.8,4.1,0.9,4.8,1.0,6.3,10.299999999999999,5.8999999999999995,5.7,7.3,15.9,NS,1.35,0,BALANCED_PHASE,32.4
8.65,0.7688,-0.6394,1,61.6,13.4,64.5,13.8,7.4,8.8,0.4,0.6,8.8,7.8,1.5,1.1,16.200000000000003,1.0,16.6,2.6,19.8,EW,5.04,3,E_EXCLUSIVE_GREEN,45.0
8.55,0.7853,-0.6191,1,99.3,12.9,47.3,21.5,4.9,17.4,0.1,0.4,7.0,5.6,5.2,3.9,22.299999999999997,0.5,12.6,9.1,36.1,NS,11.79,1,N_EXCLUSIVE_GREEN,45.0
10.45,0.3947,-0.9188,0,23.3,34.0,21.6,37.2,2.7,0.9,5.4,7.4,2.1,6.4,1.6,10.8,3.6,12.8,8.5,12.4,25.1,EW,1.49,4,W_EXCLUSIVE_GREEN,39.0
10.783333333333333,0.3132,-0.9497,0,30.1,22.1,30.5,21.4,4.3,10.7,3.3,3.4,2.3,6.3,2.9,1.0,15.0,6.699999999999999,8.6,3.9,21.2,NS,1.81,1,N_EXCLUSIVE_GREEN,42.5
4.583333333333333,0.932,0.3624,0,24.7,29.0,39.5,36.6,5.3,3.2,6.3,1.6,1.8,10.5,2.3,8.6,8.5,7.9,12.3,10.899999999999999,26.2,EW,1.08,0,BALANCED_PHASE,39.3
21.666666666666668,-0.5736,0.8192,0,29.8,27.5,22.3,21.7,9.3,7.8,1.8,4.5,0.7,8.1,1.5,1.7,17.1,6.3,8.799999999999999,3.2,36.4,NS,1.88,1,N_EXCLUSIVE_GREEN,45.0
1.2,0.309,0.9511,0,22.9,115.0,23.8,23.0,5.9,2.3,8.3,17.4,6.5,5.3,0.4,2.9,8.2,25.7,11.8,3.3,27.9,NS,3.67,2,S_EXCLUSIVE_GREEN,45.0
5.033333333333333,0.9681,0.2504,0,23.9,24.2,21.3,26.7,1.5,1.6,0.1,5.2,1.1,4.0,5.0,11.0,3.1,5.3,5.1,16.0,22.9,EW,2.16,4,W_EXCLUSIVE_GREEN,44.1
5.75,0.9979,0.0654,0,25.8,25.3,25.7,37.3,7.4,0.5,0.7,1.3,6.4,2.5,1.3,2.8,7.9,2.0,8.9,4.1,15.6,EW,1.68,3,E_EXCLUSIVE_GREEN,31.1
3.95,0.8594,0.5113,0,38.5,36.9,39.8,32.8,3.2,5.1,4.6,2.6,10.9,7.3,1.3,5.8,8.3,7.199999999999999,18.2,7.1,28.4,EW,1.85,3,E_EXCLUSIVE_GREEN,45.0
1.4666666666666668,0.3746,0.9272,0,19.3,28.4,20.3,117.2,3.5,1.9,2.9,1.7,2.4,3.3,18.7,21.4,5.4,4.6,5.699999999999999,40.099999999999994,69.1,EW,6.19,4,W_EXCLUSIVE_GREEN,45.0
14.516666666666667,-0.6122,-0.7907,0,17.4,55.2,21.9,17.8,4.8,1.2,7.4,6.1,2.8,3.8,2.4,3.5,6.0,13.5,6.6,5.9,18.5,NS,2.46,2,S_EXCLUSIVE_GREEN,43.8
3.3666666666666667,0.7716,0.6361,0,17.8,18.6,135.3,23.4,1.1,1.3,2.1,10.5,31.6,16.8,0.4,4.8,2.4000000000000004,12.6,48.400000000000006,5.2,51.7,EW,7.27,3,E_EXCLUSIVE_GREEN,45.0
5.883333333333333,0.9995,0.0305,0,22.6,19.7,64.4,18.4,3.9,7.3,2.8,1.7,3.6,11.1,1.0,0.4,11.2,4.5,14.7,1.4,21.7,EW,4.95,3,E_EXCLUSIVE_GREEN,45.0
18.95,-0.9692,0.2462,1,21.0,61.1,15.1,47.8,0.5,5.2,8.0,14.4,1.5,1.5,4.5,5.4,5.7,22.4,3.0,9.9,48.5,NS,3.33,2,S_EXCLUSIVE_GREEN,45.0
21.616666666666667,-0.5842,0.8116,0,144.2,18.7,17.2,23.6,14.5,32.6,0.6,0.3,2.1,1.1,0.8,1.7,47.1,0.8999999999999999,3.2,2.5,74.6,NS,14.79,1,N_EXCLUSIVE_GREEN,45.0
16.816666666666666,-0.9524,-0.3049,1,16.1,67.1,14.9,75.2,3.7,4.6,3.6,10.3,3.3,1.8,4.9,15.1,8.3,13.9,5.1,20.0,40.8,EW,4.08,4,W_EXCLUSIVE_GREEN,45.0
18.183333333333334,-0.9988,0.048,1,27.2,58.5,16.5,93.0,3.0,4.2,5.6,10.2,5.3,5.3,9.6,15.9,7.2,15.799999999999999,10.6,25.5,27.2,EW,3.06,4,W_EXCLUSIVE_GREEN,45.0
13.966666666666667,-0.4924,-0.8704,0,23.8,19.0,24.7,73.5,0.9,5.4,0.5,3.5,5.0,3.6,5.3,24.4,6.300000000000001,4.0,8.6,29.7,41.3,EW,3.16,4,W_EXCLUSIVE_GREEN,45.0
21.1,-0.6884,0.7254,0,38.3,38.7,34.0,27.6,3.8,7.5,2.9,4.2,1.2,5.4,1.4,2.8,11.3,7.1,6.6000000000000005,4.199999999999999,20.9,NS,1.25,0,BALANCED_PHASE,36.6
0.3,0.0785,0.9969,0,20.9,30.0,30.5,27.3,0.3,1.9,1.8,7.2,3.6,3.4,3.9,8.2,2.1999999999999997,9.0,7.0,12.1,17.8,EW,1.4,3,E_EXCLUSIVE_GREEN,36.5
21.116666666666667,-0.6852,0.7284,0,68.1,20.8,19.3,18.7,7.7,10.0,3.0,4.3,1.6,3.6,1.1,1.4,17.7,7.3,5.2,2.5,34.9,NS,2.62,1,N_EXCLUSIVE_GREEN,45.0
10.15,0.4656,-0.885,0,29.5,17.3,31.6,95.0,2.4,3.8,2.0,1.9,4.6,6.0,7.5,11.5,6.199999999999999,3.9,10.6,19.0,35.9,EW,2.18,4,W_EXCLUSIVE_GREEN,45.0
22.7,-0.3338,0.9426,0,35.1,30.1,27.0,26.8,2.1,15.3,5.3,4.0,1.4,2.7,5.9,7.0,17.400000000000002,9.3,4.1,12.9,26.5,NS,1.54,1,N_EXCLUSIVE_GREEN,45.0
20.283333333333335,-0.8266,0.5628,0,27.1,20.5,25.5,20.3,1.0,4.7,0.7,2.6,5.4,4.4,2.4,10.0,5.7,3.3,9.8,12.4,16.5,EW,1.22,0,BALANCED_PHASE,36.0
0.35,0.0915,0.9958,0,31.9,31.8,36.5,26.7,3.7,1.3,5.4,3.5,6.0,9.6,5.3,2.3,5.0,8.9,15.6,7.6,33.8,EW,1.7,3,E_EXCLUSIVE_GREEN,45.0
20.65,-0.7688,0.6394,0,24.8,30.9,27.4,23.9,4.2,3.5,1.3,3.0,2.4,5.3,2.3,1.4,7.7,4.3,7.699999999999999,3.6999999999999997,8.0,NS,1.42,1,N_EXCLUSIVE_GREEN,26.8
10.766666666666667,0.3173,-0.9483,0,22.2,20.7,27.8,29.3,1.0,1.5,0.5,1.1,3.0,5.3,2.7,8.2,2.5,1.6,8.3,10.899999999999999,14.5,EW,1.17,0,BALANCED_PHASE,33.5
18.133333333333333,-0.9994,0.0349,1,15.2,94.3,16.8,90.8,3.2,0.9,16.8,13.5,0.3,1.8,9.8,15.2,4.1000000000000005,30.3,2.1,25.0,62.2,NS,6.43,2,S_EXCLUSIVE_GREEN,45.0
6.916666666666667,0.9713,-0.2377,0,18.3,17.5,53.8,28.6,0.7,3.5,2.2,2.0,10.8,6.5,3.3,1.0,4.2,4.2,17.3,4.3,23.7,EW,2.67,3,E_EXCLUSIVE_GREEN,45.0
10.85,0.2965,-0.955,0,65.6,29.4,18.1,29.3,8.5,14.2,1.5,6.1,0.4,2.9,2.6,1.6,22.7,7.6,3.3,4.2,29.2,NS,2.56,1,N_EXCLUSIVE_GREEN,45.0
17.633333333333333,-0.9954,-0.0958,1,15.5,94.0,13.0,74.4,0.2,0.9,10.4,20.0,2.2,2.0,6.7,11.2,1.1,30.4,4.2,17.9,46.7,NS,10.47,2,S_EXCLUSIVE_GREEN,45.0
12.083333333333334,-0.0218,-0.9998,0,30.4,138.3,31.5,23.6,2.5,1.7,23.2,29.0,1.9,4.3,4.5,1.7,4.2,52.2,6.199999999999999,6.2,103.7,NS,7.41,2,S_EXCLUSIVE_GREEN,45.0
7.816666666666666,0.889,-0.4579,1,60.6,13.9,47.8,17.1,2.6,13.2,4.3,1.0,5.9,7.2,0.1,5.4,15.799999999999999,5.3,13.100000000000001,5.5,26.9,NS,3.25,1,N_EXCLUSIVE_GREEN,45.0
12.083333333333334,-0.0218,-0.9998,0,26.9,52.1,21.1,28.6,2.5,10.1,5.3,5.0,2.1,3.7,0.9,2.1,12.6,10.3,5.800000000000001,3.0,26.0,NS,1.42,1,N_EXCLUSIVE_GREEN,42.2
5.4,0.9877,0.1564,0,34.8,24.6,20.0,30.9,5.3,6.1,2.8,2.3,4.2,2.6,0.8,1.9,11.399999999999999,5.1,6.800000000000001,2.7,23.5,NS,1.74,1,N_EXCLUSIVE_GREEN,36.4
9.683333333333334,0.57,-0.8216,0,33.9,37.7,25.3,25.9,1.4,15.3,0.5,8.3,5.4,2.7,2.3,4.2,16.7,8.8,8.100000000000001,6.5,26.1,NS,1.51,1,N_EXCLUSIVE_GREEN,45.0
20.15,-0.8457,0.5336,0,32.0,28.8,30.4,55.8,3.3,3.1,4.7,6.2,2.8,7.7,15.4,9.6,6.4,10.9,10.5,25.0,52.2,EW,2.12,4,W_EXCLUSIVE_GREEN,45.0
13.783333333333333,-0.4501,-0.893,0,33.0,32.4,26.5,24.4,5.9,4.4,4.2,6.5,5.8,1.9,4.0,6.2,10.3,10.7,7.699999999999999,10.2,11.0,NS,1.0,0,BALANCED_PHASE,33.4
9.95,0.5113,-0.8594,0,31.9,20.4,31.0,22.6,5.2,4.5,2.6,8.0,10.3,7.2,0.8,2.7,9.7,10.6,17.5,3.5,36.1,EW,2.78,3,E_EXCLUSIVE_GREEN,45.0
4.366666666666666,0.91,0.4147,0,27.5,35.1,31.9,23.2,1.1,2.9,3.7,11.0,6.1,2.5,6.6,7.0,4.0,14.7,8.6,13.6,25.8,NS,2.17,2,S_EXCLUSIVE_GREEN,43.3
11.533333333333333,0.1219,-0.9925,0,25.4,19.9,27.2,86.4,7.5,7.2,3.1,2.3,3.0,3.0,20.5,12.4,14.7,5.4,6.0,32.9,72.1,EW,4.2,4,W_EXCLUSIVE_GREEN,45.0
12.5,-0.1305,-0.9914,0,18.4,27.2,19.4,70.1,1.9,6.3,2.9,5.0,6.3,5.6,2.8,13.2,8.2,7.9,11.899999999999999,16.0,22.7,EW,1.84,4,W_EXCLUSIVE_GREEN,45.0
2.8,0.6691,0.7431,0,20.1,22.1,28.6,24.1,0.8,4.1,1.0,5.0,1.1,6.6,1.7,3.5,4.8999999999999995,6.0,7.699999999999999,5.2,9.8,EW,1.28,0,BALANCED_PHASE,26.5
11.65,0.0915,-0.9958,0,22.9,18.1,32.5,58.3,3.8,0.5,0.6,4.0,0.8,3.4,9.0,4.8,4.3,4.6,4.2,13.8,27.7,EW,2.28,4,W_EXCLUSIVE_GREEN,45.0
2.033333333333333,0.5075,0.8616,0,20.6,34.7,24.6,25.3,2.8,7.0,1.6,6.2,5.6,2.7,4.2,7.9,9.8,7.800000000000001,8.3,12.100000000000001,21.7,NS,1.35,0,BALANCED_PHASE,33.0
14.716666666666667,-0.6528,-0.7576,0,18.0,53.5,18.1,22.4,1.7,0.5,1.3,8.7,0.9,2.0,0.9,2.1,2.2,10.0,2.9,3.0,18.0,NS,3.28,2,S_EXCLUSIVE_GREEN,36.4
15.55,-0.8013,-0.5983,0,34.8,20.2,20.9,20.1,3.6,4.1,3.9,2.8,1.7,3.7,7.5,4.8,7.699999999999999,6.699999999999999,5.4,12.3,19.5,NS,1.3,0,BALANCED_PHASE,28.6
16.083333333333332,-0.8767,-0.481,0,17.6,19.7,21.9,87.5,1.4,2.5,3.0,7.6,0.7,1.8,10.0,19.1,3.9,10.6,2.5,29.1,46.3,EW,6.31,4,W_EXCLUSIVE_GREEN,45.0
2.966666666666667,0.7009,0.7133,0,36.8,23.5,27.7,26.1,4.2,10.5,1.2,6.9,7.5,6.0,1.9,1.4,14.7,8.1,13.5,3.3,18.6,NS,1.66,1,N_EXCLUSIVE_GREEN,42.9
9.15,0.6788,-0.7343,1,140.3,17.9,113.0,16.4,16.6,19.4,3.6,1.4,10.7,28.1,1.2,4.5,36.0,5.0,38.8,5.7,79.8,NS,7.06,1,N_EXCLUSIVE_GREEN,45.0
4.716666666666667,0.9441,0.3297,0,22.9,36.9,22.8,31.6,0.9,4.7,6.7,7.0,1.1,2.9,4.6,7.9,5.6000000000000005,13.7,4.0,12.5,30.1,NS,1.97,2,S_EXCLUSIVE_GREEN,42.0
7.55,0.9188,-0.3947,1,84.8,14.1,73.8,15.0,16.6,17.6,1.6,6.2,8.6,6.6,0.8,0.4,34.2,7.800000000000001,15.2,1.2000000000000002,47.4,NS,4.6,1,N_EXCLUSIVE_GREEN,45.0
13.3,-0.3338,-0.9426,0,21.5,20.9,26.1,26.8,2.7,1.8,0.8,6.3,1.5,3.0,4.0,4.1,4.5,7.1,4.5,8.1,12.5,EW,1.32,0,BALANCED_PHASE,27.3
17.066666666666666,-0.9703,-0.2419,1,23.1,60.0,12.5,83.0,2.2,3.8,7.9,7.3,1.6,5.4,9.6,18.5,6.0,15.2,7.0,28.1,45.4,EW,4.47,4,W_EXCLUSIVE_GREEN,45.0
1.5333333333333332,0.3907,0.9205,0,20.2,20.7,31.2,63.7,6.9,5.2,2.7,1.4,2.3,1.5,8.3,4.3,12.100000000000001,4.1,3.8,12.600000000000001,23.7,EW,2.4,4,W_EXCLUSIVE_GREEN,44.0
13.1,-0.284,-0.9588,0,23.4,33.5,23.6,25.3,2.9,1.7,4.1,3.2,3.7,4.4,4.2,3.9,4.6,7.3,8.100000000000001,8.1,11.0,NS,1.43,2,S_EXCLUSIVE_GREEN,26.7
23.6,-0.1045,0.9945,0,32.7,28.4,38.0,30.7,12.0,5.2,1.6,3.9,2.4,5.5,1.8,3.2,17.2,5.5,7.9,5.0,34.9,NS,2.03,1,N_EXCLUSIVE_GREEN,45.0
11.266666666666667,0.1908,-0.9816,0,25.0,22.2,39.4,36.0,0.9,6.0,2.6,2.7,7.2,7.9,1.9,2.1,6.9,5.300000000000001,15.100000000000001,4.0,16.6,EW,1.96,3,E_EXCLUSIVE_GREEN,44.0
16.016666666666666,-0.8682,-0.4962,0,28.7,22.6,26.3,56.1,1.5,2.5,3.5,4.6,2.8,5.1,5.7,8.7,4.0,8.1,7.8999999999999995,14.399999999999999,19.4,EW,1.87,4,W_EXCLUSIVE_GREEN,45.0
5.833333333333333,0.999,0.0436,0,20.4,21.6,23.6,69.3,0.7,4.8,1.0,3.4,2.6,2.6,4.2,10.4,5.5,4.4,5.2,14.600000000000001,31.4,EW,2.73,4,W_EXCLUSIVE_GREEN,45.0
1.0833333333333333,0.2798,0.96,0,25.8,25.3,22.7,28.2,0.8,8.0,3.3,4.5,0.1,10.0,3.2,6.0,8.8,7.8,10.1,9.2,22.2,EW,1.11,0,BALANCED_PHASE,32.5
22.316666666666666,-0.4266,0.9045,0,31.4,25.5,32.2,56.0,4.8,2.6,3.8,3.2,3.9,0.6,8.7,5.0,7.4,7.0,4.5,13.7,22.3,EW,2.18,4,W_EXCLUSIVE_GREEN,44.7
21.466666666666665,-0.6157,0.788,0,20.8,20.4,20.0,27.2,0.4,8.8,7.5,4.3,3.4,4.0,6.2,7.0,9.200000000000001,11.8,7.4,13.2,25.1,EW,1.56,4,W_EXCLUSIVE_GREEN,38.8
8.35,0.8166,-0.5771,1,78.5,25.0,55.5,14.8,5.0,10.0,2.3,1.9,4.6,6.2,0.9,2.6,15.0,4.199999999999999,10.8,3.5,23.5,NS,3.17,1,N_EXCLUSIVE_GREEN,45.0
5.216666666666667,0.979,0.2036,0,26.2,23.9,63.2,22.2,3.2,5.3,2.7,6.4,10.6,5.7,3.7,2.2,8.5,9.100000000000001,16.3,5.9,18.4,EW,2.67,3,E_EXCLUSIVE_GREEN,45.0
21.1,-0.6884,0.7254,0,28.1,31.5,20.3,38.7,2.5,3.2,1.6,4.9,1.1,1.0,5.5,5.6,5.7,6.5,2.1,11.1,12.9,EW,2.83,4,W_EXCLUSIVE_GREEN,35.4
0.0,0.0,1.0,0,70.1,26.4,30.2,23.0,11.9,10.2,1.8,1.3,3.4,13.1,1.3,3.0,22.1,3.1,16.5,4.3,31.6,NS,4.07,1,N_EXCLUSIVE_GREEN,45.0
5.683333333333334,0.9966,0.0828,0,27.9,23.2,23.5,22.1,5.6,1.4,0.7,4.6,6.0,2.7,2.2,3.5,7.0,5.3,8.7,5.7,10.9,NS,1.21,0,BALANCED_PHASE,25.1
22.416666666666668,-0.4027,0.9153,0,25.1,36.3,22.1,24.6,2.3,3.2,3.9,5.3,3.7,3.9,0.5,1.1,5.5,9.2,7.6,1.6,9.3,NS,1.49,2,S_EXCLUSIVE_GREEN,30.9
23.633333333333333,-0.0958,0.9954,0,26.4,39.9,25.1,38.8,1.8,10.7,3.5,10.1,2.6,1.4,1.3,11.4,12.5,13.6,4.0,12.700000000000001,22.2,NS,1.18,0,BALANCED_PHASE,41.6
9.65,0.5771,-0.8166,0,20.8,27.7,24.2,39.3,0.1,3.8,5.9,8.9,1.8,9.1,2.4,5.9,3.9,14.8,10.9,8.3,24.1,EW,1.37,0,BALANCED_PHASE,36.3
19.383333333333333,-0.9351,0.3543,1,16.0,51.1,12.8,75.6,4.0,4.6,3.5,9.0,0.4,3.7,7.3,15.8,8.6,12.5,4.1000000000000005,23.1,50.5,EW,5.34,4,W_EXCLUSIVE_GREEN,45.0
22.716666666666665,-0.3297,0.9441,0,29.3,32.9,21.8,27.2,3.3,12.6,2.9,2.4,5.1,3.4,4.0,3.9,15.899999999999999,5.3,8.5,7.9,23.9,NS,1.93,1,N_EXCLUSIVE_GREEN,45.0
21.416666666666668,-0.6259,0.7799,0,21.7,35.2,24.6,29.6,2.2,0.8,2.9,6.6,2.2,3.8,1.9,3.3,3.0,9.5,6.0,5.199999999999999,19.6,NS,2.11,2,S_EXCLUSIVE_GREEN,32.3
2.1333333333333333,0.5299,0.848,0,32.6,54.7,22.3,18.6,8.7,6.3,3.8,12.3,6.0,1.9,1.3,1.9,15.0,16.1,7.9,3.2,29.2,NS,1.23,2,S_EXCLUSIVE_GREEN,45.0
3.8666666666666667,0.848,0.5299,0,30.7,56.5,17.6,17.5,1.5,5.0,8.5,7.2,6.8,0.7,2.1,4.8,6.5,15.7,7.5,6.9,21.7,NS,2.06,2,S_EXCLUSIVE_GREEN,45.0
0.21666666666666667,0.0567,0.9984,0,21.7,23.1,27.8,23.5,0.9,0.7,7.6,3.2,3.0,3.8,2.4,6.9,1.6,10.8,6.8,9.3,14.6,EW,1.24,0,BALANCED_PHASE,30.1
4.683333333333334,0.9412,0.3379,0,18.3,129.6,22.2,27.3,0.4,1.8,10.0,23.6,1.1,3.0,5.9,7.0,2.2,33.6,4.1,12.9,46.4,NS,9.36,2,S_EXCLUSIVE_GREEN,45.0
2.3166666666666664,0.57,0.8216,0,23.7,31.1,27.4,21.5,2.3,1.9,2.6,4.9,0.7,4.3,1.5,2.1,4.199999999999999,7.5,5.0,3.6,11.7,NS,1.45,2,S_EXCLUSIVE_GREEN,26.8
4.5,0.9239,0.3827,0,24.0,35.0,30.5,25.7,1.2,2.9,0.4,8.9,4.4,5.7,4.2,3.2,4.1,9.3,10.100000000000001,7.4,20.7,EW,1.24,0,BALANCED_PHASE,32.8
3.1666666666666665,0.7373,0.6756,0,23.9,21.9,28.2,22.2,5.6,2.1,1.5,3.8,1.0,10.0,5.0,0.9,7.699999999999999,5.3,11.0,5.9,22.8,EW,1.53,3,E_EXCLUSIVE_GREEN,34.4
23.733333333333334,-0.0698,0.9976,0,21.8,23.3,22.9,22.1,1.3,5.9,3.3,4.4,0.2,3.3,1.6,1.5,7.2,7.7,3.5,3.1,15.6,NS,1.02,0,BALANCED_PHASE,26.2
15.5,-0.7934,-0.6088,0,20.6,20.5,18.9,138.6,1.0,4.3,2.0,4.1,1.9,2.9,16.9,27.6,5.3,6.1,4.8,44.5,89.6,EW,7.96,4,W_EXCLUSIVE_GREEN,45.0
18.25,-0.9979,0.0654,1,15.3,54.2,18.6,46.3,0.6,1.2,3.5,9.8,5.0,3.5,8.3,5.4,1.7999999999999998,13.3,8.5,13.700000000000001,23.7,EW,1.8,4,W_EXCLUSIVE_GREEN,43.1
6.3,0.9969,-0.0785,0,20.6,25.7,26.7,33.4,3.2,5.6,0.9,3.0,3.2,7.0,2.1,4.8,8.8,3.9,10.2,6.9,16.9,EW,1.33,0,BALANCED_PHASE,33.1
12.05,-0.0131,-0.9999,0,113.8,19.2,19.7,27.4,19.2,20.0,4.3,2.6,0.1,2.2,1.0,4.1,39.2,6.9,2.3000000000000003,5.1,78.8,NS,5.52,1,N_EXCLUSIVE_GREEN,45.0
20.9,-0.7254,0.6884,0,39.2,33.3,20.5,37.5,3.7,5.0,2.1,7.9,2.4,8.0,5.7,2.1,8.7,10.0,10.4,7.800000000000001,13.5,NS,1.13,0,BALANCED_PHASE,33.4
13.9,-0.4772,-0.8788,0,22.3,34.7,32.9,22.8,3.9,4.8,5.0,6.9,2.0,6.6,5.2,6.2,8.7,11.9,8.6,11.4,15.2,NS,1.38,0,BALANCED_PHASE,36.6
18.633333333333333,-0.9863,0.165,1,13.2,72.5,22.5,56.9,2.9,5.4,12.0,18.7,4.1,1.7,13.0,21.1,8.3,30.7,5.8,34.1,63.7,NS,3.95,2,S_EXCLUSIVE_GREEN,45.0
23.583333333333332,-0.1089,0.9941,0,36.4,21.4,22.8,29.6,6.1,9.9,1.3,4.4,1.5,1.2,1.1,1.9,16.0,5.7,2.7,3.0,26.4,NS,2.22,1,N_EXCLUSIVE_GREEN,45.0
1.5166666666666666,0.3867,0.9222,0,23.4,22.7,18.2,127.4,3.9,0.6,1.4,8.0,2.7,4.6,17.8,23.5,4.5,9.4,7.3,41.3,73.8,EW,5.84,4,W_EXCLUSIVE_GREEN,45.0
7.75,0.8969,-0.4423,1,108.8,16.4,46.8,12.4,12.1,18.1,0.7,2.9,7.8,8.3,0.2,2.4,30.200000000000003,3.5999999999999996,16.1,2.6,52.9,NS,7.04,1,N_EXCLUSIVE_GREEN,45.0
1.55,0.3947,0.9188,0,28.9,20.3,50.0,19.1,6.3,3.9,2.2,12.0,12.1,3.7,1.7,3.5,10.2,14.2,15.8,5.2,34.4,EW,2.71,3,E_EXCLUSIVE_GREEN,45.0
17.066666666666666,-0.9703,-0.2419,1,12.1,51.7,17.2,75.7,1.3,1.6,8.1,16.9,0.9,3.4,3.8,8.0,2.9000000000000004,25.0,4.3,11.8,31.0,EW,3.27,4,W_EXCLUSIVE_GREEN,45.0
8.95,0.7163,-0.6978,1,83.9,18.7,62.9,22.2,7.8,15.7,0.8,4.1,6.9,12.1,1.4,3.8,23.5,4.8999999999999995,19.0,5.199999999999999,41.2,NS,4.41,1,N_EXCLUSIVE_GREEN,45.0
20.433333333333334,-0.8039,0.5948,0,27.3,23.1,29.7,34.0,0.7,2.6,0.3,3.3,0.7,8.8,6.4,7.0,3.3,3.5999999999999996,9.5,13.4,16.8,EW,1.27,0,BALANCED_PHASE,39.6
3.5166666666666666,0.796,0.6053,0,25.4,26.2,24.4,25.2,0.9,1.8,4.6,1.7,0.9,2.5,0.5,9.9,2.7,6.3,3.4,10.4,17.7,EW,1.76,4,W_EXCLUSIVE_GREEN,32.1
20.366666666666667,-0.8141,0.5807,0,38.1,27.0,29.0,29.5,6.0,6.3,2.8,3.1,2.3,2.7,0.9,4.3,12.3,5.9,5.0,5.2,15.7,NS,1.69,1,N_EXCLUSIVE_GREEN,38.0
13.016666666666667,-0.263,-0.9648,0,26.2,61.6,19.9,32.0,2.1,4.2,7.7,8.6,1.8,3.6,3.5,12.0,6.300000000000001,16.3,5.4,15.5,34.5,NS,2.38,2,S_EXCLUSIVE_GREEN,45.0
15.366666666666667,-0.7716,-0.6361,0,35.8,33.7,25.8,35.4,4.2,3.9,3.1,7.8,1.8,6.0,2.5,11.1,8.1,10.9,7.8,13.6,25.1,NS,1.18,0,BALANCED_PHASE,35.8
16.233333333333334,-0.8949,-0.4462,0,34.0,27.3,35.0,24.9,4.5,2.3,1.3,2.2,4.5,9.2,0.9,7.4,6.8,3.5,13.7,8.3,23.2,EW,1.5,3,E_EXCLUSIVE_GREEN,41.0
21.35,-0.6394,0.7688,0,22.2,28.2,31.1,32.4,1.0,1.0,4.1,2.7,5.0,3.6,2.3,8.4,2.0,6.8,8.6,10.7,13.9,EW,1.12,0,BALANCED_PHASE,33.6
22.7,-0.3338,0.9426,0,31.0,27.5,35.1,27.0,1.2,9.6,2.5,3.8,6.0,4.3,2.0,2.9,10.799999999999999,6.3,10.3,4.9,13.9,EW,1.6,3,E_EXCLUSIVE_GREEN,33.3
9.766666666666667,0.5519,-0.8339,0,21.1,23.0,20.2,36.6,1.2,0.3,2.1,2.1,6.4,1.7,4.8,2.7,1.5,4.2,8.1,7.5,13.0,EW,1.28,0,BALANCED_PHASE,29.1
13.883333333333333,-0.4733,-0.8809,0,20.2,34.5,33.8,27.2,2.1,5.6,3.2,6.2,1.4,1.1,2.6,2.6,7.699999999999999,9.4,2.5,5.2,18.6,NS,1.33,0,BALANCED_PHASE,31.9
20.783333333333335,-0.7461,0.6659,0,30.3,30.1,31.9,107.1,2.0,2.4,2.2,7.1,2.7,2.3,8.7,20.7,4.4,9.3,5.0,29.4,48.9,EW,4.28,4,W_EXCLUSIVE_GREEN,45.0
5.65,0.9958,0.0915,0,50.4,23.9,23.8,31.6,3.6,10.0,3.6,7.1,3.0,2.5,1.2,3.6,13.6,10.7,5.5,4.8,27.7,NS,1.48,1,N_EXCLUSIVE_GREEN,44.0
21.5,-0.6088,0.7934,0,17.4,56.4,29.7,18.4,0.2,2.7,3.9,11.4,1.8,3.5,3.0,2.0,2.9000000000000004,15.3,5.3,5.0,25.0,NS,3.86,2,S_EXCLUSIVE_GREEN,45.0
5.633333333333333,0.9954,0.0958,0,31.3,22.6,33.0,28.2,1.4,8.9,1.6,1.1,1.8,5.1,1.3,8.0,10.3,2.7,6.8999999999999995,9.3,20.5,EW,1.22,0,BALANCED_PHASE,31.6
13.516666666666667,-0.3867,-0.9222,0,25.3,136.7,19.7,25.0,5.5,2.0,21.0,20.6,5.4,1.1,5.4,3.7,7.5,41.6,6.5,9.100000000000001,62.3,NS,5.28,2,S_EXCLUSIVE_GREEN,45.0
17.05,-0.9692,-0.2462,1,14.9,136.6,13.1,59.8,0.7,3.4,13.3,22.2,1.0,0.4,9.5,13.4,4.1,35.5,1.4,22.9,44.2,NS,8.3,2,S_EXCLUSIVE_GREEN,45.0
0.36666666666666664,0.0958,0.9954,0,31.1,27.4,37.7,21.2,0.5,4.5,1.9,1.2,8.2,6.6,0.9,1.7,5.0,3.0999999999999996,14.799999999999999,2.6,15.1,EW,3.04,3,E_EXCLUSIVE_GREEN,42.9
11.716666666666667,0.0741,-0.9973,0,63.9,20.1,21.6,33.0,4.3,11.3,3.0,3.6,13.5,1.6,4.5,0.8,15.600000000000001,6.6,15.1,5.3,21.6,NS,2.55,1,N_EXCLUSIVE_GREEN,45.0
2.35,0.5771,0.8166,0,26.3,22.6,28.1,37.3,2.0,1.5,3.0,3.5,2.1,4.6,7.5,5.2,3.5,6.5,6.699999999999999,12.7,27.7,EW,1.57,4,W_EXCLUSIVE_GREEN,39.9
19.233333333333334,-0.9483,0.3173,1,22.2,80.8,19.8,103.3,3.2,1.0,9.5,13.8,1.4,3.6,10.9,15.4,4.2,23.3,5.0,26.3,42.3,EW,4.97,4,W_EXCLUSIVE_GREEN,45.0
3.5833333333333335,0.8064,0.5913,0,31.6,29.8,81.3,20.7,4.0,1.0,4.0,1.1,3.2,24.9,3.9,1.7,5.0,5.1,28.099999999999998,5.6,31.5,EW,4.33,3,E_EXCLUSIVE_GREEN,45.0
10.833333333333334,0.3007,-0.9537,0,131.6,20.7,17.6,20.2,11.5,24.6,0.1,2.8,4.9,2.9,5.6,5.4,36.1,2.9,7.800000000000001,11.0,48.6,NS,8.28,1,N_EXCLUSIVE_GREEN,45.0
17.283333333333335,-0.9825,-0.1865,1,16.2,58.4,14.3,47.8,2.3,0.8,7.3,7.6,0.6,3.3,1.8,7.7,3.0999999999999996,14.899999999999999,3.9,9.5,31.6,NS,3.89,2,S_EXCLUSIVE_GREEN,45.0
4.9,0.9588,0.284,0,21.7,21.3,29.4,20.1,1.3,5.5,1.6,2.9,10.4,3.1,1.8,4.3,6.8,4.5,13.5,6.1,15.4,EW,1.82,3,E_EXCLUSIVE_GREEN,38.8
16.633333333333333,-0.9367,-0.3502,1,14.1,84.4,19.8,83.8,0.7,0.7,13.2,8.7,3.4,6.9,6.9,21.7,1.4,21.9,10.3,28.6,44.6,EW,3.07,4,W_EXCLUSIVE_GREEN,45.0
21.1,-0.6884,0.7254,0,24.5,37.3,22.0,37.8,7.2,2.8,2.8,11.3,1.2,4.5,4.5,7.2,10.0,14.100000000000001,5.7,11.7,17.3,NS,1.4,2,S_EXCLUSIVE_GREEN,41.6
14.85,-0.6788,-0.7343,0,20.2,32.5,34.8,30.9,0.6,3.1,8.0,6.4,4.0,5.4,2.6,4.2,3.7,14.4,9.4,6.800000000000001,21.6,EW,1.21,0,BALANCED_PHASE,32.2
3.1,0.7254,0.6884,0,28.9,35.5,29.0,29.0,0.8,9.4,2.7,3.7,1.4,3.4,7.1,8.3,10.200000000000001,6.4,4.8,15.4,26.1,NS,1.36,0,BALANCED_PHASE,34.4
19.833333333333332,-0.887,0.4617,0,31.7,39.2,24.3,24.9,5.9,4.7,5.0,6.8,3.2,2.1,4.3,2.0,10.600000000000001,11.8,5.300000000000001,6.3,14.5,NS,1.13,0,BALANCED_PHASE,37.1
3.8666666666666667,0.848,0.5299,0,29.9,31.2,26.1,22.8,1.8,6.3,2.0,2.0,3.8,2.8,0.5,5.7,8.1,4.0,6.6,6.2,9.0,NS,1.37,0,BALANCED_PHASE,27.7
16.1,-0.8788,-0.4772,0,74.1,32.8,26.4,29.5,4.1,15.0,1.8,3.3,10.8,3.4,3.3,4.2,19.1,5.1,14.200000000000001,7.5,35.2,NS,2.79,1,N_EXCLUSIVE_GREEN,45.0
6.966666666666667,0.9681,-0.2504,0,20.7,20.7,56.4,20.4,4.6,3.1,3.3,3.9,16.3,7.7,1.6,0.6,7.699999999999999,7.199999999999999,24.0,2.2,41.6,EW,5.21,3,E_EXCLUSIVE_GREEN,45.0
22.466666666666665,-0.3907,0.9205,0,21.3,20.8,26.4,22.7,0.7,5.0,2.6,0.7,4.8,5.0,1.5,4.3,5.7,3.3,9.8,5.8,16.9,EW,1.39,0,BALANCED_PHASE,31.0
15.766666666666667,-0.8339,-0.5519,0,20.6,32.9,21.5,20.5,2.4,3.7,2.3,6.0,0.8,3.5,0.4,4.9,6.1,8.3,4.3,5.300000000000001,16.7,NS,1.39,0,BALANCED_PHASE,29.2
4.683333333333334,0.9412,0.3379,0,28.0,62.9,24.4,17.6,3.3,3.3,6.0,10.5,1.4,11.5,2.0,4.2,6.6,16.5,12.9,6.2,32.8,NS,2.29,2,S_EXCLUSIVE_GREEN,45.0
3.9,0.8526,0.5225,0,25.8,29.5,28.4,129.1,8.4,4.1,5.5,5.1,2.5,3.7,22.2,20.1,12.5,10.6,6.2,42.3,43.2,EW,5.51,4,W_EXCLUSIVE_GREEN,45.0
0.25,0.0654,0.9979,0,39.2,22.0,23.0,26.0,3.2,5.6,3.4,3.4,2.8,4.4,0.6,2.5,8.8,6.8,7.2,3.1,10.7,NS,1.42,1,N_EXCLUSIVE_GREEN,30.7
15.35,-0.7688,-0.6394,0,26.9,69.4,24.0,27.7,3.8,3.6,9.6,10.5,7.2,3.8,0.8,2.5,7.4,20.1,11.0,3.3,41.9,NS,2.56,2,S_EXCLUSIVE_GREEN,45.0
2.283333333333333,0.5628,0.8266,0,17.9,17.9,28.5,53.7,2.4,1.8,0.3,0.3,2.0,8.0,5.1,6.7,4.2,0.6,10.0,11.8,17.7,EW,1.39,4,W_EXCLUSIVE_GREEN,40.0
11.666666666666666,0.0872,-0.9962,0,33.8,36.5,32.5,32.1,1.4,4.1,4.6,2.3,2.3,4.4,1.2,3.8,5.5,6.8999999999999995,6.7,5.0,9.4,NS,1.11,0,BALANCED_PHASE,26.3
4.8,0.9511,0.309,0,27.0,32.3,26.2,22.4,2.6,2.6,0.5,8.1,4.9,5.8,2.2,7.8,5.2,8.6,10.7,10.0,14.8,NS,1.36,0,BALANCED_PHASE,29.5
13.833333333333334,-0.4617,-0.887,0,23.4,22.8,26.3,113.9,4.2,3.1,1.7,3.7,0.7,4.6,13.1,28.8,7.300000000000001,5.4,5.3,41.9,74.9,EW,5.85,4,W_EXCLUSIVE_GREEN,45.0
13.966666666666667,-0.4924,-0.8704,0,38.5,31.1,30.6,29.7,5.4,5.6,0.6,2.9,2.1,2.1,3.6,7.2,11.0,3.5,4.2,10.8,20.6,NS,1.83,1,N_EXCLUSIVE_GREEN,36.0
14.9,-0.6884,-0.7254,0,23.0,20.7,32.1,22.4,0.8,0.6,3.7,3.5,1.7,10.5,1.1,7.7,1.4,7.2,12.2,8.8,14.5,EW,1.35,0,BALANCED_PHASE,36.6
21.383333333333333,-0.6327,0.7744,0,22.4,38.9,38.1,26.5,1.3,1.8,3.6,2.2,2.9,8.1,2.5,7.4,3.1,5.800000000000001,11.0,9.9,11.4,EW,1.19,0,BALANCED_PHASE,35.0
14.15,-0.5336,-0.8457,0,22.7,28.4,25.8,22.8,1.1,3.5,0.2,1.6,3.1,6.1,1.4,1.2,4.6,1.8,9.2,2.5999999999999996,9.7,EW,1.87,3,E_EXCLUSIVE_GREEN,29.0
22.85,-0.2965,0.955,0,25.2,36.7,22.1,20.4,2.5,0.9,4.9,4.0,1.4,5.1,0.5,7.7,3.4,8.9,6.5,8.2,10.6,NS,1.82,2,S_EXCLUSIVE_GREEN,30.5
2.0833333333333335,0.5188,0.8549,0,17.6,20.9,19.1,86.1,4.9,3.6,1.0,3.3,2.8,2.1,5.8,7.8,8.5,4.3,4.9,13.6,20.5,EW,3.34,4,W_EXCLUSIVE_GREEN,45.0
5.45,0.9897,0.1435,0,106.7,20.0,21.2,17.2,7.3,17.7,8.9,2.2,2.8,4.0,1.1,0.1,25.0,11.100000000000001,6.8,1.2000000000000002,28.0,NS,2.97,1,N_EXCLUSIVE_GREEN,45.0
21.983333333333334,-0.5038,0.8638,0,25.1,20.1,22.8,21.1,0.8,3.5,8.0,3.0,1.2,2.8,4.0,4.3,4.3,11.0,4.0,8.3,15.5,NS,1.82,1,N_EXCLUSIVE_GREEN,33.1
18.05,-0.9999,0.0131,1,12.2,66.1,27.2,53.0,0.4,4.2,7.4,9.9,3.4,3.9,5.2,8.1,4.6000000000000005,17.3,7.3,13.3,25.1,EW,1.81,4,W_EXCLUSIVE_GREEN,43.7
20.75,-0.7518,0.6593,0,33.0,36.6,37.2,33.8,7.4,3.6,1.5,3.2,5.2,6.8,3.1,8.9,11.0,4.7,12.0,12.0,25.6,EW,1.01,0,BALANCED_PHASE,38.3
16.3,-0.9026,-0.4305,0,30.6,21.4,24.4,22.2,2.7,6.8,1.3,1.3,1.8,3.5,0.5,2.7,9.5,2.6,5.3,3.2,13.3,NS,2.11,1,N_EXCLUSIVE_GREEN,30.8
21.733333333333334,-0.5592,0.829,0,35.5,23.8,26.5,24.8,6.1,3.2,3.1,8.6,0.6,6.9,2.4,5.3,9.3,11.7,7.5,7.699999999999999,25.0,NS,1.29,0,BALANCED_PHASE,37.3
9.766666666666667,0.5519,-0.8339,0,32.5,20.8,32.7,26.2,4.0,3.5,3.6,4.4,5.4,7.1,2.9,1.4,7.5,8.0,12.5,4.3,22.8,EW,1.9,3,E_EXCLUSIVE_GREEN,38.2
11.0,0.2588,-0.9659,0,22.0,25.9,38.1,34.9,5.1,5.2,8.0,6.2,2.5,4.2,3.1,7.5,10.3,14.2,6.7,10.6,21.3,EW,1.28,0,BALANCED_PHASE,35.2
16.65,-0.9382,-0.3461,1,19.6,50.0,12.1,67.7,1.2,1.8,2.4,5.5,0.1,3.1,7.4,4.6,3.0,7.9,3.2,12.0,20.7,EW,4.18,4,W_EXCLUSIVE_GREEN,43.3
4.733333333333333,0.9455,0.3256,0,36.4,21.2,22.2,26.3,3.0,0.9,1.4,3.8,6.9,3.0,4.1,1.4,3.9,5.199999999999999,9.9,5.5,15.8,NS,1.45,1,N_EXCLUSIVE_GREEN,23.5
20.216666666666665,-0.8363,0.5483,0,26.0,21.5,23.0,20.3,2.5,11.9,0.9,5.7,1.4,2.2,0.8,3.6,14.4,6.6000000000000005,3.6,4.4,21.1,NS,1.72,1,N_EXCLUSIVE_GREEN,40.6
19.833333333333332,-0.887,0.4617,0,23.1,31.1,24.9,21.0,3.5,5.2,3.3,5.0,2.4,1.5,3.2,8.3,8.7,8.3,3.9,11.5,17.0,NS,1.11,0,BALANCED_PHASE,29.7
14.733333333333333,-0.6561,-0.7547,0,28.4,22.9,26.6,99.3,1.9,4.2,7.3,3.3,7.9,5.3,7.2,16.3,6.1,10.6,13.2,23.5,45.9,EW,2.28,4,W_EXCLUSIVE_GREEN,45.0
6.933333333333334,0.9703,-0.2419,0,50.5,32.3,32.2,18.4,7.5,9.3,4.8,9.2,2.2,4.3,0.2,5.5,16.8,14.0,6.5,5.7,24.3,NS,1.28,1,N_EXCLUSIVE_GREEN,45.0
17.35,-0.9856,-0.1693,1,20.2,58.5,13.8,67.7,7.3,5.0,14.1,7.2,2.9,2.5,10.6,9.1,12.3,21.3,5.4,19.7,29.9,NS,1.96,2,S_EXCLUSIVE_GREEN,45.0
12.766666666666667,-0.1994,-0.9799,0,36.4,23.1,22.8,37.8,9.3,6.4,0.9,2.7,0.3,3.3,2.2,2.4,15.700000000000001,3.6,3.5999999999999996,4.6,29.9,NS,2.64,1,N_EXCLUSIVE_GREEN,45.0
4.55,0.9288,0.3706,0,24.5,38.7,20.1,24.4,1.8,6.3,4.3,6.5,1.1,2.1,4.2,7.5,8.1,10.8,3.2,11.7,16.0,NS,1.37,0,BALANCED_PHASE,35.2
9.216666666666667,0.6659,-0.7461,1,102.3,13.2,93.8,15.3,12.5,14.8,0.1,0.4,7.7,13.5,0.8,1.5,27.3,0.5,21.2,2.3,33.4,NS,13.13,1,N_EXCLUSIVE_GREEN,45.0
2.533333333333333,0.6157,0.788,0,34.1,29.4,24.3,23.9,2.6,4.5,3.9,8.1,0.9,5.0,2.3,8.5,7.1,12.0,5.9,10.8,17.2,NS,1.4,0,BALANCED_PHASE,36.9
16.35,-0.9081,-0.4187,0,23.1,21.7,21.6,35.7,1.1,5.0,3.9,2.1,0.6,1.7,5.1,6.3,6.1,6.0,2.3,11.399999999999999,24.0,EW,2.61,4,W_EXCLUSIVE_GREEN,36.6
5.016666666666667,0.967,0.2546,0,22.1,25.8,83.1,19.5,4.1,5.4,3.6,4.9,11.6,18.6,1.5,1.7,9.5,8.5,30.200000000000003,3.2,62.5,EW,6.17,3,E_EXCLUSIVE_GREEN,45.0
7.883333333333333,0.8809,-0.4733,1,111.3,13.0,86.1,15.6,18.9,30.4,0.9,1.5,6.7,11.3,1.0,3.7,49.3,2.4,18.0,4.7,104.5,NS,12.99,1,N_EXCLUSIVE_GREEN,45.0
9.766666666666667,0.5519,-0.8339,0,26.2,27.3,21.2,26.5,4.3,3.8,3.3,4.3,4.2,3.1,3.6,2.0,8.1,7.6,7.300000000000001,5.6,12.1,NS,1.02,0,BALANCED_PHASE,27.3
16.116666666666667,-0.8809,-0.4733,0,28.6,22.9,28.1,23.3,4.3,4.3,1.5,5.4,2.7,6.9,1.4,3.0,8.6,6.9,9.600000000000001,4.4,18.7,NS,1.2,0,BALANCED_PHASE,29.2
11.266666666666667,0.1908,-0.9816,0,31.9,25.4,40.0,31.3,10.8,4.2,4.1,6.1,5.0,2.7,3.1,9.3,15.0,10.2,7.7,12.4,18.7,EW,1.41,3,E_EXCLUSIVE_GREEN,38.9
11.116666666666667,0.2292,-0.9734,0,75.0,18.9,27.6,19.7,5.1,14.2,5.2,1.7,1.9,5.5,0.6,3.8,19.299999999999997,6.9,7.4,4.3999999999999995,24.9,NS,3.07,1,N_EXCLUSIVE_GREEN,45.0
14.316666666666666,-0.57,-0.8216,0,27.3,24.8,35.0,29.5,6.0,8.4,3.0,5.5,9.4,10.6,11.0,6.8,14.4,8.5,20.0,17.8,23.2,EW,1.12,0,BALANCED_PHASE,45.0
0.48333333333333334,0.1262,0.992,0,18.3,51.2,23.7,17.2,1.0,2.2,4.1,10.6,0.8,3.3,0.7,2.0,3.2,14.7,4.1,2.7,27.4,NS,3.39,2,S_EXCLUSIVE_GREEN,45.0
23.616666666666667,-0.1002,0.995,0,26.7,23.3,29.6,23.1,1.9,5.9,1.2,3.1,1.4,3.2,1.7,4.9,7.800000000000001,4.3,4.6,6.6000000000000005,14.8,EW,1.29,0,BALANCED_PHASE,25.0
20.7,-0.7604,0.6494,0,22.2,20.4,33.0,30.7,1.2,0.7,1.0,4.4,3.3,8.9,1.5,3.7,1.9,5.4,12.2,5.2,20.6,EW,1.59,3,E_EXCLUSIVE_GREEN,37.4
19.233333333333334,-0.9483,0.3173,1,12.6,70.9,23.3,63.4,0.6,3.4,7.1,7.1,1.7,6.9,11.7,9.5,4.0,14.2,8.6,21.2,36.1,EW,2.46,4,W_EXCLUSIVE_GREEN,45.0
11.316666666666666,0.1779,-0.984,0,17.5,96.1,20.5,20.5,0.8,3.2,8.7,13.0,1.2,2.6,0.4,5.1,4.0,21.7,3.8,5.5,39.0,NS,5.11,2,S_EXCLUSIVE_GREEN,45.0
22.4,-0.4067,0.9135,0,22.9,30.9,22.4,36.2,1.1,1.5,1.8,6.3,2.2,2.3,5.7,3.6,2.6,8.1,4.5,9.3,13.4,EW,1.75,4,W_EXCLUSIVE_GREEN,31.5
7.1,0.9588,-0.284,1,69.7,15.1,89.1,23.3,4.9,19.9,1.8,1.9,12.0,11.6,1.7,6.5,24.799999999999997,3.7,23.6,8.2,48.1,EW,3.1,3,E_EXCLUSIVE_GREEN,45.0
10.55,0.3706,-0.9288,0,34.4,26.7,37.1,25.6,1.7,5.5,3.7,11.0,3.7,6.4,1.9,3.7,7.2,14.7,10.100000000000001,5.6,21.9,NS,1.66,1,N_EXCLUSIVE_GREEN,42.8
11.483333333333333,0.1349,-0.9909,0,23.0,17.9,17.6,79.3,4.5,2.7,0.7,7.6,2.8,1.4,12.8,8.4,7.2,8.299999999999999,4.199999999999999,21.200000000000003,29.0,EW,4.51,4,W_EXCLUSIVE_GREEN,45.0
13.083333333333334,-0.2798,-0.96,0,26.4,17.9,22.3,65.1,5.3,4.3,2.5,1.0,0.9,1.8,6.0,8.8,9.6,3.5,2.7,14.8,21.0,EW,3.63,4,W_EXCLUSIVE_GREEN,45.0
4.5,0.9239,0.3827,0,55.0,29.7,20.8,26.5,7.5,11.8,5.2,8.0,4.8,4.2,1.1,2.6,19.3,13.2,9.0,3.7,40.5,NS,1.54,1,N_EXCLUSIVE_GREEN,45.0
11.716666666666667,0.0741,-0.9973,0,24.7,21.3,23.8,20.1,0.8,0.9,4.1,9.2,0.0,3.7,4.1,1.4,1.7000000000000002,13.299999999999999,3.7,5.5,19.2,NS,2.82,1,N_EXCLUSIVE_GREEN,38.0
18.583333333333332,-0.9884,0.1521,1,20.5,143.3,23.5,91.6,1.2,0.7,15.2,17.2,3.2,1.6,5.8,19.7,1.9,32.4,4.800000000000001,25.5,34.6,NS,9.4,2,S_EXCLUSIVE_GREEN,45.0
16.816666666666666,-0.9524,-0.3049,1,15.9,72.1,14.4,51.5,1.4,2.5,5.8,14.1,5.1,1.8,2.3,6.3,3.9,19.9,6.8999999999999995,8.6,29.8,NS,4.52,2,S_EXCLUSIVE_GREEN,45.0
12.916666666666666,-0.2377,-0.9713,0,26.0,21.0,30.8,58.1,1.1,3.0,0.4,1.5,8.0,11.1,8.8,3.7,4.1,1.9,19.1,12.5,20.3,EW,1.6,3,E_EXCLUSIVE_GREEN,45.0
20.45,-0.8013,0.5983,0,33.5,29.1,30.2,26.5,1.8,7.2,4.5,9.6,1.8,8.3,2.8,1.8,9.0,14.1,10.100000000000001,4.6,29.6,NS,1.36,0,BALANCED_PHASE,42.2
22.983333333333334,-0.263,0.9648,0,31.7,36.7,40.0,27.8,0.9,2.8,2.0,6.8,6.7,3.9,3.4,8.3,3.6999999999999997,8.8,10.6,11.700000000000001,23.0,EW,1.18,0,BALANCED_PHASE,37.9
23.433333333333334,-0.1478,0.989,0,26.4,31.5,34.9,25.8,1.0,2.2,2.5,5.4,5.1,7.0,3.0,3.5,3.2,7.9,12.1,6.5,23.5,EW,1.57,3,E_EXCLUSIVE_GREEN,37.8
4.533333333333333,0.9272,0.3746,0,19.1,28.1,18.8,114.1,2.3,2.0,2.8,5.8,3.3,3.5,10.6,13.3,4.3,8.6,6.8,23.9,31.7,EW,4.23,4,W_EXCLUSIVE_GREEN,45.0
4.75,0.9469,0.3214,0,20.3,35.8,36.0,32.5,1.3,1.2,7.3,5.9,3.8,7.7,0.7,4.9,2.5,13.2,11.5,5.6000000000000005,24.3,EW,1.48,3,E_EXCLUSIVE_GREEN,36.9
16.116666666666667,-0.8809,-0.4733,0,24.8,28.8,30.4,21.3,5.1,6.4,2.6,2.9,1.4,7.1,0.9,7.7,11.5,5.5,8.5,8.6,15.4,NS,1.58,1,N_EXCLUSIVE_GREEN,34.7
14.5,-0.6088,-0.7934,0,28.5,71.2,29.3,26.6,0.5,4.9,10.5,11.5,2.2,3.3,5.4,4.4,5.4,22.0,5.5,9.8,30.5,NS,3.12,2,S_EXCLUSIVE_GREEN,45.0
17.383333333333333,-0.987,-0.1607,1,15.4,59.6,15.0,52.7,0.5,0.5,4.3,5.1,2.9,0.5,3.2,3.6,1.0,9.399999999999999,3.4,6.800000000000001,10.6,NS,4.65,2,S_EXCLUSIVE_GREEN,35.6
3.6333333333333333,0.8141,0.5807,0,22.9,30.3,21.0,31.3,0.9,4.6,4.7,2.3,1.1,1.5,2.1,10.2,5.5,7.0,2.6,12.299999999999999,21.6,EW,2.54,4,W_EXCLUSIVE_GREEN,37.4
3.1166666666666667,0.7284,0.6852,0,20.5,20.9,64.4,21.7,3.8,4.7,4.3,1.6,4.8,14.5,1.1,5.7,8.5,5.9,19.3,6.800000000000001,24.4,EW,2.77,3,E_EXCLUSIVE_GREEN,45.0
1.55,0.3947,0.9188,0,21.1,27.1,52.3,25.1,4.2,7.4,3.3,11.5,1.7,9.4,2.5,3.0,11.600000000000001,14.8,11.1,5.5,28.6,EW,1.95,3,E_EXCLUSIVE_GREEN,39.5
9.383333333333333,0.6327,-0.7744,1,55.8,18.9,82.0,22.9,1.5,6.9,2.0,0.4,8.6,9.4,0.8,2.1,8.4,2.4,18.0,2.9000000000000004,32.3,EW,4.31,3,E_EXCLUSIVE_GREEN,45.0
9.3,0.6494,-0.7604,1,140.1,16.3,59.1,24.7,22.7,13.6,0.6,3.1,3.8,5.2,1.1,3.0,36.3,3.7,9.0,4.1,66.2,NS,8.63,1,N_EXCLUSIVE_GREEN,45.0
15.016666666666667,-0.7102,-0.704,0,27.4,26.6,31.5,30.1,2.1,5.2,7.2,1.0,4.2,7.3,11.8,8.1,7.300000000000001,8.2,11.5,19.9,27.1,EW,1.45,3,E_EXCLUSIVE_GREEN,45.0
4.833333333333333,0.9537,0.3007,0,29.2,21.9,20.2,28.3,5.6,4.9,1.4,6.3,1.5,7.0,3.1,5.4,10.5,7.699999999999999,8.5,8.5,13.8,NS,1.3,0,BALANCED_PHASE,32.6
1.9833333333333334,0.4962,0.8682,0,31.2,31.9,30.1,20.7,2.8,2.2,1.9,8.1,0.8,12.2,0.1,1.0,5.0,10.0,13.0,1.1,20.6,NS,1.39,0,BALANCED_PHASE,32.8
9.216666666666667,0.6659,-0.7461,1,115.0,17.4,78.6,20.5,13.7,23.0,0.2,1.3,6.4,10.8,1.2,5.2,36.7,1.5,17.200000000000003,6.4,39.5,NS,10.89,1,N_EXCLUSIVE_GREEN,45.0
5.866666666666667,0.9994,0.0349,0,25.0,26.9,21.0,29.3,2.6,3.5,2.0,4.0,3.5,12.2,1.6,3.3,6.1,6.0,15.7,4.9,29.6,EW,2.25,3,E_EXCLUSIVE_GREEN,44.6
0.11666666666666667,0.0305,0.9995,0,34.3,25.5,31.4,26.4,1.3,2.3,3.2,4.3,4.5,5.7,1.5,13.8,3.5999999999999996,7.5,10.2,15.3,27.2,EW,1.35,0,BALANCED_PHASE,44.0
2.9166666666666665,0.6915,0.7224,0,32.2,19.5,28.9,103.1,2.0,2.9,0.3,2.2,4.4,6.0,15.5,15.4,4.9,2.5,10.4,30.9,54.6,EW,3.09,4,W_EXCLUSIVE_GREEN,45.0
18.316666666666666,-0.9966,0.0828,1,12.3,118.0,23.3,69.0,3.5,3.4,9.0,14.2,2.1,2.9,10.3,15.3,6.9,23.2,5.0,25.6,38.4,NS,4.74,2,S_EXCLUSIVE_GREEN,45.0
18.466666666666665,-0.9925,0.1219,1,13.0,78.8,22.1,118.3,0.6,0.2,12.1,15.0,0.3,4.9,14.8,15.1,0.8,27.1,5.2,29.9,55.5,EW,5.29,4,W_EXCLUSIVE_GREEN,45.0
10.833333333333334,0.3007,-0.9537,0,22.2,55.8,24.4,17.4,2.2,3.4,8.0,8.7,4.2,5.1,4.1,2.7,5.6,16.7,9.3,6.8,28.8,NS,2.64,2,S_EXCLUSIVE_GREEN,45.0
4.533333333333333,0.9272,0.3746,0,33.8,26.5,26.4,30.2,6.1,4.7,10.2,3.8,6.8,3.1,3.7,5.6,10.8,14.0,9.9,9.3,23.7,NS,1.25,0,BALANCED_PHASE,41.5
14.7,-0.6494,-0.7604,0,26.6,22.4,24.6,37.1,4.9,1.4,1.3,5.0,1.4,3.5,1.4,12.4,6.300000000000001,6.3,4.9,13.8,19.2,EW,2.06,4,W_EXCLUSIVE_GREEN,41.2
23.333333333333332,-0.1736,0.9848,0,19.4,28.8,31.7,65.2,2.9,1.0,1.9,2.7,10.7,5.8,7.5,9.6,3.9,4.6,16.5,17.1,25.8,EW,1.29,4,W_EXCLUSIVE_GREEN,45.0
12.233333333333333,-0.061,-0.9981,0,39.2,29.1,24.8,27.6,4.0,6.1,4.0,4.6,0.6,1.9,2.6,1.1,10.1,8.6,2.5,3.7,19.8,NS,1.2,0,BALANCED_PHASE,34.2
10.566666666666666,0.3665,-0.9304,0,28.9,27.5,18.3,56.3,1.9,5.9,2.0,5.5,0.5,1.1,2.9,7.8,7.800000000000001,7.5,1.6,10.7,10.9,EW,3.82,4,W_EXCLUSIVE_GREEN,37.6
23.283333333333335,-0.1865,0.9825,0,35.7,39.9,39.0,20.0,8.8,4.5,4.1,3.8,2.0,4.6,5.0,4.4,13.3,7.8999999999999995,6.6,9.4,19.0,NS,1.37,0,BALANCED_PHASE,40.7
5.75,0.9979,0.0654,0,17.2,31.3,61.6,28.9,0.3,0.2,4.6,6.4,13.6,5.2,3.6,8.6,0.5,11.0,18.8,12.2,39.6,EW,1.68,3,E_EXCLUSIVE_GREEN,45.0
17.683333333333334,-0.9966,-0.0828,1,15.3,72.5,16.5,68.7,1.1,1.1,5.7,4.3,6.5,0.7,9.8,8.6,2.2,10.0,7.2,18.4,40.2,EW,2.92,4,W_EXCLUSIVE_GREEN,45.0
3.6833333333333336,0.8216,0.57,0,24.2,32.0,25.6,22.2,1.6,3.6,2.7,0.8,2.6,7.8,2.0,1.9,5.2,3.5,10.4,3.9,18.8,NS,1.31,0,BALANCED_PHASE,23.0
6.65,0.9856,-0.1693,0,23.3,25.0,30.2,23.9,0.5,4.0,5.3,2.9,6.1,3.6,1.2,5.7,4.5,8.2,9.7,6.9,19.0,EW,1.29,0,BALANCED_PHASE,31.7
1.6,0.4067,0.9135,0,29.0,24.7,22.7,23.4,3.3,8.4,1.9,6.4,3.3,4.2,3.5,7.3,11.7,8.3,7.5,10.8,22.1,NS,1.27,0,BALANCED_PHASE,35.8
15.533333333333333,-0.7986,-0.6018,0,26.4,26.5,22.1,35.6,2.7,7.7,1.3,3.6,0.2,5.2,4.1,3.3,10.4,4.9,5.4,7.3999999999999995,14.6,EW,1.41,4,W_EXCLUSIVE_GREEN,27.7
3.7,0.8241,0.5664,0,23.1,34.8,31.6,23.9,1.7,3.6,2.6,6.9,2.6,3.3,0.5,4.2,5.3,9.5,5.9,4.7,18.1,NS,1.58,2,S_EXCLUSIVE_GREEN,32.1
5.016666666666667,0.967,0.2546,0,31.8,80.6,28.0,17.6,3.0,6.7,8.4,11.2,3.1,6.0,0.8,2.1,9.7,19.6,9.1,2.9000000000000004,20.7,NS,2.16,2,S_EXCLUSIVE_GREEN,45.0
7.883333333333333,0.8809,-0.4733,1,91.4,12.4,59.8,20.8,7.6,12.2,9.4,0.8,4.5,11.5,1.2,1.0,19.799999999999997,10.200000000000001,16.0,2.2,27.8,NS,2.89,1,N_EXCLUSIVE_GREEN,45.0
22.883333333333333,-0.2882,0.9576,0,27.6,32.4,36.9,26.4,2.0,6.7,2.2,4.1,7.6,2.2,1.4,3.4,8.7,6.3,9.8,4.8,19.7,EW,1.62,3,E_EXCLUSIVE_GREEN,33.2
14.083333333333334,-0.5188,-0.8549,0,23.2,39.7,35.8,23.1,2.4,4.2,4.7,3.5,6.2,4.2,1.1,5.7,6.6,8.2,10.4,6.800000000000001,21.0,NS,1.37,0,BALANCED_PHASE,30.7
19.333333333333332,-0.9397,0.342,1,15.2,93.2,26.5,50.3,0.6,0.6,14.5,13.0,3.3,10.7,4.2,16.7,1.2,27.5,14.0,20.9,55.3,NS,9.72,2,S_EXCLUSIVE_GREEN,45.0
12.616666666666667,-0.1607,-0.987,0,140.4,22.1,20.7,32.5,11.4,24.7,2.1,2.4,1.2,1.1,6.1,6.4,36.1,4.5,2.3,12.5,64.7,NS,6.81,1,N_EXCLUSIVE_GREEN,45.0
10.45,0.3947,-0.9188,0,144.8,22.4,23.1,22.3,20.2,23.0,3.2,3.4,0.5,1.1,1.7,4.8,43.2,6.6,1.6,6.5,70.5,NS,6.23,1,N_EXCLUSIVE_GREEN,45.0
16.333333333333332,-0.9063,-0.4226,0,87.0,18.2,18.7,17.3,15.2,19.2,2.0,1.4,0.5,4.4,2.1,3.1,34.4,3.4,4.9,5.2,68.2,NS,6.88,1,N_EXCLUSIVE_GREEN,45.0
3.1,0.7254,0.6884,0,22.3,21.8,34.6,23.7,0.8,5.6,0.5,1.1,3.5,4.4,0.8,5.5,6.3999999999999995,1.6,7.9,6.3,9.9,EW,1.28,0,BALANCED_PHASE,28.0
9.15,0.6788,-0.7343,1,59.1,14.1,60.0,18.5,6.6,8.8,0.3,0.7,14.5,7.0,0.5,0.7,15.4,1.0,21.5,1.2,28.0,EW,6.19,3,E_EXCLUSIVE_GREEN,45.0
5.266666666666667,0.9816,0.1908,0,29.1,22.5,31.9,21.7,4.5,1.6,1.1,3.1,3.5,5.8,1.9,3.6,6.1,4.2,9.3,5.5,13.2,EW,1.52,3,E_EXCLUSIVE_GREEN,30.7
4.316666666666666,0.9045,0.4266,0,28.6,21.2,25.1,23.2,1.5,3.2,3.7,0.4,3.6,5.6,3.1,1.5,4.7,4.1000000000000005,9.2,4.6,14.8,EW,1.46,3,E_EXCLUSIVE_GREEN,29.4
21.166666666666668,-0.6756,0.7373,0,32.2,17.7,92.8,26.0,1.4,3.4,2.0,2.3,16.1,14.3,3.5,1.8,4.8,4.3,30.400000000000002,5.3,53.0,EW,4.45,3,E_EXCLUSIVE_GREEN,45.0
5.016666666666667,0.967,0.2546,0,28.0,35.3,24.4,23.6,7.2,5.9,3.5,2.4,1.2,2.6,1.9,2.1,13.100000000000001,5.9,3.8,4.0,17.6,NS,1.68,1,N_EXCLUSIVE_GREEN,39.3
9.4,0.6293,-0.7771,1,64.5,20.9,51.7,13.5,11.9,16.7,0.2,1.1,7.0,21.3,0.3,3.0,28.6,1.3,28.3,3.3,33.4,NS,6.93,1,N_EXCLUSIVE_GREEN,45.0
3.3333333333333335,0.766,0.6428,0,17.9,19.3,70.0,22.2,2.2,5.7,1.1,4.0,8.6,9.9,2.9,2.7,7.9,5.1,18.5,5.6,39.7,EW,3.09,3,E_EXCLUSIVE_GREEN,45.0
8.4,0.809,-0.5878,1,89.8,21.1,54.6,14.2,12.1,11.0,7.4,2.7,7.5,5.0,0.3,4.1,23.1,10.100000000000001,12.5,4.3999999999999995,25.4,NS,2.77,1,N_EXCLUSIVE_GREEN,45.0
3.05,0.7163,0.6978,0,23.2,122.9,18.2,29.5,0.1,3.6,15.6,25.0,1.4,4.1,3.0,5.0,3.7,40.6,5.5,8.0,56.8,NS,7.38,2,S_EXCLUSIVE_GREEN,45.0
15.533333333333333,-0.7986,-0.6018,0,34.9,28.7,27.5,23.0,1.1,5.4,6.4,1.3,1.9,9.0,0.2,5.3,6.5,7.7,10.9,5.5,14.9,NS,1.15,0,BALANCED_PHASE,28.2
12.116666666666667,-0.0305,-0.9995,0,28.8,26.1,120.3,18.0,2.1,5.0,3.0,3.6,11.3,12.6,1.0,3.8,7.1,6.6,23.9,4.8,47.8,EW,5.39,3,E_EXCLUSIVE_GREEN,45.0
14.583333333333334,-0.6259,-0.7799,0,23.1,20.5,20.5,22.5,2.3,2.3,1.4,1.2,1.1,1.6,1.3,5.1,4.6,2.5999999999999996,2.7,6.3999999999999995,12.0,EW,1.49,4,W_EXCLUSIVE_GREEN,23.0
15.016666666666667,-0.7102,-0.704,0,39.8,31.2,20.7,20.4,13.5,3.5,4.6,3.1,6.9,3.6,2.2,2.7,17.0,7.699999999999999,10.5,4.9,33.3,NS,1.73,1,N_EXCLUSIVE_GREEN,45.0
7.966666666666667,0.8704,-0.4924,1,53.2,14.6,55.0,25.6,7.4,5.3,1.4,8.4,3.7,12.9,2.2,7.3,12.7,9.8,16.6,9.5,26.3,EW,1.82,3,E_EXCLUSIVE_GREEN,45.0
0.2833333333333333,0.0741,0.9973,0,24.3,35.6,21.0,22.4,2.6,7.8,2.5,4.6,2.1,1.2,1.0,5.0,10.4,7.1,3.3,6.0,19.3,NS,1.41,1,N_EXCLUSIVE_GREEN,34.1
18.716666666666665,-0.9825,0.1865,1,13.6,50.3,20.4,93.6,0.5,5.2,10.0,7.1,4.4,4.4,11.1,19.3,5.7,17.1,8.8,30.4,60.8,EW,3.67,4,W_EXCLUSIVE_GREEN,45.0
3.25,0.7518,0.6593,0,24.6,26.5,25.6,22.9,2.8,3.4,1.4,8.3,1.8,3.7,0.9,2.6,6.199999999999999,9.700000000000001,5.5,3.5,19.7,NS,1.29,0,BALANCED_PHASE,31.1
20.833333333333332,-0.7373,0.6756,0,20.6,28.4,19.1,56.7,1.4,5.8,4.4,6.8,0.8,9.5,9.2,15.8,7.199999999999999,11.2,10.3,25.0,46.8,EW,2.48,4,W_EXCLUSIVE_GREEN,45.0
14.083333333333334,-0.5188,-0.8549,0,27.8,20.2,25.7,22.8,2.5,2.4,0.1,3.1,1.7,1.9,6.4,3.2,4.9,3.2,3.5999999999999996,9.600000000000001,16.6,EW,1.7,3,E_EXCLUSIVE_GREEN,30.5
16.216666666666665,-0.893,-0.4501,0,22.2,25.1,25.9,26.1,5.8,3.4,4.9,0.4,1.3,4.8,5.6,4.4,9.2,5.300000000000001,6.1,10.0,12.3,EW,1.29,0,BALANCED_PHASE,30.9
4.383333333333334,0.9118,0.4107,0,23.4,31.3,28.2,21.8,0.7,1.6,4.9,2.7,1.5,1.6,1.2,6.5,2.3,7.6000000000000005,3.1,7.7,13.9,NS,1.86,2,S_EXCLUSIVE_GREEN,27.2
5.833333333333333,0.999,0.0436,0,18.2,21.3,17.6,68.1,3.3,5.9,0.9,1.9,1.0,1.5,9.0,17.4,9.2,2.8,2.5,26.4,57.9,EW,6.14,4,W_EXCLUSIVE_GREEN,45.0
17.466666666666665,-0.9903,-0.1392,1,22.4,56.3,18.1,86.0,1.1,7.0,5.0,9.8,0.8,6.3,4.5,11.6,8.1,14.8,7.1,16.1,30.7,EW,2.97,4,W_EXCLUSIVE_GREEN,45.0
1.0,0.2588,0.9659,0,24.3,32.1,20.8,21.8,1.0,1.5,1.7,10.4,4.5,4.9,4.6,3.8,2.5,12.1,9.4,8.399999999999999,12.8,NS,2.36,2,S_EXCLUSIVE_GREEN,36.3
19.3,-0.9426,0.3338,1,21.5,56.7,12.7,109.6,3.8,7.8,1.8,17.5,0.3,2.3,10.5,11.5,11.6,19.3,2.5999999999999996,22.0,32.1,EW,7.78,4,W_EXCLUSIVE_GREEN,45.0
20.166666666666668,-0.8434,0.5373,0,20.2,22.8,25.9,53.2,2.9,3.7,5.3,5.8,4.3,1.8,7.0,11.1,6.6,11.1,6.1,18.1,31.8,EW,2.44,4,W_EXCLUSIVE_GREEN,45.0
8.633333333333333,0.7716,-0.6361,1,67.5,17.6,80.8,23.7,5.3,11.1,3.8,1.8,8.8,25.7,3.6,5.3,16.4,5.6,34.5,8.9,48.2,EW,3.58,3,E_EXCLUSIVE_GREEN,45.0
8.883333333333333,0.7284,-0.6852,1,66.5,13.1,46.5,13.7,3.5,7.7,0.0,1.5,3.1,3.6,0.5,3.8,11.2,1.5,6.7,4.3,11.8,NS,5.31,1,N_EXCLUSIVE_GREEN,40.6
21.4,-0.6293,0.7771,0,36.0,22.2,26.8,37.5,0.6,2.8,1.7,1.2,6.6,0.9,5.9,2.7,3.4,2.9,7.5,8.600000000000001,17.2,EW,1.21,0,BALANCED_PHASE,30.7
20.216666666666665,-0.8363,0.5483,0,27.1,28.6,20.7,23.4,1.1,5.7,1.1,9.8,0.3,2.0,2.4,2.2,6.800000000000001,10.9,2.3,4.6,11.8,NS,1.31,0,BALANCED_PHASE,33.1
16.3,-0.9026,-0.4305,0,106.4,22.8,26.0,30.8,20.6,16.6,2.6,10.5,1.3,3.2,1.1,7.7,37.2,13.1,4.5,8.8,65.4,NS,3.22,1,N_EXCLUSIVE_GREEN,45.0
9.083333333333334,0.6915,-0.7224,1,80.5,20.7,66.8,16.5,7.7,9.6,6.0,1.4,0.9,14.0,1.2,3.6,17.3,7.4,14.9,4.8,29.1,NS,2.77,1,N_EXCLUSIVE_GREEN,45.0
12.733333333333333,-0.1908,-0.9816,0,18.3,60.7,19.3,30.7,2.3,1.2,6.8,6.9,1.0,1.1,3.7,7.0,3.5,13.7,2.1,10.7,21.1,NS,3.37,2,S_EXCLUSIVE_GREEN,45.0
23.583333333333332,-0.1089,0.9941,0,21.8,21.8,20.1,26.2,1.0,4.8,1.3,3.1,4.0,5.1,7.8,4.7,5.8,4.4,9.1,12.5,14.3,EW,1.3,0,BALANCED_PHASE,36.1
13.216666666666667,-0.3132,-0.9497,0,20.7,27.8,26.7,21.6,0.3,4.8,2.2,5.3,5.9,1.9,3.3,2.1,5.1,7.5,7.800000000000001,5.4,14.7,EW,1.29,0,BALANCED_PHASE,26.9
10.933333333333334,0.2756,-0.9613,0,34.3,21.9,26.8,27.6,4.3,3.4,4.6,1.4,0.6,3.5,0.9,4.8,7.699999999999999,6.0,4.1,5.7,10.9,NS,1.34,0,BALANCED_PHASE,27.7
10.666666666666666,0.342,-0.9397,0,23.9,23.3,19.3,51.3,3.8,2.1,3.1,4.1,1.0,1.6,3.6,16.9,5.9,7.199999999999999,2.6,20.5,38.9,EW,4.42,4,W_EXCLUSIVE_GREEN,45.0
8.25,0.8315,-0.5556,1,56.4,13.7,51.4,25.2,5.4,9.2,1.1,2.1,4.2,9.7,1.4,5.2,14.6,3.2,13.899999999999999,6.6,17.1,EW,1.99,3,E_EXCLUSIVE_GREEN,43.8
21.333333333333332,-0.6428,0.766,0,17.8,23.1,27.3,60.7,0.5,1.4,3.2,5.3,11.2,2.4,7.3,8.4,1.9,8.5,13.6,15.7,18.4,EW,1.42,4,W_EXCLUSIVE_GREEN,45.0
19.35,-0.9382,0.3461,1,18.3,71.8,12.1,56.5,0.9,3.7,6.3,9.7,0.1,2.4,15.7,10.6,4.6000000000000005,16.0,2.5,26.299999999999997,48.1,NS,3.46,2,S_EXCLUSIVE_GREEN,45.0
0.9666666666666667,0.2504,0.9681,0,21.6,29.4,34.3,30.6,6.6,1.2,1.0,3.6,4.4,6.2,2.3,6.0,7.8,4.6,10.600000000000001,8.3,15.7,EW,1.17,0,BALANCED_PHASE,33.9
20.983333333333334,-0.7102,0.704,0,29.3,20.4,18.8,78.0,7.3,3.7,0.9,2.0,6.1,4.0,12.5,11.0,11.0,2.9,10.1,23.5,33.9,EW,2.72,4,W_EXCLUSIVE_GREEN,45.0
0.95,0.2462,0.9692,0,23.9,92.9,23.8,17.2,5.8,1.5,10.4,14.2,4.7,3.7,3.8,2.3,7.3,24.6,8.4,6.1,47.7,NS,3.43,2,S_EXCLUSIVE_GREEN,45.0
13.583333333333334,-0.4027,-0.9153,0,23.1,38.3,20.6,24.5,1.2,3.6,5.6,11.1,5.7,2.4,2.7,4.3,4.8,16.7,8.1,7.0,19.6,NS,2.46,2,S_EXCLUSIVE_GREEN,45.0
22.516666666666666,-0.3786,0.9255,0,36.3,21.0,28.9,23.6,9.0,4.8,0.4,1.9,11.7,4.1,4.8,2.1,13.8,2.3,15.799999999999999,6.9,33.2,EW,1.78,3,E_EXCLUSIVE_GREEN,45.0
17.083333333333332,-0.9713,-0.2377,1,19.7,59.6,22.9,111.5,4.1,2.4,8.1,4.5,1.1,3.1,17.2,15.3,6.5,12.6,4.2,32.5,39.6,EW,5.91,4,W_EXCLUSIVE_GREEN,45.0
20.683333333333334,-0.7632,0.6461,0,72.9,19.3,23.4,31.2,7.6,6.1,4.1,0.6,3.9,5.2,4.4,16.4,13.7,4.699999999999999,9.1,20.799999999999997,23.8,NS,3.12,1,N_EXCLUSIVE_GREEN,45.0
21.466666666666665,-0.6157,0.788,0,29.5,32.9,21.1,24.2,9.0,8.0,3.7,5.5,1.9,2.2,4.0,7.2,17.0,9.2,4.1,11.2,31.3,NS,1.51,1,N_EXCLUSIVE_GREEN,45.0
11.866666666666667,0.0349,-0.9994,0,32.6,21.3,56.7,22.0,3.3,5.2,3.9,1.0,8.4,8.3,1.9,6.0,8.5,4.9,16.700000000000003,7.9,19.7,EW,2.19,3,E_EXCLUSIVE_GREEN,45.0
12.183333333333334,-0.048,-0.9988,0,24.3,31.1,22.2,20.6,0.5,3.3,2.9,4.5,1.9,4.8,3.1,2.2,3.8,7.4,6.699999999999999,5.300000000000001,15.3,NS,1.49,2,S_EXCLUSIVE_GREEN,26.9
22.0,-0.5,0.866,0,17.8,19.0,59.7,21.8,3.8,1.6,1.1,2.5,8.5,8.3,0.9,2.0,5.4,3.6,16.8,2.9,32.7,EW,3.7,3,E_EXCLUSIVE_GREEN,45.0
6.466666666666667,0.9925,-0.1219,0,101.1,20.0,18.3,24.3,8.9,14.5,0.8,2.2,1.6,4.3,2.3,3.3,23.4,3.0,5.9,5.6,45.5,NS,5.81,1,N_EXCLUSIVE_GREEN,45.0
8.716666666666667,0.7576,-0.6528,1,74.7,13.4,68.0,13.5,15.0,17.4,3.7,2.9,6.1,5.6,5.6,2.1,32.4,6.6,11.7,7.699999999999999,54.9,NS,4.84,1,N_EXCLUSIVE_GREEN,45.0
22.366666666666667,-0.4147,0.91,0,27.5,20.4,73.1,17.1,2.2,5.1,0.1,1.4,7.1,14.2,1.1,0.8,7.3,1.5,21.299999999999997,1.9000000000000001,40.5,EW,6.16,3,E_EXCLUSIVE_GREEN,45.0
22.233333333333334,-0.4462,0.8949,0,24.3,26.4,31.9,108.5,2.6,2.7,0.8,4.7,2.7,5.8,6.1,15.3,5.300000000000001,5.5,8.5,21.4,26.4,EW,2.8,4,W_EXCLUSIVE_GREEN,45.0
11.033333333333333,0.2504,-0.9681,0,28.8,58.9,28.7,19.1,1.2,3.7,12.0,7.4,3.8,0.8,0.4,5.4,4.9,19.4,4.6,5.800000000000001,25.1,NS,2.8,2,S_EXCLUSIVE_GREEN,45.0
0.2,0.0523,0.9986,0,22.2,32.6,21.0,26.0,2.5,2.4,4.5,2.8,2.8,1.1,7.2,5.2,4.9,7.3,3.9,12.4,20.7,NS,1.4,2,S_EXCLUSIVE_GREEN,27.5
20.416666666666668,-0.8064,0.5913,0,27.0,20.0,70.4,24.1,0.5,1.9,0.4,2.9,7.6,9.3,1.5,2.9,2.4,3.3,16.9,4.4,26.7,EW,3.18,3,E_EXCLUSIVE_GREEN,45.0
18.533333333333335,-0.9903,0.1392,1,17.5,76.9,19.7,65.7,1.8,3.6,7.6,11.8,5.0,9.1,6.6,8.7,5.4,19.4,14.1,15.299999999999999,33.0,NS,3.7,2,S_EXCLUSIVE_GREEN,45.0
15.166666666666666,-0.7373,-0.6756,0,24.2,26.1,23.5,22.3,2.5,5.6,8.0,7.0,1.8,0.7,1.1,4.3,8.1,15.0,2.5,5.4,25.8,NS,1.5,2,S_EXCLUSIVE_GREEN,42.3
21.783333333333335,-0.5483,0.8363,0,26.9,24.7,29.1,33.9,2.5,5.9,2.4,4.2,2.2,8.0,2.6,2.6,8.4,6.6,10.2,5.2,14.2,EW,1.48,3,E_EXCLUSIVE_GREEN,32.9
21.633333333333333,-0.5807,0.8141,0,35.6,30.2,21.6,30.4,5.6,5.3,3.2,2.6,1.7,4.1,6.9,2.7,10.899999999999999,5.800000000000001,5.8,9.600000000000001,17.0,NS,1.46,1,N_EXCLUSIVE_GREEN,34.9
2.6166666666666667,0.6327,0.7744,0,98.0,18.7,27.4,21.9,11.5,13.8,1.5,1.7,4.4,1.1,3.1,4.8,25.3,3.2,5.5,7.9,32.3,NS,6.04,1,N_EXCLUSIVE_GREEN,45.0
4.266666666666667,0.8988,0.4384,0,39.2,21.2,27.7,20.8,4.8,10.3,0.4,6.1,2.3,4.3,2.1,0.8,15.100000000000001,6.5,6.6,2.9000000000000004,26.5,NS,2.04,1,N_EXCLUSIVE_GREEN,44.9
7.933333333333334,0.8746,-0.4848,1,58.1,12.7,83.8,20.9,4.7,9.5,0.4,0.9,14.3,9.3,4.9,3.8,14.2,1.3,23.6,8.7,39.3,EW,3.02,3,E_EXCLUSIVE_GREEN,45.0
16.766666666666666,-0.9483,-0.3173,1,18.2,100.5,15.9,80.2,0.7,1.3,4.5,10.5,0.8,3.2,5.0,11.7,2.0,15.0,4.0,16.7,23.4,NS,5.72,2,S_EXCLUSIVE_GREEN,45.0
8.2,0.8387,-0.5446,1,50.5,20.7,55.1,21.0,12.5,5.7,1.5,7.9,4.0,12.9,0.3,5.7,18.2,9.4,16.9,6.0,24.1,EW,2.61,3,E_EXCLUSIVE_GREEN,45.0
21.016666666666666,-0.704,0.7102,0,28.2,32.3,30.6,20.3,5.1,5.3,4.2,4.8,6.2,1.0,1.1,2.4,10.399999999999999,9.0,7.2,3.5,12.7,NS,1.11,0,BALANCED_PHASE,32.9
22.716666666666665,-0.3297,0.9441,0,20.6,28.6,21.7,32.3,4.5,6.2,7.3,2.1,1.6,4.0,2.3,7.3,10.7,9.4,5.6,9.6,14.5,NS,1.17,0,BALANCED_PHASE,33.0
8.716666666666667,0.7576,-0.6528,1,88.0,22.2,77.8,23.0,9.5,12.4,1.6,1.8,5.8,11.9,0.4,3.0,21.9,3.4000000000000004,17.7,3.4,26.6,NS,4.74,1,N_EXCLUSIVE_GREEN,45.0
17.933333333333334,-0.9998,-0.0175,1,21.8,95.7,15.1,79.1,1.1,3.2,17.9,16.9,4.8,5.2,8.1,15.2,4.300000000000001,34.8,10.0,23.299999999999997,75.3,NS,5.88,2,S_EXCLUSIVE_GREEN,45.0
14.0,-0.5,-0.866,0,38.8,28.9,30.6,20.7,6.6,11.2,4.8,3.8,4.8,6.8,2.8,2.3,17.799999999999997,8.6,11.6,5.1,25.2,NS,1.72,1,N_EXCLUSIVE_GREEN,45.0
20.716666666666665,-0.7576,0.6528,0,34.5,26.2,26.3,25.1,10.5,5.9,3.2,1.5,5.6,7.6,0.6,4.8,16.4,4.7,13.2,5.3999999999999995,31.8,NS,2.23,1,N_EXCLUSIVE_GREEN,45.0
1.9,0.4772,0.8788,0,21.5,37.3,24.1,22.9,1.7,1.2,4.3,3.4,2.8,4.6,1.6,2.2,2.9,7.699999999999999,7.3999999999999995,3.8000000000000003,11.9,NS,1.97,2,S_EXCLUSIVE_GREEN,28.3
13.9,-0.4772,-0.8788,0,22.7,27.1,25.5,21.7,4.8,0.3,7.6,6.1,0.6,3.5,1.1,5.2,5.1,13.7,4.1,6.300000000000001,29.0,NS,1.88,2,S_EXCLUSIVE_GREEN,40.2
8.116666666666667,0.8504,-0.5262,1,147.5,17.0,106.5,24.0,16.1,23.3,1.9,3.4,7.7,19.0,4.2,4.8,39.400000000000006,5.3,26.7,9.0,41.6,NS,7.49,1,N_EXCLUSIVE_GREEN,45.0
21.55,-0.5983,0.8013,0,21.3,26.9,32.1,38.7,0.6,3.3,1.5,2.8,3.8,4.3,1.3,6.1,3.9,4.3,8.1,7.3999999999999995,11.2,EW,1.11,0,BALANCED_PHASE,29.3
11.55,0.1175,-0.9931,0,22.5,35.7,22.5,31.1,2.2,0.7,1.3,6.9,1.4,5.6,3.7,2.2,2.9000000000000004,8.200000000000001,7.0,5.9,11.2,NS,1.94,2,S_EXCLUSIVE_GREEN,29.0
23.233333333333334,-0.1994,0.9799,0,25.6,27.2,17.8,63.4,1.3,5.4,1.1,3.1,0.3,3.1,10.2,20.4,6.7,4.2,3.4,30.599999999999998,40.8,EW,5.81,4,W_EXCLUSIVE_GREEN,45.0
17.466666666666665,-0.9903,-0.1392,1,22.7,96.0,21.7,47.7,1.2,1.4,9.3,12.6,2.2,4.9,5.1,7.2,2.5999999999999996,21.9,7.1000000000000005,12.3,25.8,NS,5.38,2,S_EXCLUSIVE_GREEN,45.0
10.0,0.5,-0.866,0,32.5,17.9,62.6,18.9,3.8,5.0,0.8,1.1,7.0,5.8,0.1,3.4,8.8,1.9000000000000001,12.8,3.5,13.8,EW,3.25,3,E_EXCLUSIVE_GREEN,43.2
2.9333333333333336,0.6947,0.7193,0,20.3,34.3,29.4,27.2,1.9,1.9,5.0,1.6,0.3,5.8,1.0,3.4,3.8,6.6,6.1,4.4,10.0,EW,1.16,0,BALANCED_PHASE,23.5
0.7833333333333333,0.2036,0.979,0,17.9,20.9,17.4,68.8,2.3,3.4,5.8,0.5,4.6,2.6,8.2,11.6,5.699999999999999,6.3,7.199999999999999,19.799999999999997,20.9,EW,3.0,4,W_EXCLUSIVE_GREEN,45.0
2.966666666666667,0.7009,0.7133,0,26.9,115.7,17.8,19.5,3.4,4.1,6.9,25.2,0.6,7.5,6.6,2.8,7.5,32.1,8.1,9.399999999999999,66.9,NS,4.13,2,S_EXCLUSIVE_GREEN,45.0
10.316666666666666,0.4266,-0.9045,0,68.7,22.7,22.3,27.3,9.4,9.5,3.9,1.9,2.6,4.7,7.0,9.0,18.9,5.8,7.300000000000001,16.0,24.7,NS,3.01,1,N_EXCLUSIVE_GREEN,45.0
0.5,0.1305,0.9914,0,24.8,23.3,20.9,37.3,4.1,2.3,1.4,1.5,3.7,4.0,3.8,7.6,6.3999999999999995,2.9,7.7,11.399999999999999,17.3,EW,1.52,4,W_EXCLUSIVE_GREEN,36.2
0.6166666666666667,0.1607,0.987,0,27.8,34.3,21.0,24.3,3.1,1.8,3.9,2.5,2.4,2.7,3.9,3.3,4.9,6.4,5.1,7.199999999999999,8.6,NS,1.21,0,BALANCED_PHASE,24.8
10.883333333333333,0.2882,-0.9576,0,53.0,23.7,17.7,18.3,9.8,13.2,0.2,5.0,1.9,2.3,3.4,2.8,23.0,5.2,4.199999999999999,6.199999999999999,23.7,NS,3.22,1,N_EXCLUSIVE_GREEN,45.0
15.25,-0.7518,-0.6593,0,20.3,30.3,26.3,28.2,2.0,2.5,1.0,2.8,0.8,2.0,1.0,4.1,4.5,3.8,2.8,5.1,9.4,EW,1.26,0,BALANCED_PHASE,21.2
1.8666666666666667,0.4695,0.8829,0,26.3,53.6,17.3,31.0,0.5,2.3,3.2,7.5,0.4,1.5,1.1,6.9,2.8,10.7,1.9,8.0,17.8,NS,2.5,2,S_EXCLUSIVE_GREEN,37.8
2.8166666666666664,0.6724,0.7402,0,26.1,28.4,25.7,20.2,0.8,6.0,2.1,4.4,4.8,3.7,5.3,1.3,6.8,6.5,8.5,6.6,12.6,NS,1.02,0,BALANCED_PHASE,25.0
14.8,-0.6691,-0.7431,0,19.6,31.0,19.8,60.9,0.2,3.1,1.9,1.6,2.3,1.2,7.3,12.5,3.3000000000000003,3.5,3.5,19.8,42.7,EW,4.02,4,W_EXCLUSIVE_GREEN,45.0
18.116666666666667,-0.9995,0.0305,1,17.5,68.1,15.5,119.4,2.2,0.3,9.8,7.6,0.1,0.6,25.9,16.9,2.5,17.4,0.7,42.8,93.8,EW,15.53,4,W_EXCLUSIVE_GREEN,45.0
2.05,0.5113,0.8594,0,25.0,23.2,27.8,24.0,2.4,5.2,4.0,0.2,1.0,4.3,2.0,2.0,7.6,4.2,5.3,4.0,14.4,EW,1.17,0,BALANCED_PHASE,22.0
12.333333333333334,-0.0872,-0.9962,0,32.0,22.2,27.2,21.2,3.5,6.8,4.0,1.9,3.6,5.1,6.9,3.4,10.3,5.9,8.7,10.3,16.5,NS,1.54,1,N_EXCLUSIVE_GREEN,33.0
22.066666666666666,-0.4848,0.8746,0,23.7,22.1,35.0,23.0,0.8,1.9,2.8,6.8,3.1,2.9,3.7,3.2,2.7,9.6,6.0,6.9,15.4,EW,1.25,0,BALANCED_PHASE,26.6
1.9666666666666668,0.4924,0.8704,0,23.6,22.2,21.4,25.6,0.9,0.4,2.4,3.4,1.5,2.8,2.2,6.2,1.3,5.8,4.3,8.4,13.1,EW,1.49,4,W_EXCLUSIVE_GREEN,27.7
1.3166666666666667,0.3379,0.9412,0,26.9,24.4,28.4,30.2,2.1,3.0,10.4,12.1,3.2,3.6,3.5,5.5,5.1,22.5,6.800000000000001,9.0,29.6,NS,2.66,1,N_EXCLUSIVE_GREEN,45.0
13.066666666666666,-0.2756,-0.9613,0,71.2,26.0,25.1,31.3,8.6,16.2,1.4,5.6,8.9,2.3,2.4,3.0,24.799999999999997,7.0,11.2,5.4,27.1,NS,3.07,1,N_EXCLUSIVE_GREEN,45.0
17.05,-0.9692,-0.2462,1,13.1,80.0,14.2,71.1,1.8,3.3,7.7,12.5,0.8,1.1,8.5,10.4,5.1,20.2,1.9000000000000001,18.9,34.1,NS,4.4,2,S_EXCLUSIVE_GREEN,45.0
9.9,0.5225,-0.8526,0,56.9,27.7,27.8,19.5,10.7,5.6,4.4,5.5,1.3,1.9,2.9,4.9,16.299999999999997,9.9,3.2,7.800000000000001,23.8,NS,1.74,1,N_EXCLUSIVE_GREEN,45.0
19.8,-0.891,0.454,0,25.7,34.8,21.6,35.1,4.0,7.2,3.8,4.3,3.0,3.1,7.9,4.0,11.2,8.1,6.1,11.9,13.7,NS,1.32,0,BALANCED_PHASE,35.0
19.833333333333332,-0.887,0.4617,0,31.7,22.9,38.2,20.2,3.0,2.5,1.0,1.3,7.3,3.1,1.5,1.1,5.5,2.3,10.4,2.6,14.9,EW,2.53,3,E_EXCLUSIVE_GREEN,34.2
0.48333333333333334,0.1262,0.992,0,17.7,22.8,19.8,55.6,2.9,1.9,4.4,5.4,0.6,2.7,7.9,6.1,4.8,9.8,3.3000000000000003,14.0,22.4,EW,3.24,4,W_EXCLUSIVE_GREEN,45.0
19.65,-0.9081,0.4187,0,81.6,22.2,19.9,26.3,14.3,12.1,0.3,8.6,3.2,6.7,0.7,2.2,26.4,8.9,9.9,2.9000000000000004,50.4,NS,3.09,1,N_EXCLUSIVE_GREEN,45.0
14.55,-0.6191,-0.7853,0,22.2,112.6,18.3,31.3,2.9,1.5,16.0,14.5,1.5,4.0,4.0,3.5,4.4,30.5,5.5,7.5,53.7,NS,5.68,2,S_EXCLUSIVE_GREEN,45.0
3.1,0.7254,0.6884,0,96.5,18.5,21.8,24.6,6.6,17.8,2.3,1.1,0.2,4.2,1.4,3.4,24.4,3.4,4.4,4.8,42.8,NS,5.75,1,N_EXCLUSIVE_GREEN,45.0
18.833333333333332,-0.9763,0.2164,1,16.4,72.7,12.4,50.5,0.6,1.2,5.2,20.9,1.6,2.8,3.5,9.8,1.7999999999999998,26.099999999999998,4.4,13.3,31.2,NS,7.28,2,S_EXCLUSIVE_GREEN,45.0
6.95,0.9692,-0.2462,0,31.4,24.9,27.4,24.1,3.5,3.5,6.2,1.1,1.9,5.2,2.9,1.7,7.0,7.300000000000001,7.1,4.6,10.6,NS,1.09,0,BALANCED_PHASE,26.3
20.533333333333335,-0.788,0.6157,0,22.7,21.8,18.3,129.9,0.8,1.1,7.4,2.8,1.6,2.2,10.9,24.5,1.9000000000000001,10.2,3.8000000000000003,35.4,73.1,EW,7.71,4,W_EXCLUSIVE_GREEN,45.0
15.766666666666667,-0.8339,-0.5519,0,29.0,23.6,28.8,38.5,3.8,5.0,2.1,3.1,4.6,3.4,4.6,5.0,8.8,5.2,8.0,9.6,19.9,EW,1.21,0,BALANCED_PHASE,33.1
5.25,0.9808,0.1951,0,89.3,27.4,20.7,17.2,16.6,17.1,5.7,4.1,0.6,6.2,2.4,1.3,33.7,9.8,6.8,3.7,36.4,NS,3.27,1,N_EXCLUSIVE_GREEN,45.0
1.1333333333333333,0.2924,0.9563,0,21.9,30.2,24.3,81.0,0.7,2.4,3.4,5.0,3.4,4.5,9.5,12.8,3.0999999999999996,8.4,7.9,22.3,43.8,EW,2.91,4,W_EXCLUSIVE_GREEN,45.0
16.683333333333334,-0.9412,-0.3379,1,17.4,137.7,13.5,46.9,2.4,3.1,15.3,26.8,2.6,1.5,6.7,11.6,5.5,42.1,4.1,18.3,75.4,NS,7.34,2,S_EXCLUSIVE_GREEN,45.0
11.316666666666666,0.1779,-0.984,0,23.6,21.3,28.3,30.9,1.9,2.0,2.9,5.2,1.4,3.8,6.3,11.9,3.9,8.1,5.199999999999999,18.2,21.6,EW,2.15,4,W_EXCLUSIVE_GREEN,45.0
17.816666666666666,-0.9988,-0.048,1,19.2,50.6,26.7,52.4,2.4,2.8,3.7,10.4,5.5,5.4,5.8,11.3,5.199999999999999,14.100000000000001,10.9,17.1,35.8,EW,1.65,4,W_EXCLUSIVE_GREEN,45.0
4.15,0.885,0.4656,0,28.0,21.6,32.3,27.3,1.9,5.2,1.1,0.8,4.5,1.8,1.8,13.0,7.1,1.9000000000000001,6.3,14.8,14.9,EW,1.73,3,E_EXCLUSIVE_GREEN,41.9
19.35,-0.9382,0.3461,1,13.2,82.4,25.4,101.9,1.1,1.1,8.0,19.4,4.5,5.1,11.4,12.6,2.2,27.4,9.6,24.0,29.8,EW,2.93,4,W_EXCLUSIVE_GREEN,45.0
9.383333333333333,0.6327,-0.7744,1,59.5,19.4,46.7,22.4,6.7,6.1,4.5,3.6,5.0,6.5,0.4,3.7,12.8,8.1,11.5,4.1000000000000005,16.0,NS,1.98,1,N_EXCLUSIVE_GREEN,42.9
0.55,0.1435,0.9897,0,37.5,22.3,24.4,22.2,3.1,7.4,1.9,4.9,1.7,2.7,0.7,7.5,10.5,6.800000000000001,4.4,8.2,19.3,NS,1.53,1,N_EXCLUSIVE_GREEN,34.7
21.15,-0.6788,0.7343,0,74.0,21.9,18.0,18.4,17.1,17.5,2.9,6.1,3.9,3.6,0.7,2.5,34.6,9.0,7.5,3.2,40.4,NS,3.56,1,N_EXCLUSIVE_GREEN,45.0
13.366666666666667,-0.3502,-0.9367,0,31.7,55.8,24.8,23.3,6.7,1.1,11.5,8.4,2.8,4.1,7.0,2.9,7.800000000000001,19.9,6.8999999999999995,9.9,39.4,NS,2.12,2,S_EXCLUSIVE_GREEN,45.0
20.966666666666665,-0.7133,0.7009,0,59.3,20.9,22.3,27.8,13.0,8.7,0.9,2.5,1.9,2.1,1.5,3.1,21.7,3.4,4.0,4.6,30.5,NS,4.15,1,N_EXCLUSIVE_GREEN,45.0
10.2,0.454,-0.891,0,30.2,28.1,20.1,36.7,1.0,9.2,0.4,7.9,0.4,4.4,3.4,4.6,10.2,8.3,4.800000000000001,8.0,20.5,NS,1.13,0,BALANCED_PHASE,32.9
22.733333333333334,-0.3256,0.9455,0,27.4,38.7,32.2,36.8,3.0,7.2,7.7,9.3,2.1,3.8,1.7,3.4,10.2,17.0,5.9,5.1,27.1,NS,1.53,2,S_EXCLUSIVE_GREEN,45.0
19.733333333333334,-0.8988,0.4384,0,28.2,27.4,66.1,22.4,4.7,5.2,2.2,2.9,12.8,8.5,1.4,8.2,9.9,5.1,21.3,9.6,26.5,EW,2.37,3,E_EXCLUSIVE_GREEN,45.0
19.316666666666666,-0.9412,0.3379,1,24.8,66.8,12.6,56.3,2.5,4.2,3.1,16.2,2.0,4.7,7.3,8.0,6.7,19.3,6.7,15.3,25.6,NS,2.68,2,S_EXCLUSIVE_GREEN,45.0
13.35,-0.3461,-0.9382,0,32.2,19.4,17.9,76.5,5.0,5.2,2.2,3.5,0.5,6.6,8.7,7.3,10.2,5.7,7.1,16.0,26.8,EW,2.8,4,W_EXCLUSIVE_GREEN,45.0
1.5166666666666666,0.3867,0.9222,0,59.9,19.6,20.9,17.6,9.9,9.4,0.4,2.6,4.2,0.5,1.7,1.2,19.3,3.0,4.7,2.9,39.0,NS,4.22,1,N_EXCLUSIVE_GREEN,45.0
20.233333333333334,-0.8339,0.5519,0,39.1,22.5,28.5,22.2,6.1,13.4,2.5,0.7,1.8,1.8,3.9,2.7,19.5,3.2,3.6,6.6,39.7,NS,3.34,1,N_EXCLUSIVE_GREEN,45.0
14.65,-0.6394,-0.7688,0,27.4,30.2,25.0,61.8,2.3,3.8,0.5,5.2,1.5,3.3,5.6,8.5,6.1,5.7,4.8,14.1,20.6,EW,2.57,4,W_EXCLUSIVE_GREEN,45.0
23.816666666666666,-0.048,0.9988,0,38.5,22.0,28.2,33.6,3.9,15.2,0.9,3.2,2.3,2.8,5.4,6.1,19.099999999999998,4.1000000000000005,5.1,11.5,33.8,NS,2.98,1,N_EXCLUSIVE_GREEN,45.0
10.85,0.2965,-0.955,0,26.1,26.6,25.1,23.4,1.3,7.0,5.0,2.9,8.1,5.6,2.9,4.1,8.3,7.9,13.7,7.0,14.3,EW,1.54,3,E_EXCLUSIVE_GREEN,38.4
6.416666666666667,0.9941,-0.1089,0,147.1,21.4,22.3,20.1,17.9,25.5,1.6,4.2,3.7,2.0,3.1,2.6,43.4,5.800000000000001,5.7,5.7,85.8,NS,6.88,1,N_EXCLUSIVE_GREEN,45.0
11.0,0.2588,-0.9659,0,61.8,26.0,18.1,21.9,14.5,7.9,11.5,5.8,3.0,2.1,2.5,1.8,22.4,17.3,5.1,4.3,42.5,NS,1.51,1,N_EXCLUSIVE_GREEN,45.0
17.116666666666667,-0.9734,-0.2292,1,13.7,71.6,25.8,98.7,0.4,0.6,5.8,7.0,2.9,2.0,9.4,11.5,1.0,12.8,4.9,20.9,45.3,EW,3.85,4,W_EXCLUSIVE_GREEN,45.0
4.3,0.9026,0.4305,0,22.8,29.3,27.9,26.0,3.2,2.5,1.9,4.8,5.2,9.7,4.3,5.9,5.7,6.699999999999999,14.899999999999999,10.2,28.4,EW,1.29,0,BALANCED_PHASE,42.7
20.616666666666667,-0.7744,0.6327,0,21.9,31.3,23.4,36.5,2.8,6.5,3.1,4.8,1.3,1.9,4.5,8.0,9.3,7.9,3.2,12.5,26.7,EW,2.36,4,W_EXCLUSIVE_GREEN,39.2
11.033333333333333,0.2504,-0.9681,0,24.9,28.8,24.9,22.9,2.8,8.0,0.8,6.1,2.7,2.4,1.8,7.6,10.8,6.8999999999999995,5.1,9.4,11.8,NS,1.34,0,BALANCED_PHASE,33.0
6.2,0.9986,-0.0523,0,33.0,58.4,29.5,21.6,2.6,3.2,4.8,5.2,2.5,6.4,0.7,2.2,5.800000000000001,10.0,8.9,2.9000000000000004,21.4,NS,1.68,2,S_EXCLUSIVE_GREEN,37.7
8.766666666666667,0.749,-0.6626,1,100.9,16.0,104.4,16.2,6.4,16.3,1.4,5.5,19.0,24.8,0.9,3.2,22.700000000000003,6.9,43.8,4.1000000000000005,75.1,EW,8.25,3,E_EXCLUSIVE_GREEN,45.0
5.35,0.9856,0.1693,0,22.1,21.4,30.3,27.4,1.6,2.5,2.4,2.7,4.3,8.2,4.8,2.7,4.1,5.1,12.5,7.5,12.9,EW,1.38,0,BALANCED_PHASE,36.7
7.183333333333334,0.9524,-0.3049,1,65.9,14.2,50.4,21.4,2.6,11.8,0.7,3.7,3.1,7.0,0.4,2.2,14.4,4.4,10.1,2.6,18.2,NS,3.56,1,N_EXCLUSIVE_GREEN,45.0
6.016666666666667,1.0,-0.0044,0,32.7,17.4,99.3,18.6,2.8,2.9,3.7,1.7,24.7,12.3,1.4,1.3,5.699999999999999,5.4,37.0,2.7,57.6,EW,8.21,3,E_EXCLUSIVE_GREEN,45.0
3.0166666666666666,0.7102,0.704,0,22.9,35.5,26.1,22.1,8.4,4.6,4.0,1.9,4.1,5.6,0.9,4.6,13.0,5.9,9.7,5.5,23.3,NS,1.83,1,N_EXCLUSIVE_GREEN,39.7
4.4,0.9135,0.4067,0,22.9,35.4,24.8,27.0,5.0,5.0,2.0,2.6,1.3,3.4,2.7,2.6,10.0,4.6,4.7,5.300000000000001,12.2,NS,1.76,1,N_EXCLUSIVE_GREEN,32.6
3.35,0.7688,0.6394,0,24.4,27.9,20.6,29.3,4.3,9.4,3.5,4.9,1.1,6.1,2.7,12.7,13.7,8.4,7.199999999999999,15.399999999999999,20.3,NS,1.4,0,BALANCED_PHASE,39.5
9.483333333333333,0.6122,-0.7907,1,132.2,25.9,111.1,12.7,17.2,35.4,4.2,3.8,13.0,22.8,2.0,1.8,52.599999999999994,8.0,35.8,3.8,114.5,NS,5.78,1,N_EXCLUSIVE_GREEN,45.0
7.383333333333334,0.9351,-0.3543,1,94.4,16.6,61.7,16.2,8.2,14.4,1.4,3.8,3.4,2.9,1.2,2.4,22.6,5.199999999999999,6.3,3.5999999999999996,41.9,NS,4.6,1,N_EXCLUSIVE_GREEN,45.0
11.7,0.0785,-0.9969,0,18.2,26.0,25.5,79.9,2.3,3.3,4.6,4.3,0.2,1.5,8.9,8.1,5.6,8.899999999999999,1.7,17.0,28.3,EW,4.52,4,W_EXCLUSIVE_GREEN,45.0
22.066666666666666,-0.4848,0.8746,0,18.8,70.6,18.9,22.2,0.2,0.3,7.9,12.7,1.0,2.7,1.5,3.7,0.5,20.6,3.7,5.2,39.4,NS,7.28,2,S_EXCLUSIVE_GREEN,45.0
6.2,0.9986,-0.0523,0,31.4,28.4,29.6,39.8,8.5,7.3,4.6,2.3,0.9,5.0,4.1,2.0,15.8,6.8999999999999995,5.9,6.1,31.5,NS,1.69,1,N_EXCLUSIVE_GREEN,45.0
22.383333333333333,-0.4107,0.9118,0,22.4,23.9,28.1,67.7,0.3,4.3,1.7,11.6,1.5,12.1,9.5,9.9,4.6,13.299999999999999,13.6,19.4,39.0,EW,1.67,4,W_EXCLUSIVE_GREEN,45.0
20.25,-0.8315,0.5556,0,27.4,26.1,34.2,23.2,0.9,3.5,2.0,3.9,3.0,5.6,3.1,4.4,4.4,5.9,8.6,7.5,13.4,EW,1.22,0,BALANCED_PHASE,29.7
19.616666666666667,-0.9118,0.4107,0,25.6,22.5,51.2,29.8,0.7,3.5,4.2,1.0,5.1,11.8,0.9,2.4,4.2,5.2,16.9,3.3,18.7,EW,2.78,3,E_EXCLUSIVE_GREEN,45.0
4.333333333333333,0.9063,0.4226,0,27.7,20.8,57.7,28.2,4.3,5.2,1.3,5.6,11.9,6.7,7.5,6.7,9.5,6.8999999999999995,18.6,14.2,19.7,EW,1.48,3,E_EXCLUSIVE_GREEN,45.0
4.9,0.9588,0.284,0,37.4,37.2,21.4,23.1,4.5,13.2,5.3,6.6,2.8,3.9,8.9,4.2,17.7,11.899999999999999,6.699999999999999,13.100000000000001,31.6,NS,1.27,0,BALANCED_PHASE,45.0
18.933333333333334,-0.9703,0.2419,1,13.4,57.1,13.8,69.1,1.3,1.0,9.0,12.2,1.4,1.0,4.6,9.4,2.3,21.2,2.4,14.0,45.6,EW,4.92,4,W_EXCLUSIVE_GREEN,45.0
15.216666666666667,-0.7461,-0.6659,0,33.0,30.8,39.9,32.6,1.3,1.8,2.4,1.8,1.0,2.9,2.0,4.8,3.1,4.2,3.9,6.8,14.3,EW,1.35,0,BALANCED_PHASE,27.2
15.833333333333334,-0.8434,-0.5373,0,35.0,30.8,33.2,25.5,4.4,8.5,1.7,7.3,2.4,5.2,0.8,5.2,12.9,9.0,7.6,6.0,14.5,NS,1.27,0,BALANCED_PHASE,38.5
2.1666666666666665,0.5373,0.8434,0,37.2,23.8,25.6,29.4,5.9,11.6,0.9,3.9,1.4,7.9,1.1,1.7,17.5,4.8,9.3,2.8,24.8,NS,2.48,1,N_EXCLUSIVE_GREEN,45.0
20.8,-0.7431,0.6691,0,20.1,26.0,21.7,29.7,0.2,3.2,1.2,5.5,6.8,1.8,1.7,6.3,3.4000000000000004,6.7,8.6,8.0,11.4,EW,1.13,0,BALANCED_PHASE,28.7
15.55,-0.8013,-0.5983,0,37.5,20.0,27.1,20.2,3.8,5.5,3.8,4.6,1.4,4.1,4.2,2.3,9.3,8.399999999999999,5.5,6.5,17.2,NS,1.3,0,BALANCED_PHASE,32.1
10.75,0.3214,-0.9469,0,20.5,29.6,23.5,94.2,1.1,5.2,3.2,5.6,0.1,9.0,17.6,16.0,6.300000000000001,8.8,9.1,33.6,72.1,EW,3.67,4,W_EXCLUSIVE_GREEN,45.0
22.516666666666666,-0.3786,0.9255,0,22.1,20.6,22.7,34.2,3.3,2.1,0.6,6.7,1.0,2.2,2.5,6.9,5.4,7.3,3.2,9.4,16.0,EW,1.97,4,W_EXCLUSIVE_GREEN,31.6
18.416666666666668,-0.9941,0.1089,1,21.6,68.5,21.8,58.2,4.7,4.7,8.9,14.1,0.9,2.8,4.9,14.7,9.4,23.0,3.6999999999999997,19.6,37.3,NS,2.58,2,S_EXCLUSIVE_GREEN,45.0
20.966666666666665,-0.7133,0.7009,0,23.0,24.1,23.9,26.4,2.6,10.1,4.0,1.9,6.1,3.9,0.7,3.1,12.7,5.9,10.0,3.8,13.8,NS,1.59,1,N_EXCLUSIVE_GREEN,36.1
20.033333333333335,-0.8616,0.5075,0,26.3,73.2,28.7,17.4,1.7,9.6,10.7,13.2,4.0,2.3,5.4,3.5,11.299999999999999,23.9,6.3,8.9,29.2,NS,2.26,2,S_EXCLUSIVE_GREEN,45.0
14.916666666666666,-0.6915,-0.7224,0,18.8,70.9,22.0,26.1,1.0,3.6,9.5,12.3,4.5,4.5,2.8,1.7,4.6,21.8,9.0,4.5,28.6,NS,4.06,2,S_EXCLUSIVE_GREEN,45.0
9.45,0.6191,-0.7853,1,62.2,15.5,81.2,13.7,2.1,10.7,1.5,0.2,10.6,10.5,0.8,2.5,12.799999999999999,1.7,21.1,3.3,42.0,EW,5.71,3,E_EXCLUSIVE_GREEN,45.0
12.6,-0.1564,-0.9877,0,25.0,28.1,97.1,18.0,2.1,1.6,5.6,3.7,11.5,9.6,0.1,1.0,3.7,9.3,21.1,1.1,26.5,EW,7.79,3,E_EXCLUSIVE_GREEN,45.0
8.583333333333334,0.7799,-0.6259,1,117.3,25.7,114.7,16.5,10.2,21.9,7.5,2.3,8.4,13.7,1.3,2.1,32.099999999999994,9.8,22.1,3.4000000000000004,38.0,NS,3.6,1,N_EXCLUSIVE_GREEN,45.0
2.1333333333333333,0.5299,0.848,0,20.1,31.4,39.1,38.9,1.3,4.5,3.7,5.3,4.5,3.3,6.3,3.6,5.8,9.0,7.8,9.9,10.8,EW,1.1,0,BALANCED_PHASE,32.9
9.466666666666667,0.6157,-0.788,1,55.9,15.4,110.3,13.8,8.8,14.3,3.9,2.3,7.9,16.1,4.7,0.8,23.1,6.199999999999999,24.0,5.5,34.5,EW,5.25,3,E_EXCLUSIVE_GREEN,45.0
16.366666666666667,-0.91,-0.4147,0,106.1,20.7,24.4,19.3,12.9,16.0,0.9,2.1,5.2,1.0,2.2,4.9,28.9,3.0,6.2,7.1000000000000005,40.5,NS,6.56,1,N_EXCLUSIVE_GREEN,45.0
14.533333333333333,-0.6157,-0.788,0,23.2,35.3,20.9,20.9,2.4,3.1,1.5,4.1,0.9,2.5,1.5,1.3,5.5,5.6,3.4,2.8,9.0,NS,1.19,0,BALANCED_PHASE,23.5
13.466666666666667,-0.3746,-0.9272,0,22.8,31.6,30.8,25.0,0.8,0.9,2.7,2.7,5.0,5.0,1.4,4.6,1.7000000000000002,5.4,10.0,6.0,20.9,EW,1.4,3,E_EXCLUSIVE_GREEN,32.6
13.383333333333333,-0.3543,-0.9351,0,33.5,32.2,21.6,25.4,2.0,1.6,4.3,4.8,3.7,3.4,2.2,4.7,3.6,9.1,7.1,6.9,19.6,NS,1.5,1,N_EXCLUSIVE_GREEN,31.2
10.283333333333333,0.4344,-0.9007,0,23.6,56.2,22.2,27.9,2.2,4.0,4.5,5.3,3.6,0.6,1.9,6.1,6.2,9.8,4.2,8.0,15.8,NS,1.84,2,S_EXCLUSIVE_GREEN,36.3
14.233333333333333,-0.5519,-0.8339,0,53.7,27.2,25.4,25.8,3.8,5.1,11.2,3.3,5.5,4.5,1.4,2.0,8.899999999999999,14.5,10.0,3.4,22.1,NS,1.7,1,N_EXCLUSIVE_GREEN,45.0
11.95,0.0131,-0.9999,0,53.8,23.4,21.6,27.9,7.7,4.2,2.0,5.7,5.0,3.9,3.3,3.1,11.9,7.7,8.9,6.4,15.6,NS,1.76,1,N_EXCLUSIVE_GREEN,40.0
8.983333333333333,0.7102,-0.704,1,77.8,12.8,51.7,13.2,5.8,13.7,1.8,3.6,10.5,13.6,0.2,1.8,19.5,5.4,24.1,2.0,30.0,NS,4.15,1,N_EXCLUSIVE_GREEN,45.0
7.1,0.9588,-0.284,1,92.9,15.3,99.1,15.9,9.1,15.7,0.4,1.9,14.6,28.3,0.9,2.7,24.799999999999997,2.3,42.9,3.6,54.0,EW,8.62,3,E_EXCLUSIVE_GREEN,45.0
3.066666666666667,0.7193,0.6947,0,21.0,52.1,21.6,18.6,3.3,4.8,12.2,11.4,1.6,2.1,5.2,2.0,8.1,23.6,3.7,7.2,36.8,NS,2.66,2,S_EXCLUSIVE_GREEN,45.0
10.2,0.454,-0.891,0,24.9,20.1,29.4,29.7,2.9,3.6,1.7,2.0,3.9,7.0,3.0,5.1,6.5,3.7,10.9,8.1,21.0,EW,1.16,0,BALANCED_PHASE,34.2
8.316666666666666,0.8216,-0.57,1,58.2,13.4,57.7,12.3,9.5,11.5,1.5,2.4,5.2,9.0,2.0,5.2,21.0,3.9,14.2,7.2,38.9,NS,4.61,1,N_EXCLUSIVE_GREEN,45.0
23.866666666666667,-0.0349,0.9994,0,35.1,32.0,31.6,29.8,5.3,6.3,3.7,1.3,0.5,5.5,3.4,3.2,11.6,5.0,6.0,6.6,23.6,NS,1.57,1,N_EXCLUSIVE_GREEN,36.9
8.2,0.8387,-0.5446,1,59.7,12.9,52.1,13.7,2.4,10.3,0.4,1.0,10.4,5.7,1.0,2.2,12.700000000000001,1.4,16.1,3.2,18.7,NS,5.49,1,N_EXCLUSIVE_GREEN,43.0
22.633333333333333,-0.3502,0.9367,0,29.5,29.4,28.1,21.6,3.4,7.9,1.2,6.2,5.3,2.0,3.7,3.7,11.3,7.4,7.3,7.4,23.7,NS,1.25,0,BALANCED_PHASE,35.3
22.783333333333335,-0.3132,0.9497,0,23.5,35.2,28.9,22.8,0.9,4.6,2.3,5.9,1.1,3.5,1.1,1.7,5.5,8.2,4.6,2.8,9.2,NS,1.43,2,S_EXCLUSIVE_GREEN,28.7
8.0,0.866,-0.5,1,52.5,19.7,60.7,16.8,21.6,8.5,0.6,2.3,7.3,9.5,1.6,2.1,30.1,2.9,16.8,3.7,65.4,NS,5.53,1,N_EXCLUSIVE_GREEN,45.0
9.3,0.6494,-0.7604,1,52.1,18.5,80.7,18.0,4.3,4.9,1.7,1.8,12.9,13.1,0.3,1.0,9.2,3.5,26.0,1.3,34.7,EW,7.81,3,E_EXCLUSIVE_GREEN,45.0
11.833333333333334,0.0436,-0.999,0,25.2,20.1,34.6,24.1,2.1,2.0,1.9,4.1,2.9,4.6,5.2,10.0,4.1,6.0,7.5,15.2,28.5,EW,1.72,3,E_EXCLUSIVE_GREEN,44.5
12.866666666666667,-0.225,-0.9744,0,28.3,23.9,31.4,35.2,1.8,2.0,1.3,2.4,5.1,4.3,4.7,6.3,3.8,3.7,9.399999999999999,11.0,18.7,EW,1.11,0,BALANCED_PHASE,35.2
20.0,-0.866,0.5,0,33.3,23.8,32.0,22.4,3.1,8.7,1.0,3.4,2.1,10.5,4.1,5.9,11.799999999999999,4.4,12.6,10.0,18.8,EW,1.27,0,BALANCED_PHASE,37.8
16.8,-0.9511,-0.309,1,22.7,51.7,12.3,69.3,1.9,2.7,2.7,9.8,1.3,5.0,4.9,12.9,4.6,12.5,6.3,17.8,19.2,EW,3.42,4,W_EXCLUSIVE_GREEN,45.0
4.916666666666667,0.96,0.2798,0,19.7,56.8,29.6,20.3,1.8,4.0,2.5,4.4,8.4,9.0,1.8,2.1,5.8,6.9,17.4,3.9000000000000004,19.2,NS,1.78,2,S_EXCLUSIVE_GREEN,30.9
23.783333333333335,-0.0567,0.9984,0,23.5,76.1,30.1,23.8,1.3,3.5,12.2,7.8,1.0,2.5,0.9,2.8,4.8,20.0,3.5,3.6999999999999997,31.6,NS,3.52,2,S_EXCLUSIVE_GREEN,45.0
16.616666666666667,-0.9351,-0.3543,1,24.5,122.3,16.3,70.8,3.6,2.5,13.7,14.9,8.6,5.1,5.5,14.5,6.1,28.6,13.7,20.0,54.5,NS,4.61,2,S_EXCLUSIVE_GREEN,45.0
17.8,-0.9986,-0.0523,1,13.3,66.0,21.0,74.8,4.9,2.2,7.8,6.3,2.0,4.0,10.3,8.1,7.1000000000000005,14.1,6.0,18.4,24.6,EW,3.11,4,W_EXCLUSIVE_GREEN,45.0
14.766666666666667,-0.6626,-0.749,0,35.0,21.9,33.5,21.0,0.9,10.6,2.5,4.7,11.9,5.0,2.9,2.1,11.5,7.2,16.9,5.0,25.5,EW,2.43,3,E_EXCLUSIVE_GREEN,45.0
10.833333333333334,0.3007,-0.9537,0,18.5,63.2,18.3,31.9,0.6,4.2,2.0,15.1,2.3,3.1,2.3,16.1,4.8,17.1,5.4,18.400000000000002,34.5,NS,3.3,2,S_EXCLUSIVE_GREEN,45.0
13.816666666666666,-0.4579,-0.889,0,20.7,29.1,28.3,39.4,0.6,3.2,3.6,10.3,7.2,5.2,3.8,1.5,3.8000000000000003,13.9,12.4,5.3,16.2,EW,1.77,3,E_EXCLUSIVE_GREEN,38.5
13.216666666666667,-0.3132,-0.9497,0,32.2,23.1,20.1,33.7,1.2,2.2,0.6,5.9,0.6,5.0,2.9,3.4,3.4000000000000004,6.5,5.6,6.3,9.8,EW,1.29,0,BALANCED_PHASE,24.6
17.016666666666666,-0.967,-0.2546,1,12.1,54.1,15.2,48.7,2.4,0.1,4.5,3.2,1.2,4.3,7.0,4.9,2.5,7.7,5.5,11.9,20.9,EW,2.39,4,W_EXCLUSIVE_GREEN,39.7
11.133333333333333,0.225,-0.9744,0,30.9,38.0,32.3,24.7,6.2,1.6,3.9,8.7,4.0,3.7,4.4,3.0,7.800000000000001,12.6,7.7,7.4,26.7,NS,1.4,0,BALANCED_PHASE,39.7
4.316666666666666,0.9045,0.4266,0,26.8,39.3,20.4,39.5,7.6,6.3,4.6,4.3,3.1,2.0,3.2,9.1,13.899999999999999,8.899999999999999,5.1,12.3,18.0,NS,1.47,1,N_EXCLUSIVE_GREEN,41.7
0.5166666666666667,0.1349,0.9909,0,25.2,38.8,24.0,34.9,4.2,2.4,3.2,5.8,1.3,1.0,5.3,1.3,6.6,9.0,2.3,6.6,18.8,NS,1.38,0,BALANCED_PHASE,31.9
11.35,0.1693,-0.9856,0,25.7,31.8,22.1,61.7,1.5,6.9,6.9,4.5,0.7,2.8,8.1,7.5,8.4,11.4,3.5,15.6,21.4,EW,3.32,4,W_EXCLUSIVE_GREEN,45.0
21.8,-0.5446,0.8387,0,32.8,24.4,20.2,34.3,4.8,5.9,2.0,1.6,1.3,2.0,2.5,4.7,10.7,3.6,3.3,7.2,19.8,NS,1.92,1,N_EXCLUSIVE_GREEN,34.3
22.566666666666666,-0.3665,0.9304,0,106.7,17.2,31.9,29.5,11.3,17.2,4.0,6.5,5.9,4.5,1.2,3.3,28.5,10.5,10.4,4.5,50.0,NS,3.45,1,N_EXCLUSIVE_GREEN,45.0
18.833333333333332,-0.9763,0.2164,1,20.1,79.9,23.8,47.3,1.2,5.3,11.2,20.1,3.4,4.5,2.6,5.4,6.5,31.3,7.9,8.0,43.9,NS,4.29,2,S_EXCLUSIVE_GREEN,45.0
1.9833333333333334,0.4962,0.8682,0,18.6,26.9,76.9,21.6,2.5,2.7,4.7,2.9,9.0,10.5,1.4,2.5,5.2,7.6,19.5,3.9,22.6,EW,4.0,3,E_EXCLUSIVE_GREEN,45.0
18.666666666666668,-0.9848,0.1736,1,12.4,90.8,13.7,84.9,2.9,1.0,8.3,15.9,0.2,3.2,8.1,8.8,3.9,24.200000000000003,3.4000000000000004,16.9,27.6,NS,6.15,2,S_EXCLUSIVE_GREEN,45.0
19.966666666666665,-0.8704,0.4924,0,22.7,20.6,34.8,29.7,4.1,6.0,2.1,1.4,7.1,2.7,5.1,5.0,10.1,3.5,9.8,10.1,18.9,EW,1.05,0,BALANCED_PHASE,33.4
12.4,-0.1045,-0.9945,0,27.6,30.4,30.7,55.6,0.9,4.4,6.4,2.8,1.3,7.3,3.2,10.2,5.300000000000001,9.2,8.6,13.399999999999999,26.8,EW,1.61,4,W_EXCLUSIVE_GREEN,44.5
2.5666666666666664,0.6225,0.7826,0,18.0,17.7,24.7,57.9,0.1,2.5,2.0,1.5,1.4,7.7,2.7,3.9,2.6,3.5,9.1,6.6,16.8,EW,1.72,3,E_EXCLUSIVE_GREEN,35.3
3.35,0.7688,0.6394,0,33.2,21.3,29.1,29.9,5.9,8.1,1.1,3.4,4.6,3.4,5.5,8.8,14.0,4.5,8.0,14.3,17.0,EW,1.42,4,W_EXCLUSIVE_GREEN,40.7
14.666666666666666,-0.6428,-0.766,0,22.4,35.1,29.4,27.1,3.0,6.5,2.3,2.5,1.8,4.0,0.8,8.2,9.5,4.8,5.8,9.0,17.6,NS,1.69,1,N_EXCLUSIVE_GREEN,32.1
2.1666666666666665,0.5373,0.8434,0,24.9,140.8,31.9,21.1,1.1,2.6,17.8,25.6,6.3,8.1,2.0,1.9,3.7,43.400000000000006,14.399999999999999,3.9,80.7,NS,7.79,2,S_EXCLUSIVE_GREEN,45.0
1.8666666666666667,0.4695,0.8829,0,24.4,21.0,24.1,20.7,7.3,3.5,3.2,2.5,3.0,9.2,1.4,2.7,10.8,5.7,12.2,4.1,18.1,NS,1.51,1,N_EXCLUSIVE_GREEN,32.8
15.016666666666667,-0.7102,-0.704,0,105.1,21.7,22.8,17.1,10.1,20.1,0.5,1.0,1.2,4.5,0.8,5.6,30.200000000000003,1.5,5.7,6.3999999999999995,52.2,NS,8.08,1,N_EXCLUSIVE_GREEN,45.0
12.3,-0.0785,-0.9969,0,28.1,20.4,56.2,19.7,4.0,7.5,3.0,3.2,13.6,11.8,5.3,3.3,11.5,6.2,25.4,8.6,26.0,EW,2.81,3,E_EXCLUSIVE_GREEN,45.0
21.55,-0.5983,0.8013,0,89.5,18.7,27.0,20.9,7.9,27.0,4.0,0.4,5.9,2.3,4.0,4.0,34.9,4.4,8.2,8.0,48.9,NS,6.12,1,N_EXCLUSIVE_GREEN,45.0
11.55,0.1175,-0.9931,0,26.4,25.2,60.0,25.3,8.1,1.7,3.7,1.5,10.0,10.9,4.1,8.1,9.799999999999999,5.2,20.9,12.2,24.2,EW,1.85,3,E_EXCLUSIVE_GREEN,45.0
13.416666666666666,-0.3624,-0.932,0,56.2,31.4,27.2,32.7,6.4,7.7,4.6,1.7,4.2,9.7,4.2,1.2,14.100000000000001,6.3,13.899999999999999,5.4,18.2,NS,1.94,1,N_EXCLUSIVE_GREEN,45.0
4.566666666666666,0.9304,0.3665,0,30.4,20.1,29.4,26.2,2.5,5.7,0.7,2.9,5.4,4.3,1.0,6.8,8.2,3.5999999999999996,9.7,7.8,18.7,EW,1.15,0,BALANCED_PHASE,31.6
23.066666666666666,-0.2419,0.9703,0,17.4,55.8,25.1,20.7,1.0,8.3,6.6,10.5,2.9,4.7,1.3,4.6,9.3,17.1,7.6,5.8999999999999995,17.4,NS,2.13,2,S_EXCLUSIVE_GREEN,45.0
4.916666666666667,0.96,0.2798,0,17.4,20.3,30.1,89.3,1.8,1.4,2.8,3.1,3.7,2.6,9.9,11.1,3.2,5.9,6.300000000000001,21.0,21.1,EW,3.03,4,W_EXCLUSIVE_GREEN,45.0
22.7,-0.3338,0.9426,0,30.7,25.3,31.3,23.9,1.0,7.7,3.1,2.5,4.5,4.9,5.7,7.3,8.7,5.6,9.4,13.0,26.2,EW,1.31,0,BALANCED_PHASE,39.2
19.6,-0.9135,0.4067,0,29.3,22.9,29.9,23.4,3.2,11.9,4.3,5.2,3.9,5.7,3.4,3.5,15.100000000000001,9.5,9.6,6.9,33.1,NS,1.44,1,N_EXCLUSIVE_GREEN,43.8
18.2,-0.9986,0.0523,1,19.4,107.8,26.1,49.9,1.1,2.4,16.9,15.8,10.9,2.6,3.3,10.0,3.5,32.7,13.5,13.3,66.4,NS,6.89,2,S_EXCLUSIVE_GREEN,45.0
16.75,-0.9469,-0.3214,1,13.8,91.2,13.7,103.6,1.2,1.2,4.5,15.9,1.1,3.7,6.0,22.1,2.4,20.4,4.800000000000001,28.1,50.9,EW,6.07,4,W_EXCLUSIVE_GREEN,45.0
21.483333333333334,-0.6122,0.7907,0,81.4,20.5,29.0,24.3,6.4,12.6,2.8,10.8,6.5,2.4,4.5,1.9,19.0,13.600000000000001,8.9,6.4,33.6,NS,1.94,1,N_EXCLUSIVE_GREEN,45.0
4.466666666666667,0.9205,0.3907,0,29.2,19.9,19.1,58.2,2.7,4.1,2.0,2.0,0.9,1.8,12.8,12.4,6.8,4.0,2.7,25.200000000000003,37.7,EW,5.24,4,W_EXCLUSIVE_GREEN,45.0
19.85,-0.885,0.4656,0,26.6,21.5,95.7,21.8,2.9,7.9,5.5,3.2,7.0,11.4,1.3,5.0,10.8,8.7,18.4,6.3,32.8,EW,3.36,3,E_EXCLUSIVE_GREEN,45.0
18.933333333333334,-0.9703,0.2419,1,21.4,142.2,24.6,74.5,2.2,3.9,11.9,11.6,2.8,4.1,10.7,6.5,6.1,23.5,6.8999999999999995,17.2,38.7,NS,4.77,2,S_EXCLUSIVE_GREEN,45.0
15.483333333333333,-0.7907,-0.6122,0,26.3,23.4,20.0,24.3,3.0,3.7,1.1,2.7,1.5,2.4,1.5,2.9,6.7,3.8000000000000003,3.9,4.4,11.0,NS,1.33,0,BALANCED_PHASE,24.2
1.7833333333333332,0.4501,0.893,0,30.8,23.1,21.9,67.4,6.3,5.8,0.6,1.1,2.2,2.7,6.0,12.7,12.1,1.7000000000000002,4.9,18.7,40.4,EW,3.29,4,W_EXCLUSIVE_GREEN,45.0
11.733333333333333,0.0698,-0.9976,0,32.7,29.4,34.3,38.1,1.5,3.7,4.7,9.4,3.6,6.0,1.3,6.1,5.2,14.100000000000001,9.6,7.3999999999999995,30.9,EW,1.17,0,BALANCED_PHASE,34.1
9.416666666666666,0.6259,-0.7799,1,148.7,22.6,69.8,14.6,12.0,26.2,5.3,2.4,14.3,9.5,0.5,2.0,38.2,7.699999999999999,23.8,2.5,47.0,NS,5.34,1,N_EXCLUSIVE_GREEN,45.0
19.866666666666667,-0.8829,0.4695,0,25.2,24.9,33.2,36.8,3.0,3.8,0.7,8.8,5.8,0.8,6.6,4.6,6.8,9.5,6.6,11.2,16.9,EW,1.35,0,BALANCED_PHASE,35.7
5.433333333333334,0.989,0.1478,0,22.4,24.4,21.9,135.4,2.1,4.4,2.6,5.1,4.9,1.7,10.9,18.0,6.5,7.699999999999999,6.6000000000000005,28.9,30.9,EW,4.87,4,W_EXCLUSIVE_GREEN,45.0
14.4,-0.5878,-0.809,0,20.1,20.6,33.8,24.9,8.0,4.3,0.7,2.7,2.2,9.5,4.5,7.7,12.3,3.4000000000000004,11.7,12.2,19.9,EW,1.1,0,BALANCED_PHASE,37.5
5.733333333333333,0.9976,0.0698,0,33.1,31.1,21.8,23.7,3.3,5.5,2.5,8.2,1.6,1.0,3.8,4.4,8.8,10.7,2.6,8.2,17.9,NS,1.12,0,BALANCED_PHASE,34.1
12.733333333333333,-0.1908,-0.9816,0,32.1,32.4,20.1,24.6,1.9,8.3,2.4,6.0,2.1,1.8,2.6,2.3,10.200000000000001,8.4,3.9000000000000004,4.9,14.9,NS,1.09,0,BALANCED_PHASE,32.7
7.933333333333334,0.8746,-0.4848,1,68.6,20.9,70.0,14.2,9.2,5.1,2.5,6.5,4.6,12.6,0.2,2.5,14.299999999999999,9.0,17.2,2.7,22.7,NS,2.05,1,N_EXCLUSIVE_GREEN,45.0
5.283333333333333,0.9825,0.1865,0,33.2,38.2,34.6,25.5,3.6,5.2,7.1,12.7,1.0,5.5,5.7,6.9,8.8,19.799999999999997,6.5,12.600000000000001,32.4,NS,1.72,2,S_EXCLUSIVE_GREEN,45.0
17.3,-0.9833,-0.1822,1,13.8,63.6,21.0,60.9,0.1,2.4,3.1,10.0,3.1,2.4,4.1,10.2,2.5,13.1,5.5,14.299999999999999,16.9,EW,2.59,4,W_EXCLUSIVE_GREEN,45.0
21.966666666666665,-0.5075,0.8616,0,20.2,67.7,28.8,18.0,3.4,6.3,6.5,10.1,3.7,1.7,2.9,4.1,9.7,16.6,5.4,7.0,18.7,NS,2.12,2,S_EXCLUSIVE_GREEN,45.0
15.433333333333334,-0.7826,-0.6225,0,21.9,28.5,21.7,25.8,3.2,1.7,4.0,2.3,1.0,0.6,1.3,6.0,4.9,6.3,1.6,7.3,10.3,NS,1.23,0,BALANCED_PHASE,23.8
17.116666666666667,-0.9734,-0.2292,1,12.3,56.5,21.4,60.1,0.2,0.1,6.3,16.6,3.5,4.4,7.2,14.9,0.30000000000000004,22.900000000000002,7.9,22.1,38.5,EW,2.69,4,W_EXCLUSIVE_GREEN,45.0
11.066666666666666,0.2419,-0.9703,0,20.3,29.3,22.2,26.6,2.4,3.9,1.7,5.7,5.7,5.0,3.3,2.8,6.3,7.4,10.7,6.1,22.2,EW,1.45,3,E_EXCLUSIVE_GREEN,33.4
16.816666666666666,-0.9524,-0.3049,1,13.3,76.6,13.8,71.4,0.5,3.0,4.1,18.9,1.2,1.1,14.4,5.4,3.5,23.0,2.3,19.8,40.8,NS,5.76,2,S_EXCLUSIVE_GREEN,45.0
10.433333333333334,0.3987,-0.9171,0,24.3,22.4,29.9,20.4,5.5,3.9,1.4,4.2,0.7,3.9,4.1,2.7,9.4,5.6,4.6,6.8,20.2,EW,1.39,0,BALANCED_PHASE,26.0
8.216666666666667,0.8363,-0.5483,1,57.9,17.1,50.3,17.0,2.6,7.9,4.3,5.1,5.2,7.5,0.9,2.4,10.5,9.399999999999999,12.7,3.3,16.7,NS,1.66,1,N_EXCLUSIVE_GREEN,38.1
16.033333333333335,-0.8704,-0.4924,0,38.8,21.9,25.3,26.9,1.8,10.7,2.2,1.9,0.5,3.1,2.0,9.0,12.5,4.1,3.6,11.0,18.2,NS,2.26,1,N_EXCLUSIVE_GREEN,38.8
2.6666666666666665,0.6428,0.766,0,33.9,37.7,20.5,23.2,1.4,3.4,6.4,12.2,0.8,1.1,3.8,3.4,4.8,18.6,1.9000000000000001,7.199999999999999,39.5,NS,2.16,2,S_EXCLUSIVE_GREEN,45.0
23.483333333333334,-0.1349,0.9909,0,30.1,20.0,27.2,53.5,5.7,4.1,0.5,1.6,5.4,7.4,6.0,9.9,9.8,2.1,12.8,15.9,31.0,EW,1.42,4,W_EXCLUSIVE_GREEN,45.0
6.416666666666667,0.9941,-0.1089,0,21.7,18.2,102.6,20.0,1.5,4.0,4.9,1.5,8.0,19.2,1.4,8.4,5.5,6.4,27.2,9.8,29.5,EW,3.33,3,E_EXCLUSIVE_GREEN,45.0
3.75,0.8315,0.5556,0,25.4,27.5,35.9,29.8,1.7,6.1,6.3,2.5,1.6,6.5,4.5,5.0,7.8,8.8,8.1,9.5,10.7,EW,1.15,0,BALANCED_PHASE,31.5
10.7,0.3338,-0.9426,0,21.9,29.7,21.0,34.2,2.9,1.8,2.6,6.7,0.5,1.9,3.0,4.5,4.7,9.3,2.4,7.5,17.8,NS,1.59,2,S_EXCLUSIVE_GREEN,30.7
15.483333333333333,-0.7907,-0.6122,0,29.0,66.6,18.7,17.9,1.7,3.9,12.6,16.1,4.2,3.4,2.7,3.9,5.6,28.700000000000003,7.6,6.6,34.9,NS,3.53,2,S_EXCLUSIVE_GREEN,45.0
22.466666666666665,-0.3907,0.9205,0,30.9,25.7,57.1,32.7,3.9,3.3,4.3,2.0,5.3,2.6,2.1,1.7,7.199999999999999,6.3,7.9,3.8,10.4,EW,1.78,3,E_EXCLUSIVE_GREEN,32.1
5.166666666666667,0.9763,0.2164,0,20.6,21.9,36.4,27.0,0.8,8.0,3.8,2.3,3.1,9.1,3.7,3.8,8.8,6.1,12.2,7.5,16.7,EW,1.45,3,E_EXCLUSIVE_GREEN,37.6
19.1,-0.9588,0.284,1,12.9,61.6,24.3,84.1,1.8,8.1,7.2,6.6,4.6,4.7,6.7,24.1,9.9,13.8,9.3,30.8,33.5,EW,3.25,4,W_EXCLUSIVE_GREEN,45.0
5.3,0.9833,0.1822,0,20.4,17.5,20.4,72.1,0.4,6.8,5.1,4.6,3.2,4.5,5.6,11.9,7.2,9.7,7.7,17.5,21.5,EW,2.6,4,W_EXCLUSIVE_GREEN,45.0
5.066666666666666,0.9703,0.2419,0,35.0,20.8,35.4,29.4,3.3,3.9,0.1,1.9,0.6,4.6,5.1,1.9,7.199999999999999,2.0,5.199999999999999,7.0,11.3,EW,1.22,0,BALANCED_PHASE,26.5
0.7166666666666667,0.1865,0.9825,0,28.9,18.3,20.3,73.1,0.6,2.2,1.3,1.5,0.8,1.8,14.7,17.7,2.8000000000000003,2.8,2.6,32.4,51.2,EW,6.56,4,W_EXCLUSIVE_GREEN,45.0
11.183333333333334,0.2122,-0.9772,0,128.5,20.1,26.3,31.1,11.7,16.9,0.2,4.4,0.4,4.2,4.0,5.4,28.599999999999998,4.6000000000000005,4.6000000000000005,9.4,30.8,NS,5.96,1,N_EXCLUSIVE_GREEN,45.0
21.566666666666666,-0.5948,0.8039,0,72.7,31.9,31.4,31.8,6.2,9.7,6.2,4.9,4.9,3.6,2.1,5.4,15.899999999999999,11.100000000000001,8.5,7.5,18.0,NS,1.69,1,N_EXCLUSIVE_GREEN,45.0
20.85,-0.7343,0.6788,0,28.4,38.0,21.0,27.6,0.7,0.8,3.7,8.1,0.9,3.1,3.8,10.1,1.5,11.8,4.0,13.899999999999999,27.6,NS,2.53,2,S_EXCLUSIVE_GREEN,38.2
21.75,-0.5556,0.8315,0,30.1,38.3,39.7,21.5,1.9,6.5,2.6,7.5,3.1,10.3,1.9,6.5,8.4,10.1,13.4,8.4,26.0,NS,1.19,0,BALANCED_PHASE,34.7
3.4,0.7771,0.6293,0,23.6,25.1,35.3,21.8,1.8,6.2,3.9,0.7,4.8,7.6,3.0,3.9,8.0,4.6,12.399999999999999,6.9,17.6,EW,1.65,3,E_EXCLUSIVE_GREEN,37.9
14.05,-0.5113,-0.8594,0,22.7,30.6,29.9,22.8,0.2,4.7,2.1,1.2,2.2,4.3,2.4,1.2,4.9,3.3,6.5,3.5999999999999996,6.8,EW,1.44,3,E_EXCLUSIVE_GREEN,24.1
1.8166666666666667,0.4579,0.889,0,23.0,86.7,29.0,19.9,1.2,3.4,4.5,13.8,4.7,4.7,0.8,4.2,4.6,18.3,9.4,5.0,35.2,NS,3.67,2,S_EXCLUSIVE_GREEN,45.0
7.383333333333334,0.9351,-0.3543,1,98.4,12.8,63.4,21.6,7.8,20.4,0.1,3.7,13.3,6.3,1.8,3.2,28.2,3.8000000000000003,19.6,5.0,60.2,NS,6.98,1,N_EXCLUSIVE_GREEN,45.0
7.2,0.9511,-0.309,1,142.6,20.4,59.2,13.9,19.1,33.0,1.3,1.7,2.8,7.6,0.0,3.3,52.1,3.0,10.399999999999999,3.3,91.3,NS,10.62,1,N_EXCLUSIVE_GREEN,45.0
2.0166666666666666,0.5038,0.8638,0,20.3,39.9,30.3,30.5,2.7,1.9,7.3,7.4,5.7,16.6,7.5,2.0,4.6,14.7,22.3,9.5,27.6,EW,1.77,3,E_EXCLUSIVE_GREEN,45.0
0.35,0.0915,0.9958,0,20.2,31.3,26.3,25.8,0.6,3.4,1.0,3.2,4.5,6.1,0.4,2.4,4.0,4.2,10.6,2.8,12.4,EW,1.88,3,E_EXCLUSIVE_GREEN,32.2
21.7,-0.5664,0.8241,0,66.4,22.4,25.9,20.2,3.4,11.4,2.4,3.4,2.2,2.2,3.2,3.8,14.8,5.8,4.4,7.0,24.6,NS,2.6,1,N_EXCLUSIVE_GREEN,45.0
21.166666666666668,-0.6756,0.7373,0,22.1,36.9,27.3,34.8,1.3,4.2,4.5,5.7,1.3,6.9,7.1,5.5,5.5,10.2,8.200000000000001,12.6,15.4,EW,1.38,0,BALANCED_PHASE,38.0
1.4333333333333333,0.3665,0.9304,0,24.7,22.7,31.7,27.0,6.2,2.7,5.6,4.3,2.4,5.5,2.7,2.4,8.9,9.899999999999999,7.9,5.1,15.5,EW,1.29,0,BALANCED_PHASE,28.1
10.333333333333334,0.4226,-0.9063,0,39.2,31.6,33.9,34.3,5.7,4.5,3.5,3.4,2.2,1.8,3.0,2.9,10.2,6.9,4.0,5.9,12.8,NS,1.31,0,BALANCED_PHASE,33.7
6.65,0.9856,-0.1693,0,19.0,24.3,23.8,87.5,3.1,0.7,4.6,3.5,2.2,1.4,6.5,6.7,3.8,8.1,3.6,13.2,13.3,EW,3.47,4,W_EXCLUSIVE_GREEN,45.0
13.116666666666667,-0.2882,-0.9576,0,99.2,28.7,19.9,18.7,10.4,12.6,3.3,8.7,0.5,2.3,5.9,0.8,23.0,12.0,2.8,6.7,49.3,NS,2.35,1,N_EXCLUSIVE_GREEN,45.0
11.333333333333334,0.1736,-0.9848,0,17.7,20.3,17.2,149.2,1.7,3.8,1.9,2.0,4.7,1.7,11.4,32.7,5.5,3.9,6.4,44.1,65.2,EW,7.15,4,W_EXCLUSIVE_GREEN,45.0
20.333333333333332,-0.8192,0.5736,0,20.0,66.0,17.2,18.5,1.0,2.3,16.5,9.3,3.7,0.2,2.1,4.3,3.3,25.8,3.9000000000000004,6.4,28.4,NS,5.0,2,S_EXCLUSIVE_GREEN,45.0
14.233333333333333,-0.5519,-0.8339,0,23.9,27.0,64.6,27.7,1.0,8.3,0.8,2.5,6.7,3.3,0.3,7.1,9.3,3.3,10.0,7.3999999999999995,10.9,EW,1.71,3,E_EXCLUSIVE_GREEN,37.7
20.65,-0.7688,0.6394,0,71.6,31.3,20.5,19.0,4.2,12.4,1.8,3.5,1.8,3.0,0.5,1.3,16.6,5.3,4.8,1.8,19.8,NS,2.57,1,N_EXCLUSIVE_GREEN,45.0
6.433333333333334,0.9936,-0.1132,0,19.8,17.4,19.6,55.4,0.9,5.3,2.0,2.1,0.5,0.9,5.0,8.5,6.2,4.1,1.4,13.5,23.1,EW,4.23,4,W_EXCLUSIVE_GREEN,44.3
3.75,0.8315,0.5556,0,34.8,20.6,26.1,25.7,7.7,16.4,5.7,2.8,1.9,3.8,5.6,12.0,24.099999999999998,8.5,5.699999999999999,17.6,24.1,NS,2.37,1,N_EXCLUSIVE_GREEN,45.0
18.166666666666668,-0.999,0.0436,1,12.9,87.4,21.1,116.2,1.0,2.8,8.3,18.6,4.8,2.9,15.7,21.3,3.8,26.900000000000002,7.699999999999999,37.0,46.1,EW,4.85,4,W_EXCLUSIVE_GREEN,45.0
8.1,0.8526,-0.5225,1,68.6,12.5,104.5,14.0,8.4,17.0,3.4,3.6,10.4,16.1,2.1,2.1,25.4,7.0,26.5,4.2,51.3,EW,6.33,3,E_EXCLUSIVE_GREEN,45.0
19.333333333333332,-0.9397,0.342,1,12.7,54.1,12.4,89.8,2.7,0.5,6.7,7.6,1.8,1.0,14.1,9.7,3.2,14.3,2.8,23.799999999999997,33.1,EW,7.24,4,W_EXCLUSIVE_GREEN,45.0
20.733333333333334,-0.7547,0.6561,0,23.2,78.9,18.6,23.6,4.5,5.5,10.7,7.5,3.3,2.0,2.5,5.0,10.0,18.2,5.3,7.5,34.1,NS,2.24,2,S_EXCLUSIVE_GREEN,45.0
10.183333333333334,0.4579,-0.889,0,20.8,37.6,26.3,21.3,1.0,5.3,1.9,6.2,4.2,0.9,3.3,2.4,6.3,8.1,5.1000000000000005,5.699999999999999,14.4,NS,1.42,2,S_EXCLUSIVE_GREEN,29.4
22.333333333333332,-0.4226,0.9063,0,28.4,23.1,24.2,24.0,1.7,4.0,0.3,2.7,2.4,4.6,1.5,4.7,5.7,3.0,7.0,6.2,9.9,EW,1.03,0,BALANCED_PHASE,24.4
21.5,-0.6088,0.7934,0,125.7,29.2,17.2,19.7,7.7,25.3,2.4,3.9,7.1,1.3,0.2,6.7,33.0,6.3,8.4,6.9,41.5,NS,4.6,1,N_EXCLUSIVE_GREEN,45.0
19.966666666666665,-0.8704,0.4924,0,29.8,32.0,20.4,38.4,2.6,3.4,2.7,5.6,1.0,1.5,3.0,8.0,6.0,8.3,2.5,11.0,16.6,NS,1.18,0,BALANCED_PHASE,29.0
12.533333333333333,-0.1392,-0.9903,0,24.6,21.5,35.1,29.5,1.5,5.3,4.8,6.4,4.4,4.5,2.0,3.9,6.8,11.2,8.9,5.9,16.4,EW,1.29,0,BALANCED_PHASE,30.8
7.533333333333333,0.9205,-0.3907,1,137.0,14.5,58.8,12.7,16.4,26.2,0.3,1.5,3.7,5.6,0.7,1.6,42.599999999999994,1.8,9.3,2.3,68.2,NS,13.44,1,N_EXCLUSIVE_GREEN,45.0
18.75,-0.9808,0.1951,1,12.5,58.8,13.3,61.0,0.8,1.2,10.1,6.0,2.2,2.3,17.4,9.6,2.0,16.1,4.5,27.0,57.4,EW,5.11,4,W_EXCLUSIVE_GREEN,45.0
0.23333333333333334,0.061,0.9981,0,65.8,21.5,24.1,25.4,5.7,11.2,1.2,4.4,2.8,1.3,3.3,8.2,16.9,5.6000000000000005,4.1,11.5,26.6,NS,2.89,1,N_EXCLUSIVE_GREEN,45.0
9.25,0.6593,-0.7518,1,94.5,16.6,53.4,24.6,7.9,14.1,1.5,2.2,10.1,5.9,2.3,4.7,22.0,3.7,16.0,7.0,26.4,NS,5.44,1,N_EXCLUSIVE_GREEN,45.0
23.45,-0.1435,0.9897,0,27.1,24.1,23.3,22.0,3.9,4.2,1.8,2.2,1.0,1.8,1.9,2.5,8.1,4.0,2.8,4.4,16.5,NS,1.45,1,N_EXCLUSIVE_GREEN,27.7
19.083333333333332,-0.96,0.2798,1,13.5,72.4,14.5,60.8,3.2,6.3,5.4,9.2,2.4,0.6,7.7,8.7,9.5,14.6,3.0,16.4,34.6,NS,2.29,2,S_EXCLUSIVE_GREEN,45.0
1.1333333333333333,0.2924,0.9563,0,27.9,25.0,80.3,27.3,1.5,2.9,1.4,4.5,6.7,13.4,3.2,2.0,4.4,5.9,20.1,5.2,35.0,EW,3.24,3,E_EXCLUSIVE_GREEN,45.0
6.15,0.9992,-0.0393,0,54.7,23.8,22.5,19.4,14.6,14.8,2.1,7.6,3.3,4.0,1.6,2.7,29.4,9.7,7.3,4.300000000000001,51.8,NS,2.7,1,N_EXCLUSIVE_GREEN,45.0
7.983333333333333,0.8682,-0.4962,1,129.9,16.5,47.4,26.9,21.7,20.7,1.6,1.2,4.1,7.1,4.8,1.1,42.4,2.8,11.2,5.9,78.8,NS,10.37,1,N_EXCLUSIVE_GREEN,45.0
23.633333333333333,-0.0958,0.9954,0,37.5,24.7,26.5,36.4,1.8,9.7,9.2,7.5,0.9,2.2,2.7,10.3,11.5,16.7,3.1,13.0,20.7,NS,1.43,1,N_EXCLUSIVE_GREEN,45.0
14.783333333333333,-0.6659,-0.7461,0,30.1,33.5,31.2,24.0,4.7,3.7,4.0,8.3,5.1,4.1,1.8,3.1,8.4,12.3,9.2,4.9,21.3,NS,1.27,0,BALANCED_PHASE,37.8
4.283333333333333,0.9007,0.4344,0,58.8,17.9,19.4,23.9,7.9,6.7,0.5,1.8,0.3,1.6,3.3,0.9,14.600000000000001,2.3,1.9000000000000001,4.2,20.7,NS,4.13,1,N_EXCLUSIVE_GREEN,45.0
16.833333333333332,-0.9537,-0.3007,1,13.5,55.5,18.5,69.4,4.8,7.0,8.3,5.5,1.6,1.3,5.9,14.4,11.8,13.8,2.9000000000000004,20.3,27.2,EW,4.81,4,W_EXCLUSIVE_GREEN,45.0
13.683333333333334,-0.4266,-0.9045,0,33.3,24.4,22.9,26.2,3.6,1.4,8.5,1.5,4.0,2.6,2.3,4.9,5.0,10.0,6.6,7.2,19.4,NS,1.61,1,N_EXCLUSIVE_GREEN,32.9
0.23333333333333334,0.061,0.9981,0,36.7,39.2,26.4,37.2,2.1,5.5,4.4,3.3,0.3,5.3,0.7,6.3,7.6,7.7,5.6,7.0,16.2,NS,1.01,0,BALANCED_PHASE,29.1
10.35,0.4187,-0.9081,0,98.9,17.6,22.7,18.4,15.7,17.4,0.3,1.1,2.2,3.8,1.8,2.7,33.099999999999994,1.4000000000000001,6.0,4.5,47.6,NS,9.76,1,N_EXCLUSIVE_GREEN,45.0
21.25,-0.6593,0.7518,0,20.1,21.4,32.5,22.7,3.6,4.8,3.1,0.9,2.8,8.6,0.5,3.6,8.4,4.0,11.399999999999999,4.1,19.4,EW,1.96,3,E_EXCLUSIVE_GREEN,35.6
22.766666666666666,-0.3173,0.9483,0,21.8,25.3,18.5,109.8,1.2,4.5,5.8,8.1,1.9,8.1,15.7,14.8,5.7,13.899999999999999,10.0,30.5,35.1,EW,3.7,4,W_EXCLUSIVE_GREEN,45.0
16.333333333333332,-0.9063,-0.4226,0,59.6,21.9,30.0,21.1,4.8,7.7,2.0,6.4,7.9,13.0,0.6,7.0,12.5,8.4,20.9,7.6,34.3,NS,1.84,1,N_EXCLUSIVE_GREEN,44.2
2.9166666666666665,0.6915,0.7224,0,25.2,27.7,39.5,26.8,1.3,2.9,10.4,5.2,5.4,8.2,0.8,4.9,4.2,15.600000000000001,13.6,5.7,31.1,EW,1.86,3,E_EXCLUSIVE_GREEN,42.4
6.05,0.9999,-0.0131,0,25.6,22.7,21.2,25.6,4.7,3.0,2.3,2.2,5.7,0.6,0.8,1.2,7.7,4.5,6.3,2.0,14.9,NS,1.34,0,BALANCED_PHASE,26.5
4.216666666666667,0.893,0.4501,0,22.5,85.6,25.4,20.7,4.2,0.9,8.2,19.8,2.5,2.1,5.4,4.4,5.1000000000000005,28.0,4.6,9.8,29.9,NS,4.47,2,S_EXCLUSIVE_GREEN,45.0
18.583333333333332,-0.9884,0.1521,1,15.3,76.3,13.2,89.3,3.6,1.8,11.4,14.6,0.9,5.0,8.5,14.9,5.4,26.0,5.9,23.4,45.9,EW,4.56,4,W_EXCLUSIVE_GREEN,45.0
6.25,0.9979,-0.0654,0,33.4,39.5,31.7,35.2,2.8,4.8,6.3,4.2,2.3,3.8,3.3,2.3,7.6,10.5,6.1,5.6,14.2,NS,1.25,0,BALANCED_PHASE,34.5
13.766666666666667,-0.4462,-0.8949,0,28.3,29.9,21.6,28.2,3.0,3.0,1.9,4.0,2.3,1.3,8.9,3.5,6.0,5.9,3.5999999999999996,12.4,24.5,NS,0.99,0,BALANCED_PHASE,24.8
5.766666666666667,0.9981,0.061,0,27.5,22.4,17.4,57.7,6.6,5.7,3.1,1.9,3.3,4.3,1.7,4.3,12.3,5.0,7.6,6.0,25.9,EW,1.92,3,E_EXCLUSIVE_GREEN,33.2
5.633333333333333,0.9954,0.0958,0,17.7,25.7,65.3,22.1,5.6,5.8,2.0,1.8,6.6,12.5,3.8,3.1,11.399999999999999,3.8,19.1,6.9,36.7,EW,2.72,3,E_EXCLUSIVE_GREEN,45.0
18.466666666666665,-0.9925,0.1219,1,27.2,60.9,16.3,78.5,2.9,4.7,8.2,6.9,1.3,1.8,15.9,15.6,7.6,15.1,3.1,31.5,48.7,EW,6.89,4,W_EXCLUSIVE_GREEN,45.0
20.2,-0.8387,0.5446,0,25.8,24.8,22.3,127.3,0.9,11.8,1.3,3.7,2.1,7.5,15.3,23.1,12.700000000000001,5.0,9.6,38.400000000000006,64.1,EW,4.38,4,W_EXCLUSIVE_GREEN,45.0
2.3833333333333333,0.5842,0.8116,0,17.5,128.3,28.0,20.7,0.5,3.5,10.0,15.6,0.6,5.7,3.9,5.3,4.0,25.6,6.3,9.2,31.9,NS,6.41,2,S_EXCLUSIVE_GREEN,45.0
15.466666666666667,-0.788,-0.6157,0,28.9,20.0,23.9,27.7,4.7,4.3,3.4,2.4,0.9,2.3,2.3,6.6,9.0,5.8,3.1999999999999997,8.899999999999999,13.8,EW,1.7,4,W_EXCLUSIVE_GREEN,29.2
19.783333333333335,-0.893,0.4501,0,38.5,29.7,24.9,20.6,1.3,4.8,2.0,2.8,3.3,3.5,3.9,3.7,6.1,4.8,6.8,7.6,10.4,NS,1.23,0,BALANCED_PHASE,25.2
4.866666666666667,0.9563,0.2924,0,21.8,23.8,31.1,39.8,0.7,3.6,1.5,3.6,3.1,10.4,4.1,9.2,4.3,5.1,13.5,13.299999999999999,16.8,EW,1.07,0,BALANCED_PHASE,40.8
15.016666666666667,-0.7102,-0.704,0,32.9,20.7,35.1,22.7,4.6,4.7,3.0,4.1,7.7,4.5,1.8,2.2,9.3,7.1,12.2,4.0,19.5,EW,2.13,3,E_EXCLUSIVE_GREEN,37.7
13.9,-0.4772,-0.8788,0,18.3,28.6,67.2,24.7,0.7,6.0,3.7,2.4,8.3,7.2,4.1,3.9,6.7,6.1,15.5,8.0,32.6,EW,2.15,3,E_EXCLUSIVE_GREEN,45.0
19.566666666666666,-0.9171,0.3987,0,24.2,105.6,28.6,26.1,0.5,5.0,18.4,21.4,2.7,1.4,1.5,1.5,5.5,39.8,4.1,3.0,40.2,NS,5.62,2,S_EXCLUSIVE_GREEN,45.0
8.4,0.809,-0.5878,1,50.2,13.2,88.8,13.3,8.1,12.6,0.7,1.5,11.1,12.4,2.4,1.2,20.7,2.2,23.5,3.5999999999999996,42.7,EW,6.1,3,E_EXCLUSIVE_GREEN,45.0
14.316666666666666,-0.57,-0.8216,0,23.7,26.1,21.7,21.7,5.1,1.9,1.2,5.8,1.4,1.8,3.4,0.8,7.0,7.0,3.2,4.2,11.3,NS,1.0,0,BALANCED_PHASE,24.8
12.583333333333334,-0.1521,-0.9884,0,20.8,25.2,26.6,23.6,2.1,3.1,1.8,2.6,3.8,3.2,3.7,3.3,5.2,4.4,7.0,7.0,14.9,EW,1.01,0,BALANCED_PHASE,25.3
2.35,0.5771,0.8166,0,31.7,25.6,19.6,92.0,4.5,3.8,3.3,4.4,1.5,2.4,14.0,29.6,8.3,7.7,3.9,43.6,85.9,EW,7.45,4,W_EXCLUSIVE_GREEN,45.0
6.15,0.9992,-0.0393,0,30.9,31.5,23.3,29.2,0.5,5.2,1.0,6.5,3.7,3.3,2.5,9.6,5.7,7.5,7.0,12.1,22.5,NS,1.11,0,BALANCED_PHASE,27.9
0.0,0.0,1.0,0,36.3,34.5,25.1,32.1,10.6,12.1,1.3,4.0,2.8,1.4,1.1,11.6,22.7,5.3,4.199999999999999,12.7,31.1,NS,2.36,1,N_EXCLUSIVE_GREEN,45.0
23.766666666666666,-0.061,0.9981,0,25.1,20.3,17.6,76.1,0.1,0.9,2.9,6.1,2.0,10.0,10.4,18.8,1.0,9.0,12.0,29.200000000000003,49.9,EW,2.77,4,W_EXCLUSIVE_GREEN,45.0
13.416666666666666,-0.3624,-0.932,0,23.3,24.3,37.4,35.9,5.2,1.5,2.8,1.3,5.2,5.2,3.2,8.9,6.7,4.1,10.4,12.100000000000001,23.1,EW,1.08,0,BALANCED_PHASE,38.2
11.4,0.1564,-0.9877,0,22.3,27.0,23.7,20.4,2.5,5.5,1.5,1.8,1.6,4.2,5.2,1.4,8.0,3.3,5.800000000000001,6.6,15.0,NS,1.62,1,N_EXCLUSIVE_GREEN,27.4
20.616666666666667,-0.7744,0.6327,0,149.1,20.2,20.2,31.5,12.8,23.8,2.0,2.0,2.4,4.6,1.1,4.0,36.6,4.0,7.0,5.1,58.8,NS,7.77,1,N_EXCLUSIVE_GREEN,45.0
3.4,0.7771,0.6293,0,22.9,36.3,34.2,20.3,0.8,5.3,3.3,9.3,2.3,4.8,0.2,0.8,6.1,12.600000000000001,7.1,1.0,19.3,NS,1.78,2,S_EXCLUSIVE_GREEN,38.7
5.2,0.9781,0.2079,0,20.8,38.0,22.8,33.1,4.5,3.0,9.7,4.7,3.5,3.7,1.9,3.6,7.5,14.399999999999999,7.2,5.5,21.8,NS,1.81,2,S_EXCLUSIVE_GREEN,42.8
8.816666666666666,0.7402,-0.6724,1,101.9,19.4,48.3,14.2,20.6,18.7,1.6,2.6,7.4,6.0,1.4,1.8,39.3,4.2,13.4,3.2,83.6,NS,6.96,1,N_EXCLUSIVE_GREEN,45.0
23.366666666666667,-0.165,0.9863,0,24.6,30.6,20.3,23.0,4.3,5.3,1.4,3.7,1.4,5.4,0.2,4.0,9.6,5.1,6.800000000000001,4.2,17.4,NS,1.49,1,N_EXCLUSIVE_GREEN,31.4
15.666666666666666,-0.8192,-0.5736,0,28.7,20.5,23.4,27.7,1.7,4.8,2.4,1.8,1.5,8.8,2.2,4.5,6.5,4.2,10.3,6.7,19.3,EW,1.33,0,BALANCED_PHASE,32.5
22.05,-0.4886,0.8725,0,29.8,32.7,22.2,36.3,1.9,2.8,2.5,9.3,2.7,1.8,2.9,6.8,4.699999999999999,11.8,4.5,9.7,19.5,NS,1.64,2,S_EXCLUSIVE_GREEN,36.4
13.783333333333333,-0.4501,-0.893,0,26.9,26.5,18.4,140.8,1.3,2.6,10.0,10.2,3.3,1.7,9.9,19.3,3.9000000000000004,20.2,5.0,29.200000000000003,44.7,EW,6.25,4,W_EXCLUSIVE_GREEN,45.0
1.9666666666666668,0.4924,0.8704,0,22.3,28.0,23.6,25.4,1.6,5.0,3.4,7.6,0.5,2.9,4.7,5.3,6.6,11.0,3.4,10.0,18.3,NS,1.43,2,S_EXCLUSIVE_GREEN,33.9
20.75,-0.7518,0.6593,0,20.8,34.8,27.4,28.0,3.2,2.7,1.7,2.6,3.2,4.0,5.3,4.9,5.9,4.3,7.2,10.2,21.3,EW,1.2,0,BALANCED_PHASE,32.6
22.7,-0.3338,0.9426,0,31.5,26.5,22.3,26.2,4.6,5.4,0.3,6.5,2.4,4.8,4.1,10.7,10.0,6.8,7.199999999999999,14.799999999999999,31.8,NS,1.29,0,BALANCED_PHASE,33.8
8.633333333333333,0.7716,-0.6361,1,128.1,19.8,80.4,14.1,12.0,22.0,2.5,3.3,13.1,6.5,2.7,1.5,34.0,5.8,19.6,4.2,50.8,NS,5.81,1,N_EXCLUSIVE_GREEN,45.0
14.716666666666667,-0.6528,-0.7576,0,32.2,65.1,19.2,17.7,0.4,5.8,11.5,5.4,0.8,5.1,0.7,2.8,6.2,16.9,5.8999999999999995,3.5,26.9,NS,2.28,2,S_EXCLUSIVE_GREEN,45.0
19.616666666666667,-0.9118,0.4107,0,30.5,21.7,26.3,27.6,4.3,2.0,1.5,1.0,1.3,2.9,2.8,7.2,6.3,2.5,4.2,10.0,14.4,EW,1.56,4,W_EXCLUSIVE_GREEN,31.4
5.0,0.9659,0.2588,0,62.4,20.4,17.2,31.9,7.3,9.9,1.1,5.6,1.2,1.0,1.0,4.2,17.2,6.699999999999999,2.2,5.2,33.1,NS,2.63,1,N_EXCLUSIVE_GREEN,45.0
20.75,-0.7518,0.6593,0,26.4,21.2,22.4,34.9,1.6,3.6,0.5,3.1,4.1,9.6,3.2,5.6,5.2,3.6,13.7,8.8,29.1,EW,1.5,3,E_EXCLUSIVE_GREEN,41.6
12.75,-0.1951,-0.9808,0,25.2,37.1,26.5,31.0,1.2,3.1,5.8,9.3,0.9,2.6,1.2,3.9,4.3,15.100000000000001,3.5,5.1,31.8,NS,2.29,2,S_EXCLUSIVE_GREEN,45.0
2.55,0.6191,0.7853,0,38.8,33.1,21.9,32.1,2.1,5.7,6.9,6.2,0.9,5.2,3.4,1.2,7.800000000000001,13.100000000000001,6.1000000000000005,4.6,21.0,NS,1.4,0,BALANCED_PHASE,40.3
13.166666666666666,-0.3007,-0.9537,0,25.6,23.8,39.1,39.5,3.6,2.2,2.5,2.1,5.0,2.9,16.3,11.5,5.800000000000001,4.6,7.9,27.8,45.9,EW,2.2,4,W_EXCLUSIVE_GREEN,45.0
8.733333333333333,0.7547,-0.6561,1,100.1,17.1,56.4,17.1,10.9,19.5,4.5,3.2,7.3,9.8,1.4,1.6,30.4,7.7,17.1,3.0,41.4,NS,4.34,1,N_EXCLUSIVE_GREEN,45.0
9.533333333333333,0.6018,-0.7986,0,33.7,20.2,25.5,35.5,3.9,10.8,4.1,1.9,3.5,3.7,14.0,9.1,14.700000000000001,6.0,7.2,23.1,24.6,EW,2.36,4,W_EXCLUSIVE_GREEN,45.0
21.933333333333334,-0.515,0.8572,0,17.2,19.7,52.4,18.7,0.2,3.1,2.5,1.2,3.6,6.0,1.3,4.1,3.3000000000000003,3.7,9.6,5.3999999999999995,20.9,EW,2.08,3,E_EXCLUSIVE_GREEN,35.7
23.433333333333334,-0.1478,0.989,0,20.1,26.5,20.2,24.8,2.9,3.4,5.9,10.6,2.1,8.3,0.8,4.3,6.3,16.5,10.4,5.1,30.2,NS,2.02,2,S_EXCLUSIVE_GREEN,45.0
23.916666666666668,-0.0218,0.9998,0,18.1,17.9,117.0,23.3,1.6,0.5,1.0,8.5,11.2,21.8,1.1,2.6,2.1,9.5,33.0,3.7,51.5,EW,6.36,3,E_EXCLUSIVE_GREEN,45.0
4.283333333333333,0.9007,0.4344,0,20.1,31.9,20.2,29.3,1.5,3.0,6.6,5.6,1.3,8.2,4.5,4.2,4.5,12.2,9.5,8.7,15.7,NS,2.06,2,S_EXCLUSIVE_GREEN,36.7
23.416666666666668,-0.1521,0.9884,0,22.1,20.3,33.5,27.4,4.0,6.3,2.7,2.8,2.0,3.3,0.7,4.9,10.3,5.5,5.3,5.6000000000000005,15.7,EW,1.09,0,BALANCED_PHASE,23.8
0.16666666666666666,0.0436,0.999,0,34.0,37.6,29.1,21.0,5.2,9.6,5.1,7.8,0.4,6.8,4.0,0.6,14.8,12.899999999999999,7.2,4.6,30.4,NS,1.1,0,BALANCED_PHASE,44.4
0.1,0.0262,0.9997,0,20.6,28.7,32.5,107.6,2.1,5.1,5.3,7.0,1.7,5.8,14.1,17.6,7.199999999999999,12.3,7.5,31.700000000000003,53.8,EW,3.67,4,W_EXCLUSIVE_GREEN,45.0
16.433333333333334,-0.9171,-0.3987,0,28.4,20.4,33.4,22.2,6.2,2.8,1.9,4.5,2.8,5.2,5.8,1.7,9.0,6.4,8.0,7.5,19.6,EW,1.18,0,BALANCED_PHASE,29.0
23.45,-0.1435,0.9897,0,19.0,29.2,75.8,25.3,0.4,1.6,3.6,4.4,7.2,9.7,1.5,2.2,2.0,8.0,16.9,3.7,34.7,EW,3.46,3,E_EXCLUSIVE_GREEN,45.0
5.75,0.9979,0.0654,0,27.9,23.9,23.1,109.1,4.6,3.7,3.0,5.7,0.2,2.9,15.0,20.5,8.3,8.7,3.1,35.5,66.6,EW,6.97,4,W_EXCLUSIVE_GREEN,45.0
5.533333333333333,0.9925,0.1219,0,20.6,23.8,20.4,21.1,2.2,0.4,1.6,1.1,1.4,4.5,5.7,1.8,2.6,2.7,5.9,7.5,8.4,EW,1.12,0,BALANCED_PHASE,24.6
14.6,-0.6293,-0.7771,0,37.4,33.1,21.8,24.1,8.6,3.1,2.9,6.3,1.1,4.1,5.6,3.9,11.7,9.2,5.199999999999999,9.5,19.8,NS,1.18,0,BALANCED_PHASE,37.1
5.2,0.9781,0.2079,0,26.4,57.2,18.4,26.2,4.7,2.8,4.2,14.3,6.0,1.3,1.0,4.2,7.5,18.5,7.3,5.2,22.3,NS,2.25,2,S_EXCLUSIVE_GREEN,45.0
6.266666666666667,0.9976,-0.0698,0,32.2,21.0,29.3,20.9,1.3,7.2,3.1,2.7,4.1,7.6,2.8,4.6,8.5,5.800000000000001,11.7,7.3999999999999995,23.9,EW,1.45,3,E_EXCLUSIVE_GREEN,36.1
13.466666666666667,-0.3746,-0.9272,0,26.5,25.4,21.6,27.3,0.2,9.3,3.4,1.9,1.8,2.8,1.6,11.7,9.5,5.3,4.6,13.299999999999999,16.8,EW,1.99,4,W_EXCLUSIVE_GREEN,38.2
19.1,-0.9588,0.284,1,14.2,51.9,12.2,52.9,0.9,3.5,2.9,10.7,4.4,0.1,8.2,10.3,4.4,13.6,4.5,18.5,37.7,EW,3.91,4,W_EXCLUSIVE_GREEN,45.0
20.166666666666668,-0.8434,0.5373,0,65.0,20.2,28.6,27.1,3.9,14.3,2.5,0.8,0.7,1.8,4.8,2.8,18.2,3.3,2.5,7.6,27.1,NS,3.98,1,N_EXCLUSIVE_GREEN,45.0
12.116666666666667,-0.0305,-0.9995,0,23.9,17.3,53.6,19.8,2.5,0.7,0.4,2.6,3.8,10.8,2.4,2.1,3.2,3.0,14.600000000000001,4.5,20.4,EW,2.83,3,E_EXCLUSIVE_GREEN,45.0
0.6166666666666667,0.1607,0.987,0,25.4,20.5,22.1,77.5,0.9,3.4,1.5,6.8,3.5,5.4,6.1,9.0,4.3,8.3,8.9,15.1,17.9,EW,2.22,4,W_EXCLUSIVE_GREEN,45.0
21.8,-0.5446,0.8387,0,95.6,24.8,21.9,21.2,10.3,9.7,2.0,11.5,7.1,4.0,1.1,5.8,20.0,13.5,11.1,6.9,36.8,NS,2.06,1,N_EXCLUSIVE_GREEN,45.0
8.8,0.7431,-0.6691,1,51.7,14.7,114.9,16.4,8.6,11.6,0.6,2.1,13.3,15.6,0.5,1.9,20.2,2.7,28.9,2.4,53.3,EW,8.4,3,E_EXCLUSIVE_GREEN,45.0
0.7,0.1822,0.9833,0,21.4,32.1,22.1,30.7,3.6,1.8,3.0,2.4,4.4,2.8,1.5,12.6,5.4,5.4,7.2,14.1,17.1,EW,1.67,4,W_EXCLUSIVE_GREEN,40.4
1.1,0.284,0.9588,0,129.9,29.8,19.8,32.8,8.1,23.3,4.8,7.7,0.8,3.7,3.9,10.9,31.4,12.5,4.5,14.8,60.6,NS,3.03,1,N_EXCLUSIVE_GREEN,45.0
12.633333333333333,-0.165,-0.9863,0,31.0,31.7,22.1,34.1,2.0,5.0,4.9,6.6,4.4,1.6,6.4,2.4,7.0,11.5,6.0,8.8,15.1,NS,1.3,0,BALANCED_PHASE,35.2
8.983333333333333,0.7102,-0.704,1,59.5,15.5,68.0,15.5,6.9,13.2,1.8,2.3,8.5,10.0,2.5,0.4,20.1,4.1,18.5,2.9,22.2,EW,4.94,3,E_EXCLUSIVE_GREEN,45.0
15.5,-0.7934,-0.6088,0,32.5,26.6,37.1,21.2,4.0,2.9,2.0,1.6,3.0,6.8,1.9,2.2,6.9,3.6,9.8,4.1,11.0,EW,1.95,3,E_EXCLUSIVE_GREEN,32.4
19.45,-0.9288,0.3706,1,25.6,51.9,13.3,53.7,5.5,9.7,2.9,6.2,1.7,6.5,6.6,9.3,15.2,9.1,8.2,15.9,33.7,NS,1.74,1,N_EXCLUSIVE_GREEN,45.0
10.383333333333333,0.4107,-0.9118,0,20.2,37.1,34.5,20.1,2.2,5.2,6.6,5.6,2.3,1.9,1.1,2.1,7.4,12.2,4.199999999999999,3.2,24.3,NS,1.64,2,S_EXCLUSIVE_GREEN,38.5
10.333333333333334,0.4226,-0.9063,0,21.9,25.2,29.0,25.7,3.8,2.5,1.9,2.6,0.6,4.1,5.6,2.5,6.3,4.5,4.699999999999999,8.1,9.9,EW,1.34,0,BALANCED_PHASE,27.4
11.7,0.0785,-0.9969,0,51.1,19.8,23.8,21.3,2.9,4.4,1.3,2.2,1.5,3.3,3.9,5.7,7.300000000000001,3.5,4.8,9.6,13.5,NS,2.2,1,N_EXCLUSIVE_GREEN,30.1
11.916666666666666,0.0218,-0.9998,0,53.0,30.1,32.3,19.6,10.4,6.5,2.9,9.1,6.4,5.1,1.5,5.0,16.9,12.0,11.5,6.5,24.1,NS,1.48,1,N_EXCLUSIVE_GREEN,45.0
0.48333333333333334,0.1262,0.992,0,20.9,21.6,31.8,25.2,3.9,6.2,5.7,1.9,5.1,3.2,1.5,1.2,10.1,7.6,8.3,2.7,17.4,EW,1.78,3,E_EXCLUSIVE_GREEN,29.1
12.766666666666667,-0.1994,-0.9799,0,31.2,20.7,27.1,35.1,3.6,3.1,0.6,2.4,6.0,3.1,1.8,6.0,6.7,3.0,9.1,7.8,16.3,EW,1.18,0,BALANCED_PHASE,31.2
4.016666666666667,0.8682,0.4962,0,24.7,25.7,20.5,25.9,2.4,4.1,7.1,8.9,0.4,2.1,3.7,6.4,6.5,16.0,2.5,10.100000000000001,31.7,NS,1.77,2,S_EXCLUSIVE_GREEN,44.8
16.283333333333335,-0.9007,-0.4344,0,27.3,27.5,34.2,20.2,1.9,3.0,2.6,2.9,3.4,4.5,2.6,2.3,4.9,5.5,7.9,4.9,10.6,EW,1.56,3,E_EXCLUSIVE_GREEN,28.0
7.383333333333334,0.9351,-0.3543,1,58.1,17.4,83.6,13.5,6.5,11.9,0.2,5.0,6.5,14.8,0.6,1.1,18.4,5.2,21.3,1.7000000000000002,44.5,EW,7.76,3,E_EXCLUSIVE_GREEN,45.0
14.65,-0.6394,-0.7688,0,26.6,40.0,38.7,34.9,1.5,5.6,4.0,2.7,3.0,13.0,2.3,3.9,7.1,6.7,16.0,6.199999999999999,32.7,EW,1.73,3,E_EXCLUSIVE_GREEN,45.0
15.533333333333333,-0.7986,-0.6018,0,34.6,28.1,26.2,27.3,4.1,2.9,4.6,6.0,2.1,4.2,6.9,4.6,7.0,10.6,6.300000000000001,11.5,12.5,NS,1.34,0,BALANCED_PHASE,33.7
6.0,1.0,0.0,0,24.8,22.2,21.6,26.0,1.4,4.8,3.0,1.4,2.4,6.6,2.4,7.4,6.199999999999999,4.4,9.0,9.8,16.1,EW,1.09,0,BALANCED_PHASE,30.9
10.016666666666667,0.4962,-0.8682,0,29.2,25.1,25.4,25.5,7.2,1.8,1.8,7.3,4.7,6.0,1.5,5.6,9.0,9.1,10.7,7.1,20.9,NS,1.03,0,BALANCED_PHASE,30.5
1.85,0.4656,0.885,0,23.4,20.9,32.5,39.4,3.8,1.5,1.5,1.0,0.9,8.3,3.9,6.3,5.3,2.5,9.200000000000001,10.2,12.0,EW,1.12,0,BALANCED_PHASE,33.7
21.466666666666665,-0.6157,0.788,0,20.8,18.6,28.2,64.7,0.5,3.4,0.8,10.0,2.9,3.8,8.5,9.7,3.9,10.8,6.699999999999999,18.2,37.8,EW,2.43,4,W_EXCLUSIVE_GREEN,45.0
12.783333333333333,-0.2036,-0.979,0,25.5,29.2,23.3,27.8,1.1,5.7,5.1,1.5,1.1,6.8,3.2,5.7,6.800000000000001,6.6,7.9,8.9,14.7,NS,1.04,0,BALANCED_PHASE,25.3
2.3666666666666667,0.5807,0.8141,0,29.3,34.2,22.3,29.1,2.4,3.6,1.9,2.6,3.0,2.8,2.3,11.1,6.0,4.5,5.8,13.399999999999999,21.7,NS,1.18,0,BALANCED_PHASE,25.3
15.7,-0.8241,-0.5664,0,24.4,32.8,30.6,23.4,1.9,2.6,7.2,5.1,7.8,7.5,1.7,5.9,4.5,12.3,15.3,7.6000000000000005,22.2,EW,1.68,3,E_EXCLUSIVE_GREEN,43.3
3.7666666666666666,0.8339,0.5519,0,26.0,73.0,28.2,17.7,2.0,4.9,9.2,10.7,5.1,3.2,2.6,1.6,6.9,19.9,8.3,4.2,30.6,NS,2.74,2,S_EXCLUSIVE_GREEN,45.0
22.15,-0.4656,0.885,0,31.4,22.1,30.3,24.9,0.7,3.8,1.2,1.4,3.1,12.9,2.6,10.2,4.5,2.5999999999999996,16.0,12.799999999999999,25.1,EW,1.21,0,BALANCED_PHASE,45.0
18.833333333333332,-0.9763,0.2164,1,15.6,50.9,23.6,51.5,2.3,0.3,2.3,7.1,1.1,3.7,6.8,5.5,2.5999999999999996,9.399999999999999,4.800000000000001,12.3,22.7,EW,2.26,4,W_EXCLUSIVE_GREEN,41.1
22.533333333333335,-0.3746,0.9272,0,17.9,32.4,31.4,118.2,2.1,2.3,1.8,11.2,7.1,3.8,12.3,24.1,4.4,13.0,10.899999999999999,36.400000000000006,46.0,EW,3.39,4,W_EXCLUSIVE_GREEN,45.0
2.3166666666666664,0.57,0.8216,0,26.6,23.5,29.7,21.4,1.4,4.9,1.2,2.4,5.4,10.0,1.3,1.7,6.300000000000001,3.5999999999999996,15.4,3.0,25.0,EW,2.75,3,E_EXCLUSIVE_GREEN,43.7
17.916666666666668,-0.9998,-0.0218,1,23.6,57.5,13.8,55.2,2.2,4.9,12.1,14.2,1.9,0.3,1.3,7.0,7.1000000000000005,26.299999999999997,2.1999999999999997,8.3,33.0,NS,3.07,2,S_EXCLUSIVE_GREEN,45.0
14.166666666666666,-0.5373,-0.8434,0,30.8,24.9,25.0,21.4,3.9,4.5,0.7,1.9,0.5,6.0,1.3,3.1,8.4,2.5999999999999996,6.5,4.4,17.1,NS,1.8,1,N_EXCLUSIVE_GREEN,29.1
3.5,0.7934,0.6088,0,34.2,21.9,29.7,20.7,2.3,4.6,3.5,3.0,5.8,6.6,1.1,7.8,6.8999999999999995,6.5,12.399999999999999,8.9,20.0,EW,1.36,0,BALANCED_PHASE,37.1
7.25,0.9469,-0.3214,1,84.7,16.6,107.0,15.6,13.9,12.7,1.6,4.5,10.9,16.1,2.8,0.1,26.6,6.1,27.0,2.9,53.0,EW,7.41,3,E_EXCLUSIVE_GREEN,45.0
6.166666666666667,0.999,-0.0436,0,20.5,21.4,34.4,22.8,0.9,2.9,1.1,6.0,4.2,9.6,2.1,6.1,3.8,7.1,13.8,8.2,19.9,EW,1.56,3,E_EXCLUSIVE_GREEN,40.8
21.733333333333334,-0.5592,0.829,0,22.5,18.5,21.7,50.5,5.9,1.1,1.2,2.2,3.6,1.5,4.5,9.1,7.0,3.4000000000000004,5.1,13.6,26.4,EW,2.39,4,W_EXCLUSIVE_GREEN,43.9
22.016666666666666,-0.4962,0.8682,0,21.7,25.1,96.8,17.6,1.2,4.3,4.0,8.9,12.2,16.5,1.6,0.9,5.5,12.9,28.7,2.5,49.5,EW,7.37,3,E_EXCLUSIVE_GREEN,45.0
12.816666666666666,-0.2122,-0.9772,0,19.1,18.4,127.2,26.5,0.2,2.7,1.3,2.3,10.3,18.3,6.2,4.7,2.9000000000000004,3.5999999999999996,28.6,10.9,45.8,EW,3.24,3,E_EXCLUSIVE_GREEN,45.0
21.5,-0.6088,0.7934,0,34.8,29.5,27.6,22.8,5.8,4.9,7.7,2.9,3.7,2.9,2.8,3.5,10.7,10.6,6.6,6.3,13.4,NS,1.04,0,BALANCED_PHASE,34.0
21.116666666666667,-0.6852,0.7284,0,32.5,32.1,25.7,33.2,4.0,6.5,1.5,4.7,3.3,5.0,1.6,3.3,10.5,6.2,8.3,4.9,13.2,NS,1.3,0,BALANCED_PHASE,33.2
17.666666666666668,-0.9962,-0.0872,1,22.4,122.2,24.6,56.4,3.1,6.6,18.0,23.9,0.5,3.1,8.8,11.9,9.7,41.9,3.6,20.700000000000003,55.3,NS,4.52,2,S_EXCLUSIVE_GREEN,45.0
23.516666666666666,-0.1262,0.992,0,30.3,22.7,59.0,17.3,3.0,7.4,0.9,1.6,3.8,7.4,6.8,1.6,10.4,2.5,11.2,8.4,16.5,EW,1.86,3,E_EXCLUSIVE_GREEN,39.7
7.983333333333333,0.8682,-0.4962,1,80.7,21.6,50.1,19.8,12.6,11.5,2.3,4.6,6.9,4.8,1.5,1.1,24.1,6.8999999999999995,11.7,2.6,42.2,NS,3.43,1,N_EXCLUSIVE_GREEN,45.0
18.816666666666666,-0.9772,0.2122,1,17.4,85.7,13.3,96.1,2.1,0.9,6.6,14.8,2.1,1.1,6.4,11.7,3.0,21.4,3.2,18.1,34.2,EW,5.87,4,W_EXCLUSIVE_GREEN,45.0
19.066666666666666,-0.9613,0.2756,1,14.0,50.3,13.4,52.5,0.1,4.8,2.0,4.8,0.5,0.6,15.3,3.6,4.8999999999999995,6.8,1.1,18.900000000000002,20.2,EW,6.88,4,W_EXCLUSIVE_GREEN,45.0
20.35,-0.8166,0.5771,0,23.7,28.1,32.2,140.3,0.5,9.4,0.5,3.1,3.2,6.8,9.2,18.0,9.9,3.6,10.0,27.2,27.9,EW,3.26,4,W_EXCLUSIVE_GREEN,45.0
20.683333333333334,-0.7632,0.6461,0,38.6,21.4,25.3,34.4,4.3,2.8,0.9,3.7,2.2,6.1,1.6,4.6,7.1,4.6000000000000005,8.3,6.199999999999999,17.0,EW,1.29,0,BALANCED_PHASE,29.5
13.85,-0.4656,-0.885,0,25.2,18.1,96.7,29.0,11.6,5.9,1.6,4.1,6.8,13.9,4.9,3.7,17.5,5.699999999999999,20.7,8.600000000000001,44.7,EW,2.69,3,E_EXCLUSIVE_GREEN,45.0
3.3,0.7604,0.6494,0,53.1,23.2,25.1,21.1,7.7,13.2,2.4,2.3,2.4,4.5,1.3,4.0,20.9,4.699999999999999,6.9,5.3,37.2,NS,3.2,1,N_EXCLUSIVE_GREEN,45.0
10.783333333333333,0.3132,-0.9497,0,22.2,20.3,24.1,22.9,5.1,2.0,2.0,1.9,2.6,5.5,4.8,2.2,7.1,3.9,8.1,7.0,11.2,EW,1.07,0,BALANCED_PHASE,26.7
6.783333333333333,0.979,-0.2036,0,22.8,24.8,23.5,36.2,4.6,1.4,6.1,5.4,4.3,3.1,4.3,2.8,6.0,11.5,7.4,7.1,13.7,EW,1.19,0,BALANCED_PHASE,27.7
18.383333333333333,-0.995,0.1002,1,18.8,63.3,13.6,60.9,1.1,3.5,4.6,8.6,1.1,0.3,9.4,6.3,4.6,13.2,1.4000000000000001,15.7,17.3,NS,2.92,2,S_EXCLUSIVE_GREEN,44.5
4.9,0.9588,0.284,0,23.2,20.5,18.0,59.3,0.2,3.3,0.6,3.2,1.9,1.7,2.5,10.2,3.5,3.8000000000000003,3.5999999999999996,12.7,25.3,EW,3.19,4,W_EXCLUSIVE_GREEN,43.6
18.783333333333335,-0.979,0.2036,1,25.9,81.5,18.2,62.7,1.4,3.5,11.1,12.9,0.5,2.9,5.7,4.6,4.9,24.0,3.4,10.3,36.4,NS,3.81,2,S_EXCLUSIVE_GREEN,45.0
0.31666666666666665,0.0828,0.9966,0,17.4,85.2,30.6,26.2,4.8,0.4,6.8,20.9,5.0,6.4,6.4,0.6,5.2,27.7,11.4,7.0,41.2,NS,4.88,2,S_EXCLUSIVE_GREEN,45.0
12.45,-0.1175,-0.9931,0,21.9,17.6,114.5,19.4,3.3,3.5,2.4,3.9,9.0,13.4,2.3,4.0,6.8,6.3,22.4,6.3,36.2,EW,4.24,3,E_EXCLUSIVE_GREEN,45.0
21.983333333333334,-0.5038,0.8638,0,37.1,33.5,26.2,22.2,1.0,7.3,2.1,5.1,1.5,11.2,2.6,1.5,8.3,7.199999999999999,12.7,4.1,17.3,NS,1.09,0,BALANCED_PHASE,30.0
16.7,-0.9426,-0.3338,1,12.3,101.3,24.6,79.5,0.2,0.6,23.4,20.1,0.9,3.6,14.0,13.9,0.8,43.5,4.5,27.9,89.8,NS,16.93,2,S_EXCLUSIVE_GREEN,45.0
19.616666666666667,-0.9118,0.4107,0,18.4,20.1,24.8,56.5,0.2,0.6,0.4,2.9,0.3,2.9,2.8,7.6,0.8,3.3,3.1999999999999997,10.399999999999999,20.2,EW,2.5,4,W_EXCLUSIVE_GREEN,38.0
0.5666666666666667,0.1478,0.989,0,20.1,32.5,39.4,26.7,1.6,3.3,4.5,4.6,8.8,7.1,0.4,5.3,4.9,9.1,15.9,5.7,22.6,EW,2.06,3,E_EXCLUSIVE_GREEN,45.0
10.15,0.4656,-0.885,0,32.9,38.0,25.8,20.1,7.4,1.2,6.4,4.6,2.3,3.1,3.5,5.4,8.6,11.0,5.4,8.9,20.2,NS,1.19,0,BALANCED_PHASE,35.9
9.883333333333333,0.5262,-0.8504,0,21.9,18.5,32.2,52.0,2.3,7.7,4.1,2.2,2.3,4.1,3.0,14.4,10.0,6.3,6.3999999999999995,17.4,32.9,EW,2.08,4,W_EXCLUSIVE_GREEN,45.0
4.633333333333333,0.9367,0.3502,0,58.3,23.7,18.4,25.0,8.4,14.5,5.0,4.1,2.2,2.4,6.8,3.8,22.9,9.1,4.6,10.6,28.1,NS,2.41,1,N_EXCLUSIVE_GREEN,45.0
19.333333333333332,-0.9397,0.342,1,12.3,84.6,25.8,78.1,2.3,1.7,5.2,6.4,3.9,7.0,7.8,11.4,4.0,11.600000000000001,10.9,19.2,37.2,EW,2.1,4,W_EXCLUSIVE_GREEN,45.0
9.533333333333333,0.6018,-0.7986,0,27.5,29.1,20.6,38.9,2.9,6.1,11.3,2.0,0.6,5.7,4.6,8.0,9.0,13.3,6.3,12.6,20.1,NS,1.27,0,BALANCED_PHASE,38.8
3.283333333333333,0.7576,0.6528,0,30.0,23.1,30.8,37.7,4.9,2.8,3.2,0.7,1.9,3.8,1.8,7.5,7.7,3.9000000000000004,5.699999999999999,9.3,16.9,EW,1.36,0,BALANCED_PHASE,32.1
22.6,-0.3584,0.9336,0,21.4,28.6,28.0,28.6,1.2,3.0,3.7,5.3,1.8,3.9,3.1,3.6,4.2,9.0,5.7,6.7,15.9,EW,1.05,0,BALANCED_PHASE,25.1
6.516666666666667,0.9909,-0.1349,0,22.7,29.5,22.3,89.2,4.4,11.5,3.0,7.0,1.4,4.0,7.0,9.2,15.9,10.0,5.4,16.2,33.8,EW,3.28,4,W_EXCLUSIVE_GREEN,45.0
1.85,0.4656,0.885,0,22.2,64.8,18.3,27.4,1.2,5.1,4.4,10.5,0.9,2.0,2.7,7.9,6.3,14.9,2.9,10.600000000000001,15.1,NS,2.48,2,S_EXCLUSIVE_GREEN,45.0
23.983333333333334,-0.0044,1.0,0,20.8,34.9,26.7,22.3,1.0,2.0,7.5,8.4,2.8,7.2,0.8,3.1,3.0,15.9,10.0,3.9000000000000004,29.0,NS,2.99,2,S_EXCLUSIVE_GREEN,45.0
22.783333333333335,-0.3132,0.9497,0,26.9,93.2,31.9,33.1,3.9,7.3,6.3,15.6,2.9,2.3,2.1,7.7,11.2,21.9,5.199999999999999,9.8,36.8,NS,2.37,2,S_EXCLUSIVE_GREEN,45.0
15.766666666666667,-0.8339,-0.5519,0,21.7,65.2,27.1,17.8,3.8,1.2,14.0,9.2,1.7,8.7,1.9,1.4,5.0,23.2,10.399999999999999,3.3,39.4,NS,3.68,2,S_EXCLUSIVE_GREEN,45.0
0.5833333333333334,0.1521,0.9884,0,17.2,22.0,25.1,62.3,2.3,2.5,0.4,5.8,1.2,11.4,9.8,12.4,4.8,6.2,12.6,22.200000000000003,46.3,EW,1.91,4,W_EXCLUSIVE_GREEN,45.0
21.5,-0.6088,0.7934,0,31.4,25.6,20.6,24.7,3.0,2.9,3.2,5.0,0.1,2.9,0.8,4.6,5.9,8.2,3.0,5.3999999999999995,14.1,NS,1.26,0,BALANCED_PHASE,28.5
12.416666666666666,-0.1089,-0.9941,0,22.6,20.4,112.5,23.6,3.0,7.8,0.0,1.4,9.1,15.1,1.4,2.5,10.8,1.4,24.2,3.9,32.7,EW,5.12,3,E_EXCLUSIVE_GREEN,45.0
9.733333333333333,0.5592,-0.829,0,20.1,21.7,23.4,39.0,2.7,0.7,1.7,1.1,4.7,9.9,4.0,10.2,3.4000000000000004,2.8,14.600000000000001,14.2,22.6,EW,1.16,0,BALANCED_PHASE,43.5
22.9,-0.284,0.9588,0,24.0,22.1,22.4,29.2,2.5,3.5,1.5,1.8,3.0,2.1,1.2,1.9,6.0,3.3,5.1,3.0999999999999996,8.9,EW,1.35,0,BALANCED_PHASE,21.3
3.1333333333333333,0.7314,0.682,0,65.5,27.1,21.9,19.6,9.0,10.6,2.4,7.3,2.5,3.6,1.3,2.5,19.6,9.7,6.1,3.8,38.4,NS,2.09,1,N_EXCLUSIVE_GREEN,45.0
22.316666666666666,-0.4266,0.9045,0,39.6,20.9,33.6,31.2,6.1,3.7,5.4,2.2,5.6,4.2,2.7,5.5,9.8,7.6000000000000005,9.8,8.2,21.1,EW,1.11,0,BALANCED_PHASE,32.8
5.6,0.9945,0.1045,0,23.5,19.7,19.7,75.3,1.9,4.6,4.4,3.9,3.2,1.5,7.9,9.7,6.5,8.3,4.7,17.6,25.9,EW,3.58,4,W_EXCLUSIVE_GREEN,45.0
9.95,0.5113,-0.8594,0,23.8,77.2,22.5,28.1,1.4,6.3,11.7,12.0,1.2,5.8,2.3,8.9,7.699999999999999,23.7,7.0,11.2,31.4,NS,3.02,2,S_EXCLUSIVE_GREEN,45.0
23.2,-0.2079,0.9781,0,32.0,30.2,35.8,20.2,0.9,3.0,0.9,10.4,4.5,5.1,0.4,6.9,3.9,11.3,9.6,7.300000000000001,17.1,NS,1.7,1,N_EXCLUSIVE_GREEN,35.1
0.38333333333333336,0.1002,0.995,0,30.0,31.1,27.2,22.9,3.0,1.2,2.4,6.9,4.4,7.2,2.5,3.3,4.2,9.3,11.600000000000001,5.8,12.6,NS,1.45,2,S_EXCLUSIVE_GREEN,30.5
18.1,-0.9997,0.0262,1,12.5,114.6,14.7,86.3,4.7,0.6,8.2,22.5,1.7,5.5,8.3,26.2,5.3,30.7,7.2,34.5,42.0,NS,6.46,2,S_EXCLUSIVE_GREEN,45.0
21.833333333333332,-0.5373,0.8434,0,37.6,31.0,33.2,26.9,4.9,4.6,5.1,6.3,6.4,3.4,4.9,5.4,9.5,11.399999999999999,9.8,10.3,24.1,NS,1.17,0,BALANCED_PHASE,37.0
4.4,0.9135,0.4067,0,23.1,32.4,24.1,29.3,2.3,4.0,3.6,8.5,4.7,9.1,1.7,3.1,6.3,12.1,13.8,4.8,24.8,NS,1.63,2,S_EXCLUSIVE_GREEN,37.5
13.716666666666667,-0.4344,-0.9007,0,23.6,22.7,26.7,30.8,2.4,2.6,2.7,1.6,1.4,4.2,3.5,5.1,5.0,4.300000000000001,5.6,8.6,11.6,EW,1.29,0,BALANCED_PHASE,28.9
1.1,0.284,0.9588,0,27.5,29.8,25.5,64.6,5.0,2.9,2.5,8.4,1.3,7.1,6.3,12.3,7.9,10.9,8.4,18.6,35.3,EW,2.25,4,W_EXCLUSIVE_GREEN,45.0
5.05,0.9692,0.2462,0,22.9,21.1,64.8,30.4,2.4,10.9,0.6,4.1,9.0,12.7,3.3,3.6,13.3,4.699999999999999,21.7,6.9,44.0,EW,2.57,3,E_EXCLUSIVE_GREEN,45.0
18.45,-0.9931,0.1175,1,23.2,58.2,16.6,91.0,1.6,5.2,5.8,19.9,0.6,3.6,15.7,12.8,6.800000000000001,25.7,4.2,28.5,55.5,EW,5.83,4,W_EXCLUSIVE_GREEN,45.0
4.666666666666667,0.9397,0.342,0,20.8,30.4,29.3,22.3,0.3,8.4,0.2,5.4,4.4,5.3,0.8,2.6,8.700000000000001,5.6000000000000005,9.7,3.4000000000000004,16.3,NS,1.44,1,N_EXCLUSIVE_GREEN,29.5
7.033333333333333,0.9636,-0.2672,1,148.2,16.4,58.7,12.0,17.7,21.1,0.8,1.6,1.3,9.7,0.8,1.0,38.8,2.4000000000000004,11.0,1.8,55.3,NS,11.06,1,N_EXCLUSIVE_GREEN,45.0
3.25,0.7518,0.6593,0,23.3,20.4,68.8,22.5,2.2,3.2,4.6,3.1,9.5,13.5,3.5,8.9,5.4,7.699999999999999,23.0,12.4,29.0,EW,2.11,3,E_EXCLUSIVE_GREEN,45.0
22.633333333333333,-0.3502,0.9367,0,28.1,25.3,22.2,32.2,2.5,7.8,3.3,3.1,5.1,1.6,1.3,3.8,10.3,6.4,6.699999999999999,5.1,19.8,NS,1.33,0,BALANCED_PHASE,32.6
20.783333333333335,-0.7461,0.6659,0,95.4,18.1,18.6,27.2,9.6,9.8,1.2,7.8,0.3,4.3,4.1,8.8,19.4,9.0,4.6,12.9,42.4,NS,2.93,1,N_EXCLUSIVE_GREEN,45.0
14.916666666666666,-0.6915,-0.7224,0,20.8,21.7,25.2,25.9,1.8,3.5,0.6,3.3,1.6,4.8,1.3,1.3,5.3,3.9,6.4,2.6,7.5,EW,1.42,3,E_EXCLUSIVE_GREEN,23.2
12.283333333333333,-0.0741,-0.9973,0,25.0,24.7,38.6,24.8,2.9,4.4,3.4,6.3,3.0,9.5,0.4,2.8,7.300000000000001,9.7,12.5,3.1999999999999997,16.3,EW,2.33,3,E_EXCLUSIVE_GREEN,38.6
14.383333333333333,-0.5842,-0.8116,0,75.7,23.7,18.4,30.1,11.8,15.1,1.9,7.3,3.0,2.1,2.3,4.6,26.9,9.2,5.1,6.8999999999999995,51.3,NS,2.91,1,N_EXCLUSIVE_GREEN,45.0
2.1166666666666667,0.5262,0.8504,0,36.1,24.2,23.9,25.7,8.3,4.9,0.2,1.0,3.1,5.6,0.9,6.1,13.200000000000001,1.2,8.7,7.0,19.2,NS,3.12,1,N_EXCLUSIVE_GREEN,39.8
21.966666666666665,-0.5075,0.8616,0,26.6,25.2,23.0,39.1,4.4,3.2,1.7,5.6,2.0,1.9,3.1,5.6,7.6000000000000005,7.3,3.9,8.7,16.3,EW,1.84,4,W_EXCLUSIVE_GREEN,31.1
0.6166666666666667,0.1607,0.987,0,21.4,20.8,28.3,23.6,0.9,1.0,4.2,0.4,0.7,3.7,0.3,1.5,1.9,4.6000000000000005,4.4,1.8,5.6,EW,1.43,3,E_EXCLUSIVE_GREEN,19.5
18.5,-0.9914,0.1305,1,26.3,78.5,21.8,71.5,1.8,5.5,6.3,11.7,4.3,3.3,14.2,12.3,7.3,18.0,7.6,26.5,57.8,NS,2.58,2,S_EXCLUSIVE_GREEN,45.0
8.733333333333333,0.7547,-0.6561,1,55.2,20.0,51.0,17.9,3.3,6.5,2.0,4.6,3.5,8.2,2.1,2.7,9.8,6.6,11.7,4.800000000000001,12.0,NS,1.88,1,N_EXCLUSIVE_GREEN,35.7
23.1,-0.2334,0.9724,0,22.8,28.3,28.7,28.9,1.9,5.8,6.2,2.5,2.6,5.1,0.7,4.8,7.699999999999999,8.7,7.699999999999999,5.5,14.0,EW,1.15,0,BALANCED_PHASE,27.0
5.4,0.9877,0.1564,0,32.7,25.9,26.5,28.6,2.8,8.1,3.3,3.4,3.0,1.6,0.8,6.1,10.899999999999999,6.699999999999999,4.6,6.8999999999999995,16.7,NS,1.41,1,N_EXCLUSIVE_GREEN,34.4
20.733333333333334,-0.7547,0.6561,0,23.1,38.1,22.8,21.5,1.4,2.2,3.1,2.0,0.7,1.5,1.6,2.9,3.6,5.1,2.2,4.5,7.4,NS,1.46,2,S_EXCLUSIVE_GREEN,22.8
18.133333333333333,-0.9994,0.0349,1,24.9,77.9,18.5,51.4,0.2,4.1,7.3,9.7,0.7,1.1,2.9,14.3,4.3,17.0,1.8,17.2,32.9,NS,3.33,2,S_EXCLUSIVE_GREEN,45.0
3.3333333333333335,0.766,0.6428,0,17.9,113.3,17.3,25.4,4.8,0.5,12.5,20.9,1.6,2.6,2.9,2.8,5.3,33.4,4.2,5.699999999999999,58.7,NS,5.97,2,S_EXCLUSIVE_GREEN,45.0
12.866666666666667,-0.225,-0.9744,0,38.0,23.6,26.6,26.8,12.8,9.3,3.1,3.4,2.0,5.5,6.5,16.6,22.1,6.5,7.5,23.1,47.1,NS,2.54,1,N_EXCLUSIVE_GREEN,45.0
12.583333333333334,-0.1521,-0.9884,0,27.5,21.1,28.8,28.4,1.1,6.1,7.6,6.8,5.1,9.3,0.9,5.3,7.199999999999999,14.399999999999999,14.4,6.2,21.0,EW,1.63,3,E_EXCLUSIVE_GREEN,41.1
16.516666666666666,-0.9255,-0.3786,1,16.8,61.0,14.6,71.3,0.3,3.7,10.2,8.9,1.8,1.0,4.2,8.7,4.0,19.1,2.8,12.899999999999999,22.7,EW,4.36,4,W_EXCLUSIVE_GREEN,45.0
2.55,0.6191,0.7853,0,28.9,23.3,31.3,24.7,3.5,6.9,3.7,3.4,1.3,2.3,2.8,3.8,10.4,7.1,3.5999999999999996,6.6,20.5,NS,1.32,0,BALANCED_PHASE,33.1
17.75,-0.9979,-0.0654,1,13.3,56.0,17.6,54.9,0.7,4.1,4.0,9.1,2.1,2.5,5.3,12.9,4.8,13.1,4.6,18.2,35.8,EW,3.39,4,W_EXCLUSIVE_GREEN,45.0
20.116666666666667,-0.8504,0.5262,0,20.2,20.8,26.0,21.5,2.4,2.2,4.6,3.3,1.5,1.6,4.9,5.7,4.6,7.8999999999999995,3.1,10.600000000000001,10.9,EW,2.0,3,E_EXCLUSIVE_GREEN,32.0
6.7,0.9833,-0.1822,0,27.9,25.6,29.5,24.0,6.3,5.9,7.3,1.6,7.9,3.6,5.4,3.3,12.2,8.9,11.5,8.7,24.5,NS,1.22,0,BALANCED_PHASE,36.9
5.916666666666667,0.9998,0.0218,0,27.3,26.9,30.0,26.7,4.5,3.2,3.9,2.2,3.1,1.7,0.4,1.5,7.7,6.1,4.8,1.9,12.6,NS,1.1,0,BALANCED_PHASE,26.6
5.0,0.9659,0.2588,0,23.6,24.5,25.4,25.1,1.6,1.1,5.8,3.3,3.8,4.1,7.2,2.3,2.7,9.1,7.8999999999999995,9.5,14.8,EW,1.09,0,BALANCED_PHASE,30.0
10.116666666666667,0.4733,-0.8809,0,30.6,55.8,18.1,19.7,4.5,5.2,7.8,15.2,0.7,4.4,1.2,5.6,9.7,23.0,5.1000000000000005,6.8,23.4,NS,2.09,2,S_EXCLUSIVE_GREEN,45.0
20.166666666666668,-0.8434,0.5373,0,18.1,21.0,102.7,26.4,1.9,6.0,3.5,2.3,16.3,14.7,1.6,5.7,7.9,5.8,31.0,7.300000000000001,35.1,EW,3.94,3,E_EXCLUSIVE_GREEN,45.0
1.0833333333333333,0.2798,0.96,0,27.6,22.6,21.0,39.5,0.7,5.4,9.9,1.1,1.1,2.0,2.0,8.0,6.1000000000000005,11.0,3.1,10.0,14.0,EW,2.29,4,W_EXCLUSIVE_GREEN,33.5
16.316666666666666,-0.9045,-0.4266,0,25.2,51.7,17.9,30.9,1.1,1.7,3.8,9.3,0.7,5.4,5.3,4.4,2.8,13.100000000000001,6.1000000000000005,9.7,27.8,NS,2.81,2,S_EXCLUSIVE_GREEN,43.3
13.7,-0.4305,-0.9026,0,21.3,22.2,101.4,20.2,4.2,2.0,2.1,1.0,8.7,15.8,2.0,0.5,6.2,3.1,24.5,2.5,35.0,EW,6.35,3,E_EXCLUSIVE_GREEN,45.0
1.55,0.3947,0.9188,0,26.9,23.5,27.5,39.0,2.4,3.6,1.0,8.3,5.1,4.3,1.0,6.4,6.0,9.3,9.399999999999999,7.4,11.0,EW,1.29,0,BALANCED_PHASE,31.9
9.7,0.5664,-0.8241,0,29.6,23.2,25.4,37.6,2.0,7.4,1.8,2.4,0.7,2.1,4.0,2.5,9.4,4.2,2.8,6.5,20.7,EW,1.67,4,W_EXCLUSIVE_GREEN,26.8
4.6,0.9336,0.3584,0,34.7,21.9,38.6,21.7,11.4,7.0,3.4,5.8,5.1,4.5,1.4,1.8,18.4,9.2,9.6,3.2,21.8,NS,1.8,1,N_EXCLUSIVE_GREEN,45.0
10.55,0.3706,-0.9288,0,28.9,22.4,32.6,38.9,3.5,1.7,1.2,1.9,1.6,3.1,3.8,9.8,5.2,3.0999999999999996,4.7,13.600000000000001,29.9,EW,1.83,4,W_EXCLUSIVE_GREEN,42.2
11.633333333333333,0.0958,-0.9954,0,25.1,36.0,20.2,23.6,1.1,2.2,2.2,9.9,1.7,8.1,8.1,3.8,3.3000000000000003,12.100000000000001,9.799999999999999,11.899999999999999,16.9,NS,2.19,2,S_EXCLUSIVE_GREEN,37.4
6.733333333333333,0.9816,-0.1908,0,57.4,25.1,32.4,25.3,9.4,11.5,2.3,6.9,3.2,6.1,0.6,3.2,20.9,9.2,9.3,3.8000000000000003,38.3,NS,2.2,1,N_EXCLUSIVE_GREEN,45.0
7.033333333333333,0.9636,-0.2672,1,123.1,12.5,90.6,16.6,14.5,26.2,2.0,3.9,5.2,15.6,2.3,3.4,40.7,5.9,20.8,5.699999999999999,86.2,NS,7.34,1,N_EXCLUSIVE_GREEN,45.0
6.15,0.9992,-0.0393,0,21.2,69.5,20.7,19.5,2.2,3.6,9.6,12.9,4.3,0.3,0.9,5.2,5.800000000000001,22.5,4.6,6.1000000000000005,42.4,NS,3.45,2,S_EXCLUSIVE_GREEN,45.0
4.633333333333333,0.9367,0.3502,0,24.6,31.7,26.1,21.6,2.3,6.5,4.9,4.2,5.8,2.8,2.7,1.6,8.8,9.100000000000001,8.6,4.300000000000001,11.4,NS,1.09,0,BALANCED_PHASE,30.0
18.366666666666667,-0.9954,0.0958,1,25.4,90.0,12.6,66.5,3.1,1.3,9.2,20.4,1.9,3.7,5.5,10.5,4.4,29.599999999999998,5.6,16.0,64.9,NS,4.77,2,S_EXCLUSIVE_GREEN,45.0
8.133333333333333,0.848,-0.5299,1,118.8,17.3,85.2,15.8,15.0,14.3,0.7,1.8,4.6,14.0,3.2,1.7,29.3,2.5,18.6,4.9,37.2,NS,8.21,1,N_EXCLUSIVE_GREEN,45.0
23.65,-0.0915,0.9958,0,22.0,26.2,24.9,34.6,1.4,3.8,3.9,5.9,3.0,5.3,7.8,1.1,5.199999999999999,9.8,8.3,8.9,18.9,EW,1.15,0,BALANCED_PHASE,30.9
17.266666666666666,-0.9816,-0.1908,1,17.1,50.6,13.3,94.1,1.4,3.2,4.5,15.0,1.8,1.0,17.7,17.6,4.6,19.5,2.8,35.3,38.2,EW,9.08,4,W_EXCLUSIVE_GREEN,45.0
8.4,0.809,-0.5878,1,104.4,17.1,47.7,16.1,12.0,17.2,3.0,1.3,6.7,7.4,0.9,0.8,29.2,4.3,14.100000000000001,1.7000000000000002,60.1,NS,6.09,1,N_EXCLUSIVE_GREEN,45.0
20.95,-0.7163,0.6978,0,30.5,21.5,28.3,59.6,1.0,2.9,1.6,1.6,1.4,3.1,2.5,8.3,3.9,3.2,4.5,10.8,19.1,EW,2.13,4,W_EXCLUSIVE_GREEN,39.2
2.2666666666666666,0.5592,0.829,0,23.6,27.1,33.7,27.6,2.3,6.5,1.9,2.8,2.5,5.6,3.1,6.7,8.8,4.699999999999999,8.1,9.8,12.4,EW,1.17,0,BALANCED_PHASE,31.9
22.15,-0.4656,0.885,0,22.1,31.5,24.2,23.1,3.5,1.2,5.6,2.6,2.2,1.6,1.7,5.8,4.7,8.2,3.8000000000000003,7.5,13.5,NS,1.51,2,S_EXCLUSIVE_GREEN,28.4
2.6666666666666665,0.6428,0.766,0,29.0,20.6,34.7,34.0,5.3,5.7,2.4,4.1,2.8,1.1,2.2,8.7,11.0,6.5,3.9,10.899999999999999,24.1,EW,1.59,3,E_EXCLUSIVE_GREEN,35.5
20.733333333333334,-0.7547,0.6561,0,26.4,22.0,22.9,28.5,1.6,3.1,1.3,3.5,8.7,1.2,3.9,3.7,4.7,4.8,9.899999999999999,7.6,19.5,EW,1.23,0,BALANCED_PHASE,31.9
22.383333333333333,-0.4107,0.9118,0,27.0,37.6,22.0,31.5,1.5,5.3,3.8,7.4,0.4,1.8,3.8,1.0,6.8,11.2,2.2,4.8,17.7,NS,1.47,2,S_EXCLUSIVE_GREEN,35.9
20.866666666666667,-0.7314,0.682,0,26.9,37.9,21.7,22.0,2.1,4.0,0.7,5.7,0.3,2.9,2.4,6.0,6.1,6.4,3.1999999999999997,8.4,10.2,NS,1.17,0,BALANCED_PHASE,25.6
5.433333333333334,0.989,0.1478,0,21.7,38.1,26.5,31.9,1.9,5.1,7.0,11.8,5.2,2.7,2.2,2.8,7.0,18.8,7.9,5.0,35.2,NS,2.23,2,S_EXCLUSIVE_GREEN,45.0
10.833333333333334,0.3007,-0.9537,0,25.0,23.0,25.2,20.2,5.4,3.7,3.2,5.4,0.8,2.6,2.4,1.5,9.100000000000001,8.600000000000001,3.4000000000000004,3.9,11.2,NS,1.03,0,BALANCED_PHASE,28.8
0.6333333333333333,0.165,0.9863,0,27.4,24.9,63.6,23.7,1.3,2.9,1.7,9.9,7.6,9.4,3.6,3.3,4.2,11.6,17.0,6.9,26.0,EW,2.45,3,E_EXCLUSIVE_GREEN,45.0
3.5666666666666664,0.8039,0.5948,0,21.9,20.2,20.2,121.6,2.4,4.5,0.8,2.0,2.2,2.5,15.4,26.6,6.9,2.8,4.7,42.0,80.6,EW,7.18,4,W_EXCLUSIVE_GREEN,45.0
2.35,0.5771,0.8166,0,23.2,27.1,21.4,29.8,3.5,1.6,2.8,5.4,0.3,0.8,2.8,4.8,5.1,8.2,1.1,7.6,8.6,NS,1.33,0,BALANCED_PHASE,27.1
11.966666666666667,0.0087,-1.0,0,22.0,18.5,83.6,21.9,2.2,3.0,0.6,3.0,5.2,15.7,4.6,3.6,5.2,3.6,20.9,8.2,25.4,EW,2.88,3,E_EXCLUSIVE_GREEN,45.0
4.916666666666667,0.96,0.2798,0,21.8,20.3,20.7,26.6,3.9,3.2,0.5,2.1,1.0,1.7,1.3,2.5,7.1,2.6,2.7,3.8,10.1,EW,1.24,0,BALANCED_PHASE,18.4
8.0,0.866,-0.5,1,61.8,13.0,52.3,23.7,13.3,13.3,0.9,1.4,7.1,6.4,2.0,1.9,26.6,2.3,13.5,3.9,50.6,NS,7.21,1,N_EXCLUSIVE_GREEN,45.0
3.4,0.7771,0.6293,0,20.5,29.1,40.0,27.1,2.3,4.6,5.0,5.0,3.2,8.5,1.5,5.1,6.8999999999999995,10.0,11.7,6.6,24.0,EW,1.57,3,E_EXCLUSIVE_GREEN,38.0
7.4,0.9336,-0.3584,1,79.2,12.8,54.8,25.1,4.5,13.1,0.9,0.6,17.1,13.3,5.3,7.1,17.6,1.5,30.400000000000002,12.399999999999999,53.1,EW,2.31,3,E_EXCLUSIVE_GREEN,45.0
3.8333333333333335,0.8434,0.5373,0,27.0,33.2,35.5,24.9,2.5,4.3,1.9,4.3,4.0,4.9,1.1,0.2,6.8,6.199999999999999,8.9,1.3,15.8,NS,1.11,0,BALANCED_PHASE,26.2
5.55,0.9931,0.1175,0,22.7,36.4,21.3,34.3,3.4,9.8,3.1,5.1,2.0,1.6,1.0,3.5,13.200000000000001,8.2,3.6,4.5,19.6,NS,1.55,1,N_EXCLUSIVE_GREEN,39.9
9.616666666666667,0.5842,-0.8116,0,33.6,30.7,20.8,34.8,10.1,4.3,4.7,3.9,1.5,2.1,2.1,3.7,14.399999999999999,8.6,3.6,5.800000000000001,21.7,NS,1.39,0,BALANCED_PHASE,42.0
15.1,-0.7254,-0.6884,0,20.2,27.6,22.1,25.5,1.9,2.5,8.8,5.0,1.3,3.0,0.7,5.4,4.4,13.8,4.3,6.1000000000000005,18.9,NS,2.16,2,S_EXCLUSIVE_GREEN,39.5
22.6,-0.3584,0.9336,0,37.7,25.8,31.1,22.0,3.1,6.7,0.4,6.5,2.3,1.2,2.5,7.2,9.8,6.9,3.5,9.7,13.9,NS,1.38,0,BALANCED_PHASE,32.8
17.283333333333335,-0.9825,-0.1865,1,15.5,58.8,20.5,65.8,1.5,4.2,2.4,9.5,1.7,1.7,9.0,14.4,5.7,11.9,3.4,23.4,39.6,EW,4.57,4,W_EXCLUSIVE_GREEN,45.0
19.1,-0.9588,0.284,1,18.8,57.5,24.0,64.0,1.4,7.5,8.0,7.6,5.1,1.7,8.9,15.1,8.9,15.6,6.8,24.0,46.1,EW,3.04,4,W_EXCLUSIVE_GREEN,45.0
1.1666666666666667,0.3007,0.9537,0,23.3,28.1,28.6,75.9,3.6,5.9,4.8,10.0,4.7,2.3,5.3,13.5,9.5,14.8,7.0,18.8,38.0,EW,2.57,4,W_EXCLUSIVE_GREEN,45.0
5.366666666666666,0.9863,0.165,0,30.8,28.7,21.6,21.1,6.0,4.7,5.7,1.5,0.4,3.3,3.1,5.5,10.7,7.2,3.6999999999999997,8.6,17.9,NS,1.26,0,BALANCED_PHASE,33.7
21.833333333333332,-0.5373,0.8434,0,23.1,36.6,26.3,34.9,0.5,2.7,2.9,4.7,2.6,6.1,1.2,2.7,3.2,7.6,8.7,3.9000000000000004,10.5,EW,1.62,3,E_EXCLUSIVE_GREEN,29.7
19.933333333333334,-0.8746,0.4848,0,20.1,27.9,34.8,37.2,1.3,2.4,6.1,4.3,0.6,6.0,4.1,13.8,3.7,10.399999999999999,6.6,17.9,33.0,EW,1.8,4,W_EXCLUSIVE_GREEN,45.0
15.616666666666667,-0.8116,-0.5842,0,65.2,20.6,25.4,21.3,4.8,12.9,1.0,1.4,1.2,4.3,2.3,2.3,17.7,2.4,5.5,4.6,21.9,NS,4.38,1,N_EXCLUSIVE_GREEN,45.0
21.533333333333335,-0.6018,0.7986,0,27.6,34.4,28.7,21.2,2.3,5.4,2.1,6.3,7.4,4.6,1.4,3.1,7.7,8.4,12.0,4.5,24.8,NS,1.11,0,BALANCED_PHASE,30.5
21.133333333333333,-0.682,0.7314,0,30.5,18.9,61.9,29.6,4.7,8.3,1.6,3.1,5.3,9.5,11.4,2.7,13.0,4.7,14.8,14.100000000000001,24.4,EW,1.32,3,E_EXCLUSIVE_GREEN,45.0
1.9666666666666668,0.4924,0.8704,0,21.4,32.6,24.7,21.5,1.4,2.2,2.5,15.9,2.4,3.7,1.5,1.1,3.6,18.4,6.1,2.6,37.7,NS,2.97,2,S_EXCLUSIVE_GREEN,45.0
11.75,0.0654,-0.9979,0,25.9,26.9,25.4,21.2,5.3,5.5,1.7,7.1,5.1,6.5,1.8,3.1,10.8,8.799999999999999,11.6,4.9,21.7,NS,1.12,0,BALANCED_PHASE,33.6
21.633333333333333,-0.5807,0.8141,0,22.6,25.8,22.3,23.8,4.6,2.4,4.0,7.1,3.9,0.5,1.0,12.4,7.0,11.1,4.4,13.4,23.4,NS,1.35,0,BALANCED_PHASE,34.2
14.183333333333334,-0.541,-0.841,0,33.9,30.0,21.3,25.8,5.1,4.9,10.0,3.9,2.7,1.3,3.6,0.7,10.0,13.9,4.0,4.3,23.8,NS,1.25,0,BALANCED_PHASE,41.3
11.85,0.0393,-0.9992,0,28.6,24.7,27.3,24.1,1.5,3.1,2.2,4.4,3.1,4.1,1.5,4.6,4.6,6.6000000000000005,7.199999999999999,6.1,7.3,EW,1.11,0,BALANCED_PHASE,25.0
9.283333333333333,0.6528,-0.7576,1,101.7,16.7,110.0,26.4,15.1,28.6,2.9,5.6,14.6,12.7,0.1,2.6,43.7,8.5,27.299999999999997,2.7,57.1,NS,5.19,1,N_EXCLUSIVE_GREEN,45.0
13.55,-0.3947,-0.9188,0,26.4,29.7,21.3,31.2,4.3,9.5,3.0,9.1,4.7,2.4,2.7,1.8,13.8,12.1,7.1,4.5,13.9,NS,1.1,0,BALANCED_PHASE,39.3
7.316666666666666,0.9412,-0.3379,1,51.8,24.5,116.2,21.2,6.4,8.5,4.2,6.4,8.3,15.8,1.0,1.7,14.9,10.600000000000001,24.1,2.7,36.4,EW,6.36,3,E_EXCLUSIVE_GREEN,45.0
20.9,-0.7254,0.6884,0,27.9,32.1,64.1,19.2,6.3,2.0,5.6,6.6,6.2,9.6,1.6,1.7,8.3,12.2,15.8,3.3,22.0,EW,3.75,3,E_EXCLUSIVE_GREEN,45.0
13.816666666666666,-0.4579,-0.889,0,96.1,18.9,17.6,28.0,8.7,9.7,4.3,2.5,1.6,2.7,2.1,5.9,18.4,6.8,4.300000000000001,8.0,38.8,NS,3.4,1,N_EXCLUSIVE_GREEN,45.0
20.083333333333332,-0.8549,0.5188,0,17.2,67.3,17.5,23.3,3.4,1.3,4.4,12.1,2.6,3.0,0.9,3.9,4.7,16.5,5.6,4.8,27.8,NS,3.47,2,S_EXCLUSIVE_GREEN,45.0
2.1666666666666665,0.5373,0.8434,0,36.6,29.4,30.4,29.8,6.4,4.4,1.0,8.5,2.3,1.1,0.8,2.6,10.8,9.5,3.4,3.4000000000000004,16.0,NS,1.14,0,BALANCED_PHASE,34.8
2.783333333333333,0.6659,0.7461,0,17.8,24.8,17.2,58.2,1.2,3.6,1.7,3.3,2.5,2.1,7.0,15.1,4.8,5.0,4.6,22.1,46.7,EW,3.95,4,W_EXCLUSIVE_GREEN,45.0
0.45,0.1175,0.9931,0,24.6,27.8,27.8,22.7,1.8,1.5,0.2,5.6,2.3,7.5,2.1,10.3,3.3,5.8,9.8,12.4,25.1,EW,1.21,0,BALANCED_PHASE,37.3
23.133333333333333,-0.225,0.9744,0,35.3,22.2,21.4,34.2,6.1,5.3,1.9,4.0,2.4,1.1,6.8,1.9,11.399999999999999,5.9,3.5,8.7,19.2,NS,1.7,1,N_EXCLUSIVE_GREEN,36.1
16.716666666666665,-0.9441,-0.3297,1,13.6,124.3,20.7,57.4,0.1,4.8,9.4,22.8,3.0,8.2,6.1,8.6,4.8999999999999995,32.2,11.2,14.7,44.1,NS,7.02,2,S_EXCLUSIVE_GREEN,45.0
21.933333333333334,-0.515,0.8572,0,30.0,22.6,31.6,24.0,1.7,3.2,4.3,9.2,6.0,5.5,1.0,1.8,4.9,13.5,11.5,2.8,15.4,NS,1.97,1,N_EXCLUSIVE_GREEN,38.9
3.4166666666666665,0.7799,0.6259,0,18.7,79.1,21.2,31.1,1.1,4.4,6.2,11.4,2.6,5.3,3.1,4.8,5.5,17.6,7.9,7.9,23.4,NS,3.43,2,S_EXCLUSIVE_GREEN,45.0
23.0,-0.2588,0.9659,0,26.1,37.3,23.6,26.3,3.4,2.1,0.9,5.7,5.4,5.4,4.0,3.4,5.5,6.6000000000000005,10.8,7.4,14.5,NS,1.25,0,BALANCED_PHASE,26.4
22.566666666666666,-0.3665,0.9304,0,22.1,21.5,22.7,29.8,0.7,2.8,1.2,3.6,1.9,3.7,5.5,3.5,3.5,4.8,5.6,9.0,14.9,EW,1.41,4,W_EXCLUSIVE_GREEN,29.9
7.783333333333333,0.893,-0.4501,1,56.0,13.9,89.0,14.5,4.7,5.1,0.2,2.2,9.3,16.2,5.8,2.9,9.8,2.4000000000000004,25.5,8.7,33.8,EW,3.58,3,E_EXCLUSIVE_GREEN,45.0
21.966666666666665,-0.5075,0.8616,0,25.0,21.5,20.2,25.0,5.4,3.9,2.3,2.2,2.5,2.3,0.9,2.1,9.3,4.5,4.8,3.0,15.7,NS,1.54,1,N_EXCLUSIVE_GREEN,29.7
16.716666666666665,-0.9441,-0.3297,1,12.5,55.5,13.1,80.8,2.6,3.0,3.8,11.8,0.4,3.0,7.0,8.5,5.6,15.600000000000001,3.4,15.5,22.6,EW,4.86,4,W_EXCLUSIVE_GREEN,45.0
19.033333333333335,-0.9636,0.2672,1,19.3,54.0,12.6,61.0,4.2,1.8,4.0,10.1,1.6,1.4,4.1,6.9,6.0,14.1,3.0,11.0,20.2,NS,2.4,2,S_EXCLUSIVE_GREEN,44.9
19.466666666666665,-0.9272,0.3746,1,19.0,133.4,18.9,92.5,2.8,2.1,18.5,24.6,2.0,1.7,13.5,11.9,4.9,43.1,3.7,25.4,48.2,NS,7.59,2,S_EXCLUSIVE_GREEN,45.0
5.716666666666667,0.9973,0.0741,0,21.6,36.5,27.1,33.5,2.6,2.0,4.4,3.0,2.0,4.9,2.4,8.4,4.6,7.4,6.9,10.8,11.3,EW,1.37,0,BALANCED_PHASE,33.8
16.95,-0.9625,-0.2714,1,14.8,95.2,23.7,52.3,3.9,5.7,13.1,13.1,1.3,4.6,7.4,8.1,9.6,26.2,5.8999999999999995,15.5,26.6,NS,3.46,2,S_EXCLUSIVE_GREEN,45.0
7.183333333333334,0.9524,-0.3049,1,51.6,19.8,99.6,14.1,5.4,7.7,4.4,7.6,7.3,6.4,1.7,3.5,13.100000000000001,12.0,13.7,5.2,27.9,EW,3.94,3,E_EXCLUSIVE_GREEN,45.0
2.3833333333333333,0.5842,0.8116,0,20.4,22.3,25.5,21.4,5.3,5.3,1.1,4.8,0.3,8.3,2.0,5.6,10.6,5.9,8.600000000000001,7.6,20.7,EW,1.11,0,BALANCED_PHASE,28.9
16.366666666666667,-0.91,-0.4147,0,21.3,34.9,24.6,32.6,0.6,4.1,2.8,1.2,2.0,5.6,2.6,7.6,4.699999999999999,4.0,7.6,10.2,19.3,EW,1.28,0,BALANCED_PHASE,33.2
13.516666666666667,-0.3867,-0.9222,0,20.0,33.0,107.3,27.6,1.2,2.4,2.3,1.5,7.0,18.5,2.6,2.9,3.5999999999999996,3.8,25.5,5.5,36.8,EW,4.08,3,E_EXCLUSIVE_GREEN,45.0
3.35,0.7688,0.6394,0,21.3,26.7,31.9,22.3,1.6,5.0,3.5,0.4,6.0,6.5,2.3,6.0,6.6,3.9,12.5,8.3,20.2,EW,1.42,3,E_EXCLUSIVE_GREEN,37.8
7.883333333333333,0.8809,-0.4733,1,140.6,13.7,52.5,16.2,8.9,16.5,2.1,0.2,7.4,8.4,1.7,1.3,25.4,2.3000000000000003,15.8,3.0,45.6,NS,9.66,1,N_EXCLUSIVE_GREEN,45.0
17.9,-0.9997,-0.0262,1,23.6,61.8,25.8,52.7,0.7,3.7,4.6,10.2,1.3,2.3,7.9,7.2,4.4,14.799999999999999,3.5999999999999996,15.100000000000001,27.1,NS,2.82,2,S_EXCLUSIVE_GREEN,45.0
3.3,0.7604,0.6494,0,21.1,25.2,107.7,21.0,1.3,2.4,0.9,1.9,18.8,32.6,1.7,10.4,3.7,2.8,51.400000000000006,12.1,91.9,EW,4.34,3,E_EXCLUSIVE_GREEN,45.0
8.216666666666667,0.8363,-0.5483,1,59.4,19.1,101.1,13.1,11.6,14.0,0.7,1.7,12.0,24.1,1.0,5.7,25.6,2.4,36.1,6.7,51.8,EW,5.74,3,E_EXCLUSIVE_GREEN,45.0
0.7833333333333333,0.2036,0.979,0,37.7,35.4,24.8,26.7,3.9,4.9,4.0,7.6,2.5,5.5,4.0,2.1,8.8,11.6,8.0,6.1,24.9,NS,1.17,0,BALANCED_PHASE,37.5
12.216666666666667,-0.0567,-0.9984,0,20.8,24.2,34.6,25.5,2.9,2.6,0.6,5.7,6.0,4.5,1.3,4.4,5.5,6.3,10.5,5.7,19.2,EW,1.54,3,E_EXCLUSIVE_GREEN,34.2
20.533333333333335,-0.788,0.6157,0,37.4,20.1,20.6,35.0,3.9,8.4,0.5,5.5,1.1,6.2,4.5,4.8,12.3,6.0,7.300000000000001,9.3,16.3,NS,1.88,1,N_EXCLUSIVE_GREEN,38.0
1.9833333333333334,0.4962,0.8682,0,28.8,38.2,20.5,20.9,0.7,8.4,4.5,10.8,0.8,1.0,0.6,3.6,9.1,15.3,1.8,4.2,18.3,NS,1.49,2,S_EXCLUSIVE_GREEN,44.3
19.9,-0.8788,0.4772,0,31.8,37.7,20.0,36.3,7.4,1.8,6.8,7.1,2.9,1.0,5.5,7.2,9.200000000000001,13.899999999999999,3.9,12.7,26.8,NS,1.33,0,BALANCED_PHASE,42.3
11.0,0.2588,-0.9659,0,23.6,23.0,20.4,24.2,0.7,3.4,0.4,4.5,0.7,1.5,1.1,3.7,4.1,4.9,2.2,4.800000000000001,7.1,NS,1.04,0,BALANCED_PHASE,19.8
10.316666666666666,0.4266,-0.9045,0,149.4,24.8,25.6,21.1,15.4,27.4,2.7,1.6,1.1,4.0,3.0,0.7,42.8,4.300000000000001,5.1,3.7,86.5,NS,7.44,1,N_EXCLUSIVE_GREEN,45.0
11.933333333333334,0.0175,-0.9998,0,31.2,25.1,27.0,20.8,1.2,8.5,0.6,7.0,2.5,6.5,5.7,0.9,9.7,7.6,9.0,6.6000000000000005,19.4,NS,1.22,0,BALANCED_PHASE,32.0
12.366666666666667,-0.0958,-0.9954,0,29.6,25.5,18.3,61.4,1.8,4.9,0.3,3.5,0.2,2.4,9.7,7.1,6.7,3.8,2.6,16.799999999999997,19.2,EW,4.3,4,W_EXCLUSIVE_GREEN,45.0
15.2,-0.7431,-0.6691,0,28.1,114.4,17.8,27.8,2.5,6.8,17.9,27.8,2.3,3.1,1.5,4.9,9.3,45.7,5.4,6.4,87.9,NS,4.45,2,S_EXCLUSIVE_GREEN,45.0
13.116666666666667,-0.2882,-0.9576,0,21.0,29.8,22.3,28.0,1.2,4.0,2.5,6.3,0.8,4.3,3.5,4.1,5.2,8.8,5.1,7.6,10.9,NS,1.49,2,S_EXCLUSIVE_GREEN,29.1
0.15,0.0393,0.9992,0,30.7,39.9,24.1,24.9,4.7,3.2,1.6,3.9,1.1,1.4,0.6,7.8,7.9,5.5,2.5,8.4,10.3,NS,1.31,0,BALANCED_PHASE,29.0
8.233333333333333,0.8339,-0.5519,1,77.6,14.1,51.4,12.9,12.9,25.3,1.4,0.4,2.5,4.9,0.5,0.3,38.2,1.7999999999999998,7.4,0.8,72.8,NS,10.49,1,N_EXCLUSIVE_GREEN,45.0
15.416666666666666,-0.7799,-0.6259,0,20.1,20.4,58.5,18.7,1.7,0.8,5.6,5.4,5.4,7.5,1.4,3.0,2.5,11.0,12.9,4.4,28.4,EW,2.85,3,E_EXCLUSIVE_GREEN,44.2
13.95,-0.4886,-0.8725,0,28.5,20.5,81.8,27.8,4.8,6.7,0.7,5.0,18.5,19.3,1.6,7.6,11.5,5.7,37.8,9.2,59.6,EW,3.55,3,E_EXCLUSIVE_GREEN,45.0
3.466666666666667,0.788,0.6157,0,21.1,20.3,32.4,33.8,2.0,4.5,1.2,2.0,3.0,4.6,1.3,5.1,6.5,3.2,7.6,6.3999999999999995,7.9,EW,1.07,0,BALANCED_PHASE,27.1
14.166666666666666,-0.5373,-0.8434,0,27.6,20.2,17.5,71.0,10.3,4.2,1.6,1.8,2.4,2.2,5.8,12.1,14.5,3.4000000000000004,4.6,17.9,34.9,EW,3.74,4,W_EXCLUSIVE_GREEN,45.0
0.36666666666666664,0.0958,0.9954,0,36.5,33.3,23.5,39.8,4.1,8.9,2.6,4.1,0.6,6.5,2.4,3.0,13.0,6.699999999999999,7.1,5.4,23.7,NS,1.47,1,N_EXCLUSIVE_GREEN,39.9
22.2,-0.454,0.891,0,24.7,27.2,62.8,23.8,1.6,4.8,2.7,8.3,9.8,6.7,2.6,3.1,6.4,11.0,16.5,5.7,24.2,EW,2.65,3,E_EXCLUSIVE_GREEN,45.0
1.1333333333333333,0.2924,0.9563,0,19.4,20.5,54.9,19.5,4.1,6.0,0.4,2.7,1.6,7.5,0.7,1.3,10.1,3.1,9.1,2.0,20.4,EW,3.14,3,E_EXCLUSIVE_GREEN,35.1
1.1666666666666667,0.3007,0.9537,0,22.7,21.2,20.1,39.6,0.9,2.1,0.5,8.3,2.2,1.8,2.5,8.2,3.0,8.8,4.0,10.7,21.3,EW,2.18,4,W_EXCLUSIVE_GREEN,35.7
15.7,-0.8241,-0.5664,0,29.9,21.4,20.8,23.5,2.6,12.6,0.2,2.4,0.7,2.2,1.4,6.7,15.2,2.6,2.9000000000000004,8.1,24.7,NS,2.87,1,N_EXCLUSIVE_GREEN,43.2
3.4333333333333336,0.7826,0.6225,0,30.9,20.6,20.4,32.7,10.4,1.4,4.1,2.1,4.3,5.2,2.7,6.3,11.8,6.199999999999999,9.5,9.0,22.6,EW,1.18,0,BALANCED_PHASE,32.1
15.85,-0.8457,-0.5336,0,21.1,38.7,21.3,22.3,0.5,3.3,7.5,7.2,1.6,2.4,1.5,1.3,3.8,14.7,4.0,2.8,25.4,NS,2.63,2,S_EXCLUSIVE_GREEN,43.9
4.333333333333333,0.9063,0.4226,0,22.2,25.0,24.8,28.9,1.0,1.3,5.9,0.6,3.7,0.4,1.7,3.8,2.3,6.5,4.1000000000000005,5.5,7.5,EW,1.18,0,BALANCED_PHASE,22.0
12.533333333333333,-0.1392,-0.9903,0,30.3,32.5,29.6,22.0,2.7,8.9,1.2,2.7,7.2,10.1,2.5,2.4,11.600000000000001,3.9000000000000004,17.3,4.9,22.6,NS,1.73,1,N_EXCLUSIVE_GREEN,36.3
23.883333333333333,-0.0305,0.9995,0,34.3,35.0,34.6,21.4,0.3,8.7,3.0,9.5,3.1,6.7,3.2,7.0,9.0,12.5,9.8,10.2,25.3,NS,1.19,0,BALANCED_PHASE,38.8
4.116666666666666,0.8809,0.4733,0,21.3,28.2,24.9,26.5,4.7,3.3,2.4,1.5,6.0,1.7,2.3,2.4,8.0,3.9,7.7,4.699999999999999,10.3,EW,1.28,0,BALANCED_PHASE,26.2
0.13333333333333333,0.0349,0.9994,0,63.9,18.8,24.4,19.9,4.5,15.6,0.4,0.8,0.9,2.9,0.1,5.3,20.1,1.2000000000000002,3.8,5.3999999999999995,20.7,NS,6.03,1,N_EXCLUSIVE_GREEN,45.0
21.25,-0.6593,0.7518,0,30.1,17.5,119.9,22.8,4.8,4.6,0.6,4.3,21.7,24.5,4.0,4.3,9.399999999999999,4.8999999999999995,46.2,8.3,62.6,EW,5.25,3,E_EXCLUSIVE_GREEN,45.0
13.633333333333333,-0.4147,-0.91,0,22.1,30.0,39.6,24.2,0.4,7.9,9.0,9.6,3.8,3.9,3.5,9.8,8.3,18.6,7.699999999999999,13.3,39.3,EW,1.63,3,E_EXCLUSIVE_GREEN,42.6
13.5,-0.3827,-0.9239,0,31.7,27.7,23.7,51.9,9.1,4.9,2.0,7.3,2.2,3.6,6.3,7.3,14.0,9.3,5.800000000000001,13.6,30.4,EW,2.17,4,W_EXCLUSIVE_GREEN,44.6
2.8,0.6691,0.7431,0,24.0,21.8,22.9,29.1,2.7,6.5,1.4,2.4,2.9,0.6,6.6,5.1,9.2,3.8,3.5,11.7,19.0,EW,2.04,4,W_EXCLUSIVE_GREEN,35.5
19.15,-0.955,0.2965,1,16.9,82.8,16.9,55.5,1.1,10.0,7.9,17.5,0.5,1.1,6.5,11.0,11.1,25.4,1.6,17.5,54.9,NS,2.8,2,S_EXCLUSIVE_GREEN,45.0
23.533333333333335,-0.1219,0.9925,0,25.3,23.7,95.4,32.8,1.5,3.3,0.8,1.5,11.6,16.8,1.9,3.7,4.8,2.3,28.4,5.6,44.4,EW,3.75,3,E_EXCLUSIVE_GREEN,45.0
3.9166666666666665,0.8549,0.5188,0,18.0,101.1,21.2,24.0,3.1,2.9,8.4,16.7,1.1,5.1,2.5,1.8,6.0,25.1,6.199999999999999,4.3,45.0,NS,4.49,2,S_EXCLUSIVE_GREEN,45.0
21.866666666666667,-0.5299,0.848,0,38.4,21.8,33.2,24.9,13.9,10.8,0.5,9.1,8.9,5.4,3.1,1.7,24.700000000000003,9.6,14.3,4.8,30.9,NS,2.24,1,N_EXCLUSIVE_GREEN,45.0
15.75,-0.8315,-0.5556,0,33.5,36.5,29.5,21.4,7.1,6.6,6.4,4.8,5.4,2.8,1.0,7.2,13.7,11.2,8.2,8.2,28.6,NS,1.14,0,BALANCED_PHASE,41.8
3.7333333333333334,0.829,0.5592,0,30.6,27.7,37.6,22.2,6.1,2.7,2.6,5.4,3.9,7.1,5.7,2.4,8.8,8.0,11.0,8.1,21.6,EW,1.42,3,E_EXCLUSIVE_GREEN,35.9
19.183333333333334,-0.9524,0.3049,1,19.3,73.7,18.8,103.5,3.5,7.2,7.2,10.0,0.7,8.6,6.3,28.5,10.7,17.2,9.299999999999999,34.8,39.9,EW,4.09,4,W_EXCLUSIVE_GREEN,45.0
6.9,0.9724,-0.2334,0,35.0,39.4,37.3,21.5,3.1,5.8,2.4,5.6,1.0,2.1,3.0,1.6,8.9,8.0,3.1,4.6,12.5,NS,1.08,0,BALANCED_PHASE,31.1
20.15,-0.8457,0.5336,0,28.0,80.7,24.5,17.7,2.4,6.5,9.9,21.8,2.8,4.9,0.8,0.2,8.9,31.700000000000003,7.7,1.0,42.4,NS,3.19,2,S_EXCLUSIVE_GREEN,45.0
12.033333333333333,-0.0087,-1.0,0,20.2,126.6,27.7,19.6,7.8,2.8,21.7,11.5,0.8,2.6,5.3,3.3,10.6,33.2,3.4000000000000004,8.6,38.0,NS,3.87,2,S_EXCLUSIVE_GREEN,45.0
4.45,0.9188,0.3947,0,20.8,105.3,25.6,19.0,2.2,0.9,11.8,20.3,2.2,3.7,0.4,3.2,3.1,32.1,5.9,3.6,64.3,NS,6.86,2,S_EXCLUSIVE_GREEN,45.0
2.9166666666666665,0.6915,0.7224,0,29.9,23.7,19.9,85.9,0.9,2.1,0.9,1.0,0.6,10.1,10.6,15.7,3.0,1.9,10.7,26.299999999999997,46.1,EW,2.86,4,W_EXCLUSIVE_GREEN,45.0
16.316666666666666,-0.9045,-0.4266,0,27.6,22.8,25.0,39.9,0.4,8.8,4.1,4.6,1.4,6.8,4.7,5.6,9.200000000000001,8.7,8.2,10.3,13.4,EW,1.33,0,BALANCED_PHASE,34.1
7.233333333333333,0.9483,-0.3173,1,83.1,22.0,80.0,14.2,8.9,9.9,2.0,6.2,12.9,18.9,1.8,5.0,18.8,8.2,31.799999999999997,6.8,62.3,EW,4.72,3,E_EXCLUSIVE_GREEN,45.0
10.45,0.3947,-0.9188,0,27.4,24.8,39.5,28.0,1.5,3.0,1.4,2.3,2.6,4.8,2.9,4.7,4.5,3.6999999999999997,7.4,7.6,14.3,EW,1.15,0,BALANCED_PHASE,28.7
16.45,-0.9188,-0.3947,0,35.8,30.1,27.4,24.0,0.8,2.8,8.3,5.3,3.6,7.9,3.6,1.1,3.5999999999999996,13.600000000000001,11.5,4.7,18.2,NS,2.05,1,N_EXCLUSIVE_GREEN,40.5
9.116666666666667,0.6852,-0.7284,1,61.1,23.2,66.2,16.1,6.1,19.9,1.6,4.6,11.3,12.7,6.1,0.4,26.0,6.199999999999999,24.0,6.5,27.1,NS,3.37,1,N_EXCLUSIVE_GREEN,45.0
8.383333333333333,0.8116,-0.5842,1,123.2,19.0,57.0,14.6,16.1,14.1,3.0,5.2,3.9,11.8,1.6,6.0,30.200000000000003,8.2,15.700000000000001,7.6,56.1,NS,4.39,1,N_EXCLUSIVE_GREEN,45.0
8.366666666666667,0.8141,-0.5807,1,65.9,20.1,54.3,16.6,4.6,11.0,10.4,6.9,14.3,7.0,0.1,3.2,15.6,17.3,21.3,3.3000000000000003,33.2,NS,1.51,1,N_EXCLUSIVE_GREEN,45.0
22.433333333333334,-0.3987,0.9171,0,131.3,27.3,19.8,27.7,16.4,9.6,2.2,3.8,2.4,4.6,2.7,0.7,26.0,6.0,7.0,3.4000000000000004,57.2,NS,4.37,1,N_EXCLUSIVE_GREEN,45.0
5.033333333333333,0.9681,0.2504,0,20.2,31.5,61.2,30.4,4.8,2.0,3.8,4.2,6.6,4.6,2.2,5.0,6.8,8.0,11.2,7.2,15.2,EW,1.7,3,E_EXCLUSIVE_GREEN,39.9
6.3,0.9969,-0.0785,0,31.0,26.7,24.7,31.0,6.1,1.1,1.3,2.4,0.9,5.5,0.5,6.0,7.199999999999999,3.7,6.4,6.5,13.7,EW,1.07,0,BALANCED_PHASE,24.9
19.1,-0.9588,0.284,1,23.6,65.8,18.8,61.8,2.8,4.1,6.4,5.0,1.3,5.8,4.8,7.8,6.8999999999999995,11.4,7.1,12.6,15.9,NS,2.03,2,S_EXCLUSIVE_GREEN,41.2
13.183333333333334,-0.3049,-0.9524,0,18.8,22.2,26.0,88.8,2.2,3.9,0.4,0.6,6.3,4.9,6.2,25.5,6.1,1.0,11.2,31.7,54.0,EW,2.92,4,W_EXCLUSIVE_GREEN,45.0
11.35,0.1693,-0.9856,0,124.5,31.2,27.0,18.7,13.2,16.8,4.3,6.0,1.9,5.4,4.6,3.2,30.0,10.3,7.300000000000001,7.8,54.7,NS,3.22,1,N_EXCLUSIVE_GREEN,45.0
21.0,-0.7071,0.7071,0,25.2,24.6,36.5,35.5,1.9,7.6,1.0,1.8,4.0,5.0,4.8,6.4,9.5,2.8,9.0,11.2,23.8,EW,1.11,0,BALANCED_PHASE,36.4
4.35,0.9081,0.4187,0,20.0,20.2,142.5,28.6,2.9,7.6,1.6,3.5,7.0,38.7,1.0,3.7,10.5,5.1,45.7,4.7,91.7,EW,6.79,3,E_EXCLUSIVE_GREEN,45.0
23.816666666666666,-0.048,0.9988,0,39.0,26.8,38.7,21.4,3.9,3.8,2.3,1.0,5.9,1.5,3.5,1.5,7.699999999999999,3.3,7.4,5.0,13.3,NS,1.69,1,N_EXCLUSIVE_GREEN,28.8
19.383333333333333,-0.9351,0.3543,1,13.9,111.3,17.7,92.8,0.4,2.1,9.3,14.9,0.0,4.6,15.5,13.7,2.5,24.200000000000003,4.6,29.2,34.0,NS,8.05,2,S_EXCLUSIVE_GREEN,45.0
7.683333333333334,0.9045,-0.4266,1,50.0,16.2,70.0,15.3,4.3,5.7,1.3,2.4,6.2,19.5,0.6,3.2,10.0,3.7,25.7,3.8000000000000003,53.9,EW,5.4,3,E_EXCLUSIVE_GREEN,45.0
8.216666666666667,0.8363,-0.5483,1,88.5,17.5,79.5,14.8,13.2,12.7,1.5,0.4,10.7,19.1,0.4,1.4,25.9,1.9,29.8,1.7999999999999998,42.8,NS,7.4,1,N_EXCLUSIVE_GREEN,45.0
18.4,-0.9945,0.1045,1,21.9,108.6,12.6,65.0,1.7,3.7,11.0,26.3,0.4,2.8,13.3,13.6,5.4,37.3,3.1999999999999997,26.9,61.7,NS,5.74,2,S_EXCLUSIVE_GREEN,45.0
2.9333333333333336,0.6947,0.7193,0,71.4,20.6,18.7,20.1,10.8,11.2,1.1,2.6,0.7,10.2,1.2,1.0,22.0,3.7,10.899999999999999,2.2,35.6,NS,4.36,1,N_EXCLUSIVE_GREEN,45.0
1.6166666666666667,0.4107,0.9118,0,35.8,27.4,23.7,30.9,3.4,6.2,5.4,9.3,1.3,7.2,12.1,7.0,9.6,14.700000000000001,8.5,19.1,33.8,NS,1.4,1,N_EXCLUSIVE_GREEN,44.2
20.866666666666667,-0.7314,0.682,0,21.7,28.1,28.4,60.5,2.1,2.1,2.1,3.2,3.6,4.3,2.3,14.8,4.2,5.300000000000001,7.9,17.1,33.1,EW,2.07,4,W_EXCLUSIVE_GREEN,45.0
3.066666666666667,0.7193,0.6947,0,25.8,24.4,29.1,25.9,1.9,2.2,1.9,7.9,2.1,5.7,2.0,4.8,4.1,9.8,7.800000000000001,6.8,19.9,EW,1.09,0,BALANCED_PHASE,27.8
19.35,-0.9382,0.3461,1,12.6,51.0,25.1,55.9,0.6,0.3,8.3,8.4,3.9,5.0,5.8,11.4,0.8999999999999999,16.700000000000003,8.9,17.2,28.9,EW,1.97,4,W_EXCLUSIVE_GREEN,45.0
9.766666666666667,0.5519,-0.8339,0,29.4,38.0,36.2,21.5,1.0,3.4,4.6,6.4,18.8,13.3,2.6,3.3,4.4,11.0,32.1,5.9,53.9,EW,3.67,3,E_EXCLUSIVE_GREEN,45.0
6.566666666666666,0.989,-0.1478,0,29.1,31.1,27.0,29.0,2.0,3.3,2.3,4.5,1.9,2.8,2.7,3.0,5.3,6.8,4.699999999999999,5.7,11.6,NS,1.12,0,BALANCED_PHASE,25.4
1.1333333333333333,0.2924,0.9563,0,28.1,26.1,69.1,18.8,7.0,2.6,2.5,6.5,3.9,12.5,1.0,1.2,9.6,9.0,16.4,2.2,31.5,EW,4.68,3,E_EXCLUSIVE_GREEN,45.0
17.366666666666667,-0.9863,-0.165,1,13.4,69.9,20.7,99.9,0.0,4.2,8.6,9.8,4.7,5.1,5.5,14.5,4.2,18.4,9.8,20.0,22.5,EW,2.77,4,W_EXCLUSIVE_GREEN,45.0
11.466666666666667,0.1392,-0.9903,0,39.2,20.7,21.4,29.4,3.2,8.6,2.5,1.0,7.2,2.8,2.4,13.5,11.8,3.5,10.0,15.9,16.6,EW,1.48,4,W_EXCLUSIVE_GREEN,43.8
3.966666666666667,0.8616,0.5075,0,24.9,32.6,20.3,23.7,1.5,4.6,2.4,4.8,3.1,4.5,0.4,1.6,6.1,7.199999999999999,7.6,2.0,12.4,NS,1.18,0,BALANCED_PHASE,26.5
15.433333333333334,-0.7826,-0.6225,0,27.8,34.1,35.8,36.2,1.9,4.1,2.0,4.4,3.3,3.1,2.5,15.7,6.0,6.4,6.4,18.2,37.8,EW,1.81,4,W_EXCLUSIVE_GREEN,45.0
16.833333333333332,-0.9537,-0.3007,1,15.6,71.0,14.7,100.0,1.5,1.3,5.0,16.7,4.1,2.4,10.5,12.4,2.8,21.7,6.5,22.9,37.8,EW,4.32,4,W_EXCLUSIVE_GREEN,45.0
0.16666666666666666,0.0436,0.999,0,26.6,28.4,28.0,34.1,3.3,2.5,2.7,3.6,2.2,2.6,2.8,2.2,5.8,6.300000000000001,4.800000000000001,5.0,12.6,EW,1.08,0,BALANCED_PHASE,22.4
22.133333333333333,-0.4695,0.8829,0,140.4,19.7,28.4,21.9,15.4,23.9,2.1,1.1,0.9,3.7,0.5,5.6,39.3,3.2,4.6000000000000005,6.1,51.4,NS,8.82,1,N_EXCLUSIVE_GREEN,45.0
22.2,-0.454,0.891,0,30.1,37.4,31.8,23.4,8.0,2.9,2.1,6.5,1.1,6.2,2.2,0.8,10.9,8.6,7.300000000000001,3.0,21.1,NS,1.21,0,BALANCED_PHASE,35.6
12.516666666666667,-0.1349,-0.9909,0,39.0,31.6,29.5,22.5,3.6,8.7,2.8,7.6,3.7,2.3,1.5,3.0,12.299999999999999,10.399999999999999,6.0,4.5,22.4,NS,1.17,0,BALANCED_PHASE,38.9
16.066666666666666,-0.8746,-0.4848,0,19.5,22.0,24.5,57.2,1.1,7.8,2.2,2.9,6.7,3.6,5.6,11.4,8.9,5.1,10.3,17.0,27.7,EW,1.81,4,W_EXCLUSIVE_GREEN,45.0
17.816666666666666,-0.9988,-0.048,1,24.7,64.5,17.2,75.2,2.5,7.3,4.9,10.3,2.3,1.5,7.2,5.4,9.8,15.200000000000001,3.8,12.600000000000001,31.7,NS,1.84,2,S_EXCLUSIVE_GREEN,45.0
12.416666666666666,-0.1089,-0.9941,0,25.6,33.2,25.6,36.3,1.5,3.4,3.3,7.3,1.0,4.1,6.3,6.1,4.9,10.6,5.1,12.399999999999999,22.3,EW,1.84,4,W_EXCLUSIVE_GREEN,38.6
6.183333333333334,0.9988,-0.048,0,21.2,68.9,30.0,20.8,1.0,2.8,7.2,11.6,1.4,4.4,0.8,3.7,3.8,18.8,5.800000000000001,4.5,39.7,NS,3.81,2,S_EXCLUSIVE_GREEN,45.0
18.733333333333334,-0.9816,0.1908,1,25.1,62.0,16.0,49.1,3.7,3.7,4.7,8.3,0.2,2.1,3.3,6.6,7.4,13.0,2.3000000000000003,9.899999999999999,16.6,NS,1.97,2,S_EXCLUSIVE_GREEN,43.8
0.9333333333333333,0.2419,0.9703,0,31.3,32.6,28.0,22.7,1.7,6.1,4.0,9.8,4.3,2.8,2.0,1.1,7.8,13.8,7.1,3.1,27.1,NS,1.4,0,BALANCED_PHASE,41.2
16.483333333333334,-0.9222,-0.3867,0,38.6,20.8,30.3,25.1,2.6,3.1,1.0,2.5,2.9,3.7,4.9,4.6,5.7,3.5,6.6,9.5,11.3,EW,1.28,0,BALANCED_PHASE,30.6
23.55,-0.1175,0.9931,0,27.5,69.0,19.8,30.3,2.5,3.4,6.1,13.5,5.7,7.3,2.7,5.0,5.9,19.6,13.0,7.7,28.2,NS,2.81,2,S_EXCLUSIVE_GREEN,45.0
9.75,0.5556,-0.8315,0,78.3,22.5,29.9,24.1,8.3,25.4,6.4,2.4,2.5,2.7,0.6,8.4,33.7,8.8,5.2,9.0,39.3,NS,3.58,1,N_EXCLUSIVE_GREEN,45.0
5.233333333333333,0.9799,0.1994,0,20.6,84.6,18.4,29.0,1.9,5.4,9.7,13.2,1.1,0.8,13.8,2.8,7.300000000000001,22.9,1.9000000000000001,16.6,50.1,NS,3.34,2,S_EXCLUSIVE_GREEN,45.0
9.033333333333333,0.7009,-0.7133,1,95.0,12.3,47.6,17.0,14.6,14.4,0.9,2.5,3.7,5.8,1.1,1.6,29.0,3.4,9.5,2.7,37.9,NS,7.54,1,N_EXCLUSIVE_GREEN,45.0
20.15,-0.8457,0.5336,0,36.6,22.1,23.3,36.1,8.4,3.0,2.7,1.2,2.2,2.3,2.2,6.2,11.4,3.9000000000000004,4.5,8.4,23.8,NS,2.12,1,N_EXCLUSIVE_GREEN,36.8
8.983333333333333,0.7102,-0.704,1,58.7,20.9,55.6,12.1,4.5,7.6,1.9,3.5,5.9,11.1,3.1,1.4,12.1,5.4,17.0,4.5,32.2,NS,2.36,1,N_EXCLUSIVE_GREEN,43.0
4.283333333333333,0.9007,0.4344,0,28.7,25.5,26.8,24.9,3.4,2.0,2.1,2.5,0.5,10.6,1.3,1.5,5.4,4.6,11.1,2.8,21.6,EW,1.99,3,E_EXCLUSIVE_GREEN,34.2
1.6833333333333333,0.4266,0.9045,0,24.6,20.4,21.4,28.0,4.2,3.1,0.7,2.7,0.6,0.5,1.1,4.7,7.300000000000001,3.4000000000000004,1.1,5.800000000000001,14.6,EW,1.94,4,W_EXCLUSIVE_GREEN,23.1
6.566666666666666,0.989,-0.1478,0,22.4,23.5,133.2,18.4,4.0,1.4,0.5,6.9,25.8,17.6,0.8,8.3,5.4,7.4,43.400000000000006,9.100000000000001,82.7,EW,5.27,3,E_EXCLUSIVE_GREEN,45.0
20.633333333333333,-0.7716,0.6361,0,37.8,26.8,36.6,30.3,1.6,5.1,0.6,3.2,3.6,8.0,1.2,5.1,6.699999999999999,3.8000000000000003,11.6,6.3,23.7,EW,1.47,3,E_EXCLUSIVE_GREEN,37.2
10.083333333333334,0.481,-0.8767,0,20.5,31.3,30.0,23.7,4.1,3.4,1.7,1.7,1.7,4.1,2.8,6.2,7.5,3.4,5.8,9.0,9.9,EW,1.36,0,BALANCED_PHASE,29.4
17.266666666666666,-0.9816,-0.1908,1,18.8,54.2,25.4,92.2,2.2,1.9,0.7,10.7,1.3,5.8,9.5,14.9,4.1,11.399999999999999,7.1,24.4,39.0,EW,3.38,4,W_EXCLUSIVE_GREEN,45.0
23.133333333333333,-0.225,0.9744,0,25.8,33.9,23.3,32.5,4.6,1.4,3.7,4.6,2.0,4.0,6.7,3.8,6.0,8.3,6.0,10.5,17.6,NS,1.29,0,BALANCED_PHASE,29.5
19.3,-0.9426,0.3338,1,16.5,112.3,17.2,86.6,2.0,1.4,11.3,20.3,4.6,3.3,7.8,12.5,3.4,31.6,7.8999999999999995,20.3,36.3,NS,7.5,2,S_EXCLUSIVE_GREEN,45.0
10.05,0.4886,-0.8725,0,20.3,39.9,22.6,26.2,0.2,5.0,10.1,12.4,1.1,2.6,1.7,12.0,5.2,22.5,3.7,13.7,23.2,NS,3.13,2,S_EXCLUSIVE_GREEN,45.0
0.8666666666666667,0.225,0.9744,0,23.8,19.1,69.9,18.9,1.0,2.7,3.5,3.2,18.1,11.5,1.8,0.9,3.7,6.7,29.6,2.7,34.0,EW,6.24,3,E_EXCLUSIVE_GREEN,45.0
5.266666666666667,0.9816,0.1908,0,25.9,38.9,21.8,21.4,4.1,5.3,2.3,11.9,0.6,1.2,2.7,7.1,9.399999999999999,14.2,1.7999999999999998,9.8,29.5,NS,1.46,2,S_EXCLUSIVE_GREEN,43.4
17.7,-0.9969,-0.0785,1,18.7,66.8,19.1,57.3,4.0,2.4,3.8,15.2,0.6,2.7,2.2,2.3,6.4,19.0,3.3000000000000003,4.5,35.1,NS,3.04,2,S_EXCLUSIVE_GREEN,45.0
18.1,-0.9997,0.0262,1,21.8,57.6,14.6,115.7,3.6,7.0,3.9,8.7,0.2,4.7,12.9,13.4,10.6,12.6,4.9,26.3,49.9,EW,5.94,4,W_EXCLUSIVE_GREEN,45.0
23.783333333333335,-0.0567,0.9984,0,25.6,23.5,25.1,22.5,6.1,6.9,1.5,1.8,2.2,6.9,4.2,1.4,13.0,3.3,9.100000000000001,5.6,25.3,NS,2.13,1,N_EXCLUSIVE_GREEN,38.1
20.266666666666666,-0.829,0.5592,0,20.7,25.8,34.7,23.4,3.6,0.3,0.8,5.6,4.3,2.6,1.4,1.0,3.9,6.3999999999999995,6.9,2.4,7.6,EW,1.83,3,E_EXCLUSIVE_GREEN,25.8
20.633333333333333,-0.7716,0.6361,0,23.0,25.2,27.7,21.0,2.0,1.4,3.7,3.6,6.4,3.8,2.6,1.2,3.4,7.300000000000001,10.2,3.8,20.3,EW,1.85,3,E_EXCLUSIVE_GREEN,32.4
14.233333333333333,-0.5519,-0.8339,0,19.2,64.3,27.6,18.8,1.3,2.7,6.4,10.2,1.6,7.4,0.2,2.0,4.0,16.6,9.0,2.2,29.3,NS,3.53,2,S_EXCLUSIVE_GREEN,45.0
18.666666666666668,-0.9848,0.1736,1,21.4,93.2,12.4,64.7,0.4,3.9,7.1,10.8,2.2,1.8,7.0,17.4,4.3,17.9,4.0,24.4,36.5,NS,4.02,2,S_EXCLUSIVE_GREEN,45.0
12.15,-0.0393,-0.9992,0,23.3,31.0,27.5,34.1,2.8,3.3,5.5,3.2,1.5,6.9,0.6,3.0,6.1,8.7,8.4,3.6,13.9,EW,1.59,3,E_EXCLUSIVE_GREEN,29.3
23.766666666666666,-0.061,0.9981,0,29.7,23.4,20.4,22.8,3.1,1.6,1.0,8.0,0.8,2.9,4.4,5.0,4.7,9.0,3.7,9.4,17.9,NS,1.51,1,N_EXCLUSIVE_GREEN,30.1
4.95,0.9625,0.2714,0,35.7,20.1,25.0,30.8,7.6,5.9,1.2,1.0,0.6,2.0,4.2,4.4,13.5,2.2,2.6,8.600000000000001,28.4,NS,3.07,1,N_EXCLUSIVE_GREEN,41.3
15.183333333333334,-0.7402,-0.6724,0,21.0,37.5,20.4,37.4,0.4,1.5,1.2,5.7,1.6,2.0,7.2,12.5,1.9,6.9,3.6,19.7,21.0,EW,3.32,4,W_EXCLUSIVE_GREEN,45.0
5.2,0.9781,0.2079,0,31.4,23.5,32.2,27.5,4.9,2.3,4.0,3.9,6.3,5.6,1.3,2.6,7.2,7.9,11.899999999999999,3.9000000000000004,23.5,EW,1.85,3,E_EXCLUSIVE_GREEN,36.9
23.183333333333334,-0.2122,0.9772,0,22.2,25.6,28.6,35.3,1.2,1.9,6.2,5.0,2.7,2.9,10.4,3.4,3.0999999999999996,11.2,5.6,13.8,18.1,EW,1.76,4,W_EXCLUSIVE_GREEN,40.8
0.31666666666666665,0.0828,0.9966,0,18.1,53.7,18.0,26.5,2.5,2.1,8.9,5.6,2.3,1.5,2.8,4.4,4.6,14.5,3.8,7.2,31.1,NS,2.9,2,S_EXCLUSIVE_GREEN,45.0
12.716666666666667,-0.1865,-0.9825,0,37.6,32.9,23.1,31.6,3.1,2.7,5.0,0.8,2.9,4.9,5.2,8.0,5.800000000000001,5.8,7.800000000000001,13.2,14.6,NS,1.04,0,BALANCED_PHASE,24.8
2.15,0.5336,0.8457,0,19.9,52.7,23.4,19.4,3.1,3.9,6.6,6.4,5.5,2.8,1.7,2.8,7.0,13.0,8.3,4.5,22.2,NS,2.05,2,S_EXCLUSIVE_GREEN,42.7
14.966666666666667,-0.7009,-0.7133,0,20.5,21.8,29.3,23.6,3.4,2.8,0.1,3.2,1.4,3.4,1.7,2.8,6.199999999999999,3.3000000000000003,4.8,4.5,8.7,EW,1.1,0,BALANCED_PHASE,20.7
12.1,-0.0262,-0.9997,0,22.1,21.2,20.3,26.4,2.6,0.9,1.7,3.5,3.2,1.5,4.5,4.1,3.5,5.2,4.7,8.6,17.9,EW,1.5,4,W_EXCLUSIVE_GREEN,28.7
4.766666666666667,0.9483,0.3173,0,30.4,33.1,21.0,23.4,7.0,2.8,4.0,2.0,0.5,4.9,0.5,4.3,9.8,6.0,5.4,4.8,16.5,NS,1.3,0,BALANCED_PHASE,32.2
0.6333333333333333,0.165,0.9863,0,26.0,18.2,18.1,61.7,0.9,3.7,2.2,2.3,1.4,2.6,2.7,10.0,4.6000000000000005,4.5,4.0,12.7,22.7,EW,3.08,4,W_EXCLUSIVE_GREEN,43.8
0.11666666666666667,0.0305,0.9995,0,38.2,29.8,28.8,34.8,2.3,4.0,2.4,5.9,9.3,2.6,2.1,4.1,6.3,8.3,11.9,6.199999999999999,16.7,NS,1.25,0,BALANCED_PHASE,30.2
20.983333333333334,-0.7102,0.704,0,22.5,129.2,30.3,19.4,1.6,4.9,5.5,18.0,3.2,4.5,0.1,3.7,6.5,23.5,7.7,3.8000000000000003,34.1,NS,4.29,2,S_EXCLUSIVE_GREEN,45.0
2.283333333333333,0.5628,0.8266,0,65.5,18.4,21.9,19.9,5.3,16.3,1.4,1.3,2.4,2.6,0.2,3.3,21.6,2.7,5.0,3.5,46.4,NS,5.05,1,N_EXCLUSIVE_GREEN,45.0
0.8333333333333334,0.2164,0.9763,0,24.8,23.3,83.2,32.5,2.4,2.7,1.1,1.2,6.4,14.7,3.6,8.8,5.1,2.3,21.1,12.4,41.0,EW,1.95,3,E_EXCLUSIVE_GREEN,45.0
22.083333333333332,-0.481,0.8767,0,27.1,23.9,21.3,116.1,2.5,4.1,2.0,3.5,2.6,4.8,9.5,21.7,6.6,5.5,7.4,31.2,38.4,EW,4.48,4,W_EXCLUSIVE_GREEN,45.0
18.95,-0.9692,0.2462,1,20.0,144.7,22.3,69.2,0.9,8.0,21.5,21.8,1.7,5.1,9.5,12.7,8.9,43.3,6.8,22.2,47.6,NS,5.39,2,S_EXCLUSIVE_GREEN,45.0
14.866666666666667,-0.682,-0.7314,0,19.7,32.2,146.7,22.0,8.5,4.2,5.7,3.1,22.9,32.2,1.2,9.8,12.7,8.8,55.1,11.0,119.1,EW,5.31,3,E_EXCLUSIVE_GREEN,45.0
15.15,-0.7343,-0.6788,0,24.6,21.3,140.4,20.0,3.4,3.8,3.5,9.8,15.1,19.7,1.1,4.1,7.199999999999999,13.3,34.8,5.199999999999999,66.8,EW,6.49,3,E_EXCLUSIVE_GREEN,45.0
20.566666666666666,-0.7826,0.6225,0,93.1,27.4,20.3,17.9,10.8,14.6,0.8,2.8,2.1,0.8,0.3,1.1,25.4,3.5999999999999996,2.9000000000000004,1.4000000000000001,51.0,NS,4.6,1,N_EXCLUSIVE_GREEN,45.0
3.5666666666666664,0.8039,0.5948,0,21.5,28.6,27.3,135.5,4.2,1.2,5.2,1.5,2.4,7.1,12.1,36.5,5.4,6.7,9.5,48.6,60.4,EW,4.9,4,W_EXCLUSIVE_GREEN,45.0
4.0,0.866,0.5,0,35.6,27.9,29.3,29.4,2.7,2.2,4.3,2.4,1.4,1.8,4.4,4.2,4.9,6.699999999999999,3.2,8.600000000000001,14.7,NS,1.26,0,BALANCED_PHASE,26.3
0.23333333333333334,0.061,0.9981,0,23.2,32.9,39.3,20.2,2.0,4.0,6.1,7.5,6.5,1.0,1.8,2.6,6.0,13.6,7.5,4.4,14.7,NS,1.81,2,S_EXCLUSIVE_GREEN,39.6
4.366666666666666,0.91,0.4147,0,21.3,21.3,25.6,23.0,7.5,1.0,2.1,4.2,3.9,4.4,2.3,3.0,8.5,6.300000000000001,8.3,5.3,11.8,EW,1.29,0,BALANCED_PHASE,27.4
7.966666666666667,0.8704,-0.4924,1,76.6,17.8,97.7,12.2,5.7,14.7,0.4,2.0,17.7,17.9,0.1,2.4,20.4,2.4,35.599999999999994,2.5,60.8,EW,10.13,3,E_EXCLUSIVE_GREEN,45.0
21.4,-0.6293,0.7771,0,29.7,31.2,27.3,22.8,2.0,4.3,6.7,4.3,1.1,4.1,1.7,3.5,6.3,11.0,5.199999999999999,5.2,17.7,NS,1.35,0,BALANCED_PHASE,34.4
22.866666666666667,-0.2924,0.9563,0,30.6,23.3,23.0,29.0,3.1,3.6,3.1,5.6,7.1,2.7,3.0,4.8,6.7,8.7,9.8,7.8,15.2,EW,1.21,0,BALANCED_PHASE,31.3
15.166666666666666,-0.7373,-0.6756,0,21.7,25.9,38.2,28.2,2.9,2.6,3.8,2.3,12.7,4.4,3.8,4.8,5.5,6.1,17.1,8.6,35.4,EW,1.68,3,E_EXCLUSIVE_GREEN,45.0
7.1,0.9588,-0.284,1,130.0,13.2,61.8,15.0,19.6,25.3,2.6,0.4,8.1,18.0,0.8,1.7,44.900000000000006,3.0,26.1,2.5,72.0,NS,11.53,1,N_EXCLUSIVE_GREEN,45.0
9.366666666666667,0.6361,-0.7716,1,101.4,14.3,54.0,26.7,3.3,17.0,0.6,1.1,4.5,14.0,2.0,1.4,20.3,1.7000000000000002,18.5,3.4,31.4,NS,8.02,1,N_EXCLUSIVE_GREEN,45.0
2.65,0.6394,0.7688,0,27.9,31.5,59.2,19.2,4.3,4.0,1.2,4.6,6.7,5.0,1.8,2.8,8.3,5.8,11.7,4.6,12.1,EW,2.64,3,E_EXCLUSIVE_GREEN,40.3
2.95,0.6978,0.7163,0,17.6,139.0,18.0,28.3,0.3,2.3,12.0,20.0,2.3,3.3,1.2,3.0,2.5999999999999996,32.0,5.6,4.2,60.6,NS,9.04,2,S_EXCLUSIVE_GREEN,45.0
5.45,0.9897,0.1435,0,22.6,29.3,22.2,31.1,6.3,1.6,0.9,8.5,1.8,1.8,4.2,11.6,7.9,9.4,3.6,15.8,32.1,EW,2.58,4,W_EXCLUSIVE_GREEN,45.0
19.183333333333334,-0.9524,0.3049,1,16.4,51.3,15.2,71.5,1.8,8.3,5.0,3.7,1.4,0.7,5.3,7.6,10.100000000000001,8.7,2.0999999999999996,12.899999999999999,16.2,EW,4.82,4,W_EXCLUSIVE_GREEN,45.0
21.45,-0.6191,0.7853,0,19.0,17.7,51.0,17.7,0.7,4.5,1.3,7.4,3.6,13.5,3.2,5.2,5.2,8.700000000000001,17.1,8.4,28.7,EW,2.2,3,E_EXCLUSIVE_GREEN,45.0
19.866666666666667,-0.8829,0.4695,0,94.8,30.9,19.7,25.9,14.5,9.8,6.1,5.2,4.1,7.6,4.4,6.4,24.3,11.3,11.7,10.8,33.2,NS,2.41,1,N_EXCLUSIVE_GREEN,45.0
8.966666666666667,0.7133,-0.7009,1,82.8,16.1,53.1,14.1,9.5,16.6,0.4,1.0,5.3,8.4,0.3,5.1,26.1,1.4,13.7,5.3999999999999995,53.1,NS,8.33,1,N_EXCLUSIVE_GREEN,45.0
15.7,-0.8241,-0.5664,0,22.4,20.7,60.7,26.3,4.2,7.0,0.7,7.4,3.6,10.2,0.5,1.9,11.2,8.1,13.799999999999999,2.4,29.2,EW,3.18,3,E_EXCLUSIVE_GREEN,45.0
22.85,-0.2965,0.955,0,60.5,32.7,20.2,29.7,6.4,17.9,3.4,7.1,4.8,4.7,5.5,3.7,24.299999999999997,10.5,9.5,9.2,24.5,NS,2.08,1,N_EXCLUSIVE_GREEN,45.0
4.816666666666666,0.9524,0.3049,0,21.0,39.0,21.1,28.4,1.4,3.5,3.7,4.9,3.7,1.8,3.1,2.8,4.9,8.600000000000001,5.5,5.9,16.4,NS,1.71,2,S_EXCLUSIVE_GREEN,30.9
10.15,0.4656,-0.885,0,18.2,19.5,22.0,52.2,5.2,0.9,11.8,2.8,0.8,6.9,5.5,5.8,6.1000000000000005,14.600000000000001,7.7,11.3,19.0,EW,1.73,4,W_EXCLUSIVE_GREEN,38.9
2.1166666666666667,0.5262,0.8504,0,29.1,26.9,30.2,20.6,5.1,3.3,4.1,7.4,2.8,5.8,1.9,2.4,8.399999999999999,11.5,8.6,4.3,21.6,NS,1.21,0,BALANCED_PHASE,35.4
23.283333333333335,-0.1865,0.9825,0,26.8,26.2,110.2,19.9,2.9,1.1,3.8,2.9,11.9,13.3,2.6,4.9,4.0,6.699999999999999,25.200000000000003,7.5,44.2,EW,3.94,3,E_EXCLUSIVE_GREEN,45.0
4.183333333333334,0.889,0.4579,0,23.6,20.8,21.4,30.1,3.9,2.4,4.2,3.8,3.3,1.3,4.1,1.4,6.3,8.0,4.6,5.5,15.3,EW,1.23,0,BALANCED_PHASE,22.9
11.333333333333334,0.1736,-0.9848,0,31.6,21.8,32.9,26.6,5.1,2.1,1.7,4.3,2.5,9.4,2.4,7.5,7.199999999999999,6.0,11.9,9.9,15.8,EW,1.18,0,BALANCED_PHASE,36.3
15.733333333333333,-0.829,-0.5592,0,22.3,21.8,26.4,21.0,1.6,1.4,2.0,3.4,2.2,3.0,0.7,3.9,3.0,5.4,5.2,4.6,7.4,EW,1.13,0,BALANCED_PHASE,20.9
19.833333333333332,-0.887,0.4617,0,24.8,20.4,20.7,23.2,3.4,2.5,0.4,4.2,3.8,1.7,1.0,11.7,5.9,4.6000000000000005,5.5,12.7,13.3,EW,1.71,4,W_EXCLUSIVE_GREEN,35.9
4.85,0.955,0.2965,0,22.6,20.5,26.7,25.7,2.9,1.6,1.6,4.4,5.8,2.4,1.1,3.9,4.5,6.0,8.2,5.0,11.8,EW,1.27,0,BALANCED_PHASE,27.4
7.4,0.9336,-0.3584,1,78.6,19.3,49.5,12.3,10.8,14.1,0.7,3.0,5.5,6.4,0.5,0.6,24.9,3.7,11.9,1.1,44.9,NS,5.04,1,N_EXCLUSIVE_GREEN,45.0
13.583333333333334,-0.4027,-0.9153,0,25.1,29.8,20.2,24.3,2.5,9.7,2.4,1.9,4.4,7.7,3.6,5.2,12.2,4.3,12.100000000000001,8.8,25.6,NS,1.85,1,N_EXCLUSIVE_GREEN,37.3
17.516666666666666,-0.992,-0.1262,1,12.1,90.3,18.7,100.6,0.3,2.0,15.0,9.4,2.7,4.0,8.4,10.9,2.3,24.4,6.7,19.3,24.9,EW,3.6,4,W_EXCLUSIVE_GREEN,45.0
17.566666666666666,-0.9936,-0.1132,1,17.7,75.4,16.4,77.7,1.2,8.5,4.7,9.6,0.5,3.1,6.0,14.3,9.7,14.3,3.6,20.3,35.0,EW,4.85,4,W_EXCLUSIVE_GREEN,45.0
7.4,0.9336,-0.3584,1,115.9,23.1,48.7,21.2,14.8,14.6,2.1,2.2,12.5,6.2,3.3,1.5,29.4,4.300000000000001,18.7,4.8,53.7,NS,5.58,1,N_EXCLUSIVE_GREEN,45.0
2.6166666666666667,0.6327,0.7744,0,25.5,26.2,25.6,35.7,2.0,0.6,5.0,6.5,3.1,2.7,0.8,3.1,2.6,11.5,5.800000000000001,3.9000000000000004,15.0,EW,1.36,0,BALANCED_PHASE,24.5
16.6,-0.9336,-0.3584,1,17.0,66.7,13.7,74.6,0.2,2.5,12.0,10.0,0.4,3.3,5.3,13.6,2.7,22.0,3.6999999999999997,18.9,38.7,EW,4.87,4,W_EXCLUSIVE_GREEN,45.0
22.85,-0.2965,0.955,0,31.3,32.0,21.1,32.9,1.4,5.3,3.6,8.2,2.6,3.0,4.4,6.0,6.699999999999999,11.799999999999999,5.6,10.4,15.1,NS,1.35,0,BALANCED_PHASE,35.9
22.083333333333332,-0.481,0.8767,0,57.2,28.0,31.0,23.1,5.0,13.0,1.1,5.1,0.2,2.8,2.8,0.9,18.0,6.199999999999999,3.0,3.6999999999999997,19.8,NS,2.39,1,N_EXCLUSIVE_GREEN,45.0
6.9,0.9724,-0.2334,0,25.1,28.6,17.2,71.7,1.5,2.7,1.4,6.5,1.5,2.6,9.2,10.0,4.2,7.9,4.1,19.2,38.6,EW,4.17,4,W_EXCLUSIVE_GREEN,45.0
4.966666666666667,0.9636,0.2672,0,25.8,21.6,134.9,27.3,3.2,2.1,3.5,4.8,10.0,29.4,0.9,2.6,5.300000000000001,8.3,39.4,3.5,76.1,EW,7.02,3,E_EXCLUSIVE_GREEN,45.0
11.9,0.0262,-0.9997,0,38.4,34.1,22.5,26.1,3.3,10.9,5.4,11.2,2.3,1.7,1.0,3.4,14.2,16.6,4.0,4.4,24.9,NS,1.13,0,BALANCED_PHASE,45.0
4.3,0.9026,0.4305,0,36.5,21.7,34.2,23.9,6.0,4.6,5.3,1.6,2.3,5.1,1.0,6.0,10.6,6.9,7.3999999999999995,7.0,13.8,NS,1.52,1,N_EXCLUSIVE_GREEN,34.1
17.983333333333334,-1.0,-0.0044,1,20.6,93.1,12.4,92.8,3.5,1.3,6.8,14.2,0.6,1.7,16.5,15.6,4.8,21.0,2.3,32.1,53.2,EW,9.61,4,W_EXCLUSIVE_GREEN,45.0
13.25,-0.3214,-0.9469,0,25.0,62.8,20.5,20.7,2.6,2.8,2.8,13.0,1.0,9.3,0.5,1.1,5.4,15.8,10.3,1.6,33.1,NS,2.6,2,S_EXCLUSIVE_GREEN,45.0
1.7833333333333332,0.4501,0.893,0,31.3,95.7,19.6,27.2,1.5,3.1,9.1,14.0,1.1,1.7,3.6,3.6,4.6,23.1,2.8,7.2,27.9,NS,3.72,2,S_EXCLUSIVE_GREEN,45.0
12.766666666666667,-0.1994,-0.9799,0,19.8,23.6,27.2,52.0,6.0,6.4,1.0,2.9,0.5,2.5,4.5,6.1,12.4,3.9,3.0,10.6,18.8,EW,2.35,4,W_EXCLUSIVE_GREEN,37.4
11.05,0.2462,-0.9692,0,22.2,30.0,31.4,21.7,0.6,4.9,4.8,3.5,1.3,9.3,3.8,10.9,5.5,8.3,10.600000000000001,14.7,31.9,EW,1.36,0,BALANCED_PHASE,43.2
21.616666666666667,-0.5842,0.8116,0,30.9,65.7,29.6,26.0,1.5,4.8,7.5,11.3,3.1,8.1,3.1,2.0,6.3,18.8,11.2,5.1,24.8,NS,2.46,2,S_EXCLUSIVE_GREEN,45.0
0.15,0.0393,0.9992,0,111.4,27.0,18.3,19.3,14.6,21.6,0.8,3.1,2.9,0.7,1.3,0.9,36.2,3.9000000000000004,3.5999999999999996,2.2,50.4,NS,5.97,1,N_EXCLUSIVE_GREEN,45.0
7.066666666666666,0.9613,-0.2756,1,130.7,12.1,61.6,12.9,6.4,16.0,1.1,1.3,7.6,13.3,0.9,3.1,22.4,2.4000000000000004,20.9,4.0,46.5,NS,9.11,1,N_EXCLUSIVE_GREEN,45.0
0.6,0.1564,0.9877,0,23.4,35.6,20.8,38.2,1.1,3.5,6.2,5.1,3.2,0.8,3.2,5.0,4.6,11.3,4.0,8.2,19.1,NS,1.89,2,S_EXCLUSIVE_GREEN,35.9
13.15,-0.2965,-0.955,0,22.4,25.1,29.0,26.8,2.3,1.8,2.0,2.2,4.3,3.0,4.6,3.0,4.1,4.2,7.3,7.6,12.4,EW,1.02,0,BALANCED_PHASE,26.7
15.783333333333333,-0.8363,-0.5483,0,19.1,32.0,83.0,22.9,2.8,1.8,1.7,3.8,8.8,9.6,5.1,6.0,4.6,5.5,18.4,11.1,40.4,EW,2.16,3,E_EXCLUSIVE_GREEN,45.0
15.433333333333334,-0.7826,-0.6225,0,39.7,27.2,21.8,31.0,4.0,6.7,6.9,2.5,2.7,5.4,5.3,3.5,10.7,9.4,8.100000000000001,8.8,17.3,NS,1.22,0,BALANCED_PHASE,35.3
14.833333333333334,-0.6756,-0.7373,0,24.1,20.6,22.8,26.5,3.3,5.9,1.4,3.4,1.1,2.4,2.8,3.2,9.2,4.8,3.5,6.0,10.7,EW,1.32,0,BALANCED_PHASE,22.8
0.3,0.0785,0.9969,0,118.5,26.8,20.8,27.9,13.3,19.7,2.8,5.4,1.9,3.3,5.3,2.6,33.0,8.2,5.199999999999999,7.9,67.0,NS,4.04,1,N_EXCLUSIVE_GREEN,45.0
20.033333333333335,-0.8616,0.5075,0,20.2,22.8,37.7,24.6,1.5,3.8,0.5,1.3,5.5,3.8,0.9,3.0,5.3,1.8,9.3,3.9,10.6,EW,1.81,3,E_EXCLUSIVE_GREEN,31.4
5.533333333333333,0.9925,0.1219,0,21.7,23.1,26.7,76.7,2.7,4.8,3.9,5.0,5.3,1.8,17.1,15.1,7.5,8.9,7.1,32.2,56.2,EW,3.67,4,W_EXCLUSIVE_GREEN,45.0
13.716666666666667,-0.4344,-0.9007,0,38.2,20.8,27.4,20.9,6.6,5.7,4.4,5.7,5.1,2.8,1.0,2.6,12.3,10.100000000000001,7.8999999999999995,3.6,13.9,NS,1.35,0,BALANCED_PHASE,37.9
14.583333333333334,-0.6259,-0.7799,0,25.7,20.3,39.2,37.4,2.9,4.9,0.7,1.2,5.0,5.8,5.3,8.4,7.800000000000001,1.9,10.8,13.7,14.4,EW,1.15,0,BALANCED_PHASE,40.9
8.966666666666667,0.7133,-0.7009,1,85.5,13.7,50.2,13.4,6.9,11.2,2.0,0.8,2.4,6.0,0.8,4.1,18.1,2.8,8.4,4.8999999999999995,26.5,NS,5.83,1,N_EXCLUSIVE_GREEN,45.0
18.533333333333335,-0.9903,0.1392,1,25.8,52.5,25.1,53.9,2.3,8.0,11.2,9.8,1.5,2.1,4.1,3.9,10.3,21.0,3.6,8.0,33.5,NS,1.97,2,S_EXCLUSIVE_GREEN,45.0
9.75,0.5556,-0.8315,0,32.1,63.9,31.0,20.7,2.0,4.0,10.7,14.4,2.1,4.4,1.0,5.1,6.0,25.1,6.5,6.1,48.7,NS,2.93,2,S_EXCLUSIVE_GREEN,45.0
8.083333333333334,0.8549,-0.5188,1,52.6,19.7,70.4,20.8,3.6,5.4,3.7,0.6,4.9,6.7,3.9,2.9,9.0,4.3,11.600000000000001,6.8,21.4,EW,2.24,3,E_EXCLUSIVE_GREEN,43.0
16.4,-0.9135,-0.4067,0,21.2,20.3,27.2,24.5,2.2,5.1,8.7,6.1,7.0,7.7,4.2,5.1,7.3,14.799999999999999,14.7,9.3,17.1,EW,1.37,0,BALANCED_PHASE,41.0
4.783333333333333,0.9497,0.3132,0,71.7,20.9,26.6,23.0,7.3,12.3,1.8,0.5,4.4,5.2,6.0,2.4,19.6,2.3,9.600000000000001,8.4,32.6,NS,4.87,1,N_EXCLUSIVE_GREEN,45.0
7.416666666666667,0.932,-0.3624,1,98.6,12.8,65.0,15.1,18.5,20.9,3.9,0.6,7.0,8.4,2.6,1.6,39.4,4.5,15.4,4.2,69.6,NS,7.81,1,N_EXCLUSIVE_GREEN,45.0
5.866666666666667,0.9994,0.0349,0,22.4,21.3,32.2,21.9,2.9,8.5,3.5,1.7,2.3,2.7,1.4,4.2,11.4,5.2,5.0,5.6,24.9,EW,1.22,0,BALANCED_PHASE,24.5
17.633333333333333,-0.9954,-0.0958,1,19.0,83.0,16.6,106.7,2.9,0.9,8.1,12.9,1.5,3.0,9.7,17.1,3.8,21.0,4.5,26.8,55.9,EW,5.79,4,W_EXCLUSIVE_GREEN,45.0
2.8666666666666667,0.682,0.7314,0,25.0,25.4,28.1,22.5,2.0,4.2,7.2,7.7,6.0,6.2,4.0,3.9,6.2,14.9,12.2,7.9,16.1,NS,1.71,2,S_EXCLUSIVE_GREEN,41.0
15.333333333333334,-0.766,-0.6428,0,37.6,22.7,22.3,20.9,2.6,8.9,0.9,3.7,3.5,4.7,5.0,3.7,11.5,4.6000000000000005,8.2,8.7,18.3,NS,1.97,1,N_EXCLUSIVE_GREEN,36.6
12.866666666666667,-0.225,-0.9744,0,55.9,27.8,33.3,29.1,1.8,15.6,1.7,9.7,4.5,3.6,3.9,5.0,17.4,11.399999999999999,8.1,8.9,29.5,NS,1.64,1,N_EXCLUSIVE_GREEN,45.0
11.683333333333334,0.0828,-0.9966,0,21.8,39.6,21.5,38.9,3.5,0.4,4.1,4.8,2.5,2.2,4.4,3.4,3.9,8.899999999999999,4.7,7.800000000000001,17.0,NS,1.92,2,S_EXCLUSIVE_GREEN,31.6
8.1,0.8526,-0.5225,1,76.0,14.7,105.4,15.6,5.6,8.9,1.7,2.1,8.9,13.9,2.5,0.5,14.5,3.8,22.8,3.0,37.5,EW,6.63,3,E_EXCLUSIVE_GREEN,45.0
3.066666666666667,0.7193,0.6947,0,22.4,23.7,96.2,18.6,4.7,4.1,1.4,3.1,6.5,12.7,1.1,2.1,8.8,4.5,19.2,3.2,29.9,EW,5.19,3,E_EXCLUSIVE_GREEN,45.0
0.25,0.0654,0.9979,0,117.9,19.1,20.2,17.6,8.8,11.0,0.7,1.5,3.8,3.0,1.0,1.6,19.8,2.2,6.8,2.6,32.3,NS,6.66,1,N_EXCLUSIVE_GREEN,45.0
2.216666666666667,0.5483,0.8363,0,20.3,22.2,33.2,22.4,1.0,2.7,4.9,2.0,5.8,4.0,1.8,5.6,3.7,6.9,9.8,7.3999999999999995,16.2,EW,1.33,0,BALANCED_PHASE,32.2
9.2,0.6691,-0.7431,1,81.9,22.0,46.5,18.5,9.2,14.2,3.5,3.5,4.3,9.0,1.7,1.8,23.4,7.0,13.3,3.5,44.3,NS,3.34,1,N_EXCLUSIVE_GREEN,45.0
17.2,-0.9781,-0.2079,1,15.8,117.0,13.7,55.7,1.9,4.4,8.5,17.3,0.3,5.9,4.6,11.8,6.300000000000001,25.8,6.2,16.4,47.5,NS,4.94,2,S_EXCLUSIVE_GREEN,45.0
20.983333333333334,-0.7102,0.704,0,19.2,23.1,100.0,18.4,2.2,3.2,2.6,2.6,9.4,15.5,0.7,6.8,5.4,5.2,24.9,7.5,53.8,EW,3.85,3,E_EXCLUSIVE_GREEN,45.0
2.6,0.6293,0.7771,0,24.5,32.5,27.7,29.4,0.4,4.7,0.7,1.0,6.5,3.6,2.1,2.2,5.1000000000000005,1.7,10.1,4.300000000000001,18.5,EW,1.55,3,E_EXCLUSIVE_GREEN,32.3
18.833333333333332,-0.9763,0.2164,1,26.1,92.4,14.8,98.7,3.5,6.7,20.6,18.8,0.2,2.0,11.4,19.5,10.2,39.400000000000006,2.2,30.9,52.4,NS,3.63,2,S_EXCLUSIVE_GREEN,45.0
15.033333333333333,-0.7133,-0.7009,0,105.3,17.4,26.7,29.9,11.5,33.3,2.1,3.3,2.4,2.2,1.8,3.1,44.8,5.4,4.6,4.9,97.8,NS,7.02,1,N_EXCLUSIVE_GREEN,45.0
9.0,0.7071,-0.7071,1,84.3,16.7,116.3,18.3,8.3,15.0,3.2,7.2,15.8,19.0,1.1,4.5,23.3,10.4,34.8,5.6,37.2,EW,5.95,3,E_EXCLUSIVE_GREEN,45.0
11.8,0.0523,-0.9986,0,25.2,29.5,21.4,77.1,1.8,3.9,2.6,6.9,1.2,2.6,10.4,15.3,5.7,9.5,3.8,25.700000000000003,47.3,EW,4.79,4,W_EXCLUSIVE_GREEN,45.0
16.2,-0.891,-0.454,0,20.3,17.4,17.4,76.5,1.3,2.1,0.8,2.8,1.0,5.6,5.5,17.0,3.4000000000000004,3.5999999999999996,6.6,22.5,34.9,EW,3.57,4,W_EXCLUSIVE_GREEN,45.0
23.366666666666667,-0.165,0.9863,0,24.5,27.5,27.9,22.2,1.5,0.9,3.5,7.5,7.2,1.6,1.3,6.3,2.4,11.0,8.8,7.6,20.7,EW,1.15,0,BALANCED_PHASE,29.7
22.716666666666665,-0.3297,0.9441,0,27.0,19.0,23.6,50.4,2.8,2.7,5.8,1.7,1.4,4.4,1.9,6.1,5.5,7.5,5.800000000000001,8.0,10.3,EW,1.64,4,W_EXCLUSIVE_GREEN,31.1
23.533333333333335,-0.1219,0.9925,0,31.0,80.4,27.1,17.5,1.3,1.2,7.0,11.3,4.0,4.8,2.7,1.3,2.5,18.3,8.8,4.0,34.1,NS,3.74,2,S_EXCLUSIVE_GREEN,45.0
0.6166666666666667,0.1607,0.987,0,32.4,26.2,36.7,25.5,5.1,9.1,2.7,10.2,4.9,3.9,1.9,3.7,14.2,12.899999999999999,8.8,5.6,26.7,NS,1.11,0,BALANCED_PHASE,41.9
15.616666666666667,-0.8116,-0.5842,0,28.7,23.8,21.2,27.5,0.3,4.2,8.1,5.7,1.1,2.7,5.0,3.6,4.5,13.8,3.8000000000000003,8.6,25.0,NS,2.0,1,N_EXCLUSIVE_GREEN,40.3
1.3,0.3338,0.9426,0,26.9,18.3,22.5,58.5,2.8,3.6,2.0,5.3,0.8,2.5,8.6,12.0,6.4,7.3,3.3,20.6,32.1,EW,3.9,4,W_EXCLUSIVE_GREEN,45.0
2.9333333333333336,0.6947,0.7193,0,22.2,20.5,23.5,33.5,0.5,6.1,2.1,3.0,0.3,4.6,4.3,4.4,6.6,5.1,4.8999999999999995,8.7,9.2,EW,1.52,4,W_EXCLUSIVE_GREEN,29.3
22.233333333333334,-0.4462,0.8949,0,35.9,39.3,37.5,37.8,3.4,6.6,5.0,9.1,3.5,8.6,5.1,8.0,10.0,14.1,12.1,13.1,22.2,EW,1.03,0,BALANCED_PHASE,40.2
21.683333333333334,-0.57,0.8216,0,20.4,97.2,17.8,24.7,6.3,0.9,13.2,13.1,1.0,5.7,0.2,1.2,7.2,26.299999999999997,6.7,1.4,47.2,NS,3.88,2,S_EXCLUSIVE_GREEN,45.0
16.55,-0.9288,-0.3706,1,23.0,139.9,19.8,53.7,5.1,3.9,7.5,18.3,0.3,8.6,3.6,6.2,9.0,25.8,8.9,9.8,44.9,NS,3.81,2,S_EXCLUSIVE_GREEN,45.0
23.633333333333333,-0.0958,0.9954,0,35.8,25.8,33.6,21.4,2.8,10.3,1.5,4.4,1.1,9.5,3.0,7.5,13.100000000000001,5.9,10.6,10.5,17.1,NS,1.75,1,N_EXCLUSIVE_GREEN,39.4
10.466666666666667,0.3907,-0.9205,0,21.8,23.3,23.1,36.4,1.4,7.3,2.8,5.1,1.4,0.7,2.3,6.6,8.7,7.8999999999999995,2.0999999999999996,8.899999999999999,16.3,EW,2.24,4,W_EXCLUSIVE_GREEN,31.0
10.3,0.4305,-0.9026,0,27.5,20.0,32.8,72.5,0.9,6.1,2.6,0.5,2.5,8.1,13.4,10.2,7.0,3.1,10.6,23.6,41.2,EW,2.16,4,W_EXCLUSIVE_GREEN,45.0
1.95,0.4886,0.8725,0,39.5,31.7,31.6,22.9,2.4,2.7,4.1,4.9,3.6,10.9,4.1,1.7,5.1,9.0,14.5,5.8,14.5,NS,1.41,1,N_EXCLUSIVE_GREEN,31.6
21.4,-0.6293,0.7771,0,73.6,19.7,27.4,20.1,4.5,15.0,0.0,0.6,5.5,5.4,1.3,2.0,19.5,0.6,10.9,3.3,23.4,NS,6.8,1,N_EXCLUSIVE_GREEN,45.0
4.6,0.9336,0.3584,0,26.4,26.6,26.3,23.2,3.7,11.0,1.6,1.9,3.6,3.4,4.3,4.3,14.7,3.5,7.0,8.6,29.5,NS,2.16,1,N_EXCLUSIVE_GREEN,42.1
15.1,-0.7254,-0.6884,0,31.1,20.5,33.2,33.1,1.5,5.6,1.2,7.9,3.8,8.3,0.9,5.0,7.1,9.1,12.100000000000001,5.9,26.5,EW,1.44,3,E_EXCLUSIVE_GREEN,37.8
4.816666666666666,0.9524,0.3049,0,35.4,24.3,39.9,29.6,2.2,9.6,0.5,2.0,3.0,6.5,7.9,3.1,11.8,2.5,9.5,11.0,13.2,EW,1.19,0,BALANCED_PHASE,35.5
17.916666666666668,-0.9998,-0.0218,1,23.7,62.4,17.4,48.6,3.7,6.3,8.8,16.0,0.8,3.2,4.0,8.8,10.0,24.8,4.0,12.8,37.1,NS,2.45,2,S_EXCLUSIVE_GREEN,45.0
2.5166666666666666,0.6122,0.7907,0,25.3,20.2,127.5,18.4,1.8,4.3,1.7,1.6,15.6,21.9,0.2,8.7,6.1,3.3,37.5,8.899999999999999,67.2,EW,4.81,3,E_EXCLUSIVE_GREEN,45.0
5.983333333333333,1.0,0.0044,0,65.0,22.2,26.8,23.9,10.9,12.9,5.2,4.7,1.2,2.6,3.5,5.5,23.8,9.9,3.8,9.0,46.6,NS,2.48,1,N_EXCLUSIVE_GREEN,45.0
8.6,0.7771,-0.6293,1,56.9,19.2,103.7,19.4,9.4,9.3,2.3,2.5,18.5,23.4,5.3,3.1,18.700000000000003,4.8,41.9,8.4,64.7,EW,4.9,3,E_EXCLUSIVE_GREEN,45.0
11.366666666666667,0.165,-0.9863,0,22.9,81.7,18.3,19.5,2.0,3.7,12.4,21.0,3.3,0.9,2.9,1.8,5.7,33.4,4.2,4.7,54.2,NS,4.61,2,S_EXCLUSIVE_GREEN,45.0
22.816666666666666,-0.3049,0.9524,0,22.4,26.3,20.7,24.4,1.5,1.3,1.1,1.2,1.5,4.5,3.3,4.2,2.8,2.3,6.0,7.5,11.1,EW,1.16,0,BALANCED_PHASE,25.5
15.266666666666667,-0.7547,-0.6561,0,24.1,27.5,38.8,30.4,0.3,5.0,3.3,1.2,2.0,10.8,2.4,6.2,5.3,4.5,12.8,8.6,15.3,EW,1.36,0,BALANCED_PHASE,39.1
14.683333333333334,-0.6461,-0.7632,0,38.4,27.7,24.3,31.0,2.4,10.6,2.4,11.8,3.0,8.4,4.1,5.2,13.0,14.200000000000001,11.4,9.3,30.7,NS,1.15,0,BALANCED_PHASE,43.4
3.6,0.809,0.5878,0,28.1,35.9,30.0,28.2,1.9,3.3,2.7,2.0,0.8,4.1,3.7,8.2,5.199999999999999,4.7,4.8999999999999995,11.899999999999999,13.5,EW,1.62,3,E_EXCLUSIVE_GREEN,35.5
11.9,0.0262,-0.9997,0,33.2,27.3,28.4,58.0,2.3,4.4,5.5,5.7,0.9,5.0,11.5,14.6,6.7,11.2,5.9,26.1,50.8,EW,3.12,4,W_EXCLUSIVE_GREEN,45.0
19.966666666666665,-0.8704,0.4924,0,22.9,29.1,23.3,36.1,1.4,11.0,8.1,2.9,2.3,3.1,6.1,4.7,12.4,11.0,5.4,10.8,26.3,EW,1.71,4,W_EXCLUSIVE_GREEN,35.7
14.383333333333333,-0.5842,-0.8116,0,33.1,31.2,24.2,22.0,3.3,2.5,6.2,1.6,2.8,12.2,1.0,4.5,5.8,7.800000000000001,15.0,5.5,30.6,NS,1.15,0,BALANCED_PHASE,29.6
19.333333333333332,-0.9397,0.342,1,14.8,62.7,17.0,69.4,3.4,3.3,4.5,17.4,4.0,2.6,11.0,3.9,6.699999999999999,21.9,6.6,14.9,30.3,EW,2.74,4,W_EXCLUSIVE_GREEN,45.0
11.083333333333334,0.2377,-0.9713,0,30.7,36.7,26.6,28.2,3.5,3.8,0.6,4.2,4.7,3.3,1.8,4.4,7.3,4.8,8.0,6.2,12.4,NS,1.28,0,BALANCED_PHASE,27.5
16.466666666666665,-0.9205,-0.3907,0,54.9,21.8,19.1,21.4,4.1,10.8,1.3,1.6,1.9,2.4,2.4,6.1,14.9,2.9000000000000004,4.3,8.5,17.5,NS,3.33,1,N_EXCLUSIVE_GREEN,45.0
19.683333333333334,-0.9045,0.4266,0,22.5,139.5,25.2,22.4,2.2,4.5,17.7,22.7,2.8,5.2,0.5,1.7,6.7,40.4,8.0,2.2,44.4,NS,5.83,2,S_EXCLUSIVE_GREEN,45.0
22.866666666666667,-0.2924,0.9563,0,32.6,34.6,39.4,30.4,1.4,3.3,3.5,5.6,3.3,5.0,2.6,3.3,4.699999999999999,9.1,8.3,5.9,11.0,EW,1.3,0,BALANCED_PHASE,29.8
4.9,0.9588,0.284,0,27.6,19.2,19.2,60.9,1.0,6.4,4.1,3.0,0.5,2.3,6.5,14.8,7.4,7.1,2.8,21.3,39.0,EW,4.69,4,W_EXCLUSIVE_GREEN,45.0
5.6,0.9945,0.1045,0,138.8,29.2,23.4,18.1,16.2,28.5,1.9,2.3,1.5,3.9,2.9,1.9,44.7,4.199999999999999,5.4,4.8,66.7,NS,6.88,1,N_EXCLUSIVE_GREEN,45.0
7.4,0.9336,-0.3584,1,64.6,21.7,46.3,15.2,9.2,9.8,0.8,7.8,9.6,14.6,2.5,1.0,19.0,8.6,24.2,3.5,43.5,NS,2.37,1,N_EXCLUSIVE_GREEN,45.0
14.7,-0.6494,-0.7604,0,22.0,19.0,20.4,77.3,2.4,1.3,1.7,6.6,0.4,5.2,12.2,9.2,3.7,8.299999999999999,5.6000000000000005,21.4,32.6,EW,3.62,4,W_EXCLUSIVE_GREEN,45.0
14.683333333333334,-0.6461,-0.7632,0,29.6,27.4,25.0,24.6,5.4,7.0,3.4,8.5,4.1,3.1,3.7,5.1,12.4,11.9,7.199999999999999,8.8,25.6,NS,1.02,0,BALANCED_PHASE,37.7
14.1,-0.5225,-0.8526,0,52.7,19.7,24.7,31.9,8.1,6.5,2.7,3.6,5.4,2.4,5.9,8.9,14.6,6.300000000000001,7.800000000000001,14.8,27.6,NS,2.34,1,N_EXCLUSIVE_GREEN,45.0
12.816666666666666,-0.2122,-0.9772,0,27.6,33.9,22.4,29.5,5.6,2.4,2.1,2.5,2.9,5.9,4.8,4.9,8.0,4.6,8.8,9.7,10.6,NS,1.39,0,BALANCED_PHASE,28.2
12.35,-0.0915,-0.9958,0,31.8,24.3,71.1,24.7,4.7,3.4,7.8,2.4,3.8,14.4,0.7,5.2,8.1,10.2,18.2,5.9,25.4,EW,2.86,3,E_EXCLUSIVE_GREEN,45.0
19.516666666666666,-0.9222,0.3867,0,25.0,22.4,22.3,64.2,0.7,3.2,1.1,4.1,1.4,3.5,10.0,6.6,3.9000000000000004,5.199999999999999,4.9,16.6,25.5,EW,2.99,4,W_EXCLUSIVE_GREEN,45.0
3.283333333333333,0.7576,0.6528,0,25.0,33.1,23.0,25.3,2.4,3.3,2.7,6.5,2.1,6.5,7.9,6.1,5.699999999999999,9.2,8.6,14.0,17.5,NS,1.41,2,S_EXCLUSIVE_GREEN,31.1
17.15,-0.9753,-0.2207,1,19.8,130.7,26.8,80.3,1.7,0.9,16.9,30.4,9.0,9.1,8.9,14.0,2.6,47.3,18.1,22.9,63.7,NS,10.4,2,S_EXCLUSIVE_GREEN,45.0
15.15,-0.7343,-0.6788,0,24.1,20.2,23.4,20.3,1.4,1.0,1.1,3.4,0.5,2.8,1.2,3.3,2.4,4.5,3.3,4.5,6.0,EW,1.17,0,BALANCED_PHASE,18.8
10.6,0.3584,-0.9336,0,22.1,27.3,18.0,116.6,0.7,2.8,0.4,5.8,2.4,1.7,19.6,10.5,3.5,6.2,4.1,30.1,46.3,EW,6.51,4,W_EXCLUSIVE_GREEN,45.0
1.9833333333333334,0.4962,0.8682,0,28.3,22.6,25.5,22.8,1.5,4.0,1.7,2.0,1.4,5.0,1.5,2.8,5.5,3.7,6.4,4.3,7.9,NS,1.28,0,BALANCED_PHASE,21.9
13.5,-0.3827,-0.9239,0,30.0,97.1,19.5,27.5,0.8,5.1,7.6,20.8,0.7,1.6,3.0,6.4,5.8999999999999995,28.4,2.3,9.4,55.7,NS,3.86,2,S_EXCLUSIVE_GREEN,45.0
0.8,0.2079,0.9781,0,36.6,22.5,24.1,31.5,3.2,8.0,1.3,3.5,8.0,2.4,7.2,6.1,11.2,4.8,10.4,13.3,23.2,EW,1.25,0,BALANCED_PHASE,39.6
8.266666666666667,0.829,-0.5592,1,50.8,14.4,59.1,14.8,2.5,9.6,0.5,1.5,8.5,14.0,0.3,5.4,12.1,2.0,22.5,5.7,37.2,EW,3.74,3,E_EXCLUSIVE_GREEN,45.0
20.183333333333334,-0.841,0.541,0,87.8,17.8,23.5,26.2,17.3,17.0,3.5,6.6,3.1,3.7,2.1,9.0,34.3,10.1,6.800000000000001,11.1,55.5,NS,3.66,1,N_EXCLUSIVE_GREEN,45.0
8.416666666666666,0.8064,-0.5913,1,78.6,25.6,77.6,15.4,20.7,15.1,2.1,1.6,6.4,15.7,2.2,3.7,35.8,3.7,22.1,5.9,44.2,NS,5.53,1,N_EXCLUSIVE_GREEN,45.0
2.3166666666666664,0.57,0.8216,0,27.1,29.5,24.7,25.5,6.6,3.2,2.8,4.3,1.4,4.0,0.8,6.6,9.8,7.1,5.4,7.3999999999999995,12.9,NS,1.21,0,BALANCED_PHASE,31.2
14.916666666666666,-0.6915,-0.7224,0,26.6,23.0,29.7,33.2,4.2,6.9,1.8,5.8,1.7,4.8,9.8,12.8,11.100000000000001,7.6,6.5,22.6,26.1,EW,2.26,4,W_EXCLUSIVE_GREEN,45.0
6.7,0.9833,-0.1822,0,35.3,25.2,35.0,30.7,3.6,2.2,3.6,6.0,5.2,2.8,1.0,4.4,5.800000000000001,9.6,8.0,5.4,13.4,EW,1.25,0,BALANCED_PHASE,28.6
5.883333333333333,0.9995,0.0305,0,21.8,19.6,22.3,113.0,3.2,5.1,3.1,1.7,1.0,4.8,13.8,14.6,8.3,4.8,5.8,28.4,47.4,EW,4.74,4,W_EXCLUSIVE_GREEN,45.0
10.8,0.309,-0.9511,0,32.3,126.7,20.9,28.1,2.0,3.3,8.6,34.1,2.6,4.7,3.2,6.0,5.3,42.7,7.300000000000001,9.2,54.0,NS,5.55,2,S_EXCLUSIVE_GREEN,45.0
11.433333333333334,0.1478,-0.989,0,30.7,21.0,31.5,29.7,3.8,7.8,2.2,8.1,0.6,2.1,6.2,5.7,11.6,10.3,2.7,11.9,18.8,EW,1.99,3,E_EXCLUSIVE_GREEN,36.3
17.733333333333334,-0.9976,-0.0698,1,13.5,105.2,17.5,59.8,1.2,2.6,9.4,21.3,6.6,0.6,13.7,5.9,3.8,30.700000000000003,7.199999999999999,19.6,35.4,NS,7.4,2,S_EXCLUSIVE_GREEN,45.0
5.733333333333333,0.9976,0.0698,0,20.6,34.3,21.2,34.2,1.1,0.4,3.0,2.2,1.9,4.2,2.9,7.5,1.5,5.2,6.1,10.4,12.1,EW,1.59,4,W_EXCLUSIVE_GREEN,33.2
22.6,-0.3584,0.9336,0,74.9,20.9,19.4,19.9,11.8,15.2,1.8,3.6,3.7,5.2,0.4,1.9,27.0,5.4,8.9,2.3,48.3,NS,4.17,1,N_EXCLUSIVE_GREEN,45.0
17.833333333333332,-0.999,-0.0436,1,20.8,100.8,16.2,57.4,2.5,1.5,16.4,14.9,0.5,2.7,2.8,6.1,4.0,31.299999999999997,3.2,8.899999999999999,55.8,NS,5.95,2,S_EXCLUSIVE_GREEN,45.0
19.2,-0.9511,0.309,1,13.9,52.6,19.2,54.7,0.2,2.1,3.3,7.2,3.8,8.3,3.2,5.1,2.3000000000000003,10.5,12.100000000000001,8.3,21.9,EW,1.82,3,E_EXCLUSIVE_GREEN,41.2
2.7666666666666666,0.6626,0.749,0,31.8,21.7,26.4,24.9,2.9,3.5,1.3,7.6,2.4,5.8,2.8,0.7,6.4,8.9,8.2,3.5,10.5,NS,1.36,0,BALANCED_PHASE,29.6
19.15,-0.955,0.2965,1,20.5,91.6,24.2,99.0,1.4,5.6,12.7,17.0,1.5,3.7,6.2,24.0,7.0,29.7,5.2,30.2,64.6,EW,4.74,4,W_EXCLUSIVE_GREEN,45.0
10.7,0.3338,-0.9426,0,29.8,20.2,23.9,31.1,1.3,9.5,0.4,1.1,1.7,1.3,1.3,4.4,10.8,1.5,3.0,5.7,12.3,EW,1.44,4,W_EXCLUSIVE_GREEN,23.2
23.783333333333335,-0.0567,0.9984,0,21.3,23.1,25.7,22.9,1.9,5.0,5.0,4.5,2.5,2.5,0.1,3.3,6.9,9.5,5.0,3.4,16.9,NS,1.21,0,BALANCED_PHASE,29.8
23.333333333333332,-0.1736,0.9848,0,30.2,22.0,21.6,107.8,3.9,1.9,2.9,5.2,5.3,7.9,16.3,11.9,5.8,8.1,13.2,28.200000000000003,47.0,EW,2.76,4,W_EXCLUSIVE_GREEN,45.0
4.516666666666667,0.9255,0.3786,0,28.3,21.7,25.5,35.3,3.5,2.5,0.8,2.4,1.5,3.0,4.7,5.2,6.0,3.2,4.5,9.9,15.5,EW,1.68,4,W_EXCLUSIVE_GREEN,32.7
3.8333333333333335,0.8434,0.5373,0,22.4,23.7,23.1,35.9,2.2,2.4,1.7,4.5,1.3,2.7,2.4,9.9,4.6,6.2,4.0,12.3,19.4,EW,2.14,4,W_EXCLUSIVE_GREEN,38.0
13.266666666666667,-0.3256,-0.9455,0,27.4,21.9,33.4,27.4,3.7,2.8,2.6,2.7,0.9,6.9,1.9,4.7,6.5,5.300000000000001,7.800000000000001,6.6,9.8,EW,1.15,0,BALANCED_PHASE,27.6
0.4666666666666667,0.1219,0.9925,0,27.0,30.3,38.6,24.2,1.8,3.9,0.8,3.6,1.3,4.8,1.6,2.2,5.7,4.4,6.1,3.8000000000000003,7.1,EW,1.51,3,E_EXCLUSIVE_GREEN,24.9
4.666666666666667,0.9397,0.342,0,24.5,38.3,23.1,35.0,1.1,1.5,6.5,5.9,0.6,0.9,11.9,12.6,2.6,12.4,1.5,24.5,36.9,EW,4.75,4,W_EXCLUSIVE_GREEN,45.0
18.1,-0.9997,0.0262,1,14.5,141.6,24.5,63.2,2.7,4.7,14.2,18.4,0.7,3.9,8.7,9.8,7.4,32.599999999999994,4.6,18.5,40.0,NS,5.64,2,S_EXCLUSIVE_GREEN,45.0
1.2166666666666668,0.3132,0.9497,0,31.8,24.4,20.9,35.4,1.6,8.4,4.2,8.4,1.3,1.0,1.8,4.6,10.0,12.600000000000001,2.3,6.3999999999999995,23.3,NS,1.23,0,BALANCED_PHASE,38.3
6.433333333333334,0.9936,-0.1132,0,23.5,38.4,28.0,27.1,3.0,6.7,2.1,4.6,1.1,1.9,1.0,3.3,9.7,6.699999999999999,3.0,4.3,15.3,NS,1.46,1,N_EXCLUSIVE_GREEN,32.8
5.633333333333333,0.9954,0.0958,0,18.1,20.7,67.8,31.1,0.9,3.7,1.4,0.8,9.9,23.7,4.7,6.4,4.6000000000000005,2.2,33.6,11.100000000000001,71.2,EW,2.65,3,E_EXCLUSIVE_GREEN,45.0
6.2,0.9986,-0.0523,0,24.9,21.5,21.9,23.9,5.1,0.7,2.7,2.7,4.4,6.1,3.8,1.9,5.8,5.4,10.5,5.699999999999999,15.4,EW,1.45,3,E_EXCLUSIVE_GREEN,31.8
18.0,-1.0,-0.0,1,13.8,89.4,12.7,68.5,3.7,3.6,11.4,12.6,1.4,2.4,4.5,9.4,7.300000000000001,24.0,3.8,13.9,28.2,NS,3.97,2,S_EXCLUSIVE_GREEN,45.0
11.866666666666667,0.0349,-0.9994,0,19.8,17.9,60.8,29.9,4.0,3.6,7.9,2.6,8.2,9.3,1.1,4.5,7.6,10.5,17.5,5.6,23.9,EW,2.46,3,E_EXCLUSIVE_GREEN,45.0
9.533333333333333,0.6018,-0.7986,0,35.6,23.6,20.8,34.1,2.5,8.2,1.3,2.6,0.5,2.1,2.0,13.7,10.7,3.9000000000000004,2.6,15.7,32.3,NS,1.95,1,N_EXCLUSIVE_GREEN,36.0
3.7333333333333334,0.829,0.5592,0,22.4,22.3,30.3,29.5,3.4,6.1,5.3,1.9,3.7,2.1,10.4,5.4,9.5,7.199999999999999,5.800000000000001,15.8,30.6,EW,1.79,3,E_EXCLUSIVE_GREEN,45.0
14.433333333333334,-0.5948,-0.8039,0,21.5,23.2,28.2,31.8,4.5,6.1,1.3,2.0,5.1,3.3,7.2,0.9,10.6,3.3,8.399999999999999,8.1,15.6,EW,1.04,0,BALANCED_PHASE,29.1
11.883333333333333,0.0305,-0.9995,0,28.3,25.7,37.8,21.0,2.9,1.5,4.5,4.2,3.6,9.4,3.5,3.6,4.4,8.7,13.0,7.1,21.0,EW,1.74,3,E_EXCLUSIVE_GREEN,39.9
16.8,-0.9511,-0.309,1,13.6,60.5,14.7,50.6,0.9,3.7,5.8,12.6,1.6,0.9,5.9,6.6,4.6000000000000005,18.4,2.5,12.5,28.0,NS,3.9,2,S_EXCLUSIVE_GREEN,45.0
10.116666666666667,0.4733,-0.8809,0,28.2,26.9,23.5,29.3,1.7,3.7,7.1,3.9,3.2,3.7,2.4,6.4,5.4,11.0,6.9,8.8,14.3,NS,1.47,1,N_EXCLUSIVE_GREEN,33.5
14.45,-0.5983,-0.8013,0,21.3,50.3,19.6,24.2,0.1,1.6,7.9,7.0,0.4,1.6,4.6,2.3,1.7000000000000002,14.9,2.0,6.8999999999999995,16.3,NS,3.87,2,S_EXCLUSIVE_GREEN,45.0
17.45,-0.9897,-0.1435,1,15.7,121.2,18.4,68.2,1.9,3.5,18.5,15.7,0.8,1.9,3.2,10.9,5.4,34.2,2.7,14.100000000000001,45.9,NS,6.46,2,S_EXCLUSIVE_GREEN,45.0
12.3,-0.0785,-0.9969,0,31.5,26.6,39.2,36.2,2.0,11.8,2.2,8.1,2.8,3.5,3.2,10.8,13.8,10.3,6.3,14.0,28.3,EW,1.56,3,E_EXCLUSIVE_GREEN,42.9
22.716666666666665,-0.3297,0.9441,0,21.5,29.0,26.7,22.2,5.2,1.0,1.2,2.8,3.3,3.8,3.9,2.7,6.2,4.0,7.1,6.6,11.7,EW,1.08,0,BALANCED_PHASE,25.2
9.733333333333333,0.5592,-0.829,0,29.1,21.5,35.9,25.1,2.2,3.4,2.3,4.3,2.5,9.5,2.2,5.1,5.6,6.6,12.0,7.3,16.0,EW,1.5,3,E_EXCLUSIVE_GREEN,37.1
3.0833333333333335,0.7224,0.6915,0,23.1,37.0,23.0,26.9,1.5,4.1,5.5,9.9,0.8,5.5,1.1,0.4,5.6,15.4,6.3,1.5,26.9,NS,2.13,2,S_EXCLUSIVE_GREEN,45.0
3.0833333333333335,0.7224,0.6915,0,31.6,27.4,37.3,24.8,0.7,11.9,6.3,4.5,7.1,7.3,1.7,4.3,12.6,10.8,14.399999999999999,6.0,22.2,EW,1.91,3,E_EXCLUSIVE_GREEN,42.7
19.983333333333334,-0.8682,0.4962,0,21.2,33.2,36.2,22.4,4.9,2.4,5.2,4.2,4.6,3.7,3.4,4.8,7.300000000000001,9.4,8.3,8.2,12.3,EW,1.18,0,BALANCED_PHASE,29.4
15.783333333333333,-0.8363,-0.5483,0,21.0,24.8,32.7,35.1,3.4,5.1,1.0,2.0,2.3,6.7,2.1,4.3,8.5,3.0,9.0,6.4,13.8,EW,1.19,0,BALANCED_PHASE,30.7
17.1,-0.9724,-0.2334,1,16.9,51.2,26.2,67.5,1.1,5.7,10.5,8.8,2.3,5.9,12.9,9.0,6.800000000000001,19.3,8.2,21.9,35.3,EW,2.54,4,W_EXCLUSIVE_GREEN,45.0
20.466666666666665,-0.7986,0.6018,0,36.2,33.5,24.1,37.1,3.7,3.9,5.9,3.9,4.2,0.5,6.5,6.5,7.6,9.8,4.7,13.0,20.4,NS,1.15,0,BALANCED_PHASE,33.2
1.7,0.4305,0.9026,0,30.0,19.8,22.4,92.7,0.8,0.7,2.3,2.3,1.5,1.4,4.8,36.3,1.5,4.6,2.9,41.099999999999994,45.8,EW,7.57,4,W_EXCLUSIVE_GREEN,45.0
6.233333333333333,0.9981,-0.061,0,26.4,20.8,21.6,26.1,2.8,3.8,0.5,2.4,4.7,3.1,2.0,7.2,6.6,2.9,7.800000000000001,9.2,13.5,EW,1.14,0,BALANCED_PHASE,29.4
17.4,-0.9877,-0.1564,1,19.8,53.5,12.0,65.2,1.5,7.5,3.8,13.9,2.8,2.0,8.8,11.3,9.0,17.7,4.8,20.1,42.0,EW,4.3,4,W_EXCLUSIVE_GREEN,45.0
3.2,0.7431,0.6691,0,38.5,39.7,25.0,27.0,1.2,5.5,0.9,3.7,4.5,5.2,3.3,1.6,6.7,4.6000000000000005,9.7,4.9,15.8,NS,1.14,0,BALANCED_PHASE,27.1
3.3666666666666667,0.7716,0.6361,0,25.7,32.4,29.0,23.4,1.0,0.7,2.4,7.6,0.9,7.0,3.4,0.8,1.7,10.0,7.9,4.2,13.8,NS,2.25,2,S_EXCLUSIVE_GREEN,32.2
14.433333333333334,-0.5948,-0.8039,0,36.3,21.8,20.2,31.2,7.4,14.6,10.9,3.3,1.3,3.1,1.9,6.6,22.0,14.2,4.4,8.5,40.1,NS,1.54,1,N_EXCLUSIVE_GREEN,45.0
20.75,-0.7518,0.6593,0,31.5,31.4,25.9,20.7,3.3,7.3,1.1,8.3,0.5,2.5,1.7,6.7,10.6,9.4,3.0,8.4,16.1,NS,1.04,0,BALANCED_PHASE,33.5
12.0,0.0,-1.0,0,39.3,31.7,24.0,27.6,6.6,6.4,3.2,4.5,6.1,3.1,1.5,3.3,13.0,7.7,9.2,4.8,20.2,NS,1.43,1,N_EXCLUSIVE_GREEN,40.1
7.533333333333333,0.9205,-0.3907,1,74.3,12.8,47.1,18.9,9.2,19.6,1.2,1.0,6.8,11.4,2.6,1.1,28.8,2.2,18.2,3.7,46.9,NS,8.29,1,N_EXCLUSIVE_GREEN,45.0
9.283333333333333,0.6528,-0.7576,1,77.4,15.1,70.8,14.8,8.7,15.4,2.0,2.7,7.7,16.0,2.7,4.7,24.1,4.7,23.7,7.4,28.1,NS,4.81,1,N_EXCLUSIVE_GREEN,45.0
21.266666666666666,-0.6561,0.7547,0,17.7,22.0,19.5,54.8,0.4,3.0,1.2,4.2,1.0,1.3,7.9,7.5,3.4,5.4,2.3,15.4,28.3,EW,3.94,4,W_EXCLUSIVE_GREEN,45.0
21.25,-0.6593,0.7518,0,18.0,24.2,32.1,120.1,4.0,0.4,2.2,2.4,4.1,4.3,16.1,16.3,4.4,4.6,8.399999999999999,32.400000000000006,39.5,EW,3.68,4,W_EXCLUSIVE_GREEN,45.0
1.0,0.2588,0.9659,0,32.0,22.9,84.2,21.4,5.2,10.7,0.9,6.4,4.9,12.5,1.9,3.9,15.899999999999999,7.300000000000001,17.4,5.8,17.9,EW,3.24,3,E_EXCLUSIVE_GREEN,45.0
16.866666666666667,-0.9563,-0.2924,1,12.4,52.6,22.3,47.6,2.1,3.1,14.0,4.3,2.8,0.5,10.5,15.3,5.2,18.3,3.3,25.8,41.9,EW,4.28,4,W_EXCLUSIVE_GREEN,45.0
23.633333333333333,-0.0958,0.9954,0,31.0,68.2,27.3,17.8,5.1,3.2,5.9,8.1,4.8,4.9,0.0,1.9,8.3,14.0,9.7,1.9,14.8,NS,1.84,2,S_EXCLUSIVE_GREEN,45.0
18.45,-0.9931,0.1175,1,21.1,55.4,18.7,74.9,3.4,1.9,4.7,6.4,0.4,4.2,10.2,14.7,5.3,11.100000000000001,4.6000000000000005,24.9,54.5,EW,4.51,4,W_EXCLUSIVE_GREEN,45.0
7.583333333333333,0.9153,-0.4027,1,59.0,14.4,102.9,17.1,13.2,7.0,7.1,4.3,6.9,23.9,2.8,4.3,20.2,11.399999999999999,30.799999999999997,7.1,31.5,EW,4.66,3,E_EXCLUSIVE_GREEN,45.0
12.2,-0.0523,-0.9986,0,33.6,28.8,32.4,26.1,3.9,6.5,7.4,3.2,2.1,3.2,5.5,4.3,10.4,10.600000000000001,5.300000000000001,9.8,22.4,NS,1.04,0,BALANCED_PHASE,34.5
12.883333333333333,-0.2292,-0.9734,0,29.2,31.9,21.1,61.4,0.5,4.0,3.9,3.9,0.1,1.7,2.4,10.6,4.5,7.8,1.8,13.0,15.8,EW,3.88,4,W_EXCLUSIVE_GREEN,43.6
4.666666666666667,0.9397,0.342,0,30.8,109.3,33.2,32.2,1.9,6.3,15.7,15.9,0.8,4.3,5.5,2.3,8.2,31.6,5.1,7.8,45.7,NS,3.6,2,S_EXCLUSIVE_GREEN,45.0
12.95,-0.2462,-0.9692,0,26.9,62.5,19.4,32.2,4.0,3.8,1.3,15.2,4.3,1.5,3.3,3.0,7.8,16.5,5.8,6.3,32.7,NS,2.12,2,S_EXCLUSIVE_GREEN,45.0
13.233333333333333,-0.3173,-0.9483,0,17.8,56.1,18.9,22.0,0.1,3.4,4.7,5.2,1.1,5.1,0.8,2.0,3.5,9.9,6.199999999999999,2.8,13.1,NS,2.79,2,S_EXCLUSIVE_GREEN,36.2
16.116666666666667,-0.8809,-0.4733,0,37.0,23.9,38.2,25.4,7.7,9.0,4.8,4.0,7.1,4.1,1.1,2.4,16.7,8.8,11.2,3.5,29.1,NS,1.71,1,N_EXCLUSIVE_GREEN,45.0
12.883333333333333,-0.2292,-0.9734,0,34.9,35.4,27.0,39.0,3.1,8.2,0.6,2.8,1.0,5.1,1.9,7.5,11.299999999999999,3.4,6.1,9.4,21.5,NS,1.69,1,N_EXCLUSIVE_GREEN,36.1
8.883333333333333,0.7284,-0.6852,1,51.2,21.2,83.2,12.3,5.2,9.9,2.9,3.1,17.4,9.2,0.5,0.4,15.100000000000001,6.0,26.599999999999998,0.9,45.5,EW,11.18,3,E_EXCLUSIVE_GREEN,45.0
17.166666666666668,-0.9763,-0.2164,1,19.1,67.1,15.9,84.6,2.4,2.3,14.3,12.6,0.5,6.1,9.6,22.2,4.699999999999999,26.9,6.6,31.799999999999997,37.4,EW,4.74,4,W_EXCLUSIVE_GREEN,45.0
10.216666666666667,0.4501,-0.893,0,98.6,23.2,17.8,31.3,6.0,23.6,1.5,9.9,3.8,3.8,2.2,9.5,29.6,11.4,7.6,11.7,53.1,NS,2.98,1,N_EXCLUSIVE_GREEN,45.0
13.0,-0.2588,-0.9659,0,35.4,24.9,23.7,36.7,6.0,2.5,2.4,1.8,6.1,4.6,4.1,4.1,8.5,4.2,10.7,8.2,11.5,EW,1.34,0,BALANCED_PHASE,34.2
18.15,-0.9992,0.0393,1,18.3,57.8,14.0,72.1,1.6,0.9,9.2,11.3,2.8,8.1,11.2,12.1,2.5,20.5,10.899999999999999,23.299999999999997,49.8,EW,2.66,4,W_EXCLUSIVE_GREEN,45.0
0.65,0.1693,0.9856,0,39.0,26.9,26.2,23.9,4.7,3.0,2.5,3.3,1.5,3.4,3.9,4.8,7.7,5.8,4.9,8.7,15.4,NS,1.33,0,BALANCED_PHASE,29.0
2.6,0.6293,0.7771,0,24.6,88.4,21.7,27.0,1.0,2.8,3.3,14.6,2.1,2.8,1.6,3.4,3.8,17.9,4.9,5.0,34.2,NS,3.86,2,S_EXCLUSIVE_GREEN,45.0
14.666666666666666,-0.6428,-0.766,0,35.6,20.6,37.9,30.5,6.4,8.7,2.5,5.5,6.0,3.6,1.7,5.8,15.1,8.0,9.6,7.5,24.3,EW,1.22,0,BALANCED_PHASE,33.4
11.183333333333334,0.2122,-0.9772,0,22.8,56.6,29.8,19.1,2.3,1.1,6.4,3.9,1.0,5.7,0.1,1.8,3.4,10.3,6.7,1.9000000000000001,12.1,NS,2.55,2,S_EXCLUSIVE_GREEN,37.0
9.2,0.6691,-0.7431,1,65.2,12.6,109.3,15.6,4.6,18.0,0.5,0.7,15.5,20.5,0.5,1.4,22.6,1.2,36.0,1.9,45.6,EW,10.47,3,E_EXCLUSIVE_GREEN,45.0
17.883333333333333,-0.9995,-0.0305,1,23.9,55.9,20.0,62.8,4.8,4.3,7.7,5.5,1.5,1.8,6.0,6.5,9.1,13.2,3.3,12.5,20.4,NS,1.7,2,S_EXCLUSIVE_GREEN,43.5
7.766666666666667,0.8949,-0.4462,1,101.2,16.3,53.3,23.3,14.3,18.0,2.9,2.0,5.9,7.6,1.2,2.3,32.3,4.9,13.5,3.5,32.4,NS,6.07,1,N_EXCLUSIVE_GREEN,45.0
12.816666666666666,-0.2122,-0.9772,0,144.5,22.4,22.4,32.2,10.6,23.7,1.4,4.0,5.5,7.3,3.9,11.1,34.3,5.4,12.8,15.0,75.0,NS,6.09,1,N_EXCLUSIVE_GREEN,45.0
8.083333333333334,0.8549,-0.5188,1,60.5,18.1,48.1,12.7,4.2,15.8,1.5,1.3,2.2,7.2,1.4,3.8,20.0,2.8,9.4,5.199999999999999,43.2,NS,4.64,1,N_EXCLUSIVE_GREEN,45.0
4.666666666666667,0.9397,0.342,0,96.3,23.8,19.5,18.8,5.0,9.8,1.3,5.1,2.9,1.9,2.6,1.6,14.8,6.3999999999999995,4.8,4.2,21.5,NS,2.92,1,N_EXCLUSIVE_GREEN,45.0
3.4833333333333334,0.7907,0.6122,0,27.7,29.5,31.6,30.1,2.8,3.6,6.7,5.1,1.6,6.6,1.6,6.7,6.4,11.8,8.2,8.3,20.5,EW,0.99,0,BALANCED_PHASE,29.3
3.1,0.7254,0.6884,0,21.6,27.1,106.2,17.9,3.7,1.7,3.5,6.7,8.8,19.1,3.4,1.7,5.4,10.2,27.900000000000002,5.1,36.7,EW,5.35,3,E_EXCLUSIVE_GREEN,45.0
5.083333333333333,0.9713,0.2377,0,25.3,23.1,133.2,30.3,1.8,2.7,0.8,4.3,12.2,24.9,1.5,3.2,4.5,5.1,37.099999999999994,4.7,66.1,EW,5.66,3,E_EXCLUSIVE_GREEN,45.0
6.416666666666667,0.9941,-0.1089,0,87.1,28.0,27.5,31.8,5.5,17.0,2.1,6.0,1.8,4.5,6.5,5.5,22.5,8.1,6.3,12.0,23.9,NS,2.81,1,N_EXCLUSIVE_GREEN,45.0
13.066666666666666,-0.2756,-0.9613,0,32.4,32.7,21.2,24.2,2.1,4.5,3.9,5.7,1.3,4.6,1.4,1.7,6.6,9.6,5.8999999999999995,3.0999999999999996,15.6,NS,1.19,0,BALANCED_PHASE,31.6
20.066666666666666,-0.8572,0.515,0,17.5,19.0,28.6,69.0,1.1,2.0,2.4,2.8,1.7,5.9,6.9,9.1,3.1,5.199999999999999,7.6000000000000005,16.0,23.3,EW,2.16,4,W_EXCLUSIVE_GREEN,45.0
12.933333333333334,-0.2419,-0.9703,0,32.3,25.7,24.2,134.4,3.8,2.2,3.3,4.0,4.3,3.3,10.6,21.3,6.0,7.3,7.6,31.9,35.0,EW,4.54,4,W_EXCLUSIVE_GREEN,45.0
5.183333333333334,0.9772,0.2122,0,32.6,51.7,28.4,18.5,4.4,2.7,14.5,5.1,2.1,3.8,1.5,3.1,7.1000000000000005,19.6,5.9,4.6,22.7,NS,2.12,2,S_EXCLUSIVE_GREEN,45.0
21.6,-0.5878,0.809,0,23.2,29.5,20.9,38.4,1.4,9.2,6.5,3.1,3.7,4.1,5.1,7.4,10.6,9.6,7.8,12.5,21.5,EW,1.62,4,W_EXCLUSIVE_GREEN,39.1
1.1166666666666667,0.2882,0.9576,0,21.4,22.8,38.3,31.6,8.5,4.5,2.0,3.7,3.5,7.1,2.9,6.7,13.0,5.7,10.6,9.6,27.9,EW,1.11,0,BALANCED_PHASE,35.9
11.5,0.1305,-0.9914,0,28.8,35.9,30.7,22.1,2.2,5.3,1.9,8.8,2.4,9.1,2.9,1.9,7.5,10.700000000000001,11.5,4.8,14.4,NS,1.3,0,BALANCED_PHASE,34.3
19.566666666666666,-0.9171,0.3987,0,17.1,17.2,99.7,18.9,1.8,0.9,2.5,2.9,8.3,16.9,0.2,3.4,2.7,5.4,25.2,3.6,43.2,EW,5.73,3,E_EXCLUSIVE_GREEN,45.0
3.2,0.7431,0.6691,0,34.2,20.8,35.6,37.1,5.5,3.7,3.7,1.7,5.8,5.3,4.9,13.3,9.2,5.4,11.1,18.200000000000003,26.3,EW,1.37,0,BALANCED_PHASE,45.0
17.016666666666666,-0.967,-0.2546,1,23.9,58.5,24.3,58.6,3.8,4.0,8.1,11.5,0.7,5.9,3.3,8.0,7.8,19.6,6.6000000000000005,11.3,38.9,NS,2.39,2,S_EXCLUSIVE_GREEN,45.0
16.533333333333335,-0.9272,-0.3746,1,12.3,79.8,17.9,84.9,1.0,0.9,10.0,10.6,0.9,6.6,3.5,14.8,1.9,20.6,7.5,18.3,29.3,EW,3.04,4,W_EXCLUSIVE_GREEN,45.0
4.216666666666667,0.893,0.4501,0,27.0,34.8,28.4,34.0,0.6,8.7,0.7,5.2,2.4,2.2,2.0,10.8,9.299999999999999,5.9,4.6,12.8,19.7,EW,1.82,4,W_EXCLUSIVE_GREEN,38.7
3.95,0.8594,0.5113,0,23.0,29.3,80.3,19.5,2.6,5.5,4.5,2.6,11.3,12.9,3.6,1.3,8.1,7.1,24.200000000000003,4.9,44.4,EW,4.33,3,E_EXCLUSIVE_GREEN,45.0
4.233333333333333,0.8949,0.4462,0,23.7,52.2,24.8,18.0,4.6,1.4,5.3,6.1,0.3,2.6,1.0,0.4,6.0,11.399999999999999,2.9,1.4,17.2,NS,1.94,2,S_EXCLUSIVE_GREEN,38.9
8.283333333333333,0.8266,-0.5628,1,89.5,17.0,84.7,14.1,5.6,12.0,1.5,2.1,9.0,14.5,0.8,0.8,17.6,3.6,23.5,1.6,48.1,NS,4.73,1,N_EXCLUSIVE_GREEN,45.0
15.2,-0.7431,-0.6691,0,33.3,37.4,35.0,23.4,4.9,9.0,4.5,6.5,2.3,6.1,1.8,4.7,13.9,11.0,8.399999999999999,6.5,24.5,NS,1.18,0,BALANCED_PHASE,42.0
11.75,0.0654,-0.9979,0,36.5,38.0,23.6,20.6,2.0,8.4,1.8,8.4,3.0,5.1,4.0,1.8,10.4,10.200000000000001,8.1,5.8,14.7,NS,1.0,0,BALANCED_PHASE,34.1
9.483333333333333,0.6122,-0.7907,1,92.6,13.9,54.8,16.3,11.5,16.8,2.7,0.6,7.3,13.8,3.0,1.9,28.3,3.3000000000000003,21.1,4.9,49.5,NS,7.11,1,N_EXCLUSIVE_GREEN,45.0
23.85,-0.0393,0.9992,0,31.3,32.5,21.6,21.9,2.0,4.8,1.7,7.0,2.1,0.5,1.6,3.8,6.8,8.7,2.6,5.4,17.2,NS,1.12,0,BALANCED_PHASE,30.0
16.416666666666668,-0.9153,-0.4027,0,24.8,23.8,37.5,25.3,3.2,7.0,3.6,5.0,3.4,8.0,1.6,8.6,10.2,8.6,11.4,10.2,19.8,EW,1.2,0,BALANCED_PHASE,36.5
8.183333333333334,0.841,-0.541,1,64.2,20.6,96.3,17.9,5.8,8.3,2.1,2.4,9.8,16.9,1.6,3.7,14.100000000000001,4.5,26.7,5.300000000000001,32.0,EW,4.9,3,E_EXCLUSIVE_GREEN,45.0
6.716666666666667,0.9825,-0.1865,0,22.8,23.8,23.2,30.7,2.3,4.4,7.6,8.7,0.2,5.6,0.8,4.2,6.7,16.299999999999997,5.8,5.0,24.6,NS,1.79,2,S_EXCLUSIVE_GREEN,44.3
22.283333333333335,-0.4344,0.9007,0,33.3,27.1,34.3,21.3,1.6,3.7,1.6,6.3,2.8,9.1,0.7,2.9,5.300000000000001,7.9,11.899999999999999,3.5999999999999996,18.3,NS,1.3,0,BALANCED_PHASE,28.6
3.6166666666666667,0.8116,0.5842,0,33.5,34.4,22.5,24.7,4.1,3.8,4.9,6.9,3.1,4.8,2.4,2.2,7.8999999999999995,11.8,7.9,4.6,12.1,NS,1.24,0,BALANCED_PHASE,36.0
18.316666666666666,-0.9966,0.0828,1,16.3,77.8,14.1,86.9,1.5,2.3,20.2,11.6,0.9,0.9,6.5,10.1,3.8,31.799999999999997,1.8,16.6,36.2,NS,6.27,2,S_EXCLUSIVE_GREEN,45.0
5.833333333333333,0.999,0.0436,0,18.5,19.4,32.3,59.5,3.7,3.3,2.3,6.2,0.6,10.2,1.5,18.0,7.0,8.5,10.799999999999999,19.5,35.3,EW,1.77,4,W_EXCLUSIVE_GREEN,45.0
13.933333333333334,-0.4848,-0.8746,0,39.5,26.2,31.6,30.5,11.0,5.3,0.3,2.5,2.1,6.1,6.9,3.3,16.3,2.8,8.2,10.2,21.1,NS,2.83,1,N_EXCLUSIVE_GREEN,45.0
19.783333333333335,-0.893,0.4501,0,18.1,21.4,55.1,25.9,3.6,4.1,4.3,8.9,2.6,9.9,2.3,6.0,7.699999999999999,13.2,12.5,8.3,17.6,EW,1.68,3,E_EXCLUSIVE_GREEN,41.7
19.1,-0.9588,0.284,1,16.8,54.9,27.0,109.8,6.0,1.2,4.1,8.4,1.5,1.2,14.5,15.4,7.2,12.5,2.7,29.9,64.9,EW,6.04,4,W_EXCLUSIVE_GREEN,45.0
19.4,-0.9336,0.3584,1,18.0,50.0,15.5,57.2,6.2,1.5,4.3,15.4,3.3,4.2,6.5,6.8,7.7,19.7,7.5,13.3,32.7,NS,2.52,2,S_EXCLUSIVE_GREEN,45.0
13.2,-0.309,-0.9511,0,25.7,33.3,38.2,22.6,1.1,3.1,3.0,1.1,3.1,8.6,2.8,2.7,4.2,4.1,11.7,5.5,20.9,EW,1.84,3,E_EXCLUSIVE_GREEN,37.4
11.95,0.0131,-0.9999,0,24.6,27.3,24.3,20.9,0.9,3.0,0.3,6.2,2.0,5.5,2.7,1.4,3.9,6.5,7.5,4.1,13.3,NS,1.28,0,BALANCED_PHASE,24.3
2.466666666666667,0.6018,0.7986,0,83.5,31.0,26.4,23.1,7.8,18.9,1.0,4.8,3.5,4.1,3.0,4.6,26.7,5.8,7.6,7.6,44.9,NS,3.47,1,N_EXCLUSIVE_GREEN,45.0
16.266666666666666,-0.8988,-0.4384,0,26.1,25.5,21.3,22.2,1.3,4.6,1.7,2.0,1.8,2.3,1.5,5.5,5.8999999999999995,3.7,4.1,7.0,14.8,NS,1.2,0,BALANCED_PHASE,23.0
9.633333333333333,0.5807,-0.8141,0,27.1,26.0,26.4,26.1,5.5,4.0,1.1,4.7,11.6,4.6,1.6,3.3,9.5,5.800000000000001,16.2,4.9,18.6,EW,2.02,3,E_EXCLUSIVE_GREEN,44.0
20.55,-0.7853,0.6191,0,72.1,17.4,27.1,29.0,9.1,16.9,0.8,1.3,3.4,3.0,3.5,5.4,26.0,2.1,6.4,8.9,36.1,NS,6.64,1,N_EXCLUSIVE_GREEN,45.0
3.183333333333333,0.7402,0.6724,0,24.2,22.5,24.8,28.7,5.6,6.6,1.6,3.8,1.7,4.1,1.8,4.6,12.2,5.4,5.8,6.3999999999999995,18.1,EW,1.08,0,BALANCED_PHASE,24.8
13.833333333333334,-0.4617,-0.887,0,26.2,76.2,21.8,19.3,5.1,9.9,8.7,9.6,2.0,8.8,2.1,6.2,15.0,18.299999999999997,10.8,8.3,26.3,NS,1.62,2,S_EXCLUSIVE_GREEN,45.0
2.216666666666667,0.5483,0.8363,0,24.8,30.2,21.3,20.7,1.2,5.5,3.5,4.0,2.7,1.3,2.7,2.6,6.7,7.5,4.0,5.300000000000001,8.5,NS,1.11,0,BALANCED_PHASE,26.3
11.15,0.2207,-0.9753,0,21.0,25.1,25.2,37.9,1.3,4.3,1.5,7.8,4.4,2.9,3.2,4.9,5.6,9.3,7.300000000000001,8.100000000000001,18.6,EW,1.22,0,BALANCED_PHASE,29.9
3.0,0.7071,0.7071,0,95.3,25.1,17.7,28.3,7.6,17.7,2.4,3.6,4.5,7.6,2.0,5.2,25.299999999999997,6.0,12.1,7.2,46.2,NS,3.85,1,N_EXCLUSIVE_GREEN,45.0
22.35,-0.4187,0.9081,0,19.3,32.7,54.9,18.1,3.5,4.8,4.9,3.9,2.0,5.3,1.5,2.2,8.3,8.8,7.3,3.7,17.9,EW,2.33,3,E_EXCLUSIVE_GREEN,31.3
7.583333333333333,0.9153,-0.4027,1,89.1,16.3,68.2,26.3,11.8,14.0,2.4,1.3,6.5,13.1,8.8,2.5,25.8,3.7,19.6,11.3,50.3,NS,5.85,1,N_EXCLUSIVE_GREEN,45.0
2.4,0.5878,0.809,0,18.4,76.0,18.8,29.1,2.3,4.9,8.5,14.3,1.0,2.5,4.4,5.8,7.2,22.8,3.5,10.2,23.3,NS,3.34,2,S_EXCLUSIVE_GREEN,45.0
16.216666666666665,-0.893,-0.4501,0,18.5,17.5,140.9,18.5,1.1,2.0,6.1,3.8,14.6,28.2,4.3,1.1,3.1,9.899999999999999,42.8,5.4,79.0,EW,7.39,3,E_EXCLUSIVE_GREEN,45.0
22.633333333333333,-0.3502,0.9367,0,21.1,26.4,27.3,22.0,3.6,2.6,2.7,1.4,1.3,7.3,0.1,6.0,6.2,4.1,8.6,6.1,10.2,EW,1.28,0,BALANCED_PHASE,28.1
21.066666666666666,-0.6947,0.7193,0,26.6,31.7,30.2,30.4,1.8,1.9,3.1,3.1,4.9,4.7,3.7,5.5,3.7,6.2,9.600000000000001,9.2,13.3,EW,1.0,0,BALANCED_PHASE,31.0
20.433333333333334,-0.8039,0.5948,0,20.3,27.1,20.7,22.7,8.2,1.8,0.9,3.2,2.9,5.4,9.3,7.9,10.0,4.1000000000000005,8.3,17.200000000000003,29.7,EW,1.68,4,W_EXCLUSIVE_GREEN,45.0
13.333333333333334,-0.342,-0.9397,0,25.4,22.5,20.1,20.2,0.6,0.6,0.5,5.1,1.2,1.9,2.5,1.3,1.2,5.6,3.0999999999999996,3.8,6.6,NS,1.72,1,N_EXCLUSIVE_GREEN,21.4
6.2,0.9986,-0.0523,0,20.5,21.6,20.3,54.5,0.8,5.1,3.2,6.2,1.2,0.6,5.5,8.6,5.8999999999999995,9.4,1.7999999999999998,14.1,24.1,EW,3.92,4,W_EXCLUSIVE_GREEN,45.0
15.033333333333333,-0.7133,-0.7009,0,22.8,22.2,25.5,23.8,2.4,4.6,2.3,0.7,4.7,2.8,8.0,3.6,7.0,3.0,7.5,11.6,11.8,EW,1.31,0,BALANCED_PHASE,34.0
13.116666666666667,-0.2882,-0.9576,0,20.3,51.0,21.8,25.4,3.1,8.3,7.2,15.8,0.5,6.0,6.1,3.6,11.4,23.0,6.5,9.7,39.8,NS,2.08,2,S_EXCLUSIVE_GREEN,45.0
19.333333333333332,-0.9397,0.342,1,12.6,87.2,16.1,93.8,0.4,3.8,12.8,19.8,0.5,0.7,10.1,12.5,4.2,32.6,1.2,22.6,36.7,NS,6.93,2,S_EXCLUSIVE_GREEN,45.0
18.4,-0.9945,0.1045,1,14.7,142.4,12.3,77.4,1.0,1.7,10.5,20.3,1.5,2.1,7.2,17.4,2.7,30.8,3.6,24.599999999999998,32.0,NS,9.64,2,S_EXCLUSIVE_GREEN,45.0
7.6,0.9135,-0.4067,1,69.5,20.3,74.0,16.8,11.5,13.2,1.9,1.5,6.5,15.6,1.5,3.7,24.7,3.4,22.1,5.2,54.1,EW,4.07,3,E_EXCLUSIVE_GREEN,45.0
0.3,0.0785,0.9969,0,112.5,33.3,22.1,31.3,9.3,11.4,2.6,8.0,1.2,7.3,7.9,2.8,20.700000000000003,10.6,8.5,10.7,36.5,NS,2.43,1,N_EXCLUSIVE_GREEN,45.0
14.3,-0.5664,-0.8241,0,17.1,19.0,18.3,110.0,0.1,3.3,0.6,1.9,0.8,10.4,17.1,19.0,3.4,2.5,11.200000000000001,36.1,44.2,EW,3.78,4,W_EXCLUSIVE_GREEN,45.0
1.95,0.4886,0.8725,0,25.6,23.5,35.6,34.4,2.5,3.8,3.1,3.2,3.1,3.1,4.1,4.2,6.3,6.300000000000001,6.2,8.3,16.2,EW,1.13,0,BALANCED_PHASE,29.6
16.033333333333335,-0.8704,-0.4924,0,129.2,19.9,30.2,19.6,15.8,29.6,0.9,3.6,2.6,4.7,3.1,3.5,45.400000000000006,4.5,7.300000000000001,6.6,75.5,NS,7.93,1,N_EXCLUSIVE_GREEN,45.0
2.5,0.6088,0.7934,0,22.0,24.7,18.0,56.4,3.4,4.9,3.2,4.8,5.5,10.2,8.6,3.5,8.3,8.0,15.7,12.1,18.1,EW,1.66,3,E_EXCLUSIVE_GREEN,45.0
23.316666666666666,-0.1779,0.984,0,20.4,21.1,55.7,18.4,3.0,6.0,2.2,3.9,4.7,8.3,0.8,1.1,9.0,6.1,13.0,1.9000000000000001,28.3,EW,3.96,3,E_EXCLUSIVE_GREEN,43.9
12.083333333333334,-0.0218,-0.9998,0,20.4,24.7,35.6,23.4,0.5,4.0,0.8,3.3,3.2,4.2,5.6,4.3,4.5,4.1,7.4,9.899999999999999,10.6,EW,1.35,0,BALANCED_PHASE,32.3
10.516666666666667,0.3786,-0.9255,0,23.1,22.9,22.3,20.9,2.2,5.6,0.7,1.0,3.7,8.3,1.4,6.1,7.8,1.7,12.0,7.5,22.0,EW,1.35,0,BALANCED_PHASE,35.2
12.316666666666666,-0.0828,-0.9966,0,24.4,20.6,21.5,29.8,1.4,0.9,1.5,2.5,0.2,2.7,5.5,8.5,2.3,4.0,2.9000000000000004,14.0,23.6,EW,2.59,4,W_EXCLUSIVE_GREEN,40.7
14.516666666666667,-0.6122,-0.7907,0,31.8,37.0,39.5,33.9,6.6,5.1,2.4,8.8,4.0,4.9,4.8,2.4,11.7,11.200000000000001,8.9,7.199999999999999,19.2,NS,1.06,0,BALANCED_PHASE,37.0
3.8833333333333333,0.8504,0.5262,0,51.6,19.8,31.3,25.6,12.9,8.6,0.5,4.9,3.5,9.4,3.8,4.0,21.5,5.4,12.9,7.8,37.3,NS,3.23,1,N_EXCLUSIVE_GREEN,45.0
0.23333333333333334,0.061,0.9981,0,70.4,21.8,23.0,18.2,9.5,15.7,4.6,2.0,3.6,4.2,1.2,0.3,25.2,6.6,7.800000000000001,1.5,41.3,NS,3.43,1,N_EXCLUSIVE_GREEN,45.0
4.1,0.8788,0.4772,0,20.2,29.8,24.2,23.7,1.4,7.1,2.7,7.3,3.0,9.7,4.1,1.7,8.5,10.0,12.7,5.8,14.0,NS,1.22,0,BALANCED_PHASE,31.8
22.766666666666666,-0.3173,0.9483,0,20.7,26.9,20.4,22.5,1.1,3.5,5.0,3.5,1.7,2.9,2.1,5.0,4.6,8.5,4.6,7.1,15.4,NS,1.5,2,S_EXCLUSIVE_GREEN,28.4
5.083333333333333,0.9713,0.2377,0,26.1,21.0,105.4,19.9,2.5,4.0,1.4,4.9,13.8,10.4,1.6,1.7,6.5,6.300000000000001,24.200000000000003,3.3,52.6,EW,5.81,3,E_EXCLUSIVE_GREEN,45.0
17.0,-0.9659,-0.2588,1,21.2,92.9,17.9,94.1,0.2,10.8,9.3,14.2,0.9,1.5,7.9,20.1,11.0,23.5,2.4,28.0,33.7,NS,2.67,2,S_EXCLUSIVE_GREEN,45.0
22.916666666666668,-0.2798,0.96,0,69.0,30.6,17.4,30.3,11.3,11.3,2.0,2.4,1.5,0.6,2.5,5.4,22.6,4.4,2.1,7.9,34.2,NS,3.3,1,N_EXCLUSIVE_GREEN,45.0
3.05,0.7163,0.6978,0,34.1,27.3,33.8,37.5,3.4,7.8,2.1,4.7,7.0,6.1,2.0,6.1,11.2,6.800000000000001,13.1,8.1,21.5,EW,1.34,0,BALANCED_PHASE,40.1
2.2666666666666666,0.5592,0.829,0,23.6,17.7,31.1,117.5,1.0,2.9,2.1,2.0,1.4,3.3,13.4,19.5,3.9,4.1,4.699999999999999,32.9,65.3,EW,4.94,4,W_EXCLUSIVE_GREEN,45.0
8.733333333333333,0.7547,-0.6561,1,69.3,17.2,68.3,14.7,6.9,15.3,0.5,0.2,7.6,8.4,0.2,2.2,22.200000000000003,0.7,16.0,2.4000000000000004,25.2,NS,7.77,1,N_EXCLUSIVE_GREEN,45.0
5.983333333333333,1.0,0.0044,0,19.8,27.5,28.6,101.9,0.3,1.0,3.5,4.3,1.6,3.9,7.1,11.7,1.3,7.8,5.5,18.799999999999997,22.5,EW,3.34,4,W_EXCLUSIVE_GREEN,45.0
3.1333333333333333,0.7314,0.682,0,25.3,146.8,18.4,21.5,2.5,5.6,11.1,22.9,0.7,0.8,6.4,7.3,8.1,34.0,1.5,13.7,62.4,NS,4.64,2,S_EXCLUSIVE_GREEN,45.0
18.933333333333334,-0.9703,0.2419,1,14.7,108.7,25.0,65.5,4.4,5.7,13.6,21.5,0.6,2.9,12.1,14.4,10.100000000000001,35.1,3.5,26.5,40.3,NS,4.2,2,S_EXCLUSIVE_GREEN,45.0
13.666666666666666,-0.4226,-0.9063,0,25.9,24.5,31.7,24.5,3.4,12.7,4.5,2.0,3.2,6.6,1.9,2.0,16.099999999999998,6.5,9.8,3.9,20.3,NS,1.79,1,N_EXCLUSIVE_GREEN,43.9
3.55,0.8013,0.5983,0,38.2,24.4,22.8,34.0,5.2,6.5,0.8,2.2,1.7,8.5,2.7,2.2,11.7,3.0,10.2,4.9,15.7,NS,2.31,1,N_EXCLUSIVE_GREEN,36.8
18.5,-0.9914,0.1305,1,12.6,53.3,13.4,92.8,2.5,3.0,10.0,7.0,2.2,3.1,15.8,22.9,5.5,17.0,5.300000000000001,38.7,46.5,EW,6.75,4,W_EXCLUSIVE_GREEN,45.0
21.516666666666666,-0.6053,0.796,0,25.2,36.9,21.3,26.6,2.3,5.1,6.0,9.8,2.3,5.4,3.5,7.3,7.3999999999999995,15.8,7.7,10.8,19.9,NS,1.79,2,S_EXCLUSIVE_GREEN,45.0
10.816666666666666,0.3049,-0.9524,0,31.9,28.4,28.1,21.8,2.6,7.6,5.2,3.7,1.2,8.3,2.1,5.7,10.2,8.9,9.5,7.800000000000001,21.7,NS,1.1,0,BALANCED_PHASE,33.3
7.083333333333333,0.96,-0.2798,1,90.8,19.3,61.9,14.2,15.9,14.2,0.8,0.2,4.4,4.8,0.2,1.1,30.1,1.0,9.2,1.3,37.1,NS,9.01,1,N_EXCLUSIVE_GREEN,45.0
8.816666666666666,0.7402,-0.6724,1,81.0,15.0,51.6,14.6,8.2,16.1,2.0,1.3,7.5,6.5,0.1,1.7,24.3,3.3,14.0,1.8,34.2,NS,5.95,1,N_EXCLUSIVE_GREEN,45.0
9.75,0.5556,-0.8315,0,17.9,69.8,31.9,19.4,2.9,4.3,3.4,7.6,5.6,4.4,1.6,3.6,7.199999999999999,11.0,10.0,5.2,22.2,NS,2.21,2,S_EXCLUSIVE_GREEN,41.8
21.683333333333334,-0.57,0.8216,0,30.8,36.1,27.5,34.2,8.9,1.7,5.0,11.1,5.0,6.0,6.2,8.5,10.6,16.1,11.0,14.7,19.8,NS,1.35,0,BALANCED_PHASE,45.0
6.733333333333333,0.9816,-0.1908,0,23.6,17.6,31.5,79.6,4.6,7.3,2.6,1.6,0.7,1.1,10.0,26.4,11.899999999999999,4.2,1.8,36.4,76.5,EW,6.08,4,W_EXCLUSIVE_GREEN,45.0
1.2166666666666668,0.3132,0.9497,0,19.9,130.6,26.0,20.7,1.4,2.6,22.7,25.4,2.7,6.4,2.8,3.5,4.0,48.099999999999994,9.100000000000001,6.3,69.9,NS,8.76,2,S_EXCLUSIVE_GREEN,45.0
14.866666666666667,-0.682,-0.7314,0,25.6,28.5,18.1,86.8,0.6,3.2,1.7,2.3,1.8,4.2,3.6,9.8,3.8000000000000003,4.0,6.0,13.4,28.8,EW,3.04,4,W_EXCLUSIVE_GREEN,45.0
3.35,0.7688,0.6394,0,26.9,32.5,68.0,17.2,0.7,12.1,1.8,2.6,12.4,18.3,0.3,3.9,12.799999999999999,4.4,30.700000000000003,4.2,47.1,EW,5.44,3,E_EXCLUSIVE_GREEN,45.0
9.75,0.5556,-0.8315,0,26.0,22.4,27.3,24.0,3.3,1.5,2.3,5.2,0.7,3.1,6.9,2.9,4.8,7.5,3.8,9.8,12.8,EW,1.68,3,E_EXCLUSIVE_GREEN,30.8
4.9,0.9588,0.284,0,30.2,22.5,22.4,20.2,5.7,11.4,0.4,1.9,1.4,10.8,1.3,5.8,17.1,2.3,12.200000000000001,7.1,28.9,NS,3.17,1,N_EXCLUSIVE_GREEN,45.0
4.233333333333333,0.8949,0.4462,0,20.4,25.7,33.1,32.5,4.0,4.6,2.7,5.3,0.9,5.3,1.7,4.9,8.6,8.0,6.2,6.6000000000000005,8.7,EW,1.0,0,BALANCED_PHASE,25.0
12.466666666666667,-0.1219,-0.9925,0,36.2,25.1,31.8,37.4,4.4,10.8,0.5,2.7,1.1,4.4,2.5,7.1,15.200000000000001,3.2,5.5,9.6,19.5,EW,1.38,0,BALANCED_PHASE,32.9
16.2,-0.891,-0.454,0,24.3,30.9,35.1,37.9,1.2,4.0,5.4,7.6,4.0,6.9,6.3,4.7,5.2,13.0,10.9,11.0,23.5,EW,1.01,0,BALANCED_PHASE,36.2
6.066666666666666,0.9998,-0.0175,0,19.9,55.7,21.8,26.3,1.3,0.6,2.0,7.7,1.1,1.8,2.7,14.1,1.9,9.7,2.9000000000000004,16.8,25.9,NS,3.26,2,S_EXCLUSIVE_GREEN,37.0
21.316666666666666,-0.6461,0.7632,0,25.3,24.1,20.4,25.9,7.4,5.4,1.8,3.5,1.4,2.4,3.7,4.6,12.8,5.3,3.8,8.3,22.5,NS,1.68,1,N_EXCLUSIVE_GREEN,37.4
18.683333333333334,-0.984,0.1779,1,18.7,57.0,27.2,50.9,3.2,1.8,4.9,11.3,2.0,4.8,6.2,10.8,5.0,16.200000000000003,6.8,17.0,20.7,EW,2.13,4,W_EXCLUSIVE_GREEN,45.0
3.15,0.7343,0.6788,0,33.3,23.9,29.7,31.4,1.0,5.4,1.0,0.9,2.8,2.2,2.6,7.1,6.4,1.9,5.0,9.7,14.9,EW,1.4,0,BALANCED_PHASE,31.5
3.783333333333333,0.8363,0.5483,0,116.3,23.0,30.2,20.3,18.2,12.1,3.3,2.3,1.9,2.9,0.2,5.0,30.299999999999997,5.6,4.8,5.2,50.8,NS,5.0,1,N_EXCLUSIVE_GREEN,45.0
14.183333333333334,-0.541,-0.841,0,17.5,18.6,29.3,50.9,6.0,1.8,0.8,4.5,0.6,4.9,5.0,6.9,7.8,5.3,5.5,11.9,16.7,EW,1.86,4,W_EXCLUSIVE_GREEN,39.6
21.55,-0.5983,0.8013,0,37.4,22.1,23.4,31.2,3.6,6.2,4.8,1.1,0.1,1.7,0.4,2.7,9.8,5.9,1.8,3.1,16.8,NS,1.6,1,N_EXCLUSIVE_GREEN,33.0
8.116666666666667,0.8504,-0.5262,1,116.7,17.0,73.3,15.2,9.8,27.5,1.5,2.0,10.1,24.2,0.3,0.3,37.3,3.5,34.3,0.6,46.4,NS,8.19,1,N_EXCLUSIVE_GREEN,45.0
17.083333333333332,-0.9713,-0.2377,1,25.3,119.8,14.4,51.8,1.5,2.7,7.6,19.5,0.2,2.4,10.1,4.5,4.2,27.1,2.6,14.6,34.4,NS,5.23,2,S_EXCLUSIVE_GREEN,45.0
11.45,0.1435,-0.9897,0,21.9,27.0,18.6,56.6,0.2,3.7,2.6,5.0,0.4,2.6,5.1,8.2,3.9000000000000004,7.6,3.0,13.299999999999999,23.4,EW,3.41,4,W_EXCLUSIVE_GREEN,44.1
16.45,-0.9188,-0.3947,0,26.9,23.6,32.5,35.0,4.8,1.3,1.0,5.8,2.7,3.6,2.1,4.2,6.1,6.8,6.300000000000001,6.300000000000001,13.7,EW,1.0,0,BALANCED_PHASE,25.3
1.4666666666666668,0.3746,0.9272,0,79.5,23.4,18.2,32.4,4.5,11.9,4.9,3.1,2.8,5.4,3.0,3.8,16.4,8.0,8.2,6.8,31.3,NS,2.45,1,N_EXCLUSIVE_GREEN,45.0
1.6833333333333333,0.4266,0.9045,0,18.7,21.3,17.2,54.4,2.6,1.4,0.6,2.0,5.0,5.4,2.7,7.2,4.0,2.6,10.4,9.9,13.2,EW,1.54,3,E_EXCLUSIVE_GREEN,36.9
6.3,0.9969,-0.0785,0,27.3,85.3,21.7,27.0,2.1,1.0,8.3,10.8,4.3,5.9,5.1,6.3,3.1,19.1,10.2,11.399999999999999,35.2,NS,4.0,2,S_EXCLUSIVE_GREEN,45.0
19.283333333333335,-0.9441,0.3297,1,13.7,108.1,14.6,56.1,0.4,2.3,7.9,16.5,6.0,3.0,5.8,7.2,2.6999999999999997,24.4,9.0,13.0,32.5,NS,7.75,2,S_EXCLUSIVE_GREEN,45.0
16.633333333333333,-0.9367,-0.3502,1,14.0,120.2,18.6,68.9,0.3,4.3,9.4,20.3,0.7,2.4,6.0,10.3,4.6,29.700000000000003,3.0999999999999996,16.3,40.0,NS,6.8,2,S_EXCLUSIVE_GREEN,45.0
15.55,-0.8013,-0.5983,0,25.4,28.3,21.2,23.6,2.5,7.2,4.7,7.7,1.9,3.1,2.2,5.1,9.7,12.4,5.0,7.3,19.0,NS,1.18,0,BALANCED_PHASE,36.8
21.05,-0.6978,0.7163,0,24.5,21.4,20.5,25.9,3.8,5.9,0.9,4.0,4.1,2.7,1.3,2.9,9.7,4.9,6.8,4.2,16.3,NS,1.51,1,N_EXCLUSIVE_GREEN,30.4
3.2333333333333334,0.749,0.6626,0,58.0,26.8,22.3,29.4,5.7,6.5,5.2,3.7,2.5,2.7,1.3,2.6,12.2,8.9,5.2,3.9000000000000004,25.4,NS,1.61,1,N_EXCLUSIVE_GREEN,42.4
18.283333333333335,-0.9973,0.0741,1,14.3,107.7,12.8,50.9,1.6,1.9,10.8,21.2,0.2,3.6,7.6,10.1,3.5,32.0,3.8000000000000003,17.7,58.4,NS,7.8,2,S_EXCLUSIVE_GREEN,45.0
7.066666666666666,0.9613,-0.2756,1,65.9,12.6,84.4,18.7,6.2,11.5,4.5,2.3,13.0,12.9,4.8,1.6,17.7,6.8,25.9,6.4,51.2,EW,4.02,3,E_EXCLUSIVE_GREEN,45.0
17.1,-0.9724,-0.2334,1,14.9,56.0,24.4,83.4,3.7,3.3,6.4,11.2,1.9,2.2,7.3,12.2,7.0,17.6,4.1,19.5,20.7,EW,3.81,4,W_EXCLUSIVE_GREEN,45.0
8.233333333333333,0.8339,-0.5519,1,77.9,20.7,109.6,12.3,9.2,10.4,2.3,1.4,9.2,25.6,1.5,4.0,19.6,3.6999999999999997,34.8,5.5,51.2,EW,6.7,3,E_EXCLUSIVE_GREEN,45.0
19.733333333333334,-0.8988,0.4384,0,27.1,24.5,28.7,32.1,3.2,1.5,3.5,3.4,0.6,4.7,0.6,3.9,4.7,6.9,5.3,4.5,7.4,EW,1.09,0,BALANCED_PHASE,22.1
12.416666666666666,-0.1089,-0.9941,0,19.0,26.5,102.3,25.2,0.9,1.7,4.5,6.9,8.5,15.3,2.0,8.8,2.6,11.4,23.8,10.8,27.4,EW,2.71,3,E_EXCLUSIVE_GREEN,45.0
15.216666666666667,-0.7461,-0.6659,0,20.5,79.0,27.6,22.4,0.9,1.1,7.3,8.1,4.6,2.1,1.0,6.0,2.0,15.399999999999999,6.699999999999999,7.0,22.8,NS,4.73,2,S_EXCLUSIVE_GREEN,45.0
11.666666666666666,0.0872,-0.9962,0,27.0,26.3,79.6,17.8,1.3,4.9,0.7,5.5,8.1,14.3,1.2,4.8,6.2,6.2,22.4,6.0,35.3,EW,3.81,3,E_EXCLUSIVE_GREEN,45.0
23.0,-0.2588,0.9659,0,23.7,24.5,25.9,68.4,0.7,6.7,3.9,2.5,4.8,2.8,10.3,8.4,7.4,6.4,7.6,18.700000000000003,36.4,EW,2.44,4,W_EXCLUSIVE_GREEN,45.0
23.316666666666666,-0.1779,0.984,0,28.5,22.0,29.9,24.3,2.5,4.0,0.5,2.5,4.5,5.7,1.8,1.2,6.5,3.0,10.2,3.0,18.9,EW,1.94,3,E_EXCLUSIVE_GREEN,32.7
22.25,-0.4423,0.8969,0,139.1,19.9,25.8,18.9,16.8,20.8,0.3,2.2,1.9,3.8,4.0,3.1,37.6,2.5,5.699999999999999,7.1,65.1,NS,9.37,1,N_EXCLUSIVE_GREEN,45.0
5.183333333333334,0.9772,0.2122,0,17.9,25.2,27.1,100.6,2.6,4.3,1.8,4.8,2.8,6.0,16.4,10.2,6.9,6.6,8.8,26.599999999999998,43.1,EW,3.18,4,W_EXCLUSIVE_GREEN,45.0
4.0,0.866,0.5,0,31.7,26.6,29.6,32.0,4.9,2.8,3.3,2.2,1.0,3.6,5.7,7.9,7.7,5.5,4.6,13.600000000000001,25.1,EW,1.82,4,W_EXCLUSIVE_GREEN,40.5
13.35,-0.3461,-0.9382,0,17.8,29.6,69.8,18.2,3.6,4.7,5.2,7.8,3.0,9.7,0.5,5.2,8.3,13.0,12.7,5.7,20.9,EW,2.71,3,E_EXCLUSIVE_GREEN,45.0
2.1666666666666665,0.5373,0.8434,0,27.0,22.3,21.2,21.6,3.2,8.4,2.7,3.2,4.1,1.1,1.2,3.6,11.600000000000001,5.9,5.199999999999999,4.8,14.5,NS,1.57,1,N_EXCLUSIVE_GREEN,34.5
0.6333333333333333,0.165,0.9863,0,31.5,23.9,17.7,122.3,4.8,2.9,3.6,4.1,5.7,1.8,11.3,17.8,7.699999999999999,7.699999999999999,7.5,29.1,37.9,EW,4.64,4,W_EXCLUSIVE_GREEN,45.0
18.0,-1.0,-0.0,1,12.4,63.0,21.4,101.1,1.5,2.7,6.6,8.6,2.4,5.1,7.6,16.8,4.2,15.2,7.5,24.4,41.0,EW,3.63,4,W_EXCLUSIVE_GREEN,45.0
15.916666666666666,-0.8549,-0.5188,0,114.0,19.1,21.5,28.8,15.7,18.2,1.1,1.0,1.0,2.9,1.2,3.5,33.9,2.1,3.9,4.7,38.6,NS,8.83,1,N_EXCLUSIVE_GREEN,45.0
1.8666666666666667,0.4695,0.8829,0,24.8,17.3,61.8,18.3,2.5,6.4,2.1,3.9,4.5,8.6,4.5,6.8,8.9,6.0,13.1,11.3,20.3,EW,1.65,3,E_EXCLUSIVE_GREEN,44.4
7.55,0.9188,-0.3947,1,52.6,22.2,81.2,14.7,4.9,8.0,0.6,3.7,9.2,23.2,0.9,6.3,12.9,4.3,32.4,7.2,58.3,EW,4.57,3,E_EXCLUSIVE_GREEN,45.0
16.166666666666668,-0.887,-0.4617,0,37.1,31.3,37.5,21.4,0.5,6.0,5.7,6.1,4.5,3.5,1.1,1.2,6.5,11.8,8.0,2.3,16.4,NS,1.45,1,N_EXCLUSIVE_GREEN,36.9
3.1,0.7254,0.6884,0,20.1,17.3,116.3,27.2,0.2,2.0,0.8,5.4,14.3,23.1,1.3,5.2,2.2,6.2,37.400000000000006,6.5,58.6,EW,4.88,3,E_EXCLUSIVE_GREEN,45.0
14.516666666666667,-0.6122,-0.7907,0,23.1,34.8,36.0,24.6,0.9,0.5,0.8,1.4,1.5,9.1,0.2,6.4,1.4,2.2,10.6,6.6000000000000005,20.1,EW,1.48,3,E_EXCLUSIVE_GREEN,34.7
17.266666666666666,-0.9816,-0.1908,1,12.5,64.1,12.9,92.0,0.6,4.0,11.0,19.8,0.4,0.5,4.5,19.9,4.6,30.8,0.9,24.4,56.8,EW,10.76,4,W_EXCLUSIVE_GREEN,45.0
21.516666666666666,-0.6053,0.796,0,22.2,19.6,27.0,55.3,0.9,3.0,3.5,3.3,1.2,4.9,10.2,6.1,3.9,6.8,6.1000000000000005,16.299999999999997,21.1,EW,2.28,4,W_EXCLUSIVE_GREEN,45.0
0.8666666666666667,0.225,0.9744,0,28.8,24.0,134.5,29.0,2.3,8.4,2.7,5.2,13.0,22.7,1.2,4.5,10.7,7.9,35.7,5.7,49.7,EW,5.22,3,E_EXCLUSIVE_GREEN,45.0
16.816666666666666,-0.9524,-0.3049,1,12.0,112.9,22.6,61.2,0.4,3.0,9.5,14.3,4.4,2.0,5.9,13.5,3.4,23.8,6.4,19.4,36.4,NS,7.35,2,S_EXCLUSIVE_GREEN,45.0
21.9,-0.5225,0.8526,0,20.0,27.4,24.3,38.2,7.7,1.6,1.9,9.5,3.8,3.0,3.3,11.0,9.3,11.4,6.8,14.3,23.5,EW,1.8,4,W_EXCLUSIVE_GREEN,42.8
19.5,-0.9239,0.3827,1,17.3,72.8,14.5,72.9,2.4,8.9,4.7,15.0,1.9,6.3,10.1,9.8,11.3,19.7,8.2,19.9,41.0,NS,2.24,2,S_EXCLUSIVE_GREEN,45.0
3.283333333333333,0.7576,0.6528,0,26.1,21.5,28.2,24.5,8.7,6.3,1.3,1.7,5.8,6.7,0.2,4.1,15.0,3.0,12.5,4.3,19.5,EW,1.87,3,E_EXCLUSIVE_GREEN,37.0
23.666666666666668,-0.0872,0.9962,0,24.1,24.5,25.5,84.4,0.3,3.2,0.6,4.6,2.4,1.4,14.6,13.8,3.5,5.199999999999999,3.8,28.4,34.3,EW,4.82,4,W_EXCLUSIVE_GREEN,45.0
7.7,0.9026,-0.4305,1,83.0,16.2,52.3,18.7,8.6,18.7,0.2,2.8,3.1,8.7,0.5,2.0,27.299999999999997,3.0,11.799999999999999,2.5,33.9,NS,6.51,1,N_EXCLUSIVE_GREEN,45.0
4.366666666666666,0.91,0.4147,0,21.1,28.9,34.5,36.1,1.9,4.7,2.4,5.0,3.0,2.6,3.1,10.5,6.6,7.4,5.6,13.6,13.6,EW,1.6,4,W_EXCLUSIVE_GREEN,40.1
7.6,0.9135,-0.4067,1,54.1,20.3,53.6,21.1,6.3,9.0,3.4,1.9,2.7,10.5,0.7,2.2,15.3,5.3,13.2,2.9000000000000004,24.5,NS,2.65,1,N_EXCLUSIVE_GREEN,45.0
23.733333333333334,-0.0698,0.9976,0,29.1,22.1,39.6,30.5,5.2,5.5,3.5,2.8,3.2,4.3,3.3,4.4,10.7,6.3,7.5,7.7,15.4,EW,1.11,0,BALANCED_PHASE,29.1
11.216666666666667,0.2036,-0.979,0,26.5,26.6,29.4,21.1,2.1,5.8,0.3,4.8,3.3,3.5,2.0,2.5,7.9,5.1,6.8,4.5,13.5,NS,1.21,0,BALANCED_PHASE,26.9
6.966666666666667,0.9681,-0.2504,0,29.8,26.6,22.3,25.8,1.4,10.1,2.2,2.4,3.6,3.1,5.2,3.0,11.5,4.6,6.7,8.2,20.6,NS,1.68,1,N_EXCLUSIVE_GREEN,35.4
20.1,-0.8526,0.5225,0,30.4,30.9,30.6,21.4,2.3,7.2,1.9,8.2,5.1,5.7,2.1,3.4,9.5,10.1,10.8,5.5,16.8,NS,1.01,0,BALANCED_PHASE,32.4
20.716666666666665,-0.7576,0.6528,0,29.6,34.3,32.9,37.7,4.6,7.0,1.9,8.4,10.2,5.0,4.8,6.7,11.6,10.3,15.2,11.5,27.3,EW,1.22,0,BALANCED_PHASE,44.9
14.933333333333334,-0.6947,-0.7193,0,23.0,24.9,22.9,29.8,1.0,5.0,3.6,2.5,2.6,1.1,3.0,3.4,6.0,6.1,3.7,6.4,8.7,EW,1.41,4,W_EXCLUSIVE_GREEN,24.0
8.966666666666667,0.7133,-0.7009,1,109.8,20.5,77.2,17.6,13.4,25.1,2.3,1.1,15.5,14.3,0.1,3.3,38.5,3.4,29.8,3.4,82.3,NS,7.55,1,N_EXCLUSIVE_GREEN,45.0
21.366666666666667,-0.6361,0.7716,0,22.8,32.9,28.5,31.7,2.2,5.3,6.1,5.8,1.2,1.3,2.9,5.0,7.5,11.899999999999999,2.5,7.9,15.2,NS,1.47,2,S_EXCLUSIVE_GREEN,36.2
12.616666666666667,-0.1607,-0.987,0,35.0,35.0,21.9,26.6,1.6,4.7,1.5,6.6,3.5,3.0,4.1,6.3,6.300000000000001,8.1,6.5,10.399999999999999,17.7,NS,1.09,0,BALANCED_PHASE,29.3
8.316666666666666,0.8216,-0.57,1,63.8,13.9,56.2,13.5,1.6,10.5,2.3,4.1,2.8,5.1,0.7,4.7,12.1,6.3999999999999995,7.8999999999999995,5.4,26.5,NS,2.57,1,N_EXCLUSIVE_GREEN,43.3
6.033333333333333,1.0,-0.0087,0,20.8,21.5,39.6,20.4,1.1,1.6,2.3,1.1,4.4,7.6,4.7,6.6,2.7,3.4,12.0,11.3,17.5,EW,1.26,0,BALANCED_PHASE,37.9
22.35,-0.4187,0.9081,0,27.3,35.9,33.3,24.9,1.1,1.7,4.5,6.1,6.2,9.9,1.6,6.8,2.8,10.6,16.1,8.4,33.8,EW,1.64,3,E_EXCLUSIVE_GREEN,45.0
3.45,0.7853,0.6191,0,33.8,23.3,28.4,39.3,2.1,5.9,0.5,1.1,5.4,5.8,1.8,5.2,8.0,1.6,11.2,7.0,21.5,EW,1.45,3,E_EXCLUSIVE_GREEN,36.6
18.833333333333332,-0.9763,0.2164,1,23.0,128.4,14.0,89.1,1.2,7.5,13.5,29.1,2.9,6.5,7.9,34.0,8.7,42.6,9.4,41.9,47.3,NS,4.95,2,S_EXCLUSIVE_GREEN,45.0
11.3,0.1822,-0.9833,0,66.0,24.6,29.6,17.9,10.9,20.6,0.2,1.2,6.2,1.9,0.5,3.3,31.5,1.4,8.1,3.8,37.5,NS,6.55,1,N_EXCLUSIVE_GREEN,45.0
15.983333333333333,-0.8638,-0.5038,0,26.5,25.4,29.7,21.1,1.4,3.1,2.7,1.7,4.6,4.6,3.7,5.5,4.5,4.4,9.2,9.2,18.4,EW,1.09,0,BALANCED_PHASE,30.6
14.716666666666667,-0.6528,-0.7576,0,17.4,27.9,54.2,28.8,0.3,1.1,1.6,1.8,5.1,2.5,0.8,8.4,1.4000000000000001,3.4000000000000004,7.6,9.200000000000001,18.1,EW,1.45,3,E_EXCLUSIVE_GREEN,35.0
19.583333333333332,-0.9153,0.4027,0,21.9,21.6,20.6,20.4,2.5,7.5,0.8,3.5,1.8,4.3,2.9,1.4,10.0,4.3,6.1,4.3,14.8,NS,1.58,1,N_EXCLUSIVE_GREEN,30.4
9.516666666666667,0.6053,-0.796,0,27.3,25.2,63.0,23.7,0.7,1.9,2.2,1.4,6.3,7.6,1.0,4.2,2.5999999999999996,3.6,13.899999999999999,5.2,21.4,EW,2.54,3,E_EXCLUSIVE_GREEN,45.0
0.48333333333333334,0.1262,0.992,0,21.1,22.2,87.4,33.3,0.7,2.8,2.9,2.7,11.6,17.8,5.9,2.5,3.5,5.6,29.4,8.4,44.1,EW,3.02,3,E_EXCLUSIVE_GREEN,45.0
18.116666666666667,-0.9995,0.0305,1,13.9,130.4,13.4,57.7,2.0,5.0,10.8,27.6,0.2,3.7,7.1,9.9,7.0,38.400000000000006,3.9000000000000004,17.0,68.0,NS,6.27,2,S_EXCLUSIVE_GREEN,45.0
1.5166666666666666,0.3867,0.9222,0,28.8,32.9,22.0,51.7,3.1,1.4,2.2,3.2,4.5,3.6,6.6,5.1,4.5,5.4,8.1,11.7,19.5,EW,1.69,4,W_EXCLUSIVE_GREEN,39.7
11.7,0.0785,-0.9969,0,26.8,34.4,28.2,29.2,0.6,5.6,4.3,10.6,2.4,6.9,4.5,5.7,6.199999999999999,14.899999999999999,9.3,10.2,19.5,NS,1.81,2,S_EXCLUSIVE_GREEN,42.9
1.2666666666666666,0.3256,0.9455,0,24.3,26.0,53.0,18.9,1.5,4.0,1.8,4.6,6.6,6.9,8.2,4.8,5.5,6.3999999999999995,13.5,13.0,22.1,EW,1.39,3,E_EXCLUSIVE_GREEN,43.8
16.7,-0.9426,-0.3338,1,24.0,71.0,12.4,53.3,5.8,5.1,7.2,7.4,0.1,2.4,3.5,8.0,10.899999999999999,14.600000000000001,2.5,11.5,30.1,NS,1.78,2,S_EXCLUSIVE_GREEN,45.0
17.15,-0.9753,-0.2207,1,14.8,91.9,12.7,51.6,3.3,3.9,12.2,8.8,0.8,0.5,6.1,6.9,7.199999999999999,21.0,1.3,13.0,31.6,NS,3.69,2,S_EXCLUSIVE_GREEN,45.0
2.75,0.6593,0.7518,0,17.8,80.7,31.2,22.0,0.6,5.7,5.0,12.0,1.7,8.2,5.2,4.1,6.3,17.0,9.899999999999999,9.3,20.0,NS,3.2,2,S_EXCLUSIVE_GREEN,45.0
13.616666666666667,-0.4107,-0.9118,0,30.6,30.6,30.1,23.3,0.6,4.9,8.5,1.7,4.9,3.2,3.9,4.5,5.5,10.2,8.100000000000001,8.4,17.1,NS,1.35,0,BALANCED_PHASE,32.6
9.233333333333333,0.6626,-0.749,1,50.2,12.2,64.7,26.9,5.5,5.7,0.4,0.2,6.3,11.3,3.0,6.6,11.2,0.6000000000000001,17.6,9.6,25.5,EW,1.97,3,E_EXCLUSIVE_GREEN,45.0
1.5,0.3827,0.9239,0,36.5,37.1,21.9,30.8,4.7,1.5,9.9,10.2,0.5,0.2,3.4,3.0,6.2,20.1,0.7,6.4,31.9,NS,1.97,2,S_EXCLUSIVE_GREEN,45.0
7.85,0.885,-0.4656,1,105.2,26.1,64.5,15.8,14.0,17.1,1.4,5.2,16.9,15.4,1.5,1.3,31.1,6.6,32.3,2.8,42.0,NS,4.23,1,N_EXCLUSIVE_GREEN,45.0
21.666666666666668,-0.5736,0.8192,0,24.0,22.1,30.8,70.2,5.3,2.6,2.1,3.9,2.6,4.4,2.8,13.8,7.9,6.0,7.0,16.6,20.4,EW,2.24,4,W_EXCLUSIVE_GREEN,45.0
3.95,0.8594,0.5113,0,25.7,28.7,55.5,23.8,3.8,2.4,2.0,2.3,6.2,8.0,2.9,7.9,6.199999999999999,4.3,14.2,10.8,26.0,EW,1.57,3,E_EXCLUSIVE_GREEN,45.0
19.316666666666666,-0.9412,0.3379,1,16.9,75.3,23.6,92.9,4.6,0.8,8.8,8.0,2.4,4.6,5.8,10.2,5.3999999999999995,16.8,7.0,16.0,31.5,EW,2.83,4,W_EXCLUSIVE_GREEN,45.0
5.6,0.9945,0.1045,0,25.0,30.3,28.9,24.0,3.1,3.9,1.6,3.4,4.0,7.3,0.4,1.8,7.0,5.0,11.3,2.2,16.8,NS,1.24,0,BALANCED_PHASE,26.1
10.85,0.2965,-0.955,0,23.5,22.1,38.6,26.0,3.8,5.7,0.1,4.2,1.8,3.2,0.4,4.2,9.5,4.3,5.0,4.6000000000000005,13.9,EW,1.23,0,BALANCED_PHASE,23.3
21.816666666666666,-0.541,0.841,0,18.7,58.1,23.0,23.4,1.6,5.3,5.3,9.6,1.5,4.2,0.4,1.5,6.9,14.899999999999999,5.7,1.9,32.2,NS,2.38,2,S_EXCLUSIVE_GREEN,45.0
13.583333333333334,-0.4027,-0.9153,0,31.2,30.2,135.2,24.4,0.7,3.5,5.9,3.7,16.0,21.0,4.2,4.2,4.2,9.600000000000001,37.0,8.4,64.6,EW,4.65,3,E_EXCLUSIVE_GREEN,45.0
2.3166666666666664,0.57,0.8216,0,31.7,34.8,22.8,26.0,0.9,2.0,5.7,4.5,1.7,0.8,8.4,4.2,2.9,10.2,2.5,12.600000000000001,24.2,NS,1.76,2,S_EXCLUSIVE_GREEN,34.1
20.483333333333334,-0.796,0.6053,0,20.4,26.2,31.2,26.1,0.0,1.2,4.2,7.9,1.2,4.3,2.2,6.1,1.2,12.100000000000001,5.5,8.3,21.9,EW,1.3,0,BALANCED_PHASE,29.4
12.833333333333334,-0.2164,-0.9763,0,24.8,22.6,22.9,39.9,1.5,1.9,0.6,11.2,4.7,3.6,6.5,5.1,3.4,11.799999999999999,8.3,11.6,12.5,EW,1.46,4,W_EXCLUSIVE_GREEN,36.6
13.1,-0.284,-0.9588,0,17.6,23.7,30.2,59.2,1.8,4.4,2.9,1.4,4.5,5.8,3.8,7.6,6.2,4.3,10.3,11.399999999999999,11.5,EW,1.38,4,W_EXCLUSIVE_GREEN,39.6
22.333333333333332,-0.4226,0.9063,0,34.3,30.0,33.1,25.8,11.7,3.3,1.6,4.9,1.1,3.4,3.7,4.0,15.0,6.5,4.5,7.7,15.6,NS,1.68,1,N_EXCLUSIVE_GREEN,42.7
21.75,-0.5556,0.8315,0,20.7,28.1,57.4,26.6,2.6,0.2,3.5,2.2,1.8,20.0,7.1,3.6,2.8000000000000003,5.7,21.8,10.7,26.5,EW,2.02,3,E_EXCLUSIVE_GREEN,45.0
13.483333333333333,-0.3786,-0.9255,0,30.6,29.4,22.7,32.6,4.4,3.7,5.4,3.0,1.4,0.7,1.5,10.4,8.100000000000001,8.4,2.0999999999999996,11.9,12.1,NS,1.0,0,BALANCED_PHASE,28.5
13.483333333333333,-0.3786,-0.9255,0,57.6,22.5,29.2,32.6,1.8,7.8,1.6,2.4,1.6,6.7,1.4,4.0,9.6,4.0,8.3,5.4,11.5,NS,2.35,1,N_EXCLUSIVE_GREEN,35.7
13.083333333333334,-0.2798,-0.96,0,26.8,20.4,28.4,27.6,2.3,0.8,2.1,2.5,0.7,2.1,1.9,6.6,3.0999999999999996,4.6,2.8,8.5,11.7,EW,1.61,3,E_EXCLUSIVE_GREEN,28.3
19.966666666666665,-0.8704,0.4924,0,18.5,74.3,26.1,26.2,1.1,3.2,9.3,14.1,0.1,3.9,2.3,0.7,4.300000000000001,23.4,4.0,3.0,46.8,NS,4.5,2,S_EXCLUSIVE_GREEN,45.0
18.533333333333335,-0.9903,0.1392,1,13.6,74.3,19.0,118.0,0.7,2.8,9.6,21.9,2.5,1.7,9.0,17.8,3.5,31.5,4.2,26.8,39.6,EW,5.93,4,W_EXCLUSIVE_GREEN,45.0
11.133333333333333,0.225,-0.9744,0,23.9,25.9,22.0,22.8,2.0,4.8,4.0,5.8,1.9,2.4,4.1,5.1,6.8,9.8,4.3,9.2,11.1,NS,1.24,0,BALANCED_PHASE,30.4
18.933333333333334,-0.9703,0.2419,1,25.4,85.9,12.1,110.9,2.1,1.4,9.1,12.5,0.2,1.7,13.5,35.2,3.5,21.6,1.9,48.7,52.9,EW,14.72,4,W_EXCLUSIVE_GREEN,45.0
9.05,0.6978,-0.7163,1,91.2,15.2,53.4,14.6,9.4,18.8,0.4,1.9,7.0,8.7,0.4,3.3,28.200000000000003,2.3,15.7,3.6999999999999997,31.8,NS,7.97,1,N_EXCLUSIVE_GREEN,45.0
12.133333333333333,-0.0349,-0.9994,0,34.9,20.8,22.6,38.5,2.7,2.6,1.3,3.5,1.3,4.4,1.4,6.3,5.300000000000001,4.8,5.7,7.699999999999999,15.8,EW,1.44,4,W_EXCLUSIVE_GREEN,28.9
0.48333333333333334,0.1262,0.992,0,22.2,24.9,32.6,32.9,3.1,6.0,3.0,5.7,3.0,7.1,10.4,4.8,9.1,8.7,10.1,15.2,19.1,EW,1.27,0,BALANCED_PHASE,43.2
16.483333333333334,-0.9222,-0.3867,0,23.9,36.3,26.8,26.3,6.5,3.3,5.6,6.4,2.6,2.6,2.8,3.0,9.8,12.0,5.2,5.8,23.6,NS,1.28,0,BALANCED_PHASE,37.9
2.05,0.5113,0.8594,0,119.7,19.8,31.0,26.8,9.1,17.6,0.9,6.1,8.0,9.2,2.4,10.8,26.700000000000003,7.0,17.2,13.200000000000001,56.3,NS,4.42,1,N_EXCLUSIVE_GREEN,45.0
10.633333333333333,0.3502,-0.9367,0,30.8,18.2,55.6,30.8,3.3,4.8,4.6,2.5,4.6,6.5,1.2,7.1,8.1,7.1,11.1,8.299999999999999,23.7,EW,1.49,3,E_EXCLUSIVE_GREEN,39.6
18.5,-0.9914,0.1305,1,25.5,79.8,16.3,55.0,4.5,1.3,6.1,8.8,1.9,6.2,5.1,9.1,5.8,14.9,8.1,14.2,16.9,NS,2.71,2,S_EXCLUSIVE_GREEN,45.0
22.35,-0.4187,0.9081,0,23.8,24.0,26.7,39.0,2.8,2.1,5.1,3.7,5.4,5.9,0.3,3.9,4.9,8.8,11.3,4.2,21.3,EW,1.9,3,E_EXCLUSIVE_GREEN,36.8
3.783333333333333,0.8363,0.5483,0,31.5,30.5,31.8,31.3,1.6,1.2,0.8,8.3,3.6,3.1,2.2,5.2,2.8,9.100000000000001,6.7,7.4,20.0,EW,1.02,0,BALANCED_PHASE,27.5
16.783333333333335,-0.9497,-0.3132,1,16.5,75.6,19.4,91.4,3.4,2.0,3.9,16.7,7.7,1.8,19.0,20.6,5.4,20.599999999999998,9.5,39.6,79.4,EW,4.17,4,W_EXCLUSIVE_GREEN,45.0
22.05,-0.4886,0.8725,0,20.8,24.7,21.2,22.9,1.6,3.3,8.9,5.5,2.1,1.7,1.3,0.8,4.9,14.4,3.8,2.1,26.7,NS,2.02,2,S_EXCLUSIVE_GREEN,40.9
16.15,-0.885,-0.4656,0,28.7,32.6,36.8,24.7,2.0,5.7,3.5,19.1,7.7,7.0,1.8,5.5,7.7,22.6,14.7,7.3,27.1,NS,2.09,2,S_EXCLUSIVE_GREEN,45.0
15.133333333333333,-0.7314,-0.682,0,29.7,62.5,27.4,21.3,1.0,10.1,5.6,5.7,2.8,3.3,2.9,3.2,11.1,11.3,6.1,6.1,18.8,NS,1.36,2,S_EXCLUSIVE_GREEN,40.7
9.666666666666666,0.5736,-0.8192,0,125.0,19.1,26.1,25.2,13.0,20.5,0.6,1.5,2.9,2.0,1.4,2.2,33.5,2.1,4.9,3.6,70.3,NS,9.11,1,N_EXCLUSIVE_GREEN,45.0
15.65,-0.8166,-0.5771,0,23.7,20.5,34.9,24.1,4.9,3.6,4.2,5.3,1.1,4.0,1.4,5.5,8.5,9.5,5.1,6.9,13.8,EW,1.33,0,BALANCED_PHASE,26.5
3.066666666666667,0.7193,0.6947,0,57.0,22.8,18.8,25.6,4.3,11.8,0.9,2.5,0.8,1.1,6.8,4.3,16.1,3.4,1.9000000000000001,11.1,29.8,NS,3.25,1,N_EXCLUSIVE_GREEN,45.0
16.1,-0.8788,-0.4772,0,90.6,18.0,22.2,22.2,7.4,12.3,3.0,4.6,1.2,0.7,4.0,4.0,19.700000000000003,7.6,1.9,8.0,24.2,NS,3.23,1,N_EXCLUSIVE_GREEN,45.0
15.016666666666667,-0.7102,-0.704,0,31.5,37.6,26.8,21.4,0.9,6.9,3.2,6.9,2.9,11.9,2.7,6.5,7.800000000000001,10.100000000000001,14.8,9.2,30.5,NS,1.21,0,BALANCED_PHASE,35.0
14.416666666666666,-0.5913,-0.8064,0,122.9,18.0,21.0,17.5,8.6,10.4,1.4,5.0,0.3,4.9,2.3,5.7,19.0,6.4,5.2,8.0,39.9,NS,4.15,1,N_EXCLUSIVE_GREEN,45.0
9.416666666666666,0.6259,-0.7799,1,57.9,16.5,67.3,19.1,1.8,7.8,0.5,2.6,10.6,7.8,1.3,3.4,9.6,3.1,18.4,4.7,23.2,EW,3.53,3,E_EXCLUSIVE_GREEN,45.0
15.183333333333334,-0.7402,-0.6724,0,20.6,23.4,23.0,22.1,3.1,0.5,1.9,1.6,6.4,1.7,9.5,6.4,3.6,3.5,8.1,15.9,30.4,EW,1.57,3,E_EXCLUSIVE_GREEN,44.0
17.266666666666666,-0.9816,-0.1908,1,22.4,57.7,13.8,59.9,6.3,2.4,8.3,5.6,4.3,1.6,14.0,13.5,8.7,13.9,5.9,27.5,47.2,EW,4.31,4,W_EXCLUSIVE_GREEN,45.0
19.716666666666665,-0.9007,0.4344,0,26.8,24.6,21.6,21.9,0.5,1.1,0.6,4.8,2.0,1.9,1.4,1.0,1.6,5.3999999999999995,3.9,2.4,7.1,NS,1.53,1,N_EXCLUSIVE_GREEN,21.3
21.65,-0.5771,0.8166,0,26.8,72.5,30.4,26.2,6.1,1.0,8.5,13.4,2.2,1.4,2.3,5.5,7.1,21.9,3.6,7.8,43.9,NS,2.81,2,S_EXCLUSIVE_GREEN,45.0
20.016666666666666,-0.8638,0.5038,0,24.0,63.2,28.3,17.4,1.4,3.3,7.5,19.6,1.7,8.3,1.5,1.7,4.699999999999999,27.1,10.0,3.2,39.6,NS,3.97,2,S_EXCLUSIVE_GREEN,45.0
5.533333333333333,0.9925,0.1219,0,22.4,32.1,30.0,23.2,4.4,2.8,2.3,3.3,7.1,2.4,0.2,5.1,7.2,5.6,9.5,5.3,18.7,EW,1.48,3,E_EXCLUSIVE_GREEN,31.3
17.2,-0.9781,-0.2079,1,16.8,94.1,24.9,52.5,2.2,2.8,7.5,9.6,2.7,6.8,2.7,7.9,5.0,17.1,9.5,10.600000000000001,19.5,NS,4.06,2,S_EXCLUSIVE_GREEN,45.0
15.5,-0.7934,-0.6088,0,86.3,30.2,19.1,22.8,13.1,24.1,1.9,6.2,5.8,1.1,3.7,1.8,37.2,8.1,6.9,5.5,81.1,NS,3.72,1,N_EXCLUSIVE_GREEN,45.0
18.516666666666666,-0.9909,0.1349,1,14.7,88.1,18.5,65.3,1.4,1.2,11.1,11.7,0.8,1.1,6.8,9.4,2.5999999999999996,22.799999999999997,1.9000000000000001,16.2,28.1,NS,6.7,2,S_EXCLUSIVE_GREEN,45.0
11.7,0.0785,-0.9969,0,17.5,25.8,25.1,87.6,5.1,1.3,2.5,1.1,1.5,5.3,9.5,15.8,6.3999999999999995,3.6,6.8,25.3,40.0,EW,3.48,4,W_EXCLUSIVE_GREEN,45.0
22.85,-0.2965,0.955,0,20.5,24.0,29.7,97.7,1.5,8.5,4.4,5.2,3.2,1.9,11.4,16.1,10.0,9.600000000000001,5.1,27.5,42.2,EW,4.08,4,W_EXCLUSIVE_GREEN,45.0
13.15,-0.2965,-0.955,0,20.6,23.3,17.5,69.2,1.0,1.7,3.4,4.7,0.3,4.0,10.1,5.2,2.7,8.1,4.3,15.3,32.7,EW,3.51,4,W_EXCLUSIVE_GREEN,45.0
3.6,0.809,0.5878,0,33.1,17.5,54.7,21.2,7.6,8.7,1.1,1.5,2.7,9.7,1.3,3.9,16.299999999999997,2.6,12.399999999999999,5.2,28.4,EW,2.35,3,E_EXCLUSIVE_GREEN,42.5
1.6833333333333333,0.4266,0.9045,0,20.8,31.8,29.3,24.0,1.9,3.9,6.6,4.8,3.7,2.4,4.6,5.3,5.8,11.399999999999999,6.1,9.899999999999999,13.1,NS,1.7,2,S_EXCLUSIVE_GREEN,34.8
21.65,-0.5771,0.8166,0,31.0,28.4,20.4,28.7,1.0,4.6,3.6,6.0,3.6,2.6,3.2,5.0,5.6,9.6,6.2,8.2,13.2,NS,1.34,0,BALANCED_PHASE,31.1
11.133333333333333,0.225,-0.9744,0,23.5,29.6,20.6,32.4,2.1,6.2,4.3,1.8,2.5,0.3,7.2,4.4,8.3,6.1,2.8,11.600000000000001,15.9,NS,1.26,0,BALANCED_PHASE,28.5
23.483333333333334,-0.1349,0.9909,0,32.3,115.5,18.8,17.8,1.9,3.4,12.4,24.2,1.8,1.5,0.5,7.7,5.3,36.6,3.3,8.2,40.2,NS,4.87,2,S_EXCLUSIVE_GREEN,45.0
11.533333333333333,0.1219,-0.9925,0,22.8,29.0,21.2,20.6,2.6,2.2,1.0,2.4,2.3,1.6,0.7,1.3,4.800000000000001,3.4,3.9,2.0,7.0,NS,1.25,0,BALANCED_PHASE,20.5
16.216666666666665,-0.893,-0.4501,0,20.1,22.7,17.4,69.5,0.6,2.0,3.1,3.2,1.7,8.6,9.6,7.3,2.6,6.300000000000001,10.299999999999999,16.9,25.8,EW,2.16,4,W_EXCLUSIVE_GREEN,45.0
16.066666666666666,-0.8746,-0.4848,0,20.9,135.8,17.3,20.2,2.3,2.1,12.0,23.4,0.9,5.7,2.3,3.7,4.4,35.4,6.6000000000000005,6.0,63.1,NS,6.89,2,S_EXCLUSIVE_GREEN,45.0
11.683333333333334,0.0828,-0.9966,0,25.4,20.8,24.3,28.9,2.0,2.6,0.9,1.9,2.1,2.4,2.7,6.9,4.6,2.8,4.5,9.600000000000001,17.1,EW,1.56,4,W_EXCLUSIVE_GREEN,31.1
10.483333333333333,0.3867,-0.9222,0,39.2,23.0,36.4,27.7,3.4,5.4,2.4,1.4,3.5,5.8,1.7,5.7,8.8,3.8,9.3,7.4,9.9,EW,1.23,0,BALANCED_PHASE,31.1
4.283333333333333,0.9007,0.4344,0,23.1,26.0,24.1,25.3,3.8,4.4,1.1,4.7,0.6,3.3,1.0,7.2,8.2,5.800000000000001,3.9,8.2,10.7,NS,1.23,0,BALANCED_PHASE,27.1
21.316666666666666,-0.6461,0.7632,0,21.0,37.2,34.5,24.1,13.5,5.6,1.8,6.2,3.1,7.8,0.3,4.0,19.1,8.0,10.9,4.3,23.7,NS,2.09,1,N_EXCLUSIVE_GREEN,45.0
2.966666666666667,0.7009,0.7133,0,27.8,33.9,32.6,39.2,1.2,5.3,2.4,8.7,4.4,5.6,7.9,10.1,6.5,11.1,10.0,18.0,31.0,EW,1.52,4,W_EXCLUSIVE_GREEN,45.0
15.4,-0.7771,-0.6293,0,27.0,21.8,28.0,26.5,7.5,9.3,1.2,0.9,3.4,8.6,2.0,3.8,16.8,2.1,12.0,5.8,21.9,EW,1.52,3,E_EXCLUSIVE_GREEN,36.2
19.7,-0.9026,0.4305,0,19.8,18.4,94.1,32.6,2.1,5.4,2.1,1.5,13.0,14.5,0.5,2.0,7.5,3.6,27.5,2.5,47.5,EW,4.87,3,E_EXCLUSIVE_GREEN,45.0
4.733333333333333,0.9455,0.3256,0,19.0,19.6,69.3,24.9,2.1,8.4,2.9,6.9,1.6,6.0,3.8,1.5,10.5,9.8,7.6,5.3,14.2,EW,1.99,3,E_EXCLUSIVE_GREEN,34.1
18.65,-0.9856,0.1693,1,25.3,59.7,15.4,47.1,1.0,11.2,3.7,14.7,3.5,1.1,1.4,14.1,12.2,18.4,4.6,15.5,20.7,NS,1.71,2,S_EXCLUSIVE_GREEN,45.0
12.066666666666666,-0.0175,-0.9998,0,22.0,72.8,18.3,19.2,2.3,0.7,10.0,19.1,0.1,1.8,1.1,4.6,3.0,29.1,1.9000000000000001,5.699999999999999,47.2,NS,5.53,2,S_EXCLUSIVE_GREEN,45.0
7.1,0.9588,-0.284,1,116.9,19.5,68.2,17.2,11.4,25.5,6.6,5.7,5.7,12.1,3.6,2.9,36.9,12.3,17.8,6.5,54.7,NS,3.61,1,N_EXCLUSIVE_GREEN,45.0
21.1,-0.6884,0.7254,0,37.1,24.2,24.5,25.7,1.6,5.0,0.3,2.4,4.6,2.9,2.7,1.7,6.6,2.6999999999999997,7.5,4.4,10.9,NS,1.74,1,N_EXCLUSIVE_GREEN,26.0
21.5,-0.6088,0.7934,0,20.1,53.1,19.2,26.7,4.7,2.3,5.4,9.0,2.5,2.2,3.2,7.6,7.0,14.4,4.7,10.8,27.8,NS,2.17,2,S_EXCLUSIVE_GREEN,45.0
23.833333333333332,-0.0436,0.999,0,26.1,142.7,18.1,19.0,1.2,3.6,10.4,31.7,1.5,2.2,0.5,1.0,4.8,42.1,3.7,1.5,47.3,NS,6.71,2,S_EXCLUSIVE_GREEN,45.0
23.95,-0.0131,0.9999,0,30.7,19.4,17.8,107.6,6.1,7.1,1.2,5.8,1.2,1.2,10.1,21.1,13.2,7.0,2.4,31.200000000000003,50.6,EW,8.17,4,W_EXCLUSIVE_GREEN,45.0
2.05,0.5113,0.8594,0,38.0,27.4,22.4,30.7,4.7,8.5,1.5,8.8,4.4,6.6,2.2,9.7,13.2,10.3,11.0,11.899999999999999,14.6,NS,1.28,0,BALANCED_PHASE,39.7
3.033333333333333,0.7133,0.7009,0,38.0,23.9,38.2,36.2,5.5,8.7,0.3,1.7,5.4,8.3,0.8,4.8,14.2,2.0,13.700000000000001,5.6,30.9,EW,1.6,3,E_EXCLUSIVE_GREEN,42.4
2.466666666666667,0.6018,0.7986,0,33.0,21.8,24.7,35.3,1.1,6.7,0.8,4.6,5.3,3.6,2.4,2.4,7.800000000000001,5.3999999999999995,8.9,4.8,10.4,EW,1.56,3,E_EXCLUSIVE_GREEN,30.2
19.666666666666668,-0.9063,0.4226,0,21.2,37.0,25.7,21.7,0.8,0.9,3.5,12.4,0.5,0.7,2.5,4.4,1.7000000000000002,15.9,1.2,6.9,21.3,NS,3.61,2,S_EXCLUSIVE_GREEN,45.0
5.333333333333333,0.9848,0.1736,0,22.8,25.6,21.4,55.8,3.2,1.2,3.0,1.9,0.9,3.5,8.2,5.8,4.4,4.9,4.4,14.0,21.2,EW,2.74,4,W_EXCLUSIVE_GREEN,45.0
12.133333333333333,-0.0349,-0.9994,0,20.7,20.7,25.5,22.6,4.7,3.8,2.9,3.4,0.2,5.4,1.2,1.9,8.5,6.3,5.6000000000000005,3.0999999999999996,15.1,EW,1.32,0,BALANCED_PHASE,22.3
18.583333333333332,-0.9884,0.1521,1,14.2,105.0,17.0,79.3,0.2,2.0,15.9,21.0,1.8,4.5,10.1,20.5,2.2,36.9,6.3,30.6,52.3,NS,10.45,2,S_EXCLUSIVE_GREEN,45.0
6.2,0.9986,-0.0523,0,24.0,21.9,22.5,101.8,2.0,7.1,1.3,0.7,4.1,4.0,8.7,16.9,9.1,2.0,8.1,25.599999999999998,55.0,EW,3.51,4,W_EXCLUSIVE_GREEN,45.0
21.3,-0.6494,0.7604,0,22.6,78.3,21.2,27.7,2.1,2.2,12.2,24.6,1.1,0.8,2.3,5.2,4.300000000000001,36.8,1.9000000000000001,7.5,50.8,NS,5.63,2,S_EXCLUSIVE_GREEN,45.0
13.866666666666667,-0.4695,-0.8829,0,25.3,25.6,25.9,20.5,3.4,12.4,0.9,7.1,2.5,3.9,1.8,5.3,15.8,8.0,6.4,7.1,29.2,NS,1.54,1,N_EXCLUSIVE_GREEN,44.1
6.083333333333333,0.9998,-0.0218,0,28.2,21.4,38.4,39.6,6.8,3.4,1.1,6.4,4.4,6.9,5.6,6.8,10.2,7.5,11.3,12.399999999999999,20.7,EW,1.04,0,BALANCED_PHASE,39.0
20.7,-0.7604,0.6494,0,59.7,20.5,30.9,27.2,7.1,18.6,1.4,4.4,2.7,6.4,3.3,3.5,25.700000000000003,5.800000000000001,9.100000000000001,6.8,27.0,NS,3.62,1,N_EXCLUSIVE_GREEN,45.0
4.95,0.9625,0.2714,0,31.8,18.4,28.6,70.6,8.6,7.6,0.3,2.7,3.6,2.5,11.1,7.1,16.2,3.0,6.1,18.2,25.8,EW,2.63,4,W_EXCLUSIVE_GREEN,45.0
18.566666666666666,-0.989,0.1478,1,14.3,79.8,16.3,81.4,4.8,2.8,9.7,8.6,0.2,3.4,7.2,11.3,7.6,18.299999999999997,3.6,18.5,25.6,NS,3.12,2,S_EXCLUSIVE_GREEN,45.0
2.35,0.5771,0.8166,0,18.0,32.2,25.5,54.5,1.3,6.7,0.8,6.3,1.0,1.7,5.4,11.6,8.0,7.1,2.7,17.0,22.4,EW,3.36,4,W_EXCLUSIVE_GREEN,45.0
6.883333333333333,0.9734,-0.2292,0,33.3,30.3,18.7,123.1,3.8,13.7,2.1,3.6,1.4,2.6,21.7,21.7,17.5,5.7,4.0,43.4,74.3,EW,8.26,4,W_EXCLUSIVE_GREEN,45.0
16.366666666666667,-0.91,-0.4147,0,29.5,109.4,24.9,17.8,5.5,4.2,7.3,17.3,3.3,6.8,0.8,1.3,9.7,24.6,10.1,2.1,34.1,NS,2.89,2,S_EXCLUSIVE_GREEN,45.0
2.466666666666667,0.6018,0.7986,0,26.6,35.7,39.6,21.0,0.6,3.3,3.7,5.8,3.0,3.5,1.3,2.3,3.9,9.5,6.5,3.5999999999999996,13.8,NS,1.71,2,S_EXCLUSIVE_GREEN,31.8
12.916666666666666,-0.2377,-0.9713,0,137.9,19.3,17.6,18.9,16.1,24.0,2.0,1.6,0.5,3.2,5.2,0.2,40.1,3.6,3.7,5.4,84.1,NS,8.49,1,N_EXCLUSIVE_GREEN,45.0
4.833333333333333,0.9537,0.3007,0,33.9,20.5,32.8,31.6,3.7,7.7,4.8,4.8,4.4,0.9,1.9,2.8,11.4,9.6,5.300000000000001,4.699999999999999,25.0,NS,1.28,0,BALANCED_PHASE,36.4
3.1166666666666667,0.7284,0.6852,0,28.7,24.3,28.4,22.4,2.6,6.1,1.0,2.2,3.1,11.3,3.2,5.4,8.7,3.2,14.4,8.600000000000001,20.4,EW,1.48,3,E_EXCLUSIVE_GREEN,40.9
1.6333333333333333,0.4147,0.91,0,25.6,21.5,27.1,34.8,1.4,8.4,1.9,7.2,3.7,2.9,2.3,2.9,9.8,9.1,6.6,5.199999999999999,14.0,EW,1.22,0,BALANCED_PHASE,25.9
0.23333333333333334,0.061,0.9981,0,24.3,33.7,22.3,25.0,3.2,0.6,7.5,5.8,1.0,5.1,2.6,2.7,3.8000000000000003,13.3,6.1,5.300000000000001,20.9,NS,2.19,2,S_EXCLUSIVE_GREEN,39.8
9.983333333333333,0.5038,-0.8638,0,20.8,21.3,36.8,27.8,7.2,3.2,3.9,3.6,1.5,5.3,2.4,11.2,10.4,7.5,6.8,13.6,29.1,EW,1.63,3,E_EXCLUSIVE_GREEN,41.7
12.75,-0.1951,-0.9808,0,18.6,55.3,32.3,27.4,1.1,3.1,3.3,13.0,1.5,5.1,3.5,5.6,4.2,16.3,6.6,9.1,34.8,NS,3.25,2,S_EXCLUSIVE_GREEN,45.0
9.066666666666666,0.6947,-0.7193,1,60.8,26.1,49.8,19.4,5.7,13.7,9.0,3.1,3.6,11.1,1.4,2.4,19.4,12.1,14.7,3.8,25.8,NS,1.77,1,N_EXCLUSIVE_GREEN,45.0
17.6,-0.9945,-0.1045,1,19.6,122.8,20.6,105.2,2.0,3.2,10.6,21.9,3.8,4.3,15.9,14.8,5.2,32.5,8.1,30.700000000000003,58.2,NS,5.94,2,S_EXCLUSIVE_GREEN,45.0
7.9,0.8788,-0.4772,1,87.7,12.4,119.2,14.3,5.1,8.6,1.3,1.7,12.9,16.6,1.2,1.4,13.7,3.0,29.5,2.5999999999999996,57.8,EW,8.94,3,E_EXCLUSIVE_GREEN,45.0
16.983333333333334,-0.9648,-0.263,1,23.0,82.0,12.3,70.5,2.2,8.3,5.3,14.9,1.7,3.4,10.1,10.1,10.5,20.2,5.1,20.2,41.5,NS,2.35,2,S_EXCLUSIVE_GREEN,45.0
19.533333333333335,-0.9205,0.3907,0,73.0,23.6,23.7,23.5,6.6,8.0,2.8,7.0,0.4,6.1,1.6,3.3,14.6,9.8,6.5,4.9,20.9,NS,1.94,1,N_EXCLUSIVE_GREEN,45.0
17.733333333333334,-0.9976,-0.0698,1,13.8,130.5,20.1,91.0,1.8,4.3,11.0,25.0,0.4,1.5,17.7,14.0,6.1,36.0,1.9,31.7,39.0,NS,6.64,2,S_EXCLUSIVE_GREEN,45.0
3.6166666666666667,0.8116,0.5842,0,33.5,20.0,30.5,37.9,3.0,7.2,0.6,2.4,2.1,2.7,1.1,1.3,10.2,3.0,4.800000000000001,2.4000000000000004,21.0,EW,1.38,0,BALANCED_PHASE,23.5
8.683333333333334,0.7632,-0.6461,1,119.4,17.3,92.4,23.1,16.0,12.7,3.9,4.5,10.3,12.1,2.1,6.6,28.7,8.4,22.4,8.7,54.1,NS,4.25,1,N_EXCLUSIVE_GREEN,45.0
0.03333333333333333,0.0087,1.0,0,31.8,27.7,53.5,32.1,1.0,6.6,1.1,5.5,7.0,6.7,1.0,2.7,7.6,6.6,13.7,3.7,26.0,EW,2.3,3,E_EXCLUSIVE_GREEN,44.6
6.35,0.9958,-0.0915,0,37.8,30.3,20.9,28.9,8.9,5.4,3.1,3.0,2.3,6.0,3.9,7.3,14.3,6.1,8.3,11.2,26.4,NS,1.73,1,N_EXCLUSIVE_GREEN,43.1
1.1333333333333333,0.2924,0.9563,0,26.0,21.3,66.8,27.6,3.6,5.3,1.9,5.0,15.3,10.1,5.3,3.5,8.9,6.9,25.4,8.8,51.5,EW,2.62,3,E_EXCLUSIVE_GREEN,45.0
21.966666666666665,-0.5075,0.8616,0,25.2,24.1,29.6,20.5,4.1,2.5,1.4,1.5,0.7,8.6,1.6,8.7,6.6,2.9,9.299999999999999,10.299999999999999,10.4,EW,1.17,0,BALANCED_PHASE,32.0
7.516666666666667,0.9222,-0.3867,1,80.0,14.9,46.7,18.4,7.0,9.0,1.2,2.7,4.2,13.6,2.4,2.4,16.0,3.9000000000000004,17.8,4.8,28.7,NS,4.34,1,N_EXCLUSIVE_GREEN,45.0
2.85,0.6788,0.7343,0,26.2,37.5,20.3,30.7,0.7,2.8,5.4,9.0,1.6,3.7,1.3,7.2,3.5,14.4,5.300000000000001,8.5,23.9,NS,2.37,2,S_EXCLUSIVE_GREEN,42.9
19.733333333333334,-0.8988,0.4384,0,21.3,35.3,35.0,28.0,1.5,4.3,2.5,4.0,5.3,1.7,0.8,2.1,5.8,6.5,7.0,2.9000000000000004,10.3,EW,1.55,3,E_EXCLUSIVE_GREEN,26.3
1.3666666666666667,0.3502,0.9367,0,35.5,33.1,20.9,20.6,3.5,6.2,3.4,4.4,0.9,2.6,3.8,1.4,9.7,7.800000000000001,3.5,5.199999999999999,10.3,NS,1.13,0,BALANCED_PHASE,31.8
13.633333333333333,-0.4147,-0.91,0,22.7,21.9,36.3,20.1,0.9,0.7,6.2,9.5,5.0,8.3,1.4,3.1,1.6,15.7,13.3,4.5,25.9,EW,2.28,3,E_EXCLUSIVE_GREEN,40.7
2.9333333333333336,0.6947,0.7193,0,25.3,34.4,28.6,28.0,4.3,4.4,2.2,6.0,5.8,3.9,3.2,5.8,8.7,8.2,9.7,9.0,19.3,NS,1.13,0,BALANCED_PHASE,30.5
4.283333333333333,0.9007,0.4344,0,25.6,26.4,20.3,29.2,2.6,0.7,2.8,3.8,0.9,1.1,1.6,7.6,3.3,6.6,2.0,9.2,12.8,NS,1.33,0,BALANCED_PHASE,24.2
3.033333333333333,0.7133,0.7009,0,34.7,23.0,23.5,21.7,4.1,4.5,1.3,3.4,2.1,2.5,2.8,1.9,8.6,4.7,4.6,4.699999999999999,11.1,NS,1.59,1,N_EXCLUSIVE_GREEN,29.6
7.683333333333334,0.9045,-0.4266,1,74.0,20.3,58.7,17.2,10.2,13.9,0.0,2.6,4.3,12.7,0.3,2.1,24.1,2.6,17.0,2.4,47.3,NS,5.43,1,N_EXCLUSIVE_GREEN,45.0
11.45,0.1435,-0.9897,0,25.0,29.5,20.5,20.0,4.5,1.6,1.6,3.1,0.3,2.9,6.1,3.2,6.1,4.7,3.1999999999999997,9.3,17.4,NS,1.18,0,BALANCED_PHASE,24.2
7.016666666666667,0.9648,-0.263,1,134.7,12.2,68.1,14.4,18.1,14.6,0.6,0.2,4.9,7.8,2.7,4.3,32.7,0.8,12.7,7.0,42.0,NS,15.92,1,N_EXCLUSIVE_GREEN,45.0
1.0166666666666666,0.263,0.9648,0,28.8,30.2,20.5,38.5,5.3,8.9,2.6,8.8,0.9,2.2,4.4,6.1,14.2,11.4,3.1,10.5,14.8,NS,1.15,0,BALANCED_PHASE,40.3
6.566666666666666,0.989,-0.1478,0,25.6,21.3,23.1,21.6,2.5,1.4,3.2,2.7,7.0,6.6,4.1,1.6,3.9,5.9,13.6,5.699999999999999,24.9,EW,1.73,3,E_EXCLUSIVE_GREEN,38.8
12.716666666666667,-0.1865,-0.9825,0,22.2,20.3,21.5,38.4,3.4,2.2,2.2,2.4,2.1,3.8,2.4,7.2,5.6,4.6,5.9,9.6,14.4,EW,1.62,4,W_EXCLUSIVE_GREEN,32.6
0.5833333333333334,0.1521,0.9884,0,25.0,25.7,26.5,20.2,8.4,3.0,2.4,6.4,1.2,4.7,0.9,2.1,11.4,8.8,5.9,3.0,18.4,NS,1.16,0,BALANCED_PHASE,34.3
12.816666666666666,-0.2122,-0.9772,0,27.7,100.3,24.6,17.2,1.6,5.1,11.9,8.6,1.2,4.2,3.8,1.8,6.699999999999999,20.5,5.4,5.6,27.2,NS,3.18,2,S_EXCLUSIVE_GREEN,45.0
13.733333333333333,-0.4384,-0.8988,0,38.3,27.1,24.4,36.3,3.6,5.5,3.8,13.6,2.7,6.2,0.3,2.3,9.1,17.4,8.9,2.5999999999999996,19.5,NS,1.67,1,N_EXCLUSIVE_GREEN,45.0
4.116666666666666,0.8809,0.4733,0,22.0,30.4,30.7,23.9,1.3,2.3,12.0,5.1,3.0,5.9,2.5,2.8,3.5999999999999996,17.1,8.9,5.3,27.8,NS,2.73,2,S_EXCLUSIVE_GREEN,45.0
19.95,-0.8725,0.4886,0,27.3,65.8,20.4,26.0,5.8,9.5,5.5,6.0,1.6,2.4,1.7,4.7,15.3,11.5,4.0,6.4,27.1,NS,1.63,1,N_EXCLUSIVE_GREEN,45.0
10.45,0.3947,-0.9188,0,34.2,25.3,33.3,21.8,2.8,2.5,3.5,1.5,4.9,5.2,2.7,4.2,5.3,5.0,10.100000000000001,6.9,19.9,EW,1.43,3,E_EXCLUSIVE_GREEN,33.2
7.233333333333333,0.9483,-0.3173,1,67.6,20.8,92.0,15.4,5.0,12.2,2.4,1.0,11.1,9.3,1.9,1.6,17.2,3.4,20.4,3.5,20.5,EW,5.48,3,E_EXCLUSIVE_GREEN,45.0
2.6166666666666667,0.6327,0.7744,0,24.4,23.4,18.6,108.0,3.7,1.8,3.7,3.2,3.2,2.8,9.0,16.3,5.5,6.9,6.0,25.3,50.8,EW,4.59,4,W_EXCLUSIVE_GREEN,45.0
23.8,-0.0523,0.9986,0,36.3,24.3,24.7,20.1,3.0,5.3,5.8,1.3,7.0,2.9,5.0,1.7,8.3,7.1,9.9,6.7,15.6,NS,1.25,0,BALANCED_PHASE,29.7
17.6,-0.9945,-0.1045,1,20.3,81.8,14.5,60.2,0.6,7.6,10.3,9.2,0.0,1.3,4.8,11.9,8.2,19.5,1.3,16.7,29.0,NS,2.81,2,S_EXCLUSIVE_GREEN,45.0
1.85,0.4656,0.885,0,25.2,68.3,23.1,21.9,0.5,0.9,5.8,16.7,2.8,2.4,1.2,1.6,1.4,22.5,5.199999999999999,2.8,36.6,NS,5.21,2,S_EXCLUSIVE_GREEN,45.0
1.0666666666666667,0.2756,0.9613,0,17.3,19.3,19.8,80.0,0.5,2.3,0.5,0.9,0.6,2.5,8.9,5.4,2.8,1.4,3.1,14.3,28.3,EW,4.01,4,W_EXCLUSIVE_GREEN,45.0
5.3,0.9833,0.1822,0,18.0,19.2,62.5,21.4,0.5,3.0,2.9,1.5,6.1,7.4,4.8,11.2,3.5,4.4,13.5,16.0,25.6,EW,1.56,3,E_EXCLUSIVE_GREEN,45.0
19.683333333333334,-0.9045,0.4266,0,26.3,21.1,34.3,30.7,4.2,2.5,1.2,1.1,7.1,3.0,2.8,5.6,6.7,2.3,10.1,8.399999999999999,19.8,EW,1.13,0,BALANCED_PHASE,33.4
9.133333333333333,0.682,-0.7314,1,87.5,17.8,72.4,25.4,12.9,17.9,4.6,8.5,6.0,11.5,1.1,8.5,30.799999999999997,13.1,17.5,9.6,36.4,NS,2.82,1,N_EXCLUSIVE_GREEN,45.0
19.416666666666668,-0.932,0.3624,1,16.8,118.6,20.3,65.9,0.8,0.8,7.2,20.1,0.6,6.4,14.0,13.1,1.6,27.3,7.0,27.1,51.3,NS,9.34,2,S_EXCLUSIVE_GREEN,45.0
15.7,-0.8241,-0.5664,0,54.9,17.5,17.2,21.3,6.1,6.2,1.9,1.4,2.2,3.8,3.0,1.6,12.3,3.3,6.0,4.6,19.3,NS,3.19,1,N_EXCLUSIVE_GREEN,41.4
2.2666666666666666,0.5592,0.829,0,20.2,23.4,29.1,20.9,2.6,1.7,2.1,1.1,2.8,4.7,2.2,7.8,4.3,3.2,7.5,10.0,19.2,EW,1.3,0,BALANCED_PHASE,32.2
6.516666666666667,0.9909,-0.1349,0,24.1,37.6,20.9,22.6,1.9,5.5,1.8,6.6,2.6,2.6,2.1,5.6,7.4,8.4,5.2,7.699999999999999,16.2,NS,1.25,0,BALANCED_PHASE,30.2
11.95,0.0131,-0.9999,0,26.9,26.6,25.0,35.1,3.5,3.7,2.9,6.0,1.7,4.7,2.5,8.2,7.2,8.9,6.4,10.7,15.1,EW,1.49,4,W_EXCLUSIVE_GREEN,34.2
7.466666666666667,0.9272,-0.3746,1,56.1,13.9,63.7,14.2,2.7,12.0,1.9,0.9,6.8,10.7,0.3,6.5,14.7,2.8,17.5,6.8,27.8,EW,2.98,3,E_EXCLUSIVE_GREEN,45.0
22.316666666666666,-0.4266,0.9045,0,29.2,26.7,23.7,27.6,4.9,6.9,2.0,5.5,4.5,4.3,0.9,6.1,11.8,7.5,8.8,7.0,12.1,NS,1.32,0,BALANCED_PHASE,35.1
17.3,-0.9833,-0.1822,1,15.2,55.4,17.3,58.6,0.2,2.6,8.1,12.8,2.4,1.2,7.5,6.1,2.8000000000000003,20.9,3.5999999999999996,13.6,43.4,NS,5.04,2,S_EXCLUSIVE_GREEN,45.0
20.25,-0.8315,0.5556,0,33.6,29.2,27.3,36.9,2.8,12.1,3.3,1.3,3.4,6.9,1.5,5.8,14.899999999999999,4.6,10.3,7.3,26.9,NS,1.97,1,N_EXCLUSIVE_GREEN,43.5
8.333333333333334,0.8192,-0.5736,1,102.8,12.9,113.7,17.6,14.4,17.9,2.9,2.8,7.2,17.5,1.6,1.5,32.3,5.699999999999999,24.7,3.1,57.1,EW,6.67,3,E_EXCLUSIVE_GREEN,45.0
22.566666666666666,-0.3665,0.9304,0,22.5,24.7,25.1,22.2,0.7,4.5,2.9,6.7,3.3,2.6,1.5,10.9,5.2,9.6,5.9,12.4,20.8,EW,1.61,3,E_EXCLUSIVE_GREEN,36.4
1.3666666666666667,0.3502,0.9367,0,33.1,21.4,33.0,21.9,1.5,2.9,3.6,1.4,2.5,5.0,0.4,1.5,4.4,5.0,7.5,1.9,13.0,EW,2.08,3,E_EXCLUSIVE_GREEN,27.2
22.65,-0.3461,0.9382,0,31.9,29.7,29.9,29.9,2.9,8.2,5.6,2.8,3.9,2.8,7.5,7.1,11.1,8.399999999999999,6.699999999999999,14.6,18.6,NS,1.18,0,BALANCED_PHASE,34.8
2.216666666666667,0.5483,0.8363,0,30.5,23.0,33.3,20.8,6.5,6.8,5.8,4.3,3.2,12.4,1.7,7.5,13.3,10.1,15.600000000000001,9.2,19.9,EW,1.61,3,E_EXCLUSIVE_GREEN,44.2
16.233333333333334,-0.8949,-0.4462,0,33.2,77.3,24.7,32.0,5.3,3.1,13.6,17.6,0.2,3.9,2.3,3.7,8.4,31.200000000000003,4.1,6.0,55.1,NS,3.0,2,S_EXCLUSIVE_GREEN,45.0
3.3833333333333333,0.7744,0.6327,0,32.9,21.6,20.9,38.9,2.5,5.1,3.2,3.2,0.4,1.1,2.1,2.7,7.6,6.4,1.5,4.800000000000001,8.7,NS,1.26,0,BALANCED_PHASE,27.0
4.033333333333333,0.8704,0.4924,0,21.4,22.2,30.7,39.8,6.5,3.1,3.8,5.5,5.8,4.2,12.1,12.9,9.6,9.3,10.0,25.0,50.4,EW,1.98,4,W_EXCLUSIVE_GREEN,45.0
22.466666666666665,-0.3907,0.9205,0,33.0,21.5,25.3,21.8,2.9,8.9,0.7,2.3,6.6,4.8,2.1,4.4,11.8,3.0,11.399999999999999,6.5,21.6,NS,2.36,1,N_EXCLUSIVE_GREEN,36.7
14.116666666666667,-0.5262,-0.8504,0,129.5,21.6,17.3,18.3,8.2,22.1,2.1,1.8,0.2,2.5,0.7,4.9,30.3,3.9000000000000004,2.7,5.6000000000000005,61.3,NS,6.44,1,N_EXCLUSIVE_GREEN,45.0
8.283333333333333,0.8266,-0.5628,1,62.9,18.0,109.7,13.4,3.5,16.7,3.7,4.0,20.1,16.1,1.4,0.8,20.2,7.7,36.2,2.2,36.8,EW,10.79,3,E_EXCLUSIVE_GREEN,45.0
18.4,-0.9945,0.1045,1,21.3,59.9,24.8,91.6,4.0,7.8,4.5,18.9,1.6,2.1,17.3,22.7,11.8,23.4,3.7,40.0,47.3,EW,6.37,4,W_EXCLUSIVE_GREEN,45.0
9.866666666666667,0.5299,-0.848,0,28.7,34.1,25.9,24.7,3.8,7.5,2.2,5.5,1.1,1.5,3.6,3.5,11.3,7.7,2.6,7.1,20.4,NS,1.3,0,BALANCED_PHASE,35.8
1.2833333333333332,0.3297,0.9441,0,33.7,22.9,31.4,31.2,2.7,5.4,2.5,1.9,5.4,3.9,2.9,1.7,8.100000000000001,4.4,9.3,4.6,12.1,EW,1.37,0,BALANCED_PHASE,30.5
12.516666666666667,-0.1349,-0.9909,0,17.3,18.8,25.7,68.2,7.0,4.8,0.8,1.1,2.1,6.4,9.2,13.1,11.8,1.9000000000000001,8.5,22.299999999999997,39.8,EW,2.54,4,W_EXCLUSIVE_GREEN,45.0
12.466666666666667,-0.1219,-0.9925,0,17.9,136.8,25.1,30.0,0.1,1.0,17.0,24.8,1.9,3.5,7.8,2.4,1.1,41.8,5.4,10.2,72.9,NS,13.33,2,S_EXCLUSIVE_GREEN,45.0
12.183333333333334,-0.048,-0.9988,0,21.5,28.0,23.5,32.0,0.6,1.9,4.1,8.2,1.1,3.6,3.2,3.8,2.5,12.299999999999999,4.7,7.0,19.8,EW,1.35,0,BALANCED_PHASE,26.7
17.05,-0.9692,-0.2462,1,25.5,103.7,20.9,54.0,2.1,2.8,14.6,28.6,0.4,1.5,5.7,8.0,4.9,43.2,1.9,13.7,59.5,NS,6.09,2,S_EXCLUSIVE_GREEN,45.0
21.316666666666666,-0.6461,0.7632,0,17.3,21.0,54.1,25.9,3.8,0.2,1.8,3.4,2.5,10.7,1.9,6.8,4.0,5.2,13.2,8.7,22.0,EW,1.67,3,E_EXCLUSIVE_GREEN,43.3
0.9666666666666667,0.2504,0.9681,0,20.8,26.9,20.5,35.3,1.1,2.4,3.2,4.3,2.4,4.8,3.0,7.7,3.5,7.5,7.199999999999999,10.7,19.5,EW,1.5,4,W_EXCLUSIVE_GREEN,34.7
10.983333333333333,0.263,-0.9648,0,20.6,20.2,24.4,25.6,0.8,1.4,5.2,4.6,3.6,4.2,4.3,5.3,2.2,9.8,7.800000000000001,9.6,12.8,EW,1.12,0,BALANCED_PHASE,30.1
8.85,0.7343,-0.6788,1,127.4,15.8,56.7,18.1,11.3,18.1,4.0,1.0,4.6,13.0,2.4,0.6,29.400000000000002,5.0,17.6,3.0,53.1,NS,6.34,1,N_EXCLUSIVE_GREEN,45.0
18.216666666666665,-0.9984,0.0567,1,21.2,61.8,12.1,95.4,5.1,2.9,6.2,17.4,3.0,0.5,16.4,10.8,8.0,23.599999999999998,3.5,27.2,47.4,EW,7.2,4,W_EXCLUSIVE_GREEN,45.0
0.35,0.0915,0.9958,0,27.7,29.6,28.9,29.4,0.2,4.8,1.7,3.1,2.3,1.8,5.3,5.2,5.0,4.8,4.1,10.5,18.6,EW,1.58,4,W_EXCLUSIVE_GREEN,33.2
19.45,-0.9288,0.3706,1,13.3,131.4,25.0,97.7,2.7,9.5,18.0,17.0,7.2,2.0,10.6,14.0,12.2,35.0,9.2,24.6,40.7,NS,3.99,2,S_EXCLUSIVE_GREEN,45.0
13.833333333333334,-0.4617,-0.887,0,32.8,21.0,20.3,38.7,0.3,14.9,1.0,2.7,3.1,4.0,3.0,13.0,15.200000000000001,3.7,7.1,16.0,34.3,EW,2.04,4,W_EXCLUSIVE_GREEN,45.0
23.8,-0.0523,0.9986,0,130.6,19.0,25.4,29.6,20.2,30.3,1.8,2.8,3.9,4.2,1.0,4.2,50.5,4.6,8.1,5.2,52.6,NS,8.61,1,N_EXCLUSIVE_GREEN,45.0
17.4,-0.9877,-0.1564,1,20.0,97.4,12.4,73.3,0.5,1.5,15.8,11.5,2.3,2.7,12.7,8.0,2.0,27.3,5.0,20.7,27.9,NS,7.19,2,S_EXCLUSIVE_GREEN,45.0
23.983333333333334,-0.0044,1.0,0,23.5,22.3,23.7,23.4,2.3,1.7,5.2,0.8,1.7,5.2,1.1,5.6,4.0,6.0,6.9,6.699999999999999,15.0,EW,0.98,0,BALANCED_PHASE,24.6
17.483333333333334,-0.9909,-0.1349,1,15.5,57.0,26.7,57.1,0.7,2.0,2.2,7.9,1.9,6.0,3.4,5.3,2.7,10.100000000000001,7.9,8.7,14.3,EW,1.46,4,W_EXCLUSIVE_GREEN,34.1
13.6,-0.4067,-0.9135,0,27.9,34.5,26.9,29.9,6.9,4.7,2.4,3.0,2.7,6.3,3.1,2.3,11.600000000000001,5.4,9.0,5.4,14.6,NS,1.61,1,N_EXCLUSIVE_GREEN,35.9
16.266666666666666,-0.8988,-0.4384,0,32.8,21.3,25.9,51.6,3.0,4.1,5.6,6.1,3.0,6.0,3.6,5.7,7.1,11.7,9.0,9.3,24.6,EW,1.34,4,W_EXCLUSIVE_GREEN,35.3
14.783333333333333,-0.6659,-0.7461,0,24.0,29.1,21.7,20.2,5.5,6.1,3.7,11.0,0.5,1.8,1.1,2.8,11.6,14.7,2.3,3.9,23.8,NS,1.21,0,BALANCED_PHASE,42.0
7.133333333333334,0.9563,-0.2924,1,60.3,16.2,61.8,20.8,6.2,8.9,2.1,3.3,10.5,2.6,0.4,6.1,15.100000000000001,5.4,13.1,6.5,18.9,EW,2.28,3,E_EXCLUSIVE_GREEN,44.2
0.2833333333333333,0.0741,0.9973,0,25.1,23.2,20.4,20.6,0.7,1.9,10.0,3.1,4.4,3.6,1.8,2.4,2.5999999999999996,13.1,8.0,4.2,18.6,NS,2.34,1,N_EXCLUSIVE_GREEN,37.6
8.083333333333334,0.8549,-0.5188,1,113.2,15.5,69.3,13.5,22.8,20.1,4.5,3.2,7.7,5.6,6.5,0.6,42.900000000000006,7.7,13.3,7.1,45.1,NS,5.8,1,N_EXCLUSIVE_GREEN,45.0
7.816666666666666,0.889,-0.4579,1,50.7,12.5,118.5,15.0,4.9,4.5,1.1,0.8,10.4,32.3,3.9,5.4,9.4,1.9000000000000001,42.699999999999996,9.3,64.9,EW,5.19,3,E_EXCLUSIVE_GREEN,45.0
17.3,-0.9833,-0.1822,1,12.9,86.1,13.5,50.3,0.1,1.3,4.8,12.4,0.4,0.8,3.8,10.1,1.4000000000000001,17.2,1.2000000000000002,13.899999999999999,25.4,NS,7.68,2,S_EXCLUSIVE_GREEN,45.0
10.6,0.3584,-0.9336,0,24.8,23.0,56.9,30.7,1.7,3.5,1.4,2.1,2.7,11.2,0.9,7.6,5.2,3.5,13.899999999999999,8.5,14.7,EW,1.67,3,E_EXCLUSIVE_GREEN,44.5
11.283333333333333,0.1865,-0.9825,0,36.8,31.2,25.4,20.7,0.8,9.1,4.6,4.2,6.5,4.5,1.8,2.1,9.9,8.8,11.0,3.9000000000000004,20.0,NS,1.11,0,BALANCED_PHASE,33.4
20.85,-0.7343,0.6788,0,33.8,29.6,25.4,27.8,5.4,6.6,2.8,1.9,3.9,1.2,3.5,2.6,12.0,4.699999999999999,5.1,6.1,19.9,NS,1.69,1,N_EXCLUSIVE_GREEN,37.1
0.11666666666666667,0.0305,0.9995,0,23.7,22.3,63.6,26.0,1.4,8.2,3.5,2.4,5.3,4.7,1.1,4.2,9.6,5.9,10.0,5.300000000000001,13.7,EW,2.06,3,E_EXCLUSIVE_GREEN,37.8
8.9,0.7254,-0.6884,1,144.6,21.6,89.1,14.3,17.8,31.9,0.2,6.9,15.5,14.6,0.6,1.5,49.7,7.1000000000000005,30.1,2.1,71.5,NS,6.59,1,N_EXCLUSIVE_GREEN,45.0
5.466666666666667,0.9903,0.1392,0,21.6,32.2,30.2,21.5,1.3,2.1,7.4,3.1,6.5,2.5,0.8,3.7,3.4000000000000004,10.5,9.0,4.5,21.5,NS,2.06,2,S_EXCLUSIVE_GREEN,33.9
14.0,-0.5,-0.866,0,26.2,35.2,35.6,30.2,2.3,2.9,4.6,8.7,4.8,1.5,3.6,3.5,5.199999999999999,13.299999999999999,6.3,7.1,22.9,NS,1.86,2,S_EXCLUSIVE_GREEN,40.2
11.5,0.1305,-0.9914,0,20.1,23.8,23.5,36.7,1.3,4.7,0.8,6.4,2.9,2.1,3.3,4.1,6.0,7.2,5.0,7.3999999999999995,7.8,EW,1.44,4,W_EXCLUSIVE_GREEN,27.2
17.216666666666665,-0.979,-0.2036,1,17.9,70.3,12.3,89.0,1.0,5.7,5.8,14.0,3.2,1.6,9.5,17.2,6.7,19.8,4.800000000000001,26.7,50.5,EW,5.74,4,W_EXCLUSIVE_GREEN,45.0
13.05,-0.2714,-0.9625,0,26.1,26.4,22.0,23.7,1.1,2.8,6.8,5.6,4.0,1.2,1.7,6.3,3.9,12.399999999999999,5.2,8.0,14.9,NS,1.84,2,S_EXCLUSIVE_GREEN,36.0
2.283333333333333,0.5628,0.8266,0,20.9,32.8,23.2,26.7,6.0,9.7,4.4,7.7,1.6,1.7,1.5,1.9,15.7,12.100000000000001,3.3,3.4,24.3,NS,1.33,0,BALANCED_PHASE,44.7
17.333333333333332,-0.9848,-0.1736,1,18.9,60.7,16.7,51.3,6.1,2.3,4.9,8.0,3.4,1.5,3.9,7.3,8.399999999999999,12.9,4.9,11.2,24.8,NS,1.98,2,S_EXCLUSIVE_GREEN,44.2
2.466666666666667,0.6018,0.7986,0,25.2,22.7,75.3,17.8,1.6,3.3,2.5,10.8,11.2,12.6,0.2,0.3,4.9,13.3,23.799999999999997,0.5,29.7,EW,8.53,3,E_EXCLUSIVE_GREEN,45.0
8.916666666666666,0.7224,-0.6915,1,109.2,12.6,61.8,19.4,12.3,18.9,0.9,1.1,5.0,15.4,2.7,3.8,31.2,2.0,20.4,6.5,35.2,NS,10.58,1,N_EXCLUSIVE_GREEN,45.0
15.133333333333333,-0.7314,-0.682,0,24.7,61.7,17.3,19.6,2.0,3.2,4.2,7.0,0.6,3.1,1.9,1.9,5.2,11.2,3.7,3.8,22.6,NS,2.21,2,S_EXCLUSIVE_GREEN,40.8
4.916666666666667,0.96,0.2798,0,35.6,26.1,25.4,28.6,3.8,21.3,4.9,2.6,1.9,3.4,2.8,1.0,25.1,7.5,5.3,3.8,47.8,NS,2.44,1,N_EXCLUSIVE_GREEN,45.0
1.2333333333333334,0.3173,0.9483,0,75.5,22.2,17.3,21.2,12.1,12.7,0.9,4.4,1.1,0.7,0.8,6.2,24.799999999999997,5.300000000000001,1.8,7.0,37.7,NS,3.9,1,N_EXCLUSIVE_GREEN,45.0
5.716666666666667,0.9973,0.0741,0,30.4,27.2,26.3,20.6,5.9,4.4,0.5,4.9,2.1,10.8,3.0,2.4,10.3,5.4,12.9,5.4,19.6,NS,1.44,1,N_EXCLUSIVE_GREEN,33.0
14.616666666666667,-0.6327,-0.7744,0,25.6,62.1,32.7,18.2,1.0,3.5,4.7,6.8,7.2,3.4,2.8,3.9,4.5,11.5,10.6,6.699999999999999,14.0,NS,2.36,2,S_EXCLUSIVE_GREEN,40.6
1.75,0.4423,0.8969,0,35.6,21.6,39.8,24.6,3.4,5.6,6.7,5.4,4.3,12.8,3.0,1.5,9.0,12.100000000000001,17.1,4.5,28.9,EW,2.53,3,E_EXCLUSIVE_GREEN,45.0
8.016666666666667,0.8638,-0.5038,1,87.5,16.0,104.9,17.5,7.1,7.7,1.6,0.8,17.1,26.9,0.3,1.8,14.8,2.4000000000000004,44.0,2.1,83.5,EW,10.64,3,E_EXCLUSIVE_GREEN,45.0
21.9,-0.5225,0.8526,0,21.6,22.3,21.6,32.6,5.8,5.9,0.2,4.3,4.8,4.3,1.8,2.5,11.7,4.5,9.1,4.3,22.6,EW,1.71,3,E_EXCLUSIVE_GREEN,31.3
11.566666666666666,0.1132,-0.9936,0,38.0,28.4,22.5,27.3,3.4,6.1,1.0,3.2,4.2,0.7,7.3,7.9,9.5,4.2,4.9,15.2,24.9,NS,1.65,1,N_EXCLUSIVE_GREEN,33.3
19.25,-0.9469,0.3214,1,22.5,107.2,19.3,51.2,3.0,2.1,10.2,18.7,4.1,5.1,7.1,12.9,5.1,28.9,9.2,20.0,59.4,NS,4.98,2,S_EXCLUSIVE_GREEN,45.0
11.1,0.2334,-0.9724,0,25.3,22.2,23.4,81.1,3.4,6.6,1.8,4.8,2.0,4.7,7.8,20.8,10.0,6.6,6.7,28.6,35.3,EW,3.77,4,W_EXCLUSIVE_GREEN,45.0
3.533333333333333,0.7986,0.6018,0,18.8,105.0,28.4,21.1,6.3,1.7,19.1,11.6,1.7,4.7,1.3,4.2,8.0,30.700000000000003,6.4,5.5,31.5,NS,4.21,2,S_EXCLUSIVE_GREEN,45.0
10.6,0.3584,-0.9336,0,29.4,18.6,19.6,59.5,2.1,4.3,1.6,0.3,1.9,4.9,7.8,10.7,6.4,1.9000000000000001,6.800000000000001,18.5,31.3,EW,2.71,4,W_EXCLUSIVE_GREEN,45.0
2.6833333333333336,0.6461,0.7632,0,34.3,23.5,38.6,27.5,0.5,8.7,2.0,2.0,5.5,5.0,1.2,5.3,9.2,4.0,10.5,6.5,11.7,EW,1.46,3,E_EXCLUSIVE_GREEN,34.1
9.15,0.6788,-0.7343,1,80.7,13.0,85.9,20.4,12.8,18.6,0.2,2.4,15.2,19.9,0.5,4.4,31.400000000000002,2.6,35.099999999999994,4.9,35.4,EW,5.51,3,E_EXCLUSIVE_GREEN,45.0
0.3333333333333333,0.0872,0.9962,0,36.2,27.9,39.8,28.9,2.7,6.6,1.5,2.6,7.1,8.5,4.7,6.5,9.3,4.1,15.6,11.2,19.8,EW,1.35,0,BALANCED_PHASE,45.0
11.35,0.1693,-0.9856,0,25.4,37.1,23.2,27.1,1.2,5.1,13.1,2.9,1.5,1.1,1.1,0.9,6.3,16.0,2.6,2.0,17.3,NS,1.97,2,S_EXCLUSIVE_GREEN,45.0
20.383333333333333,-0.8116,0.5842,0,28.3,30.3,29.4,22.8,4.1,2.7,1.8,4.3,2.4,2.5,0.7,2.1,6.8,6.1,4.9,2.8,14.6,NS,1.05,0,BALANCED_PHASE,25.5
9.65,0.5771,-0.8166,0,32.9,17.6,105.4,21.6,5.2,3.7,3.1,2.8,9.5,24.2,0.1,0.5,8.9,5.9,33.7,0.6,49.0,EW,10.1,3,E_EXCLUSIVE_GREEN,45.0
1.3,0.3338,0.9426,0,22.0,21.1,24.9,31.4,2.7,3.6,3.0,1.5,6.7,1.8,3.4,4.5,6.300000000000001,4.5,8.5,7.9,14.2,EW,1.1,0,BALANCED_PHASE,29.1
18.016666666666666,-1.0,0.0044,1,13.8,115.7,12.3,118.4,0.9,2.6,10.2,16.1,0.5,3.0,12.8,18.5,3.5,26.3,3.5,31.3,49.4,EW,8.52,4,W_EXCLUSIVE_GREEN,45.0
3.6333333333333333,0.8141,0.5807,0,24.5,29.3,95.8,17.2,1.6,5.8,1.2,8.4,7.7,13.6,1.5,1.0,7.4,9.6,21.3,2.5,38.8,EW,6.28,3,E_EXCLUSIVE_GREEN,45.0
16.75,-0.9469,-0.3214,1,24.3,148.3,12.4,54.5,2.6,9.4,14.3,27.0,2.3,0.6,3.5,8.8,12.0,41.3,2.9,12.3,70.6,NS,4.09,2,S_EXCLUSIVE_GREEN,45.0
23.533333333333335,-0.1219,0.9925,0,25.9,21.2,20.3,20.7,6.3,8.3,1.2,5.1,4.2,0.9,5.3,1.2,14.600000000000001,6.3,5.1000000000000005,6.5,27.9,NS,1.79,1,N_EXCLUSIVE_GREEN,41.6
22.366666666666667,-0.4147,0.91,0,23.7,21.2,30.5,26.8,1.4,2.7,5.4,2.7,8.1,4.4,4.0,5.3,4.1,8.100000000000001,12.5,9.3,16.4,EW,1.23,0,BALANCED_PHASE,37.1
12.883333333333333,-0.2292,-0.9734,0,21.6,25.6,34.0,31.9,4.1,3.7,2.4,4.3,2.4,8.8,1.2,4.4,7.8,6.699999999999999,11.200000000000001,5.6000000000000005,17.3,EW,1.44,3,E_EXCLUSIVE_GREEN,35.2
21.766666666666666,-0.5519,0.8339,0,53.2,28.0,18.6,31.5,8.4,8.8,3.0,11.7,1.6,4.3,3.2,12.1,17.200000000000003,14.7,5.9,15.3,35.3,NS,1.34,1,N_EXCLUSIVE_GREEN,45.0
2.9833333333333334,0.704,0.7102,0,30.4,33.8,25.1,35.1,1.5,5.6,4.3,17.1,3.0,5.7,6.4,6.4,7.1,21.400000000000002,8.7,12.8,35.8,NS,2.06,2,S_EXCLUSIVE_GREEN,45.0
18.533333333333335,-0.9903,0.1392,1,12.1,86.9,25.3,105.6,1.2,1.8,9.8,8.7,3.3,3.3,8.4,17.7,3.0,18.5,6.6,26.1,46.3,EW,3.88,4,W_EXCLUSIVE_GREEN,45.0
18.666666666666668,-0.9848,0.1736,1,23.8,87.2,17.6,72.1,0.8,4.1,7.8,14.9,1.1,4.1,2.8,8.8,4.8999999999999995,22.7,5.199999999999999,11.600000000000001,42.9,NS,3.95,2,S_EXCLUSIVE_GREEN,45.0
17.766666666666666,-0.9981,-0.061,1,21.7,91.2,22.2,48.8,5.3,4.2,7.3,16.6,3.1,2.3,2.9,6.8,9.5,23.900000000000002,5.4,9.7,44.2,NS,2.94,2,S_EXCLUSIVE_GREEN,45.0
13.566666666666666,-0.3987,-0.9171,0,34.6,26.0,22.5,25.0,1.1,9.2,2.5,0.9,3.3,3.1,7.2,5.4,10.299999999999999,3.4,6.4,12.600000000000001,23.1,NS,1.89,1,N_EXCLUSIVE_GREEN,34.1
16.85,-0.955,-0.2965,1,17.4,63.8,12.8,51.4,0.3,10.4,9.6,14.8,0.8,1.5,6.3,10.2,10.700000000000001,24.4,2.3,16.5,52.5,NS,2.53,2,S_EXCLUSIVE_GREEN,45.0
1.6333333333333333,0.4147,0.91,0,28.9,28.7,22.7,29.4,3.1,4.2,6.0,1.9,0.3,2.0,2.9,5.0,7.300000000000001,7.9,2.3,7.9,12.8,NS,1.01,0,BALANCED_PHASE,27.3
16.55,-0.9288,-0.3706,1,24.6,113.4,19.9,46.6,1.7,5.0,14.1,22.1,4.0,4.3,5.2,3.9,6.7,36.2,8.3,9.1,48.5,NS,4.86,2,S_EXCLUSIVE_GREEN,45.0
14.333333333333334,-0.5736,-0.8192,0,20.5,18.4,117.8,32.3,1.9,0.7,1.4,3.0,13.5,20.7,1.6,7.2,2.5999999999999996,4.4,34.2,8.8,37.2,EW,3.66,3,E_EXCLUSIVE_GREEN,45.0
7.35,0.9382,-0.3461,1,98.6,21.4,75.1,12.8,8.6,19.5,3.6,0.9,8.1,13.5,6.2,2.4,28.1,4.5,21.6,8.6,39.4,NS,5.16,1,N_EXCLUSIVE_GREEN,45.0
7.85,0.885,-0.4656,1,119.5,23.5,69.4,12.3,26.9,20.3,1.5,3.1,4.9,18.1,1.6,1.8,47.2,4.6,23.0,3.4000000000000004,61.2,NS,7.26,1,N_EXCLUSIVE_GREEN,45.0
11.233333333333333,0.1994,-0.9799,0,25.0,38.7,30.0,29.7,4.9,9.1,3.5,6.5,4.2,5.7,2.1,4.1,14.0,10.0,9.9,6.199999999999999,18.4,NS,1.4,1,N_EXCLUSIVE_GREEN,41.8
23.116666666666667,-0.2292,0.9734,0,29.2,22.0,22.4,27.9,4.0,5.4,1.6,3.3,5.4,2.2,0.7,3.9,9.4,4.9,7.6000000000000005,4.6,12.6,NS,1.56,1,N_EXCLUSIVE_GREEN,30.3
14.766666666666667,-0.6626,-0.749,0,24.0,28.2,38.8,20.3,7.6,5.1,5.7,6.0,3.5,6.4,4.1,3.7,12.7,11.7,9.9,7.8,16.0,EW,1.43,3,E_EXCLUSIVE_GREEN,33.4
13.383333333333333,-0.3543,-0.9351,0,50.8,20.2,28.4,18.3,4.4,9.0,1.5,3.2,5.8,1.8,2.6,3.9,13.4,4.7,7.6,6.5,17.9,NS,2.55,1,N_EXCLUSIVE_GREEN,42.7
11.683333333333334,0.0828,-0.9966,0,22.7,25.3,35.6,28.1,3.4,2.2,3.2,2.6,4.1,6.3,3.4,6.6,5.6,5.800000000000001,10.399999999999999,10.0,21.3,EW,1.09,0,BALANCED_PHASE,34.3
7.466666666666667,0.9272,-0.3746,1,107.4,17.8,60.7,19.1,14.6,13.0,0.7,3.7,10.2,9.5,1.5,9.8,27.6,4.4,19.7,11.3,54.1,NS,5.8,1,N_EXCLUSIVE_GREEN,45.0
13.233333333333333,-0.3173,-0.9483,0,21.3,26.3,23.7,22.0,2.9,8.7,1.4,2.4,4.6,3.3,0.7,5.5,11.6,3.8,7.8999999999999995,6.2,13.1,NS,1.97,1,N_EXCLUSIVE_GREEN,34.2
4.983333333333333,0.9648,0.263,0,24.3,22.5,28.1,24.9,1.5,4.6,0.5,5.2,3.6,4.5,2.1,8.8,6.1,5.7,8.1,10.9,22.8,EW,1.22,0,BALANCED_PHASE,34.1
13.716666666666667,-0.4344,-0.9007,0,21.4,25.1,22.5,34.8,1.9,2.5,6.2,2.8,2.3,4.4,1.3,6.6,4.4,9.0,6.7,7.8999999999999995,11.2,EW,1.27,0,BALANCED_PHASE,28.2
4.633333333333333,0.9367,0.3502,0,22.7,21.1,87.0,17.5,1.2,2.3,1.3,8.3,9.4,5.7,1.5,0.6,3.5,9.600000000000001,15.100000000000001,2.1,21.5,EW,5.33,3,E_EXCLUSIVE_GREEN,45.0
10.333333333333334,0.4226,-0.9063,0,25.7,23.2,22.7,74.7,2.1,2.8,0.9,3.0,1.6,3.0,4.8,22.2,4.9,3.9,4.6,27.0,53.9,EW,4.35,4,W_EXCLUSIVE_GREEN,45.0
13.533333333333333,-0.3907,-0.9205,0,38.7,25.4,22.0,35.9,1.2,4.4,1.5,4.6,3.2,4.0,6.8,3.1,5.6000000000000005,6.1,7.2,9.9,10.9,NS,1.24,0,BALANCED_PHASE,25.3
18.516666666666666,-0.9909,0.1349,1,21.5,81.8,13.1,67.4,1.3,0.9,8.6,18.1,1.6,0.5,3.4,4.5,2.2,26.700000000000003,2.1,7.9,44.5,NS,6.15,2,S_EXCLUSIVE_GREEN,45.0
20.933333333333334,-0.7193,0.6947,0,21.9,20.8,28.1,31.0,4.7,2.7,1.0,2.0,1.2,7.8,8.3,5.9,7.4,3.0,9.0,14.200000000000001,27.3,EW,1.35,0,BALANCED_PHASE,41.7
5.933333333333334,0.9998,0.0175,0,30.2,21.3,21.2,22.0,1.8,5.8,4.0,2.4,1.3,2.5,1.4,3.9,7.6,6.4,3.8,5.3,8.5,NS,1.22,0,BALANCED_PHASE,26.5
5.116666666666666,0.9734,0.2292,0,34.5,26.3,35.3,23.1,1.1,6.0,2.1,1.5,6.9,2.2,5.1,6.7,7.1,3.6,9.100000000000001,11.8,17.9,EW,1.33,0,BALANCED_PHASE,36.8
17.75,-0.9979,-0.0654,1,24.4,51.2,26.0,63.2,2.0,6.2,8.1,8.0,3.9,7.7,7.4,9.1,8.2,16.1,11.6,16.5,21.5,EW,1.68,4,W_EXCLUSIVE_GREEN,45.0
15.783333333333333,-0.8363,-0.5483,0,77.8,17.5,18.8,24.8,13.2,9.6,0.7,0.3,5.2,4.0,2.9,3.2,22.799999999999997,1.0,9.2,6.1,23.2,NS,7.68,1,N_EXCLUSIVE_GREEN,45.0
13.016666666666667,-0.263,-0.9648,0,32.8,28.6,28.4,21.3,6.3,1.1,1.3,3.4,1.3,5.3,3.2,3.6,7.4,4.7,6.6,6.800000000000001,10.8,NS,1.28,0,BALANCED_PHASE,26.8
2.1333333333333333,0.5299,0.848,0,31.7,25.2,30.2,23.5,2.5,4.8,2.0,5.1,1.4,3.2,2.6,1.1,7.3,7.1,4.6,3.7,11.3,NS,1.08,0,BALANCED_PHASE,26.4
16.966666666666665,-0.9636,-0.2672,1,22.1,96.4,22.7,53.7,3.6,3.0,7.5,9.8,0.8,4.1,5.6,9.4,6.6,17.3,4.8999999999999995,15.0,35.6,NS,3.18,2,S_EXCLUSIVE_GREEN,45.0
12.95,-0.2462,-0.9692,0,23.2,21.3,23.6,23.9,0.9,7.8,2.3,2.6,3.5,2.5,1.7,2.6,8.7,4.9,6.0,4.3,17.1,NS,1.38,0,BALANCED_PHASE,28.3
4.416666666666667,0.9153,0.4027,0,29.4,20.9,25.5,39.2,2.9,2.3,0.4,4.5,3.4,5.8,3.6,8.6,5.199999999999999,4.9,9.2,12.2,26.6,EW,1.35,0,BALANCED_PHASE,39.1
7.75,0.8969,-0.4423,1,72.1,13.6,78.2,14.4,9.2,14.7,0.0,5.2,5.6,11.2,1.7,0.9,23.9,5.2,16.799999999999997,2.6,40.5,NS,4.55,1,N_EXCLUSIVE_GREEN,45.0
9.116666666666667,0.6852,-0.7284,1,63.7,15.0,107.4,16.5,12.6,15.8,0.5,0.4,11.5,12.6,4.7,0.7,28.4,0.9,24.1,5.4,35.2,EW,4.95,3,E_EXCLUSIVE_GREEN,45.0
10.95,0.2714,-0.9625,0,35.7,35.6,21.2,21.1,4.3,4.0,7.0,11.8,1.8,2.3,3.8,11.6,8.3,18.8,4.1,15.399999999999999,33.4,NS,1.63,1,N_EXCLUSIVE_GREEN,45.0
10.616666666666667,0.3543,-0.9351,0,27.8,28.0,28.1,21.5,3.1,11.7,1.6,3.5,3.4,16.9,0.9,5.8,14.799999999999999,5.1,20.299999999999997,6.7,35.4,EW,2.25,3,E_EXCLUSIVE_GREEN,45.0
3.7666666666666666,0.8339,0.5519,0,24.6,22.4,62.3,22.2,2.7,6.1,2.5,2.5,6.3,15.7,2.9,2.9,8.8,5.0,22.0,5.8,42.6,EW,3.21,3,E_EXCLUSIVE_GREEN,45.0
14.966666666666667,-0.7009,-0.7133,0,31.5,25.0,29.6,38.1,5.1,5.2,1.0,5.8,6.6,6.9,5.6,6.2,10.3,6.8,13.5,11.8,14.5,EW,1.16,0,BALANCED_PHASE,40.3
14.783333333333333,-0.6659,-0.7461,0,34.8,21.0,38.8,25.2,3.9,1.3,0.8,2.3,1.6,6.1,9.0,1.3,5.2,3.0999999999999996,7.699999999999999,10.3,16.6,EW,1.36,0,BALANCED_PHASE,34.2
9.8,0.5446,-0.8387,0,30.1,33.1,35.0,21.3,2.6,5.6,6.6,4.8,2.5,4.7,0.2,3.7,8.2,11.399999999999999,7.2,3.9000000000000004,14.7,NS,1.22,0,BALANCED_PHASE,35.2
4.766666666666667,0.9483,0.3173,0,133.3,18.8,22.2,18.0,11.9,25.2,0.1,1.8,5.7,3.2,0.1,3.5,37.1,1.9000000000000001,8.9,3.6,76.4,NS,10.35,1,N_EXCLUSIVE_GREEN,45.0
4.95,0.9625,0.2714,0,21.9,30.2,60.9,22.4,6.1,1.7,1.5,6.3,3.7,16.2,1.7,0.9,7.8,7.8,19.9,2.6,42.7,EW,4.23,3,E_EXCLUSIVE_GREEN,45.0
21.683333333333334,-0.57,0.8216,0,25.7,30.7,27.9,37.2,2.5,1.9,1.9,8.7,0.8,5.8,5.5,4.0,4.4,10.6,6.6,9.5,13.6,EW,1.34,0,BALANCED_PHASE,32.1
10.466666666666667,0.3907,-0.9205,0,18.8,22.4,60.5,29.5,0.9,1.7,3.0,5.0,8.9,11.9,3.2,4.5,2.6,8.0,20.8,7.7,41.8,EW,2.33,3,E_EXCLUSIVE_GREEN,45.0
3.2333333333333334,0.749,0.6626,0,29.4,24.7,75.6,29.1,6.7,2.3,5.8,2.1,14.4,6.4,2.9,6.2,9.0,7.9,20.8,9.1,21.1,EW,2.33,3,E_EXCLUSIVE_GREEN,45.0
1.6,0.4067,0.9135,0,35.1,31.3,36.9,38.2,6.1,14.8,2.2,1.3,3.3,7.7,3.4,2.9,20.9,3.5,11.0,6.3,37.5,EW,1.32,0,BALANCED_PHASE,37.6
16.616666666666667,-0.9351,-0.3543,1,21.9,101.1,15.3,47.8,0.3,3.4,14.1,19.2,1.0,0.3,1.3,13.2,3.6999999999999997,33.3,1.3,14.5,53.9,NS,6.23,2,S_EXCLUSIVE_GREEN,45.0
16.9,-0.9588,-0.284,1,14.9,68.4,13.6,48.5,1.1,1.7,13.3,11.2,2.5,4.4,9.3,9.1,2.8,24.5,6.9,18.4,40.8,NS,6.07,2,S_EXCLUSIVE_GREEN,45.0
13.3,-0.3338,-0.9426,0,23.3,20.5,50.6,21.5,1.8,2.6,2.0,4.8,4.8,12.6,0.3,3.7,4.4,6.8,17.4,4.0,31.6,EW,3.12,3,E_EXCLUSIVE_GREEN,45.0
5.15,0.9753,0.2207,0,21.2,118.4,28.3,32.6,0.4,1.7,17.2,26.7,1.5,2.2,4.1,11.7,2.1,43.9,3.7,15.799999999999999,91.9,NS,9.89,2,S_EXCLUSIVE_GREEN,45.0
13.55,-0.3947,-0.9188,0,18.8,27.3,65.6,20.4,2.1,1.7,3.1,6.9,10.7,18.5,3.2,0.4,3.8,10.0,29.2,3.6,55.2,EW,5.17,3,E_EXCLUSIVE_GREEN,45.0
3.3666666666666667,0.7716,0.6361,0,139.4,22.6,18.8,21.7,17.5,15.8,3.4,2.1,0.0,1.8,2.7,3.7,33.3,5.5,1.8,6.4,38.8,NS,5.81,1,N_EXCLUSIVE_GREEN,45.0
9.283333333333333,0.6528,-0.7576,1,54.0,18.4,82.2,18.1,7.4,10.7,5.5,2.5,4.3,22.1,2.5,13.7,18.1,8.0,26.400000000000002,16.2,33.6,EW,2.11,3,E_EXCLUSIVE_GREEN,45.0
15.466666666666667,-0.788,-0.6157,0,29.1,53.2,17.2,21.4,1.8,9.8,4.7,13.5,1.4,3.9,0.2,4.4,11.600000000000001,18.2,5.3,4.6000000000000005,26.0,NS,1.61,2,S_EXCLUSIVE_GREEN,45.0
9.966666666666667,0.5075,-0.8616,0,66.1,25.9,26.4,24.5,3.2,15.5,4.6,5.4,0.8,3.3,0.7,3.8,18.7,10.0,4.1,4.5,41.0,NS,2.04,1,N_EXCLUSIVE_GREEN,45.0
7.7,0.9026,-0.4305,1,52.5,17.2,73.2,15.4,6.9,7.8,1.7,4.7,6.5,12.6,3.4,0.7,14.7,6.4,19.1,4.1,29.9,EW,4.39,3,E_EXCLUSIVE_GREEN,45.0
8.15,0.8457,-0.5336,1,57.5,14.8,68.0,18.8,4.9,8.8,0.9,1.1,5.8,21.7,3.8,1.8,13.700000000000001,2.0,27.5,5.6,52.9,EW,4.17,3,E_EXCLUSIVE_GREEN,45.0
3.216666666666667,0.7461,0.6659,0,21.9,32.7,31.9,29.0,4.3,7.1,3.6,8.0,5.8,5.1,3.5,5.5,11.399999999999999,11.6,10.899999999999999,9.0,13.5,EW,1.13,0,BALANCED_PHASE,33.9
16.8,-0.9511,-0.309,1,17.9,77.7,15.1,53.3,0.1,1.3,7.3,6.9,1.2,1.5,10.2,12.0,1.4000000000000001,14.2,2.7,22.2,46.2,NS,5.43,2,S_EXCLUSIVE_GREEN,45.0
5.016666666666667,0.967,0.2546,0,37.5,34.5,35.0,34.4,3.7,5.1,2.1,2.3,3.7,9.4,1.8,6.9,8.8,4.4,13.100000000000001,8.700000000000001,20.4,EW,1.25,0,BALANCED_PHASE,39.5
1.95,0.4886,0.8725,0,28.0,33.2,22.5,20.9,1.2,2.7,2.1,6.0,1.0,3.2,4.6,1.5,3.9000000000000004,8.1,4.2,6.1,13.4,NS,1.47,2,S_EXCLUSIVE_GREEN,28.5
6.0,1.0,0.0,0,28.6,23.3,24.8,26.1,3.8,3.4,9.3,2.2,3.3,0.9,0.2,5.3,7.199999999999999,11.5,4.2,5.5,14.2,NS,1.39,0,BALANCED_PHASE,34.6
0.38333333333333336,0.1002,0.995,0,18.2,29.5,21.5,67.6,4.7,2.3,2.2,1.4,0.9,1.9,9.8,9.2,7.0,3.6,2.8,19.0,30.7,EW,4.28,4,W_EXCLUSIVE_GREEN,45.0
23.466666666666665,-0.1392,0.9903,0,31.3,27.4,21.2,33.4,7.3,3.5,2.1,1.6,0.6,1.6,1.1,3.6,10.8,3.7,2.2,4.7,22.7,NS,1.76,1,N_EXCLUSIVE_GREEN,34.5
14.3,-0.5664,-0.8241,0,30.9,25.1,20.9,26.6,2.1,1.5,3.2,1.3,0.2,2.6,1.9,8.6,3.6,4.5,2.8000000000000003,10.5,12.3,NS,1.17,0,BALANCED_PHASE,20.8
22.75,-0.3214,0.9469,0,25.8,21.1,21.8,25.2,4.3,6.1,0.9,1.7,0.5,2.7,0.4,0.9,10.399999999999999,2.6,3.2,1.3,21.3,NS,2.13,1,N_EXCLUSIVE_GREEN,32.6
3.466666666666667,0.788,0.6157,0,21.2,37.5,22.9,21.2,1.1,1.7,0.9,6.8,3.6,1.2,0.9,6.8,2.8,7.7,4.8,7.7,12.7,NS,2.02,2,S_EXCLUSIVE_GREEN,28.4
15.266666666666667,-0.7547,-0.6561,0,17.5,80.1,25.7,20.8,0.4,0.5,5.9,16.2,1.7,5.0,0.4,3.4,0.9,22.1,6.7,3.8,24.9,NS,7.77,2,S_EXCLUSIVE_GREEN,45.0
8.766666666666667,0.749,-0.6626,1,69.2,13.0,77.6,26.8,9.3,6.8,0.8,3.4,5.3,14.4,1.4,8.6,16.1,4.2,19.7,10.0,20.9,EW,2.22,3,E_EXCLUSIVE_GREEN,45.0
21.116666666666667,-0.6852,0.7284,0,36.5,21.7,21.6,24.4,4.7,7.4,2.7,0.7,0.1,1.7,2.3,2.3,12.100000000000001,3.4000000000000004,1.8,4.6,25.2,NS,2.36,1,N_EXCLUSIVE_GREEN,38.3
2.783333333333333,0.6659,0.7461,0,29.5,26.8,29.1,21.0,2.1,4.1,4.7,2.7,1.2,1.2,1.0,4.0,6.199999999999999,7.4,2.4,5.0,10.3,NS,1.1,0,BALANCED_PHASE,26.1
23.066666666666666,-0.2419,0.9703,0,21.8,18.2,90.3,18.2,0.6,0.7,2.1,1.5,11.5,18.6,0.4,3.8,1.2999999999999998,3.6,30.1,4.2,52.0,EW,5.78,3,E_EXCLUSIVE_GREEN,45.0
8.483333333333333,0.796,-0.6053,1,109.4,18.2,70.0,24.6,17.5,19.8,4.7,3.4,6.4,5.6,1.7,4.7,37.3,8.1,12.0,6.4,64.9,NS,4.84,1,N_EXCLUSIVE_GREEN,45.0
20.783333333333335,-0.7461,0.6659,0,20.8,24.3,30.0,36.5,0.2,7.4,8.3,3.9,3.9,9.8,4.7,5.7,7.6000000000000005,12.200000000000001,13.700000000000001,10.4,16.0,EW,1.24,0,BALANCED_PHASE,40.6
2.75,0.6593,0.7518,0,27.5,29.6,38.9,26.3,3.6,6.8,9.9,5.7,3.8,6.3,5.5,4.9,10.4,15.600000000000001,10.1,10.4,16.3,EW,1.15,0,BALANCED_PHASE,34.4
1.45,0.3706,0.9288,0,28.5,21.5,114.8,19.5,4.5,3.8,1.8,0.8,8.3,11.3,0.2,5.1,8.3,2.6,19.6,5.3,39.3,EW,4.39,3,E_EXCLUSIVE_GREEN,45.0
6.883333333333333,0.9734,-0.2292,0,23.5,30.9,21.1,24.0,3.1,6.5,1.8,4.7,6.4,5.1,0.9,3.5,9.6,6.5,11.5,4.4,23.7,NS,1.35,0,BALANCED_PHASE,32.1
20.033333333333335,-0.8616,0.5075,0,24.2,23.7,39.1,33.0,1.1,12.4,4.1,4.5,3.8,3.3,5.0,4.0,13.5,8.6,7.1,9.0,26.0,EW,1.18,0,BALANCED_PHASE,32.6
20.0,-0.866,0.5,0,19.6,21.0,19.3,107.2,1.5,3.0,1.8,0.7,3.1,1.9,9.3,12.7,4.5,2.5,5.0,22.0,38.9,EW,4.64,4,W_EXCLUSIVE_GREEN,45.0
7.716666666666667,0.9007,-0.4344,1,52.9,16.1,67.1,15.8,5.5,11.8,0.9,11.8,4.6,23.2,2.3,1.6,17.3,12.700000000000001,27.799999999999997,3.9,28.0,EW,5.45,3,E_EXCLUSIVE_GREEN,45.0
6.266666666666667,0.9976,-0.0698,0,25.1,26.2,26.4,24.9,7.2,3.6,2.9,1.9,3.4,5.5,1.2,2.1,10.8,4.8,8.9,3.3,15.5,NS,1.55,1,N_EXCLUSIVE_GREEN,32.9
15.866666666666667,-0.848,-0.5299,0,18.9,20.3,18.2,109.3,1.9,2.0,2.7,3.1,4.6,2.4,12.1,17.7,3.9,5.800000000000001,7.0,29.799999999999997,40.6,EW,4.64,4,W_EXCLUSIVE_GREEN,45.0
9.133333333333333,0.682,-0.7314,1,77.3,12.3,87.2,20.4,10.6,4.0,0.9,0.9,4.3,12.0,2.1,4.2,14.6,1.8,16.3,6.300000000000001,21.5,EW,3.1,3,E_EXCLUSIVE_GREEN,45.0
6.666666666666667,0.9848,-0.1736,0,25.1,20.9,22.7,35.6,7.4,4.7,2.1,3.3,5.1,3.2,0.8,9.4,12.100000000000001,5.4,8.3,10.200000000000001,19.3,EW,1.3,0,BALANCED_PHASE,33.7
16.9,-0.9588,-0.284,1,25.9,74.2,16.8,98.8,1.5,2.0,10.4,13.0,0.2,1.4,14.0,15.1,3.5,23.4,1.5999999999999999,29.1,29.8,EW,8.93,4,W_EXCLUSIVE_GREEN,45.0
23.783333333333335,-0.0567,0.9984,0,32.3,21.2,18.5,54.5,2.3,7.8,1.3,1.5,2.3,1.2,4.4,11.9,10.1,2.8,3.5,16.3,17.4,EW,3.54,4,W_EXCLUSIVE_GREEN,45.0
2.5166666666666666,0.6122,0.7907,0,27.6,26.6,21.0,25.4,2.3,5.1,2.2,5.9,2.5,2.8,8.2,5.0,7.3999999999999995,8.100000000000001,5.3,13.2,15.0,NS,1.03,0,BALANCED_PHASE,27.7
6.75,0.9808,-0.1951,0,32.1,21.1,19.6,57.3,2.0,3.6,0.7,4.1,1.8,3.9,8.0,5.1,5.6,4.8,5.7,13.1,20.6,EW,2.43,4,W_EXCLUSIVE_GREEN,43.6
22.266666666666666,-0.4384,0.8988,0,22.3,21.8,39.4,20.9,1.2,4.8,1.6,2.2,1.4,9.6,3.9,2.3,6.0,3.8000000000000003,11.0,6.199999999999999,13.9,EW,1.74,3,E_EXCLUSIVE_GREEN,35.5
20.616666666666667,-0.7744,0.6327,0,22.3,29.8,54.9,31.5,1.3,10.3,1.3,2.3,8.0,10.4,3.3,1.8,11.600000000000001,3.5999999999999996,18.4,5.1,28.2,EW,2.47,3,E_EXCLUSIVE_GREEN,45.0
15.55,-0.8013,-0.5983,0,31.9,29.6,28.7,21.5,2.8,3.8,3.6,2.5,2.7,4.8,1.5,0.8,6.6,6.1,7.5,2.3,7.9,NS,1.04,0,BALANCED_PHASE,24.7
5.933333333333334,0.9998,0.0175,0,19.6,62.2,18.1,21.6,0.1,2.7,4.9,13.3,0.7,1.8,5.9,2.8,2.8000000000000003,18.200000000000003,2.5,8.7,21.2,NS,4.24,2,S_EXCLUSIVE_GREEN,45.0
9.7,0.5664,-0.8241,0,25.2,30.0,24.9,38.2,2.6,2.0,6.4,9.7,5.5,7.9,3.4,7.4,4.6,16.1,13.4,10.8,21.1,EW,1.29,0,BALANCED_PHASE,40.8
20.416666666666668,-0.8064,0.5913,0,38.1,23.8,26.7,38.8,0.7,2.2,0.9,1.5,0.6,2.0,6.4,12.0,2.9000000000000004,2.4,2.6,18.4,25.7,EW,3.1,4,W_EXCLUSIVE_GREEN,45.0
17.5,-0.9914,-0.1305,1,19.0,146.9,24.3,55.8,1.5,0.9,20.2,21.0,7.2,3.2,7.1,16.8,2.4,41.2,10.4,23.9,81.1,NS,10.52,2,S_EXCLUSIVE_GREEN,45.0
9.1,0.6884,-0.7254,1,81.3,17.4,47.4,18.9,8.1,15.9,0.9,4.5,4.4,4.1,4.5,2.3,24.0,5.4,8.5,6.8,52.4,NS,4.3,1,N_EXCLUSIVE_GREEN,45.0
7.116666666666666,0.9576,-0.2882,1,90.7,12.9,49.7,22.8,7.9,13.2,0.8,3.0,6.4,8.2,10.5,7.9,21.1,3.8,14.6,18.4,34.4,NS,5.71,1,N_EXCLUSIVE_GREEN,45.0
9.433333333333334,0.6225,-0.7826,1,58.6,13.4,118.9,20.3,9.3,12.4,1.4,3.3,20.7,20.1,1.7,7.9,21.700000000000003,4.699999999999999,40.8,9.6,57.1,EW,4.56,3,E_EXCLUSIVE_GREEN,45.0
14.333333333333334,-0.5736,-0.8192,0,21.9,18.0,25.8,63.1,7.3,7.1,3.7,2.6,10.0,4.5,2.7,14.7,14.399999999999999,6.300000000000001,14.5,17.4,20.0,EW,1.49,4,W_EXCLUSIVE_GREEN,45.0
3.183333333333333,0.7402,0.6724,0,22.2,27.5,22.9,22.0,1.6,3.0,3.0,1.6,2.5,3.3,5.0,2.0,4.6,4.6,5.8,7.0,13.6,NS,1.06,0,BALANCED_PHASE,20.5
10.7,0.3338,-0.9426,0,20.4,27.1,21.6,53.8,4.2,3.9,5.3,4.8,1.8,2.0,13.5,18.1,8.1,10.1,3.8,31.6,67.4,EW,4.91,4,W_EXCLUSIVE_GREEN,45.0
22.133333333333333,-0.4695,0.8829,0,30.0,27.4,22.6,24.1,3.0,2.1,5.4,7.7,5.6,4.9,3.0,1.7,5.1,13.100000000000001,10.5,4.7,19.2,NS,1.72,1,N_EXCLUSIVE_GREEN,38.5
15.883333333333333,-0.8504,-0.5262,0,21.9,23.0,38.0,33.3,0.5,3.7,7.3,1.5,9.1,8.7,3.0,4.2,4.2,8.8,17.799999999999997,7.2,29.7,EW,1.77,3,E_EXCLUSIVE_GREEN,45.0
15.633333333333333,-0.8141,-0.5807,0,29.8,35.2,31.1,25.3,2.6,1.7,5.5,8.9,3.5,4.5,3.2,2.7,4.3,14.4,8.0,5.9,30.0,NS,1.99,2,S_EXCLUSIVE_GREEN,43.1
7.016666666666667,0.9648,-0.263,1,63.9,15.6,85.7,20.0,5.3,12.1,4.8,6.7,12.2,13.6,2.8,2.1,17.4,11.5,25.799999999999997,4.9,29.5,EW,4.56,3,E_EXCLUSIVE_GREEN,45.0
9.283333333333333,0.6528,-0.7576,1,91.9,24.3,59.1,18.2,10.8,6.3,0.5,2.6,9.5,5.8,1.3,1.4,17.1,3.1,15.3,2.7,35.4,NS,4.19,1,N_EXCLUSIVE_GREEN,45.0
16.216666666666665,-0.893,-0.4501,0,20.3,23.3,24.4,36.4,0.4,2.5,2.3,7.9,2.3,0.7,9.8,8.6,2.9,10.2,3.0,18.4,22.9,EW,3.06,4,W_EXCLUSIVE_GREEN,45.0
13.05,-0.2714,-0.9625,0,34.9,39.2,26.8,22.8,6.2,6.2,3.4,6.9,3.0,7.2,4.3,3.5,12.4,10.3,10.2,7.8,18.6,NS,1.14,0,BALANCED_PHASE,38.7
10.266666666666667,0.4384,-0.8988,0,23.0,36.4,23.3,22.4,4.3,6.7,5.3,3.3,1.1,4.9,0.5,6.4,11.0,8.6,6.0,6.9,14.5,NS,1.33,0,BALANCED_PHASE,35.0
13.416666666666666,-0.3624,-0.932,0,28.5,36.6,20.5,20.0,3.0,4.7,2.9,5.6,1.6,8.5,4.3,2.8,7.7,8.5,10.1,7.1,16.1,NS,1.14,0,BALANCED_PHASE,30.2
13.416666666666666,-0.3624,-0.932,0,77.8,32.9,25.6,32.2,9.0,17.0,7.7,1.9,2.0,4.1,1.9,8.4,26.0,9.6,6.1,10.3,50.0,NS,2.49,1,N_EXCLUSIVE_GREEN,45.0
8.516666666666667,0.7907,-0.6122,1,77.8,17.0,92.7,17.5,7.0,8.9,1.9,6.9,12.9,22.4,1.3,0.9,15.9,8.8,35.3,2.2,46.9,EW,8.7,3,E_EXCLUSIVE_GREEN,45.0
23.233333333333334,-0.1994,0.9799,0,75.4,22.0,21.0,20.8,4.3,18.6,8.8,4.4,0.3,5.8,1.3,2.1,22.900000000000002,13.200000000000001,6.1,3.4000000000000004,28.1,NS,2.1,1,N_EXCLUSIVE_GREEN,45.0
9.466666666666667,0.6157,-0.788,1,66.2,14.5,101.3,12.9,15.0,9.7,0.1,2.8,7.5,18.6,3.1,2.9,24.7,2.9,26.1,6.0,44.7,EW,5.1,3,E_EXCLUSIVE_GREEN,45.0
13.233333333333333,-0.3173,-0.9483,0,22.4,24.7,39.4,20.1,1.9,3.6,0.8,3.1,1.3,6.1,1.1,4.0,5.5,3.9000000000000004,7.3999999999999995,5.1,12.1,EW,1.59,3,E_EXCLUSIVE_GREEN,28.1
5.566666666666666,0.9936,0.1132,0,64.6,20.2,24.1,27.1,4.2,9.9,2.0,1.3,2.9,1.7,2.9,4.9,14.100000000000001,3.3,4.6,7.800000000000001,14.7,NS,3.44,1,N_EXCLUSIVE_GREEN,45.0
19.65,-0.9081,0.4187,0,54.2,18.9,20.8,31.7,6.7,14.5,1.7,2.8,3.9,4.6,2.5,5.2,21.2,4.5,8.5,7.7,23.8,NS,3.64,1,N_EXCLUSIVE_GREEN,45.0
23.016666666666666,-0.2546,0.967,0,39.7,30.5,25.2,32.0,4.0,6.6,2.9,1.2,2.6,1.0,4.4,14.1,10.6,4.1,3.6,18.5,40.1,NS,1.73,1,N_EXCLUSIVE_GREEN,37.4
2.8166666666666664,0.6724,0.7402,0,23.1,23.2,29.6,30.7,2.0,3.1,1.0,0.7,6.2,6.0,3.9,10.0,5.1,1.7,12.2,13.9,27.2,EW,1.08,0,BALANCED_PHASE,41.1
11.816666666666666,0.048,-0.9988,0,36.9,38.0,31.6,27.1,3.2,10.5,2.3,6.6,4.7,4.3,1.7,3.0,13.7,8.899999999999999,9.0,4.7,30.0,NS,1.27,0,BALANCED_PHASE,42.2
2.6833333333333336,0.6461,0.7632,0,27.3,139.2,26.7,25.2,6.1,7.1,21.9,16.6,3.2,13.6,4.2,2.7,13.2,38.5,16.8,6.9,61.2,NS,3.46,2,S_EXCLUSIVE_GREEN,45.0
11.566666666666666,0.1132,-0.9936,0,31.5,140.8,33.1,24.8,3.0,11.1,23.4,33.6,3.3,11.4,5.8,3.9,14.1,57.0,14.7,9.7,115.1,NS,4.07,2,S_EXCLUSIVE_GREEN,45.0
17.416666666666668,-0.9884,-0.1521,1,22.3,58.2,15.4,119.2,2.5,5.3,4.4,6.3,1.3,3.5,12.5,18.0,7.8,10.7,4.8,30.5,36.7,EW,6.48,4,W_EXCLUSIVE_GREEN,45.0
22.233333333333334,-0.4462,0.8949,0,19.9,130.3,21.6,19.5,1.5,6.7,7.7,24.3,4.4,5.9,3.7,2.9,8.2,32.0,10.3,6.6,41.2,NS,4.58,2,S_EXCLUSIVE_GREEN,45.0
11.35,0.1693,-0.9856,0,33.2,21.5,33.9,33.1,2.5,3.7,1.6,2.3,3.0,6.4,1.5,0.8,6.2,3.9,9.4,2.3,16.4,EW,1.72,3,E_EXCLUSIVE_GREEN,31.5
17.766666666666666,-0.9981,-0.061,1,24.2,108.3,15.1,64.7,0.5,10.2,14.7,14.8,1.1,0.5,3.0,9.2,10.7,29.5,1.6,12.2,48.6,NS,3.19,2,S_EXCLUSIVE_GREEN,45.0
7.0,0.9659,-0.2588,1,91.2,14.5,55.8,14.4,10.7,16.5,1.4,2.4,4.8,6.3,2.8,1.0,27.2,3.8,11.1,3.8,33.1,NS,6.31,1,N_EXCLUSIVE_GREEN,45.0
1.9,0.4772,0.8788,0,104.5,25.7,20.3,24.7,9.2,16.7,1.0,5.5,0.3,6.4,1.4,1.8,25.9,6.5,6.7,3.2,50.8,NS,3.85,1,N_EXCLUSIVE_GREEN,45.0
16.416666666666668,-0.9153,-0.4027,0,25.5,21.4,20.4,32.8,6.6,4.6,1.9,2.6,1.5,2.0,3.5,5.5,11.2,4.5,3.5,9.0,13.8,EW,1.92,4,W_EXCLUSIVE_GREEN,30.3
1.1666666666666667,0.3007,0.9537,0,56.8,20.4,20.1,23.8,3.0,11.8,4.3,6.1,7.1,1.9,1.4,3.3,14.8,10.399999999999999,9.0,4.699999999999999,32.4,NS,1.75,1,N_EXCLUSIVE_GREEN,45.0
7.666666666666667,0.9063,-0.4226,1,68.3,12.0,89.3,15.6,5.8,10.4,2.0,0.9,14.1,26.0,3.6,3.2,16.2,2.9,40.1,6.800000000000001,78.8,EW,5.57,3,E_EXCLUSIVE_GREEN,45.0
22.25,-0.4423,0.8969,0,105.3,21.9,30.2,30.7,13.3,19.7,1.8,2.4,6.5,5.5,3.2,2.7,33.0,4.2,12.0,5.9,63.5,NS,5.96,1,N_EXCLUSIVE_GREEN,45.0
12.683333333333334,-0.1779,-0.984,0,31.9,20.2,22.8,24.2,3.6,8.0,3.3,11.3,0.0,4.9,1.5,10.2,11.6,14.600000000000001,4.9,11.7,28.3,NS,1.3,0,BALANCED_PHASE,42.8
23.933333333333334,-0.0175,0.9998,0,85.3,19.2,17.4,28.9,8.1,17.5,2.8,3.4,0.3,5.6,2.5,2.9,25.6,6.199999999999999,5.8999999999999995,5.4,36.2,NS,4.05,1,N_EXCLUSIVE_GREEN,45.0
2.066666666666667,0.515,0.8572,0,29.8,30.0,28.0,24.4,2.9,5.9,1.6,3.1,6.5,1.2,2.7,1.7,8.8,4.7,7.7,4.4,17.4,NS,1.33,0,BALANCED_PHASE,29.7
22.8,-0.309,0.9511,0,23.2,30.4,21.8,26.5,0.2,0.5,5.1,7.1,2.1,2.3,4.0,4.9,0.7,12.2,4.4,8.9,16.9,NS,3.13,2,S_EXCLUSIVE_GREEN,36.6
0.0,0.0,1.0,0,29.5,25.3,20.4,22.6,2.1,3.9,2.8,3.3,2.0,7.6,5.1,7.7,6.0,6.1,9.6,12.8,14.4,NS,1.04,0,BALANCED_PHASE,23.9
17.633333333333333,-0.9954,-0.0958,1,21.3,75.0,23.3,64.8,1.0,0.7,21.0,13.0,2.6,2.4,5.2,10.0,1.7,34.0,5.0,15.2,40.7,NS,7.59,2,S_EXCLUSIVE_GREEN,45.0
4.1,0.8788,0.4772,0,23.7,35.8,34.0,20.7,2.3,4.5,4.0,11.3,3.8,2.7,0.1,6.2,6.8,15.3,6.5,6.3,25.5,NS,1.87,2,S_EXCLUSIVE_GREEN,44.6
12.2,-0.0523,-0.9986,0,20.6,23.5,27.6,20.8,0.5,11.6,0.8,8.1,5.6,7.2,0.2,1.1,12.1,8.9,12.8,1.3,19.0,NS,1.24,0,BALANCED_PHASE,35.3
9.833333333333334,0.5373,-0.8434,0,69.6,20.5,33.1,21.6,9.1,18.1,1.6,0.5,4.1,4.7,2.5,1.5,27.200000000000003,2.1,8.8,4.0,37.2,NS,6.13,1,N_EXCLUSIVE_GREEN,45.0
9.283333333333333,0.6528,-0.7576,1,81.0,21.1,97.8,15.2,9.5,24.8,1.0,1.9,7.3,26.2,2.0,2.4,34.3,2.9,33.5,4.4,43.8,EW,6.68,3,E_EXCLUSIVE_GREEN,45.0
14.2,-0.5446,-0.8387,0,31.5,21.4,27.8,126.7,1.9,2.9,2.3,3.7,1.8,7.0,14.2,20.5,4.8,6.0,8.8,34.7,69.7,EW,4.04,4,W_EXCLUSIVE_GREEN,45.0
12.3,-0.0785,-0.9969,0,25.6,26.7,30.9,25.6,3.6,5.7,1.5,5.6,5.4,11.1,4.0,2.2,9.3,7.1,16.5,6.2,26.6,EW,1.92,3,E_EXCLUSIVE_GREEN,45.0
7.433333333333334,0.9304,-0.3665,1,139.9,15.9,91.4,19.3,11.7,22.9,4.4,1.8,6.2,10.9,2.0,6.3,34.599999999999994,6.2,17.1,8.3,63.2,NS,6.34,1,N_EXCLUSIVE_GREEN,45.0
17.283333333333335,-0.9825,-0.1865,1,17.6,80.0,23.4,59.9,2.8,1.4,10.0,15.9,0.6,5.3,6.3,11.6,4.199999999999999,25.9,5.8999999999999995,17.9,28.1,NS,5.1,2,S_EXCLUSIVE_GREEN,45.0
15.3,-0.7604,-0.6494,0,29.4,23.3,22.9,25.2,2.0,2.8,0.1,7.3,5.0,1.2,5.4,5.1,4.8,7.3999999999999995,6.2,10.5,13.2,NS,1.33,0,BALANCED_PHASE,26.4
17.533333333333335,-0.9925,-0.1219,1,24.9,65.0,12.6,51.9,3.3,2.7,4.5,11.0,0.6,1.9,4.5,7.3,6.0,15.5,2.5,11.8,20.9,NS,2.48,2,S_EXCLUSIVE_GREEN,45.0
7.4,0.9336,-0.3584,1,89.7,13.6,48.9,17.5,11.8,20.8,0.9,5.9,3.3,9.4,1.0,6.0,32.6,6.800000000000001,12.7,7.0,65.0,NS,5.04,1,N_EXCLUSIVE_GREEN,45.0
0.5166666666666667,0.1349,0.9909,0,27.6,33.9,20.9,20.3,2.5,4.1,4.8,4.1,1.1,5.4,1.4,3.0,6.6,8.899999999999999,6.5,4.4,10.1,NS,1.24,0,BALANCED_PHASE,29.9
11.8,0.0523,-0.9986,0,21.8,29.4,28.5,21.2,2.0,5.7,6.0,3.2,3.3,5.4,4.8,5.0,7.7,9.2,8.7,9.8,17.2,EW,1.15,0,BALANCED_PHASE,31.4
3.466666666666667,0.788,0.6157,0,66.6,21.5,30.9,19.3,7.0,6.3,2.4,2.1,4.4,6.1,0.7,6.7,13.3,4.5,10.5,7.4,15.9,NS,2.86,1,N_EXCLUSIVE_GREEN,45.0
12.816666666666666,-0.2122,-0.9772,0,17.9,31.5,138.3,26.7,1.5,2.0,1.6,9.7,16.0,16.9,1.2,0.9,3.5,11.299999999999999,32.9,2.1,37.8,EW,7.64,3,E_EXCLUSIVE_GREEN,45.0
15.6,-0.809,-0.5878,0,29.3,24.8,81.9,25.4,3.5,4.7,3.4,0.8,16.0,16.3,1.1,3.4,8.2,4.2,32.3,4.5,65.3,EW,4.83,3,E_EXCLUSIVE_GREEN,45.0
10.15,0.4656,-0.885,0,37.3,25.6,20.1,22.8,2.8,6.0,2.8,8.2,2.8,4.4,1.7,4.0,8.8,11.0,7.2,5.7,20.4,NS,1.28,0,BALANCED_PHASE,35.7
2.1,0.5225,0.8526,0,23.4,31.7,30.5,25.4,4.0,1.2,1.9,3.5,2.9,3.5,4.2,4.8,5.2,5.4,6.4,9.0,13.1,EW,1.26,0,BALANCED_PHASE,29.8
6.916666666666667,0.9713,-0.2377,0,30.0,31.2,21.7,23.8,2.4,3.8,3.9,9.1,4.8,5.2,2.4,4.0,6.199999999999999,13.0,10.0,6.4,24.5,NS,1.51,2,S_EXCLUSIVE_GREEN,39.1
18.25,-0.9979,0.0654,1,25.9,87.6,16.9,117.3,1.5,5.9,10.7,11.5,2.3,3.2,13.1,18.7,7.4,22.2,5.5,31.799999999999997,57.2,EW,5.89,4,W_EXCLUSIVE_GREEN,45.0
2.15,0.5336,0.8457,0,39.4,21.1,25.0,23.9,2.0,9.0,4.3,3.6,1.2,6.7,5.1,6.5,11.0,7.9,7.9,11.6,20.9,NS,1.5,1,N_EXCLUSIVE_GREEN,36.2
15.55,-0.8013,-0.5983,0,24.6,31.1,27.3,32.5,1.4,2.2,3.7,3.7,1.5,3.0,3.2,2.8,3.6,7.4,4.5,6.0,14.3,EW,1.2,0,BALANCED_PHASE,24.3
18.8,-0.9781,0.2079,1,16.5,56.5,19.4,101.6,1.0,1.6,5.6,7.2,1.9,3.5,13.9,14.4,2.6,12.8,5.4,28.3,58.5,EW,4.97,4,W_EXCLUSIVE_GREEN,45.0
7.05,0.9625,-0.2714,1,89.7,12.0,96.4,22.5,8.3,15.9,0.4,2.0,10.1,24.8,3.0,1.2,24.200000000000003,2.4,34.9,4.2,38.5,EW,5.89,3,E_EXCLUSIVE_GREEN,45.0
15.266666666666667,-0.7547,-0.6561,0,21.9,23.8,24.4,34.1,2.5,3.8,2.0,2.0,6.2,2.4,5.6,5.0,6.3,4.0,8.6,10.6,15.2,EW,1.25,0,BALANCED_PHASE,33.9
23.35,-0.1693,0.9856,0,25.1,26.6,27.4,25.8,5.6,7.5,1.4,1.3,0.9,9.1,1.8,3.8,13.1,2.7,10.0,5.6,15.3,EW,1.37,0,BALANCED_PHASE,31.5
1.3333333333333333,0.342,0.9397,0,23.4,28.2,22.6,35.5,2.6,2.0,1.8,4.2,0.8,4.6,4.5,13.0,4.6,6.0,5.3999999999999995,17.5,18.2,EW,2.36,4,W_EXCLUSIVE_GREEN,45.0
19.433333333333334,-0.9304,0.3665,1,19.3,52.7,19.8,70.5,2.3,1.8,5.3,10.1,4.7,2.9,6.5,8.6,4.1,15.399999999999999,7.6,15.1,29.5,EW,2.42,4,W_EXCLUSIVE_GREEN,45.0
0.2833333333333333,0.0741,0.9973,0,35.1,24.4,29.1,25.6,3.4,4.6,1.4,6.4,3.8,7.5,2.3,11.4,8.0,7.800000000000001,11.3,13.7,16.5,EW,1.15,0,BALANCED_PHASE,39.3
17.833333333333332,-0.999,-0.0436,1,12.1,71.9,22.9,116.8,0.1,2.0,12.5,8.7,1.1,3.9,14.2,15.9,2.1,21.2,5.0,30.1,38.8,EW,5.3,4,W_EXCLUSIVE_GREEN,45.0
15.566666666666666,-0.8039,-0.5948,0,28.4,22.2,26.4,29.6,1.8,2.8,1.8,0.5,3.7,3.4,5.0,4.6,4.6,2.3,7.1,9.6,17.7,EW,1.21,0,BALANCED_PHASE,31.3
20.25,-0.8315,0.5556,0,31.4,27.3,32.3,71.0,2.1,8.3,3.1,7.1,2.0,4.3,8.2,17.9,10.4,10.2,6.3,26.099999999999998,51.1,EW,3.04,4,W_EXCLUSIVE_GREEN,45.0
16.583333333333332,-0.932,-0.3624,1,22.1,54.8,21.9,87.6,0.4,3.9,7.4,11.2,2.0,4.1,11.8,14.8,4.3,18.6,6.1,26.6,37.4,EW,4.02,4,W_EXCLUSIVE_GREEN,45.0
23.766666666666666,-0.061,0.9981,0,60.6,21.9,21.9,18.8,7.8,5.2,2.0,2.4,0.7,1.6,1.1,2.5,13.0,4.4,2.3,3.6,21.6,NS,2.71,1,N_EXCLUSIVE_GREEN,44.1
13.733333333333333,-0.4384,-0.8988,0,29.4,56.8,25.3,18.2,2.5,4.9,3.1,8.0,1.2,6.0,0.7,1.4,7.4,11.1,7.2,2.0999999999999996,13.9,NS,1.63,2,S_EXCLUSIVE_GREEN,38.8
0.16666666666666666,0.0436,0.999,0,21.6,22.6,26.9,34.8,0.3,1.0,1.5,3.9,5.0,3.1,7.5,7.7,1.3,5.4,8.1,15.2,16.6,EW,1.59,4,W_EXCLUSIVE_GREEN,43.3
3.1666666666666665,0.7373,0.6756,0,63.5,20.5,32.8,21.3,3.0,10.6,1.5,4.3,5.3,6.7,0.4,3.8,13.6,5.8,12.0,4.2,28.7,NS,2.53,1,N_EXCLUSIVE_GREEN,45.0
1.9333333333333333,0.4848,0.8746,0,25.5,22.9,26.7,21.8,1.1,12.4,1.2,6.0,2.4,0.8,4.0,5.7,13.5,7.2,3.2,9.7,20.5,NS,1.52,1,N_EXCLUSIVE_GREEN,38.6
5.666666666666667,0.9962,0.0872,0,34.7,23.9,22.5,30.0,1.2,5.5,3.3,5.2,2.8,6.4,1.2,4.7,6.7,8.5,9.2,5.9,12.3,NS,1.29,0,BALANCED_PHASE,29.5
15.133333333333333,-0.7314,-0.682,0,25.8,34.8,23.8,37.9,2.9,7.4,1.0,3.9,1.6,2.4,4.6,7.0,10.3,4.9,4.0,11.6,19.3,EW,2.07,4,W_EXCLUSIVE_GREEN,37.0
17.433333333333334,-0.989,-0.1478,1,18.2,53.2,20.9,49.2,2.2,3.1,6.1,13.2,1.2,5.2,8.2,7.7,5.300000000000001,19.299999999999997,6.4,15.899999999999999,30.6,NS,3.17,2,S_EXCLUSIVE_GREEN,45.0
12.0,0.0,-1.0,0,20.9,18.3,18.9,58.7,3.7,3.0,2.2,2.4,2.2,0.7,4.6,4.7,6.7,4.6,2.9000000000000004,9.3,13.7,EW,2.93,4,W_EXCLUSIVE_GREEN,35.5
9.766666666666667,0.5519,-0.8339,0,27.7,37.4,21.8,29.6,6.2,8.6,2.1,6.2,2.4,2.1,1.9,5.4,14.8,8.3,4.5,7.300000000000001,17.8,NS,1.55,1,N_EXCLUSIVE_GREEN,43.1
21.283333333333335,-0.6528,0.7576,0,22.2,32.2,21.9,31.6,3.3,10.4,2.0,3.9,1.9,6.3,6.9,2.4,13.7,5.9,8.2,9.3,17.4,NS,1.86,1,N_EXCLUSIVE_GREEN,39.9
19.933333333333334,-0.8746,0.4848,0,26.0,77.8,17.9,18.8,1.7,0.6,6.4,14.8,0.2,3.1,4.1,1.2,2.3,21.200000000000003,3.3000000000000003,5.3,32.9,NS,4.6,2,S_EXCLUSIVE_GREEN,45.0
4.3,0.9026,0.4305,0,21.3,28.7,29.4,31.8,4.8,2.8,2.6,6.6,1.0,3.9,4.5,2.7,7.6,9.2,4.9,7.2,14.0,EW,1.2,0,BALANCED_PHASE,26.5
6.85,0.9753,-0.2207,0,26.4,24.1,32.6,33.8,4.4,7.5,3.5,6.4,1.2,4.9,5.6,3.0,11.9,9.9,6.1000000000000005,8.6,13.0,EW,1.17,0,BALANCED_PHASE,29.6
22.383333333333333,-0.4107,0.9118,0,22.1,20.3,38.0,20.9,0.7,1.5,7.6,7.1,0.5,4.0,2.2,4.2,2.2,14.7,4.5,6.4,14.7,EW,1.52,3,E_EXCLUSIVE_GREEN,26.1
8.5,0.7934,-0.6088,1,51.6,17.2,50.0,18.3,1.9,6.9,1.4,0.8,10.6,11.0,2.7,4.0,8.8,2.2,21.6,6.7,23.6,EW,2.91,3,E_EXCLUSIVE_GREEN,45.0
14.216666666666667,-0.5483,-0.8363,0,32.3,26.7,28.8,32.7,4.2,13.9,2.9,5.1,5.4,1.9,1.2,4.3,18.1,8.0,7.300000000000001,5.5,31.7,NS,1.77,1,N_EXCLUSIVE_GREEN,45.0
23.766666666666666,-0.061,0.9981,0,32.1,23.0,23.6,39.7,6.1,3.2,0.5,1.7,1.8,2.5,3.0,3.3,9.3,2.2,4.3,6.3,20.1,EW,1.5,4,W_EXCLUSIVE_GREEN,26.7
4.166666666666667,0.887,0.4617,0,35.3,33.6,25.6,30.6,1.6,7.4,3.4,5.2,2.4,1.5,2.4,7.9,9.0,8.6,3.9,10.3,14.8,NS,1.01,0,BALANCED_PHASE,30.8
15.0,-0.7071,-0.7071,0,26.3,55.6,18.5,23.9,6.6,5.9,7.7,9.7,2.1,5.3,0.3,3.2,12.5,17.4,7.4,3.5,28.6,NS,1.56,2,S_EXCLUSIVE_GREEN,45.0
4.5,0.9239,0.3827,0,75.8,27.2,20.4,25.0,6.9,19.6,2.0,1.7,2.3,5.0,3.1,2.9,26.5,3.7,7.3,6.0,28.0,NS,4.32,1,N_EXCLUSIVE_GREEN,45.0
9.733333333333333,0.5592,-0.829,0,59.2,22.0,22.1,25.1,5.1,15.6,5.5,2.9,2.2,9.9,4.3,4.8,20.7,8.4,12.100000000000001,9.1,33.6,NS,2.45,1,N_EXCLUSIVE_GREEN,45.0
17.483333333333334,-0.9909,-0.1349,1,22.7,56.4,25.6,51.0,3.8,5.2,7.1,5.8,1.5,1.6,7.8,9.2,9.0,12.899999999999999,3.1,17.0,34.4,NS,1.72,2,S_EXCLUSIVE_GREEN,44.4
10.1,0.4772,-0.8788,0,29.0,19.7,27.8,76.9,1.4,3.8,1.4,1.6,4.4,3.0,12.3,9.2,5.199999999999999,3.0,7.4,21.5,34.3,EW,2.74,4,W_EXCLUSIVE_GREEN,45.0
19.166666666666668,-0.9537,0.3007,1,26.5,91.6,24.1,86.8,5.8,2.5,8.5,18.4,1.9,9.4,8.2,16.4,8.3,26.9,11.3,24.599999999999998,43.5,NS,3.21,2,S_EXCLUSIVE_GREEN,45.0
2.3666666666666667,0.5807,0.8141,0,32.1,23.0,32.1,20.6,7.4,5.9,1.1,3.5,1.2,3.5,0.5,1.0,13.3,4.6,4.7,1.5,15.6,NS,2.03,1,N_EXCLUSIVE_GREEN,38.9
7.366666666666666,0.9367,-0.3502,1,88.6,12.5,46.7,20.5,11.1,7.4,1.2,2.4,6.8,5.1,2.1,3.6,18.5,3.5999999999999996,11.899999999999999,5.7,25.8,NS,5.49,1,N_EXCLUSIVE_GREEN,45.0
20.0,-0.866,0.5,0,32.9,26.0,20.6,25.1,6.1,4.7,4.8,5.1,4.6,3.8,1.4,3.4,10.8,9.899999999999999,8.399999999999999,4.8,18.5,NS,1.11,0,BALANCED_PHASE,34.4
8.3,0.8241,-0.5664,1,52.1,15.8,52.3,18.7,3.2,12.5,1.3,3.1,10.7,7.9,1.0,5.8,15.7,4.4,18.6,6.8,40.6,EW,2.63,3,E_EXCLUSIVE_GREEN,45.0
13.616666666666667,-0.4107,-0.9118,0,22.8,31.5,30.2,30.6,0.6,11.0,2.9,2.0,0.9,9.1,6.6,9.0,11.6,4.9,10.0,15.6,24.8,EW,1.31,0,BALANCED_PHASE,44.2
11.65,0.0915,-0.9958,0,21.8,25.9,21.4,22.9,0.5,7.6,0.6,5.6,1.9,5.7,0.5,4.0,8.1,6.199999999999999,7.6,4.5,12.5,NS,1.2,0,BALANCED_PHASE,27.1
8.583333333333334,0.7799,-0.6259,1,73.9,15.3,84.5,20.3,16.3,12.9,1.6,3.0,5.4,10.7,1.3,5.6,29.200000000000003,4.6,16.1,6.8999999999999995,44.3,EW,2.88,3,E_EXCLUSIVE_GREEN,45.0
17.683333333333334,-0.9966,-0.0828,1,20.2,52.4,20.2,53.5,0.9,10.8,5.0,10.8,1.3,3.4,5.2,14.5,11.700000000000001,15.8,4.7,19.7,25.0,NS,1.62,2,S_EXCLUSIVE_GREEN,45.0
21.2,-0.6691,0.7431,0,23.0,130.5,25.0,21.1,1.3,0.2,14.4,11.2,4.3,6.9,7.8,2.9,1.5,25.6,11.2,10.7,27.0,NS,7.84,2,S_EXCLUSIVE_GREEN,45.0
3.7666666666666666,0.8339,0.5519,0,22.8,56.6,21.3,30.1,4.8,4.8,3.7,8.6,3.8,6.6,3.1,1.3,9.6,12.3,10.399999999999999,4.4,14.3,NS,1.61,2,S_EXCLUSIVE_GREEN,41.2
8.6,0.7771,-0.6293,1,59.7,25.6,46.3,13.6,7.2,9.9,1.7,4.5,7.1,5.9,2.3,2.8,17.1,6.2,13.0,5.1,31.8,NS,2.46,1,N_EXCLUSIVE_GREEN,45.0
3.1333333333333333,0.7314,0.682,0,34.3,21.4,22.1,21.6,2.4,14.5,2.5,1.1,2.6,2.6,0.6,6.0,16.9,3.6,5.2,6.6,30.7,NS,2.83,1,N_EXCLUSIVE_GREEN,45.0
18.683333333333334,-0.984,0.1779,1,12.3,55.3,22.9,92.6,0.7,0.6,2.6,5.0,0.5,2.8,6.8,12.1,1.2999999999999998,7.6,3.3,18.9,28.1,EW,4.47,4,W_EXCLUSIVE_GREEN,45.0
12.35,-0.0915,-0.9958,0,34.9,33.9,31.1,21.8,13.0,6.2,2.5,6.6,4.3,7.7,9.7,8.6,19.2,9.1,12.0,18.299999999999997,38.7,NS,1.6,1,N_EXCLUSIVE_GREEN,45.0
18.633333333333333,-0.9863,0.165,1,14.2,86.5,21.2,61.7,2.0,1.0,14.6,13.7,2.4,1.6,8.5,9.5,3.0,28.299999999999997,4.0,18.0,45.5,NS,7.19,2,S_EXCLUSIVE_GREEN,45.0
8.85,0.7343,-0.6788,1,96.7,26.5,79.6,14.4,4.8,6.4,7.9,4.2,7.8,15.8,4.0,6.4,11.2,12.100000000000001,23.6,10.4,29.4,NS,1.85,1,N_EXCLUSIVE_GREEN,45.0
23.916666666666668,-0.0218,0.9998,0,38.4,34.5,23.5,22.3,2.3,3.3,4.6,10.2,1.1,7.1,3.6,5.4,5.6,14.799999999999999,8.2,9.0,25.3,NS,1.73,1,N_EXCLUSIVE_GREEN,44.0
15.216666666666667,-0.7461,-0.6659,0,31.6,141.3,18.6,22.1,4.0,5.3,11.2,17.5,4.6,0.7,4.0,4.1,9.3,28.7,5.3,8.1,42.5,NS,3.53,2,S_EXCLUSIVE_GREEN,45.0
6.083333333333333,0.9998,-0.0218,0,20.7,32.8,22.4,20.7,4.1,4.6,3.2,3.7,3.9,1.5,1.3,4.0,8.7,6.9,5.4,5.3,16.3,NS,1.32,0,BALANCED_PHASE,29.9
19.15,-0.955,0.2965,1,19.9,65.3,17.6,65.2,0.7,2.7,11.7,7.0,2.3,2.8,6.2,20.3,3.4000000000000004,18.7,5.1,26.5,41.8,EW,4.33,4,W_EXCLUSIVE_GREEN,45.0
4.166666666666667,0.887,0.4617,0,21.5,22.8,22.3,27.4,2.1,0.5,5.6,6.0,2.0,4.8,1.4,10.5,2.6,11.6,6.8,11.9,15.4,EW,1.48,4,W_EXCLUSIVE_GREEN,35.3
0.3333333333333333,0.0872,0.9962,0,67.2,22.2,22.1,31.5,4.4,4.2,2.0,1.8,3.1,6.8,0.9,1.6,8.600000000000001,3.8,9.9,2.5,21.3,NS,2.52,1,N_EXCLUSIVE_GREEN,36.4
4.533333333333333,0.9272,0.3746,0,20.3,22.2,34.3,20.7,6.9,12.5,0.8,5.7,3.0,4.1,1.3,4.7,19.4,6.5,7.1,6.0,26.5,NS,2.15,1,N_EXCLUSIVE_GREEN,45.0
13.7,-0.4305,-0.9026,0,32.8,37.9,31.4,26.6,3.5,4.4,3.0,7.4,0.8,2.8,7.4,4.6,7.9,10.4,3.5999999999999996,12.0,23.3,NS,1.2,0,BALANCED_PHASE,35.0
9.533333333333333,0.6018,-0.7986,0,21.9,22.4,27.7,22.2,4.9,2.7,1.8,6.8,0.7,9.1,1.1,1.5,7.6000000000000005,8.6,9.799999999999999,2.6,10.3,EW,2.04,3,E_EXCLUSIVE_GREEN,30.6
7.583333333333333,0.9153,-0.4027,1,51.7,15.4,112.0,25.4,5.7,4.2,1.2,3.0,9.5,18.7,1.5,7.4,9.9,4.2,28.2,8.9,53.5,EW,3.49,3,E_EXCLUSIVE_GREEN,45.0
12.4,-0.1045,-0.9945,0,32.2,21.5,29.6,23.0,3.0,6.2,1.3,12.1,4.3,2.9,1.2,1.4,9.2,13.4,7.199999999999999,2.5999999999999996,29.2,NS,1.42,1,N_EXCLUSIVE_GREEN,40.5
22.5,-0.3827,0.9239,0,21.8,18.3,127.5,18.0,1.8,1.4,1.8,1.9,10.3,30.2,1.7,3.1,3.2,3.7,40.5,4.8,61.9,EW,7.42,3,E_EXCLUSIVE_GREEN,45.0
16.083333333333332,-0.8767,-0.481,0,20.6,21.2,31.1,37.2,6.2,4.2,1.2,4.9,5.2,3.6,5.9,5.8,10.4,6.1000000000000005,8.8,11.7,24.2,EW,1.23,0,BALANCED_PHASE,37.5
6.166666666666667,0.999,-0.0436,0,25.0,24.0,23.3,21.9,1.1,6.1,4.3,0.4,2.7,2.9,1.5,8.3,7.199999999999999,4.7,5.6,9.8,14.3,NS,1.22,0,BALANCED_PHASE,25.3
8.75,0.7518,-0.6593,1,65.3,14.2,46.7,16.5,11.9,12.8,4.4,2.8,9.4,11.5,0.3,1.4,24.700000000000003,7.2,20.9,1.7,47.5,NS,3.59,1,N_EXCLUSIVE_GREEN,45.0
4.883333333333333,0.9576,0.2882,0,22.8,20.6,39.3,34.0,3.1,10.0,5.0,1.4,2.0,4.3,5.5,7.3,13.1,6.4,6.3,12.8,18.3,EW,1.52,3,E_EXCLUSIVE_GREEN,39.5
14.516666666666667,-0.6122,-0.7907,0,21.1,31.4,38.4,26.3,3.9,3.2,3.0,8.6,3.2,4.8,2.8,4.5,7.1,11.6,8.0,7.3,14.0,EW,1.2,0,BALANCED_PHASE,29.3
8.716666666666667,0.7576,-0.6528,1,126.9,19.0,56.7,15.2,18.5,22.9,3.0,2.1,8.5,9.9,1.2,4.6,41.4,5.1,18.4,5.8,51.3,NS,7.1,1,N_EXCLUSIVE_GREEN,45.0
3.5833333333333335,0.8064,0.5913,0,24.8,28.0,34.8,20.2,2.3,3.4,4.4,3.0,7.5,7.3,5.9,2.3,5.699999999999999,7.4,14.8,8.2,29.2,EW,1.71,3,E_EXCLUSIVE_GREEN,43.8
20.366666666666667,-0.8141,0.5807,0,24.0,23.4,128.8,24.8,3.3,6.3,2.6,7.0,10.2,28.1,1.6,3.9,9.6,9.6,38.3,5.5,73.9,EW,5.85,3,E_EXCLUSIVE_GREEN,45.0
14.816666666666666,-0.6724,-0.7402,0,32.3,27.4,37.0,35.6,3.4,9.8,2.5,5.6,2.4,10.6,5.4,4.0,13.200000000000001,8.1,13.0,9.4,17.6,EW,1.2,0,BALANCED_PHASE,39.4
23.45,-0.1435,0.9897,0,30.4,54.7,18.9,19.1,3.6,6.6,15.6,7.9,0.1,2.7,0.6,2.5,10.2,23.5,2.8000000000000003,3.1,25.0,NS,2.05,2,S_EXCLUSIVE_GREEN,45.0
12.383333333333333,-0.1002,-0.995,0,94.0,18.1,18.6,18.2,6.8,13.1,3.6,3.4,2.0,2.8,0.2,5.5,19.9,7.0,4.8,5.7,26.8,NS,3.48,1,N_EXCLUSIVE_GREEN,45.0
6.466666666666667,0.9925,-0.1219,0,32.4,105.0,20.8,18.9,3.1,7.7,9.7,30.8,1.8,10.2,0.4,1.8,10.8,40.5,12.0,2.2,88.3,NS,3.46,2,S_EXCLUSIVE_GREEN,45.0
0.6166666666666667,0.1607,0.987,0,54.7,25.1,18.7,19.4,5.0,9.0,1.5,2.5,3.3,3.2,16.2,2.8,14.0,4.0,6.5,19.0,39.8,NS,2.62,1,N_EXCLUSIVE_GREEN,45.0
11.966666666666667,0.0087,-1.0,0,55.8,23.8,19.2,28.8,10.2,6.3,2.7,1.9,3.9,3.7,3.9,7.1,16.5,4.6,7.6,11.0,35.3,NS,2.8,1,N_EXCLUSIVE_GREEN,45.0
19.283333333333335,-0.9441,0.3297,1,20.1,82.3,21.1,48.1,3.3,2.8,8.9,9.9,0.1,3.9,2.6,5.4,6.1,18.8,4.0,8.0,19.6,NS,3.32,2,S_EXCLUSIVE_GREEN,45.0
1.6833333333333333,0.4266,0.9045,0,23.9,23.2,31.0,54.8,4.5,6.3,1.6,11.3,2.9,2.5,12.2,12.8,10.8,12.9,5.4,25.0,46.6,EW,2.97,4,W_EXCLUSIVE_GREEN,45.0
12.033333333333333,-0.0087,-1.0,0,20.4,20.3,27.9,22.5,4.3,4.1,1.0,0.7,3.0,8.0,5.2,5.7,8.399999999999999,1.7,11.0,10.9,16.2,EW,1.04,0,BALANCED_PHASE,33.6
22.266666666666666,-0.4384,0.8988,0,90.4,21.2,21.0,22.3,6.2,9.7,3.3,2.2,3.4,3.0,0.9,3.7,15.899999999999999,5.5,6.4,4.6000000000000005,18.6,NS,3.32,1,N_EXCLUSIVE_GREEN,45.0
18.866666666666667,-0.9744,0.225,1,14.6,63.0,14.0,106.4,2.0,1.0,4.3,18.3,2.0,4.1,7.5,21.2,3.0,22.6,6.1,28.7,45.2,EW,5.32,4,W_EXCLUSIVE_GREEN,45.0
0.9166666666666666,0.2377,0.9713,0,20.9,21.6,29.3,28.8,4.8,8.6,0.8,2.1,5.3,3.7,1.8,7.2,13.399999999999999,2.9000000000000004,9.0,9.0,21.7,EW,0.97,0,BALANCED_PHASE,30.4
15.633333333333333,-0.8141,-0.5807,0,27.1,29.9,21.3,27.3,3.9,2.5,6.1,1.9,1.5,1.0,1.7,6.9,6.4,8.0,2.5,8.6,13.7,NS,1.14,0,BALANCED_PHASE,27.8
15.183333333333334,-0.7402,-0.6724,0,23.5,30.5,33.4,34.8,1.9,3.5,3.0,5.0,4.9,2.2,1.1,3.8,5.4,8.0,7.1000000000000005,4.9,11.2,EW,1.16,0,BALANCED_PHASE,26.6
20.8,-0.7431,0.6691,0,27.6,27.5,21.2,36.2,4.4,10.1,4.2,3.3,1.4,2.0,3.3,4.9,14.5,7.5,3.4,8.2,20.4,NS,1.48,1,N_EXCLUSIVE_GREEN,41.0
3.033333333333333,0.7133,0.7009,0,19.6,67.0,19.2,22.1,5.1,2.6,10.9,8.2,0.3,1.4,1.4,2.8,7.699999999999999,19.1,1.7,4.199999999999999,19.2,NS,2.68,2,S_EXCLUSIVE_GREEN,45.0
22.783333333333335,-0.3132,0.9497,0,19.2,81.5,27.7,29.2,0.9,2.4,3.7,8.4,2.4,3.1,3.1,6.6,3.3,12.100000000000001,5.5,9.7,18.0,NS,3.72,2,S_EXCLUSIVE_GREEN,45.0
2.4333333333333336,0.5948,0.8039,0,22.8,26.2,22.1,26.9,1.6,5.9,0.6,4.3,4.8,6.6,1.5,5.0,7.5,4.8999999999999995,11.399999999999999,6.5,20.0,EW,1.47,3,E_EXCLUSIVE_GREEN,34.6
3.05,0.7163,0.6978,0,26.2,20.1,20.6,28.7,1.4,1.3,1.0,2.6,0.2,1.6,5.3,5.8,2.7,3.6,1.8,11.1,18.0,EW,2.63,4,W_EXCLUSIVE_GREEN,34.2
22.05,-0.4886,0.8725,0,18.9,26.9,63.3,18.1,1.0,1.7,3.1,2.9,4.4,17.1,1.2,3.0,2.7,6.0,21.5,4.2,22.5,EW,4.11,3,E_EXCLUSIVE_GREEN,45.0
6.683333333333334,0.984,-0.1779,0,22.3,28.1,39.2,21.6,3.1,5.6,3.2,3.1,3.8,3.8,1.1,1.5,8.7,6.300000000000001,7.6,2.6,9.9,EW,2.08,3,E_EXCLUSIVE_GREEN,28.3
0.35,0.0915,0.9958,0,33.7,26.0,20.2,23.0,0.6,4.3,2.8,3.6,1.0,3.2,1.8,4.4,4.8999999999999995,6.4,4.2,6.2,12.9,NS,1.24,0,BALANCED_PHASE,25.2
10.95,0.2714,-0.9625,0,35.4,20.2,30.3,32.2,1.9,12.4,0.3,5.3,1.5,7.0,5.2,2.8,14.3,5.6,8.5,8.0,19.9,EW,1.03,0,BALANCED_PHASE,29.8
18.766666666666666,-0.9799,0.1994,1,12.4,59.3,12.9,57.1,1.0,1.6,5.0,10.9,0.4,0.2,12.6,4.1,2.6,15.9,0.6000000000000001,16.7,26.1,NS,4.97,2,S_EXCLUSIVE_GREEN,45.0
11.55,0.1175,-0.9931,0,27.4,26.5,19.8,112.1,4.6,4.5,4.7,4.0,0.9,1.6,8.8,8.1,9.1,8.7,2.5,16.9,25.1,EW,5.66,4,W_EXCLUSIVE_GREEN,45.0
13.883333333333333,-0.4733,-0.8809,0,38.3,34.8,21.8,20.8,7.7,7.4,3.0,6.3,1.3,0.8,2.4,3.6,15.100000000000001,9.3,2.1,6.0,29.5,NS,1.36,0,BALANCED_PHASE,45.0
1.0666666666666667,0.2756,0.9613,0,25.4,87.6,21.1,17.7,1.0,2.7,5.2,22.0,3.2,1.4,1.8,1.7,3.7,27.2,4.6,3.5,53.1,NS,4.81,2,S_EXCLUSIVE_GREEN,45.0
23.283333333333335,-0.1865,0.9825,0,24.0,20.1,20.6,115.3,2.6,1.5,3.2,1.5,0.5,1.4,7.1,22.9,4.1,4.7,1.9,30.0,46.5,EW,8.14,4,W_EXCLUSIVE_GREEN,45.0
1.2833333333333332,0.3297,0.9441,0,29.0,22.4,26.0,20.1,0.8,4.9,4.1,5.2,5.1,5.7,7.0,5.4,5.7,9.3,10.8,12.4,26.5,EW,1.15,0,BALANCED_PHASE,37.1
22.533333333333335,-0.3746,0.9272,0,39.6,23.6,20.2,25.1,8.0,3.2,0.2,5.4,1.2,6.6,0.6,0.2,11.2,5.6000000000000005,7.8,0.8,16.2,NS,1.77,1,N_EXCLUSIVE_GREEN,36.1
20.783333333333335,-0.7461,0.6659,0,25.3,29.5,25.2,26.3,2.9,3.7,0.6,2.1,2.9,3.0,3.8,1.8,6.6,2.7,5.9,5.6,8.0,NS,1.51,1,N_EXCLUSIVE_GREEN,24.3
0.31666666666666665,0.0828,0.9966,0,27.9,20.4,54.7,19.5,4.0,6.9,3.8,1.9,2.5,6.5,2.4,2.7,10.9,5.699999999999999,9.0,5.1,14.6,EW,2.1,3,E_EXCLUSIVE_GREEN,34.3
3.35,0.7688,0.6394,0,21.6,34.2,24.3,21.6,2.3,3.8,2.6,5.7,7.6,3.2,2.2,2.1,6.1,8.3,10.8,4.300000000000001,23.6,NS,1.39,0,BALANCED_PHASE,30.1
22.083333333333332,-0.481,0.8767,0,20.8,21.6,26.2,33.0,6.0,4.8,4.0,3.3,4.1,7.1,3.9,10.0,10.8,7.3,11.2,13.9,16.1,EW,1.21,0,BALANCED_PHASE,40.3
14.083333333333334,-0.5188,-0.8549,0,106.2,23.9,25.0,17.6,14.3,15.9,4.9,5.7,1.8,3.1,1.1,2.7,30.200000000000003,10.600000000000001,4.9,3.8000000000000003,44.9,NS,3.24,1,N_EXCLUSIVE_GREEN,45.0
5.766666666666667,0.9981,0.061,0,19.5,26.2,120.7,17.4,1.7,2.5,4.6,5.5,10.8,15.1,1.3,4.9,4.2,10.1,25.9,6.2,40.5,EW,4.92,3,E_EXCLUSIVE_GREEN,45.0
18.666666666666668,-0.9848,0.1736,1,24.3,63.7,13.7,96.0,5.9,3.5,11.4,9.7,0.4,1.2,15.2,17.6,9.4,21.1,1.6,32.8,57.2,EW,10.72,4,W_EXCLUSIVE_GREEN,45.0
0.8166666666666667,0.2122,0.9772,0,50.1,29.8,26.5,17.7,5.2,8.4,3.8,12.9,5.5,1.4,0.6,4.2,13.600000000000001,16.7,6.9,4.8,34.0,NS,1.33,1,N_EXCLUSIVE_GREEN,45.0
6.666666666666667,0.9848,-0.1736,0,91.3,26.4,19.6,21.6,14.0,7.8,0.6,9.1,1.2,3.3,3.0,2.7,21.8,9.7,4.5,5.7,47.3,NS,2.59,1,N_EXCLUSIVE_GREEN,45.0
23.25,-0.1951,0.9808,0,25.5,52.9,25.7,21.9,5.5,1.7,5.7,3.9,7.7,7.3,1.4,2.5,7.2,9.6,15.0,3.9,23.1,NS,1.58,2,S_EXCLUSIVE_GREEN,36.0
23.8,-0.0523,0.9986,0,34.1,37.4,27.0,23.3,1.0,7.7,2.8,2.7,3.8,3.2,1.3,1.6,8.7,5.5,7.0,2.9000000000000004,13.7,NS,1.26,0,BALANCED_PHASE,30.5
9.05,0.6978,-0.7163,1,51.9,21.8,52.1,20.1,8.5,7.9,9.0,2.7,12.9,6.7,1.4,1.2,16.4,11.7,19.6,2.5999999999999996,26.7,NS,1.62,1,N_EXCLUSIVE_GREEN,45.0
12.75,-0.1951,-0.9808,0,17.8,19.1,92.0,21.2,4.5,2.1,1.0,7.3,8.4,10.7,1.3,3.3,6.6,8.3,19.1,4.6,28.0,EW,4.01,3,E_EXCLUSIVE_GREEN,45.0
4.6,0.9336,0.3584,0,20.1,53.0,27.7,22.2,1.6,3.1,10.6,9.4,7.4,5.8,1.4,2.3,4.7,20.0,13.2,3.6999999999999997,31.0,NS,3.32,2,S_EXCLUSIVE_GREEN,45.0
6.283333333333333,0.9973,-0.0741,0,33.6,25.5,27.3,23.0,2.0,1.8,3.0,3.4,3.9,5.2,0.5,2.7,3.8,6.4,9.1,3.2,14.5,NS,1.4,0,BALANCED_PHASE,25.3
5.3,0.9833,0.1822,0,20.3,32.7,22.1,61.5,4.0,1.9,2.8,8.3,3.9,3.7,7.0,12.8,5.9,11.100000000000001,7.6,19.8,27.6,EW,2.57,4,W_EXCLUSIVE_GREEN,45.0
8.083333333333334,0.8549,-0.5188,1,63.8,13.9,50.8,13.3,5.5,11.7,2.0,0.5,5.4,7.5,3.1,1.7,17.2,2.5,12.9,4.8,18.1,NS,5.18,1,N_EXCLUSIVE_GREEN,45.0
15.366666666666667,-0.7716,-0.6361,0,32.6,30.5,23.1,23.6,4.0,5.3,3.3,2.5,4.7,2.5,6.4,3.3,9.3,5.8,7.2,9.7,15.1,NS,1.28,0,BALANCED_PHASE,31.0
11.816666666666666,0.048,-0.9988,0,22.4,24.1,35.2,23.6,5.4,7.1,1.0,0.7,1.1,3.9,1.5,5.9,12.5,1.7,5.0,7.4,27.3,EW,1.41,3,E_EXCLUSIVE_GREEN,28.9
14.883333333333333,-0.6852,-0.7284,0,34.1,20.6,37.4,23.4,1.1,4.5,2.3,1.8,4.9,6.9,3.5,1.7,5.6,4.1,11.8,5.2,19.7,EW,1.86,3,E_EXCLUSIVE_GREEN,37.3
5.033333333333333,0.9681,0.2504,0,23.7,32.2,35.8,20.3,3.2,5.7,2.4,8.9,3.4,7.9,1.0,2.3,8.9,11.3,11.3,3.3,14.2,NS,1.25,0,BALANCED_PHASE,34.8
18.4,-0.9945,0.1045,1,18.6,55.6,25.7,50.8,0.6,2.9,3.9,8.1,1.2,2.1,6.1,12.6,3.5,12.0,3.3,18.7,39.6,EW,3.23,4,W_EXCLUSIVE_GREEN,45.0
4.566666666666666,0.9304,0.3665,0,28.9,32.8,26.6,21.4,2.8,5.6,1.4,3.8,1.9,4.8,3.3,1.6,8.399999999999999,5.199999999999999,6.699999999999999,4.9,15.4,NS,1.3,0,BALANCED_PHASE,29.3
22.45,-0.3947,0.9188,0,19.8,20.5,79.5,24.5,1.5,1.5,4.8,4.9,6.8,7.1,2.0,2.8,3.0,9.7,13.899999999999999,4.8,15.1,EW,2.92,3,E_EXCLUSIVE_GREEN,45.0
6.35,0.9958,-0.0915,0,28.2,21.4,22.7,38.1,1.2,4.8,1.1,3.9,0.3,11.2,1.9,4.7,6.0,5.0,11.5,6.6,16.8,EW,1.64,3,E_EXCLUSIVE_GREEN,36.5
16.583333333333332,-0.932,-0.3624,1,16.5,58.6,21.2,62.8,0.8,5.8,13.4,11.5,0.5,4.1,5.7,5.8,6.6,24.9,4.6,11.5,29.8,NS,3.52,2,S_EXCLUSIVE_GREEN,45.0
23.833333333333332,-0.0436,0.999,0,22.7,108.6,17.3,20.6,2.6,2.0,8.7,18.0,2.1,2.7,1.7,1.7,4.6,26.7,4.800000000000001,3.4,44.4,NS,5.02,2,S_EXCLUSIVE_GREEN,45.0
8.216666666666667,0.8363,-0.5483,1,112.0,18.5,62.4,15.2,8.0,13.6,1.5,1.3,10.9,11.5,2.3,4.0,21.6,2.8,22.4,6.3,22.9,NS,6.28,1,N_EXCLUSIVE_GREEN,45.0
14.266666666666667,-0.5592,-0.829,0,53.7,18.2,29.8,18.5,0.9,9.0,0.2,3.4,3.3,5.8,4.5,2.6,9.9,3.6,9.1,7.1,12.4,NS,2.67,1,N_EXCLUSIVE_GREEN,35.7
16.7,-0.9426,-0.3338,1,24.1,80.4,15.6,78.4,2.7,8.1,8.2,13.9,2.9,2.5,8.0,18.6,10.8,22.1,5.4,26.6,40.3,NS,2.37,2,S_EXCLUSIVE_GREEN,45.0
20.183333333333334,-0.841,0.541,0,29.6,22.9,23.4,27.7,5.4,10.5,1.0,1.1,0.1,4.5,6.3,2.4,15.9,2.1,4.6,8.7,26.3,NS,3.04,1,N_EXCLUSIVE_GREEN,44.8
14.616666666666667,-0.6327,-0.7744,0,21.5,25.6,19.0,53.2,2.2,7.8,1.1,5.1,3.5,1.9,4.3,7.2,10.0,6.199999999999999,5.4,11.5,21.0,EW,2.28,4,W_EXCLUSIVE_GREEN,39.7
21.616666666666667,-0.5842,0.8116,0,27.2,21.6,23.5,25.7,1.9,4.8,1.7,3.6,1.0,5.8,6.4,1.4,6.699999999999999,5.3,6.8,7.800000000000001,16.9,EW,1.08,0,BALANCED_PHASE,26.9
10.733333333333333,0.3256,-0.9455,0,20.6,31.4,72.1,18.3,2.3,4.0,1.0,3.7,10.4,9.7,1.8,0.7,6.3,4.7,20.1,2.5,42.0,EW,5.18,3,E_EXCLUSIVE_GREEN,45.0
0.16666666666666666,0.0436,0.999,0,22.3,30.8,21.7,37.6,1.8,8.5,4.8,3.4,2.4,4.4,4.9,6.5,10.3,8.2,6.800000000000001,11.4,20.8,EW,1.63,4,W_EXCLUSIVE_GREEN,36.7
10.35,0.4187,-0.9081,0,30.3,26.5,22.7,38.2,4.8,3.9,0.5,5.6,2.7,1.3,7.7,6.2,8.7,6.1,4.0,13.9,24.1,EW,2.38,4,W_EXCLUSIVE_GREEN,42.1
3.183333333333333,0.7402,0.6724,0,28.2,30.0,20.1,22.1,1.9,5.6,1.6,4.7,2.0,5.0,2.5,2.8,7.5,6.300000000000001,7.0,5.3,7.9,NS,1.09,0,BALANCED_PHASE,26.2
9.166666666666666,0.6756,-0.7373,1,51.4,17.0,50.7,22.8,3.6,6.0,0.7,2.6,1.6,10.7,2.8,3.1,9.6,3.3,12.299999999999999,5.9,17.5,EW,2.05,3,E_EXCLUSIVE_GREEN,40.5
14.566666666666666,-0.6225,-0.7826,0,144.8,19.7,30.4,24.4,20.9,20.8,0.6,1.2,1.7,7.1,0.8,0.9,41.7,1.7999999999999998,8.799999999999999,1.7000000000000002,77.6,NS,11.31,1,N_EXCLUSIVE_GREEN,45.0
14.85,-0.6788,-0.7343,0,28.2,22.0,33.0,30.6,7.4,4.2,4.9,2.8,7.9,4.0,2.5,5.5,11.600000000000001,7.7,11.9,8.0,19.2,EW,1.27,0,BALANCED_PHASE,36.7
18.6,-0.9877,0.1564,1,18.8,76.8,23.3,119.6,0.1,5.1,11.1,9.0,1.5,1.7,14.7,17.5,5.199999999999999,20.1,3.2,32.2,50.2,EW,6.71,4,W_EXCLUSIVE_GREEN,45.0
22.45,-0.3947,0.9188,0,23.8,28.1,37.1,31.3,5.5,3.7,2.3,5.5,1.5,4.2,6.6,3.3,9.2,7.8,5.7,9.899999999999999,19.5,EW,1.39,0,BALANCED_PHASE,33.4
15.883333333333333,-0.8504,-0.5262,0,24.6,28.3,55.2,17.5,5.3,2.7,3.9,4.4,3.8,9.6,2.8,9.9,8.0,8.3,13.399999999999999,12.7,29.2,EW,1.46,3,E_EXCLUSIVE_GREEN,44.6
19.35,-0.9382,0.3461,1,19.4,97.3,25.6,60.1,0.8,4.7,9.7,15.1,3.1,3.2,9.2,5.7,5.5,24.799999999999997,6.300000000000001,14.899999999999999,48.9,NS,4.48,2,S_EXCLUSIVE_GREEN,45.0
15.716666666666667,-0.8266,-0.5628,0,20.8,21.1,21.8,25.3,1.4,1.7,3.5,3.0,4.9,4.6,1.1,3.3,3.0999999999999996,6.5,9.5,4.4,17.0,EW,1.57,3,E_EXCLUSIVE_GREEN,30.2
1.9833333333333334,0.4962,0.8682,0,26.9,30.5,25.9,28.6,3.5,6.2,0.7,4.8,1.7,4.4,4.5,6.0,9.7,5.5,6.1000000000000005,10.5,15.8,NS,1.39,0,BALANCED_PHASE,31.5
16.1,-0.8788,-0.4772,0,25.1,27.5,34.2,21.9,3.1,5.0,3.2,10.4,4.6,3.3,2.8,3.8,8.1,13.600000000000001,7.8999999999999995,6.6,28.6,NS,1.4,2,S_EXCLUSIVE_GREEN,40.0
8.6,0.7771,-0.6293,1,58.3,13.0,49.2,16.1,6.2,4.9,0.7,1.1,5.0,11.1,3.7,2.1,11.100000000000001,1.8,16.1,5.800000000000001,28.5,EW,2.72,3,E_EXCLUSIVE_GREEN,45.0
12.616666666666667,-0.1607,-0.987,0,29.7,57.5,19.8,18.1,0.5,7.0,4.7,15.2,1.5,5.3,1.0,3.1,7.5,19.9,6.8,4.1,26.5,NS,2.25,2,S_EXCLUSIVE_GREEN,45.0
9.933333333333334,0.515,-0.8572,0,36.8,36.6,22.4,28.9,6.4,7.1,6.4,4.9,1.0,2.0,2.7,2.3,13.5,11.3,3.0,5.0,21.8,NS,1.09,0,BALANCED_PHASE,40.8
22.55,-0.3706,0.9288,0,21.5,112.0,18.2,23.1,3.1,8.6,12.7,11.4,0.5,0.7,1.5,8.3,11.7,24.1,1.2,9.8,45.8,NS,2.82,2,S_EXCLUSIVE_GREEN,45.0
4.7,0.9426,0.3338,0,101.4,19.4,17.9,24.4,13.4,24.1,1.5,1.0,4.0,4.2,2.5,3.4,37.5,2.5,8.2,5.9,79.9,NS,8.4,1,N_EXCLUSIVE_GREEN,45.0
2.3166666666666664,0.57,0.8216,0,29.0,24.7,32.4,22.7,0.7,7.7,2.2,0.7,5.9,5.9,5.4,0.8,8.4,2.9000000000000004,11.8,6.2,12.3,EW,1.63,3,E_EXCLUSIVE_GREEN,35.7
4.85,0.955,0.2965,0,25.3,31.0,19.7,96.8,0.7,6.4,2.6,4.4,2.8,3.4,2.9,10.9,7.1000000000000005,7.0,6.199999999999999,13.8,21.0,EW,3.12,4,W_EXCLUSIVE_GREEN,45.0
5.483333333333333,0.9909,0.1349,0,17.4,126.1,19.5,25.1,1.6,1.4,12.9,20.2,0.5,0.4,3.0,4.5,3.0,33.1,0.9,7.5,67.3,NS,8.36,2,S_EXCLUSIVE_GREEN,45.0
6.933333333333334,0.9703,-0.2419,0,22.4,18.6,58.7,25.4,6.5,4.8,0.2,2.1,2.2,6.8,4.7,5.2,11.3,2.3000000000000003,9.0,9.9,16.1,EW,1.48,3,E_EXCLUSIVE_GREEN,37.0
2.183333333333333,0.541,0.841,0,27.5,56.6,23.4,20.6,3.0,6.3,3.9,9.4,0.4,10.2,2.3,1.7,9.3,13.3,10.6,4.0,16.4,NS,1.61,2,S_EXCLUSIVE_GREEN,43.4
13.083333333333334,-0.2798,-0.96,0,36.1,26.8,30.5,26.8,3.0,12.2,5.5,2.3,2.1,9.2,3.6,4.6,15.2,7.8,11.299999999999999,8.2,20.9,NS,1.64,1,N_EXCLUSIVE_GREEN,44.0
4.716666666666667,0.9441,0.3297,0,38.1,22.5,27.9,22.7,1.1,4.7,4.5,3.9,1.0,8.4,1.6,2.5,5.800000000000001,8.4,9.4,4.1,14.7,NS,1.48,1,N_EXCLUSIVE_GREEN,30.1
11.0,0.2588,-0.9659,0,21.1,35.3,30.4,30.1,1.6,0.4,6.8,6.4,2.5,4.0,2.2,3.7,2.0,13.2,6.5,5.9,20.3,EW,1.01,0,BALANCED_PHASE,25.5
11.1,0.2334,-0.9724,0,24.8,32.3,24.8,33.8,2.9,4.1,3.9,4.8,3.8,4.9,3.8,5.5,7.0,8.7,8.7,9.3,13.5,EW,1.13,0,BALANCED_PHASE,31.0
21.416666666666668,-0.6259,0.7799,0,39.4,20.1,22.5,32.6,4.2,3.0,0.9,3.4,1.2,8.8,4.5,4.6,7.2,4.3,10.0,9.1,10.5,EW,1.17,0,BALANCED_PHASE,31.9
15.7,-0.8241,-0.5664,0,32.2,26.8,21.0,67.9,4.8,4.3,7.1,3.4,0.3,6.1,3.7,11.6,9.1,10.5,6.3999999999999995,15.3,25.0,EW,2.6,4,W_EXCLUSIVE_GREEN,45.0
22.25,-0.4423,0.8969,0,23.2,30.8,33.6,37.5,2.9,3.2,1.5,3.9,2.3,3.7,12.2,3.5,6.1,5.4,6.0,15.7,17.0,EW,1.76,4,W_EXCLUSIVE_GREEN,44.8
3.4,0.7771,0.6293,0,31.4,128.3,29.4,33.3,0.6,8.7,6.2,22.7,0.4,5.0,2.0,8.6,9.299999999999999,28.9,5.4,10.6,61.4,NS,3.39,2,S_EXCLUSIVE_GREEN,45.0
12.816666666666666,-0.2122,-0.9772,0,22.1,31.6,70.4,20.8,4.1,7.8,2.8,6.0,3.5,10.2,1.0,3.4,11.899999999999999,8.8,13.7,4.4,29.3,EW,3.07,3,E_EXCLUSIVE_GREEN,45.0
21.766666666666666,-0.5519,0.8339,0,37.9,30.9,22.5,20.4,5.7,2.4,2.4,2.9,0.3,9.1,3.3,1.4,8.1,5.3,9.4,4.699999999999999,12.7,NS,1.31,0,BALANCED_PHASE,29.3
19.416666666666668,-0.932,0.3624,1,21.3,100.1,20.5,68.1,1.0,2.3,12.3,18.1,0.4,0.7,7.5,13.0,3.3,30.400000000000002,1.1,20.5,66.4,NS,6.26,2,S_EXCLUSIVE_GREEN,45.0
17.066666666666666,-0.9703,-0.2419,1,21.5,52.1,16.4,98.4,2.0,3.2,6.1,13.2,0.0,3.7,13.1,16.4,5.2,19.299999999999997,3.7,29.5,29.9,EW,6.57,4,W_EXCLUSIVE_GREEN,45.0
11.516666666666667,0.1262,-0.992,0,28.4,21.3,21.1,24.1,5.9,3.1,6.5,5.5,1.9,3.0,1.1,1.5,9.0,12.0,4.9,2.6,24.4,NS,1.28,0,BALANCED_PHASE,36.6
18.016666666666666,-1.0,0.0044,1,14.9,130.0,22.7,76.5,4.9,3.1,7.0,16.9,4.4,3.9,9.2,6.6,8.0,23.9,8.3,15.799999999999999,49.8,NS,4.34,2,S_EXCLUSIVE_GREEN,45.0
7.933333333333334,0.8746,-0.4848,1,105.3,20.2,77.4,16.1,8.2,27.4,4.7,2.9,11.1,14.3,3.8,2.8,35.599999999999994,7.6,25.4,6.6,35.9,NS,4.67,1,N_EXCLUSIVE_GREEN,45.0
19.183333333333334,-0.9524,0.3049,1,14.8,58.9,16.7,54.3,0.4,2.5,6.7,10.0,1.3,5.6,3.3,8.9,2.9,16.7,6.8999999999999995,12.2,31.4,NS,4.47,2,S_EXCLUSIVE_GREEN,45.0
7.383333333333334,0.9351,-0.3543,1,61.7,21.4,74.0,13.1,7.5,11.1,2.0,5.6,11.8,6.8,1.4,0.4,18.6,7.6,18.6,1.7999999999999998,26.2,NS,2.5,1,N_EXCLUSIVE_GREEN,45.0
11.35,0.1693,-0.9856,0,37.0,25.5,25.8,28.1,2.5,4.0,1.0,3.5,4.4,3.6,5.2,4.1,6.5,4.5,8.0,9.3,9.5,NS,1.37,0,BALANCED_PHASE,25.6
0.65,0.1693,0.9856,0,33.3,35.7,22.3,26.4,4.2,5.7,5.1,6.8,2.7,4.9,1.8,0.6,9.9,11.899999999999999,7.6000000000000005,2.4,18.7,NS,1.12,0,BALANCED_PHASE,37.1
12.966666666666667,-0.2504,-0.9681,0,20.3,96.8,24.1,24.2,0.9,3.3,16.7,8.6,1.0,4.8,0.9,4.8,4.2,25.299999999999997,5.8,5.7,29.9,NS,5.1,2,S_EXCLUSIVE_GREEN,45.0
4.516666666666667,0.9255,0.3786,0,31.0,137.1,18.6,18.6,2.0,2.6,19.2,15.8,1.4,1.6,0.0,4.0,4.6,35.0,3.0,4.0,35.5,NS,5.53,2,S_EXCLUSIVE_GREEN,45.0
9.45,0.6191,-0.7853,1,90.3,14.4,92.6,15.2,9.1,12.2,4.1,0.9,7.9,20.7,4.0,3.7,21.299999999999997,5.0,28.6,7.7,58.0,EW,4.19,3,E_EXCLUSIVE_GREEN,45.0
2.35,0.5771,0.8166,0,32.0,85.4,31.6,25.2,2.9,2.9,9.2,10.3,1.9,7.7,1.1,5.4,5.8,19.5,9.6,6.5,41.1,NS,2.88,2,S_EXCLUSIVE_GREEN,45.0
13.15,-0.2965,-0.955,0,19.9,25.9,18.4,92.3,1.5,4.8,3.0,4.5,2.9,2.1,6.3,18.2,6.3,7.5,5.0,24.5,50.9,EW,4.68,4,W_EXCLUSIVE_GREEN,45.0
21.866666666666667,-0.5299,0.848,0,23.2,25.2,28.9,30.4,1.3,0.7,2.7,4.4,2.0,5.5,3.3,5.8,2.0,7.1000000000000005,7.5,9.1,17.2,EW,1.1,0,BALANCED_PHASE,30.4
8.433333333333334,0.8039,-0.5948,1,59.1,12.6,58.8,19.5,8.0,4.8,2.6,14.7,7.5,4.4,1.0,5.7,12.8,17.3,11.9,6.7,32.0,NS,1.84,1,N_EXCLUSIVE_GREEN,45.0
5.166666666666667,0.9763,0.2164,0,91.1,25.6,30.0,30.4,14.1,10.8,4.4,8.0,1.8,6.8,10.9,4.5,24.9,12.4,8.6,15.4,30.4,NS,2.39,1,N_EXCLUSIVE_GREEN,45.0
14.85,-0.6788,-0.7343,0,94.7,30.3,23.6,28.4,7.3,14.7,5.1,3.5,3.3,5.0,3.9,5.0,22.0,8.6,8.3,8.9,30.1,NS,2.7,1,N_EXCLUSIVE_GREEN,45.0
20.916666666666668,-0.7224,0.6915,0,22.3,38.4,22.8,23.9,1.0,3.8,2.5,4.5,2.9,5.7,5.2,6.0,4.8,7.0,8.6,11.2,24.0,NS,1.5,2,S_EXCLUSIVE_GREEN,28.3
0.16666666666666666,0.0436,0.999,0,23.9,20.2,18.6,112.1,11.8,1.9,5.3,5.2,0.8,2.9,11.0,17.0,13.700000000000001,10.5,3.7,28.0,60.6,EW,6.36,4,W_EXCLUSIVE_GREEN,45.0
21.483333333333334,-0.6122,0.7907,0,18.6,19.9,18.1,74.9,3.7,1.2,6.8,1.2,1.2,2.8,2.8,17.6,4.9,8.0,4.0,20.400000000000002,24.9,EW,4.35,4,W_EXCLUSIVE_GREEN,45.0
13.816666666666666,-0.4579,-0.889,0,29.1,30.5,19.6,90.1,0.4,1.5,1.7,4.0,6.1,1.6,6.0,17.4,1.9,5.7,7.699999999999999,23.4,46.7,EW,3.42,4,W_EXCLUSIVE_GREEN,45.0
8.783333333333333,0.7461,-0.6659,1,53.1,15.2,95.8,19.6,5.0,13.9,1.3,2.0,11.2,19.0,1.0,1.1,18.9,3.3,30.2,2.1,44.4,EW,7.58,3,E_EXCLUSIVE_GREEN,45.0
20.116666666666667,-0.8504,0.5262,0,23.6,22.1,37.8,22.0,1.5,4.3,3.0,3.2,3.8,1.9,4.3,2.2,5.8,6.2,5.699999999999999,6.5,9.4,EW,1.33,0,BALANCED_PHASE,25.7
14.533333333333333,-0.6157,-0.788,0,30.0,24.7,22.7,116.5,8.8,6.7,1.2,3.2,3.0,3.0,9.4,33.5,15.5,4.4,6.0,42.9,42.9,EW,5.99,4,W_EXCLUSIVE_GREEN,45.0
22.35,-0.4187,0.9081,0,33.0,33.2,26.9,23.4,1.6,5.4,8.1,5.5,0.4,2.5,4.4,2.1,7.0,13.6,2.9,6.5,23.7,NS,1.44,2,S_EXCLUSIVE_GREEN,40.5
11.116666666666667,0.2292,-0.9734,0,38.5,20.4,25.8,21.9,1.1,2.0,0.7,8.4,7.2,5.5,2.5,1.0,3.1,9.1,12.7,3.5,13.2,NS,2.19,1,N_EXCLUSIVE_GREEN,31.4
13.566666666666666,-0.3987,-0.9171,0,21.5,37.5,28.6,35.0,1.5,2.9,3.4,2.4,4.6,4.1,4.1,6.9,4.4,5.8,8.7,11.0,22.3,EW,1.21,0,BALANCED_PHASE,35.5
21.083333333333332,-0.6915,0.7224,0,20.2,28.8,89.7,31.7,0.9,3.2,8.6,4.0,10.1,19.8,1.8,9.4,4.1000000000000005,12.6,29.9,11.200000000000001,36.7,EW,2.65,3,E_EXCLUSIVE_GREEN,45.0
22.616666666666667,-0.3543,0.9351,0,33.0,20.3,20.0,58.9,9.4,5.8,0.3,2.7,1.2,3.0,5.6,8.5,15.2,3.0,4.2,14.1,28.2,EW,2.97,4,W_EXCLUSIVE_GREEN,45.0
13.05,-0.2714,-0.9625,0,31.0,20.2,21.4,30.4,7.0,18.3,2.1,3.1,1.0,1.2,3.3,4.6,25.3,5.2,2.2,7.8999999999999995,54.2,NS,3.24,1,N_EXCLUSIVE_GREEN,45.0
1.1166666666666667,0.2882,0.9576,0,24.5,33.9,21.0,21.3,1.7,3.4,18.2,8.7,0.3,2.8,4.7,5.8,5.1,26.9,3.0999999999999996,10.5,35.0,NS,3.21,2,S_EXCLUSIVE_GREEN,45.0
14.383333333333333,-0.5842,-0.8116,0,17.7,18.0,132.5,18.4,1.9,4.8,1.4,4.2,14.7,17.0,1.4,1.9,6.699999999999999,5.6,31.7,3.3,66.6,EW,7.79,3,E_EXCLUSIVE_GREEN,45.0
8.45,0.8013,-0.5983,1,95.3,16.9,53.3,16.3,10.8,11.5,2.1,7.9,4.1,4.3,2.5,1.7,22.3,10.0,8.399999999999999,4.2,22.3,NS,2.98,1,N_EXCLUSIVE_GREEN,45.0
10.716666666666667,0.3297,-0.9441,0,63.1,17.2,20.1,20.0,9.9,5.1,1.4,0.8,1.0,2.5,0.7,3.3,15.0,2.2,3.5,4.0,17.4,NS,4.5,1,N_EXCLUSIVE_GREEN,45.0
17.283333333333335,-0.9825,-0.1865,1,23.8,63.9,18.8,95.1,4.1,8.0,11.0,16.0,1.0,1.0,9.5,27.4,12.1,27.0,2.0,36.9,61.0,EW,8.94,4,W_EXCLUSIVE_GREEN,45.0
5.3,0.9833,0.1822,0,103.0,24.8,24.0,20.5,8.7,13.2,1.0,4.9,3.6,2.0,2.0,2.4,21.9,5.9,5.6,4.4,41.7,NS,3.74,1,N_EXCLUSIVE_GREEN,45.0
14.333333333333334,-0.5736,-0.8192,0,93.4,18.2,30.5,22.2,10.4,8.5,0.6,3.6,3.4,3.2,6.3,1.4,18.9,4.2,6.6,7.699999999999999,40.6,NS,4.51,1,N_EXCLUSIVE_GREEN,45.0
19.116666666666667,-0.9576,0.2882,1,26.2,72.6,17.1,97.9,0.9,6.5,5.8,8.9,1.3,0.4,4.3,8.3,7.4,14.7,1.7000000000000002,12.600000000000001,26.1,EW,5.74,4,W_EXCLUSIVE_GREEN,45.0
11.766666666666667,0.061,-0.9981,0,30.0,33.2,21.1,128.7,1.2,6.1,4.3,6.1,5.5,2.2,10.8,20.1,7.3,10.399999999999999,7.7,30.900000000000002,53.9,EW,4.56,4,W_EXCLUSIVE_GREEN,45.0
7.183333333333334,0.9524,-0.3049,1,57.5,14.5,55.1,12.2,4.5,10.0,1.3,1.5,13.5,8.7,1.0,2.5,14.5,2.8,22.2,3.5,30.7,EW,5.16,3,E_EXCLUSIVE_GREEN,45.0
2.5666666666666664,0.6225,0.7826,0,22.7,58.1,26.6,19.1,2.2,6.4,7.2,11.3,3.2,1.7,2.1,4.5,8.600000000000001,18.5,4.9,6.6,36.4,NS,2.21,2,S_EXCLUSIVE_GREEN,45.0
20.516666666666666,-0.7907,0.6122,0,28.1,21.8,21.6,27.3,2.0,2.4,0.4,1.8,1.7,1.4,3.5,3.4,4.4,2.2,3.0999999999999996,6.9,11.9,EW,1.56,4,W_EXCLUSIVE_GREEN,24.9
8.366666666666667,0.8141,-0.5807,1,60.7,16.2,77.9,26.1,12.1,11.3,3.0,5.4,7.3,10.9,2.6,3.8,23.4,8.4,18.2,6.4,46.0,EW,2.79,3,E_EXCLUSIVE_GREEN,45.0
14.733333333333333,-0.6561,-0.7547,0,31.7,20.7,30.8,29.7,4.0,3.1,1.7,1.7,2.9,6.7,2.4,4.4,7.1,3.4,9.6,6.800000000000001,18.3,EW,1.19,0,BALANCED_PHASE,31.6
23.866666666666667,-0.0349,0.9994,0,28.9,24.8,37.3,27.9,1.3,2.3,1.4,5.9,3.3,8.1,5.0,1.6,3.5999999999999996,7.300000000000001,11.399999999999999,6.6,19.8,EW,1.49,3,E_EXCLUSIVE_GREEN,36.5
14.033333333333333,-0.5075,-0.8616,0,26.9,18.1,72.2,32.6,1.4,2.1,0.7,6.0,7.2,6.9,4.0,1.7,3.5,6.7,14.100000000000001,5.7,25.9,EW,2.24,3,E_EXCLUSIVE_GREEN,45.0
1.15,0.2965,0.955,0,23.4,20.8,38.9,20.9,0.9,1.5,2.4,4.1,1.3,3.8,4.3,0.8,2.4,6.5,5.1,5.1,7.8,EW,1.32,0,BALANCED_PHASE,23.0
23.666666666666668,-0.0872,0.9962,0,31.2,33.0,29.4,21.9,2.3,10.8,0.7,3.6,4.6,1.4,4.5,3.7,13.100000000000001,4.3,6.0,8.2,21.2,NS,1.78,1,N_EXCLUSIVE_GREEN,39.3
3.4,0.7771,0.6293,0,22.8,33.3,22.6,23.5,1.7,8.1,3.3,3.8,4.6,2.8,2.4,3.3,9.799999999999999,7.1,7.3999999999999995,5.699999999999999,16.2,NS,1.35,0,BALANCED_PHASE,32.2
23.083333333333332,-0.2377,0.9713,0,30.6,20.5,65.0,21.6,4.9,11.2,1.5,2.9,9.4,8.1,2.4,2.9,16.1,4.4,17.5,5.3,34.9,EW,3.02,3,E_EXCLUSIVE_GREEN,45.0
13.416666666666666,-0.3624,-0.932,0,21.9,23.0,61.8,20.7,0.5,2.8,2.3,2.2,4.3,18.2,1.3,0.8,3.3,4.5,22.5,2.1,27.7,EW,5.17,3,E_EXCLUSIVE_GREEN,45.0
23.683333333333334,-0.0828,0.9966,0,23.3,22.3,29.8,35.5,1.4,2.3,1.5,2.4,1.6,1.9,1.9,3.5,3.6999999999999997,3.9,3.5,5.4,6.6,EW,1.26,0,BALANCED_PHASE,22.9
2.8833333333333333,0.6852,0.7284,0,26.4,25.6,23.4,33.1,0.6,2.4,3.9,1.4,3.9,2.4,4.7,3.3,3.0,5.3,6.3,8.0,9.4,EW,1.27,0,BALANCED_PHASE,27.9
3.8333333333333335,0.8434,0.5373,0,23.1,32.9,115.3,26.5,1.3,1.5,0.6,5.6,14.9,16.2,2.6,4.7,2.8,6.199999999999999,31.1,7.300000000000001,39.6,EW,4.14,3,E_EXCLUSIVE_GREEN,45.0
9.65,0.5771,-0.8166,0,23.3,31.1,29.6,23.6,3.2,2.5,2.2,3.3,3.7,1.4,0.6,4.7,5.7,5.5,5.1,5.3,10.1,NS,1.12,0,BALANCED_PHASE,23.0
7.733333333333333,0.8988,-0.4384,1,52.9,16.6,70.6,25.1,4.3,7.9,1.8,1.9,11.0,4.7,1.5,7.4,12.2,3.7,15.7,8.9,26.9,EW,2.07,3,E_EXCLUSIVE_GREEN,45.0
1.3833333333333333,0.3543,0.9351,0,36.2,24.5,34.0,30.9,10.5,5.1,0.7,3.8,2.8,9.6,3.3,3.2,15.6,4.5,12.399999999999999,6.5,20.9,EW,1.46,3,E_EXCLUSIVE_GREEN,38.0
6.8,0.9781,-0.2079,0,32.5,38.3,21.6,21.8,6.1,7.2,6.3,6.6,1.2,1.0,1.1,3.6,13.3,12.899999999999999,2.2,4.7,16.7,NS,1.05,0,BALANCED_PHASE,40.2
8.783333333333333,0.7461,-0.6659,1,75.3,14.6,85.1,21.4,7.8,10.8,2.1,0.9,7.9,14.4,5.3,3.0,18.6,3.0,22.3,8.3,36.7,EW,3.01,3,E_EXCLUSIVE_GREEN,45.0
22.816666666666666,-0.3049,0.9524,0,67.4,20.0,20.9,18.5,3.0,5.7,1.9,2.8,1.2,2.4,0.9,5.1,8.7,4.699999999999999,3.5999999999999996,6.0,13.2,NS,2.41,1,N_EXCLUSIVE_GREEN,35.8
19.416666666666668,-0.932,0.3624,1,21.4,118.3,17.0,52.1,2.9,6.0,15.3,14.6,3.5,4.3,6.6,11.4,8.9,29.9,7.8,18.0,55.6,NS,3.91,2,S_EXCLUSIVE_GREEN,45.0
5.716666666666667,0.9973,0.0741,0,97.6,23.5,23.4,32.2,10.8,18.8,1.4,1.9,3.5,2.0,6.5,5.1,29.6,3.3,5.5,11.6,53.8,NS,5.78,1,N_EXCLUSIVE_GREEN,45.0
13.216666666666667,-0.3132,-0.9497,0,26.0,30.7,18.7,61.0,3.9,2.3,3.8,1.6,0.5,7.2,12.9,7.6,6.199999999999999,5.4,7.7,20.5,44.4,EW,2.74,4,W_EXCLUSIVE_GREEN,45.0
21.133333333333333,-0.682,0.7314,0,19.0,21.9,18.9,93.5,0.7,1.2,1.7,0.6,3.0,3.1,9.9,21.2,1.9,2.3,6.1,31.1,48.2,EW,4.79,4,W_EXCLUSIVE_GREEN,45.0
19.833333333333332,-0.887,0.4617,0,23.8,30.2,21.3,33.0,5.3,1.4,4.1,3.0,1.1,3.3,2.2,2.6,6.699999999999999,7.1,4.4,4.800000000000001,8.3,NS,1.1,0,BALANCED_PHASE,25.5
10.1,0.4772,-0.8788,0,69.0,26.8,28.9,25.4,8.6,11.6,2.2,1.4,3.8,3.5,0.6,1.5,20.2,3.6,7.3,2.1,21.3,NS,3.59,1,N_EXCLUSIVE_GREEN,45.0
22.333333333333332,-0.4226,0.9063,0,19.8,24.8,65.0,21.9,1.3,1.2,0.7,7.1,7.0,6.5,2.6,2.1,2.5,7.8,13.5,4.7,28.0,EW,2.77,3,E_EXCLUSIVE_GREEN,45.0
23.75,-0.0654,0.9979,0,33.7,39.7,28.2,25.4,2.3,5.3,2.6,8.5,3.5,4.3,7.4,5.7,7.6,11.1,7.8,13.100000000000001,20.8,NS,1.28,0,BALANCED_PHASE,36.4
14.616666666666667,-0.6327,-0.7744,0,20.8,25.6,27.1,20.3,2.7,2.5,2.5,6.3,2.3,2.8,6.1,11.3,5.2,8.8,5.1,17.4,33.9,EW,2.36,3,E_EXCLUSIVE_GREEN,45.0
19.35,-0.9382,0.3461,1,16.0,111.6,20.5,60.5,4.1,4.9,12.4,10.3,1.0,2.4,9.1,8.9,9.0,22.700000000000003,3.4,18.0,47.1,NS,3.54,2,S_EXCLUSIVE_GREEN,45.0
17.4,-0.9877,-0.1564,1,15.3,73.6,17.5,51.1,0.0,0.8,7.0,14.0,1.3,4.4,7.7,6.8,0.8,21.0,5.7,14.5,38.3,NS,8.19,2,S_EXCLUSIVE_GREEN,45.0
15.983333333333333,-0.8638,-0.5038,0,25.1,24.9,20.4,30.7,2.7,1.3,4.1,1.8,0.9,5.1,2.1,5.5,4.0,5.8999999999999995,6.0,7.6,15.6,EW,1.3,0,BALANCED_PHASE,27.3
10.35,0.4187,-0.9081,0,24.6,22.6,27.0,138.4,0.8,2.9,3.3,10.5,6.7,2.5,16.0,17.3,3.7,13.8,9.2,33.3,56.2,EW,4.04,4,W_EXCLUSIVE_GREEN,45.0
4.483333333333333,0.9222,0.3867,0,28.2,24.0,34.9,27.9,3.6,4.1,3.7,4.6,18.0,3.9,3.7,1.6,7.699999999999999,8.3,21.9,5.300000000000001,44.9,EW,2.54,3,E_EXCLUSIVE_GREEN,45.0
15.216666666666667,-0.7461,-0.6659,0,28.8,38.0,29.7,21.4,3.1,1.9,5.8,7.0,3.7,6.5,0.3,8.7,5.0,12.8,10.2,9.0,18.2,NS,1.81,2,S_EXCLUSIVE_GREEN,39.3
5.716666666666667,0.9973,0.0741,0,17.8,25.2,25.8,51.9,4.2,0.5,2.1,2.7,3.0,3.6,3.8,12.3,4.7,4.800000000000001,6.6,16.1,26.7,EW,2.16,4,W_EXCLUSIVE_GREEN,45.0
1.7,0.4305,0.9026,0,34.5,21.0,34.4,29.2,2.7,5.3,1.0,5.6,3.7,3.3,3.8,5.0,8.0,6.6,7.0,8.8,11.8,EW,1.17,0,BALANCED_PHASE,30.0
2.6666666666666665,0.6428,0.766,0,36.0,25.8,27.0,28.0,10.2,5.3,2.8,2.9,3.7,4.5,2.7,8.5,15.5,5.699999999999999,8.2,11.2,26.5,NS,2.0,1,N_EXCLUSIVE_GREEN,45.0
11.083333333333334,0.2377,-0.9713,0,23.7,19.1,117.1,27.1,3.0,2.2,1.1,6.5,18.6,23.6,1.9,8.4,5.2,7.6,42.2,10.3,67.9,EW,4.05,3,E_EXCLUSIVE_GREEN,45.0
9.3,0.6494,-0.7604,1,55.5,13.6,46.2,19.7,5.9,13.3,3.1,10.6,3.2,6.6,2.9,6.5,19.200000000000003,13.7,9.8,9.4,27.5,NS,1.79,1,N_EXCLUSIVE_GREEN,45.0
10.466666666666667,0.3907,-0.9205,0,24.3,37.4,28.9,22.5,2.2,11.5,7.2,9.7,1.2,14.3,2.2,7.4,13.7,16.9,15.5,9.600000000000001,19.5,NS,1.28,0,BALANCED_PHASE,45.0
0.15,0.0393,0.9992,0,21.7,31.8,35.7,21.0,1.4,4.2,2.9,7.5,10.0,5.1,2.2,1.6,5.6,10.4,15.1,3.8000000000000003,16.4,EW,2.62,3,E_EXCLUSIVE_GREEN,43.3
5.65,0.9958,0.0915,0,19.0,18.2,18.9,143.0,0.6,6.6,0.4,4.7,2.0,2.9,18.2,35.4,7.199999999999999,5.1000000000000005,4.9,53.599999999999994,103.7,EW,8.95,4,W_EXCLUSIVE_GREEN,45.0
13.8,-0.454,-0.891,0,29.7,21.7,59.1,28.9,3.2,8.0,8.1,1.1,3.1,5.7,0.5,6.5,11.2,9.2,8.8,7.0,20.0,EW,1.55,3,E_EXCLUSIVE_GREEN,35.2
17.783333333333335,-0.9984,-0.0567,1,13.1,87.0,21.2,63.4,0.4,5.0,14.3,17.8,3.6,7.5,5.7,9.4,5.4,32.1,11.1,15.100000000000001,58.0,NS,5.81,2,S_EXCLUSIVE_GREEN,45.0
15.25,-0.7518,-0.6593,0,19.6,66.9,17.5,24.8,0.1,2.1,5.6,8.2,0.9,2.9,2.0,4.0,2.2,13.799999999999999,3.8,6.0,23.7,NS,4.11,2,S_EXCLUSIVE_GREEN,45.0
12.633333333333333,-0.165,-0.9863,0,26.0,29.3,24.5,21.5,0.4,3.8,6.3,4.4,2.2,4.9,1.1,4.4,4.2,10.7,7.1000000000000005,5.5,11.0,NS,1.67,2,S_EXCLUSIVE_GREEN,32.8
3.1,0.7254,0.6884,0,31.6,57.0,22.2,25.6,2.1,8.5,4.7,9.2,1.6,4.4,1.0,2.9,10.6,13.899999999999999,6.0,3.9,21.5,NS,1.45,2,S_EXCLUSIVE_GREEN,45.0
3.6,0.809,0.5878,0,18.9,60.5,26.1,24.8,2.4,6.9,7.6,7.5,1.9,0.6,3.7,4.6,9.3,15.1,2.5,8.3,26.7,NS,2.0,2,S_EXCLUSIVE_GREEN,45.0
23.416666666666668,-0.1521,0.9884,0,20.8,20.5,21.8,31.5,2.6,3.2,2.5,4.3,1.4,1.0,1.6,3.6,5.800000000000001,6.8,2.4,5.2,11.7,EW,1.59,4,W_EXCLUSIVE_GREEN,22.2
11.8,0.0523,-0.9986,0,28.2,33.2,117.9,25.9,5.2,4.4,3.3,9.1,12.0,26.4,1.2,5.0,9.600000000000001,12.399999999999999,38.4,6.2,53.2,EW,5.22,3,E_EXCLUSIVE_GREEN,45.0
10.816666666666666,0.3049,-0.9524,0,70.6,24.2,21.1,25.0,9.7,15.7,1.2,3.1,0.7,0.7,4.7,3.2,25.4,4.3,1.4,7.9,36.9,NS,4.1,1,N_EXCLUSIVE_GREEN,45.0
21.933333333333334,-0.515,0.8572,0,22.1,25.6,34.2,21.1,3.9,2.8,1.9,2.4,1.2,1.6,1.5,1.0,6.699999999999999,4.3,2.8,2.5,12.9,EW,1.33,0,BALANCED_PHASE,18.0
20.8,-0.7431,0.6691,0,21.2,23.7,22.0,32.0,0.2,2.4,4.0,1.6,1.9,2.9,3.5,7.7,2.6,5.6,4.8,11.2,16.8,EW,1.82,4,W_EXCLUSIVE_GREEN,34.8
16.566666666666666,-0.9304,-0.3665,1,13.1,97.9,14.9,56.6,2.5,3.0,8.6,19.7,1.8,2.9,5.6,6.8,5.5,28.299999999999997,4.7,12.399999999999999,60.0,NS,5.55,2,S_EXCLUSIVE_GREEN,45.0
17.416666666666668,-0.9884,-0.1521,1,22.8,91.2,14.1,57.6,0.3,2.2,7.8,13.0,5.3,1.3,2.6,9.3,2.5,20.8,6.6,11.9,37.6,NS,5.17,2,S_EXCLUSIVE_GREEN,45.0
7.9,0.8788,-0.4772,1,62.6,25.5,91.6,22.0,8.2,11.8,0.6,4.7,12.8,11.9,4.7,0.8,20.0,5.3,24.700000000000003,5.5,50.9,EW,4.14,3,E_EXCLUSIVE_GREEN,45.0
12.516666666666667,-0.1349,-0.9909,0,29.6,22.4,25.8,33.8,1.7,3.9,3.8,2.1,2.0,1.8,4.8,5.0,5.6,5.9,3.8,9.8,11.6,EW,1.75,4,W_EXCLUSIVE_GREEN,31.8
9.866666666666667,0.5299,-0.848,0,26.7,33.4,23.4,28.1,4.6,5.4,3.6,3.4,1.6,2.4,1.7,9.7,10.0,7.0,4.0,11.399999999999999,22.6,NS,1.3,0,BALANCED_PHASE,33.3
5.983333333333333,1.0,0.0044,0,25.7,29.9,28.2,35.1,2.2,3.7,3.9,4.1,7.9,1.9,3.5,4.4,5.9,8.0,9.8,7.9,15.4,EW,1.2,0,BALANCED_PHASE,32.5
12.3,-0.0785,-0.9969,0,19.6,26.7,125.2,22.3,3.8,3.6,3.9,1.6,19.0,18.2,1.7,2.2,7.4,5.5,37.2,3.9000000000000004,43.8,EW,7.02,3,E_EXCLUSIVE_GREEN,45.0
14.683333333333334,-0.6461,-0.7632,0,136.4,18.7,26.5,22.6,12.0,28.4,1.7,1.4,4.1,1.7,2.3,2.0,40.4,3.0999999999999996,5.8,4.3,51.6,NS,9.21,1,N_EXCLUSIVE_GREEN,45.0
12.616666666666667,-0.1607,-0.987,0,20.8,25.6,26.1,27.5,9.0,4.0,0.4,2.8,2.5,2.1,1.1,3.8,13.0,3.1999999999999997,4.6,4.9,13.1,EW,1.01,0,BALANCED_PHASE,21.1
13.433333333333334,-0.3665,-0.9304,0,57.3,32.4,18.3,17.6,10.2,9.6,5.7,4.2,0.9,2.0,2.5,3.3,19.799999999999997,9.9,2.9,5.8,38.3,NS,1.85,1,N_EXCLUSIVE_GREEN,45.0
19.233333333333334,-0.9483,0.3173,1,12.5,57.1,21.1,48.6,0.5,0.9,5.6,13.7,3.5,1.9,13.3,9.5,1.4,19.299999999999997,5.4,22.8,41.4,EW,3.22,4,W_EXCLUSIVE_GREEN,45.0
4.65,0.9382,0.3461,0,25.4,23.8,21.5,38.5,1.6,6.7,1.3,3.9,0.3,2.0,3.8,2.9,8.3,5.2,2.3,6.699999999999999,16.2,EW,2.03,4,W_EXCLUSIVE_GREEN,26.9
2.6333333333333333,0.6361,0.7716,0,27.3,24.3,34.1,35.4,0.3,4.3,0.6,3.7,2.9,8.1,2.1,7.4,4.6,4.3,11.0,9.5,15.8,EW,1.08,0,BALANCED_PHASE,35.0
13.016666666666667,-0.263,-0.9648,0,18.1,87.3,17.6,22.4,1.8,6.1,12.5,16.3,3.8,1.9,2.0,3.8,7.8999999999999995,28.8,5.699999999999999,5.8,44.0,NS,3.85,2,S_EXCLUSIVE_GREEN,45.0
5.6,0.9945,0.1045,0,21.9,33.4,34.7,36.3,3.8,8.4,3.1,1.0,3.2,4.6,4.0,5.0,12.2,4.1,7.8,9.0,19.7,EW,1.07,0,BALANCED_PHASE,31.5
21.083333333333332,-0.6915,0.7224,0,20.5,34.6,30.1,24.4,1.6,2.7,5.4,7.2,1.9,7.2,1.6,2.4,4.300000000000001,12.600000000000001,9.1,4.0,16.4,NS,2.2,2,S_EXCLUSIVE_GREEN,38.1
0.7833333333333333,0.2036,0.979,0,31.9,21.6,23.6,31.7,0.7,5.1,2.8,1.4,6.6,3.0,1.7,10.9,5.8,4.199999999999999,9.6,12.6,17.4,EW,1.28,0,BALANCED_PHASE,37.6
20.4,-0.809,0.5878,0,21.0,38.3,24.1,25.7,1.4,2.3,2.4,10.1,4.2,1.5,4.4,10.5,3.6999999999999997,12.5,5.7,14.9,23.9,NS,2.4,2,S_EXCLUSIVE_GREEN,39.3
6.9,0.9724,-0.2334,0,34.4,33.9,22.9,20.9,6.2,6.6,7.8,3.3,0.8,2.9,1.1,5.0,12.8,11.1,3.7,6.1,20.8,NS,1.07,0,BALANCED_PHASE,38.9
14.383333333333333,-0.5842,-0.8116,0,39.6,33.1,22.2,24.2,7.8,5.6,6.5,7.5,1.4,3.2,1.1,3.6,13.399999999999999,14.0,4.6,4.7,27.5,NS,1.07,0,BALANCED_PHASE,42.9
7.183333333333334,0.9524,-0.3049,1,56.2,22.7,68.9,21.6,5.5,7.5,4.6,1.9,8.4,12.7,4.8,3.3,13.0,6.5,21.1,8.1,23.5,EW,2.7,3,E_EXCLUSIVE_GREEN,45.0
15.983333333333333,-0.8638,-0.5038,0,20.4,22.9,21.9,21.0,1.9,1.1,0.6,2.8,6.5,3.3,0.2,4.9,3.0,3.4,9.8,5.1000000000000005,16.3,EW,1.45,3,E_EXCLUSIVE_GREEN,30.2
6.333333333333333,0.9962,-0.0872,0,50.9,30.0,21.5,31.3,6.5,5.9,3.4,4.1,1.4,4.6,1.9,4.7,12.4,7.5,6.0,6.6,22.4,NS,1.61,1,N_EXCLUSIVE_GREEN,41.2
0.21666666666666667,0.0567,0.9984,0,24.2,24.2,30.2,25.3,6.1,3.1,4.2,3.2,3.4,3.8,6.1,4.2,9.2,7.4,7.199999999999999,10.3,17.9,EW,1.28,0,BALANCED_PHASE,32.8
14.25,-0.5556,-0.8315,0,28.1,28.7,38.9,21.3,3.9,4.6,2.5,4.6,5.1,6.2,2.4,4.8,8.5,7.1,11.3,7.199999999999999,18.1,EW,1.59,3,E_EXCLUSIVE_GREEN,36.4
14.25,-0.5556,-0.8315,0,22.7,37.1,28.4,26.0,2.0,6.9,5.9,4.6,2.1,1.4,4.8,3.0,8.9,10.5,3.5,7.8,20.1,NS,1.28,0,BALANCED_PHASE,34.7
14.533333333333333,-0.6157,-0.788,0,37.0,21.2,33.5,30.0,3.5,3.6,1.5,2.6,3.1,6.4,4.6,7.6,7.1,4.1,9.5,12.2,14.0,EW,1.18,0,BALANCED_PHASE,36.8
19.883333333333333,-0.8809,0.4733,0,24.1,95.8,21.1,19.6,1.4,4.5,5.5,15.2,1.2,4.0,3.7,5.1,5.9,20.7,5.2,8.8,41.8,NS,3.55,2,S_EXCLUSIVE_GREEN,45.0
7.483333333333333,0.9255,-0.3786,1,77.7,14.0,108.6,14.1,11.5,9.4,0.4,1.6,8.1,17.7,0.4,4.9,20.9,2.0,25.799999999999997,5.300000000000001,55.2,EW,5.52,3,E_EXCLUSIVE_GREEN,45.0
23.066666666666666,-0.2419,0.9703,0,58.8,25.7,29.9,23.2,8.1,12.2,2.5,2.1,6.4,2.8,1.4,7.8,20.299999999999997,4.6,9.2,9.2,35.0,NS,3.13,1,N_EXCLUSIVE_GREEN,45.0
21.716666666666665,-0.5628,0.8266,0,27.6,37.6,23.0,23.4,2.3,2.4,5.8,5.3,3.8,1.7,1.2,4.3,4.699999999999999,11.1,5.5,5.5,22.8,NS,1.74,2,S_EXCLUSIVE_GREEN,36.2
16.5,-0.9239,-0.3827,1,15.4,75.0,17.3,47.2,2.5,3.9,10.8,21.4,1.4,4.6,5.3,4.5,6.4,32.2,6.0,9.8,37.8,NS,4.73,2,S_EXCLUSIVE_GREEN,45.0
12.066666666666666,-0.0175,-0.9998,0,27.7,32.0,23.5,26.1,1.4,11.5,6.4,3.5,0.5,5.5,3.9,4.2,12.9,9.9,6.0,8.1,21.7,NS,1.21,0,BALANCED_PHASE,38.7
8.933333333333334,0.7193,-0.6947,1,57.1,26.0,94.7,15.9,3.4,3.6,4.3,1.7,11.2,14.3,0.2,3.6,7.0,6.0,25.5,3.8000000000000003,28.4,EW,5.93,3,E_EXCLUSIVE_GREEN,45.0
22.566666666666666,-0.3665,0.9304,0,60.2,27.8,30.4,21.0,4.0,5.0,2.4,8.1,1.5,4.8,4.5,2.0,9.0,10.5,6.3,6.5,11.8,NS,1.5,1,N_EXCLUSIVE_GREEN,38.0
14.5,-0.6088,-0.7934,0,39.1,29.1,20.3,20.3,8.5,5.7,0.6,5.9,2.2,0.7,2.6,13.3,14.2,6.5,2.9000000000000004,15.9,20.2,NS,1.72,1,N_EXCLUSIVE_GREEN,42.5
1.3,0.3338,0.9426,0,36.0,24.1,25.5,26.4,1.3,10.4,0.7,1.4,2.8,5.2,3.9,1.1,11.700000000000001,2.0999999999999996,8.0,5.0,23.0,NS,2.55,1,N_EXCLUSIVE_GREEN,37.2
23.816666666666666,-0.048,0.9988,0,25.6,32.4,22.5,50.2,0.8,1.8,1.0,11.6,0.5,3.7,7.5,5.4,2.6,12.6,4.2,12.9,14.3,EW,2.49,4,W_EXCLUSIVE_GREEN,41.3
22.983333333333334,-0.263,0.9648,0,25.8,23.6,33.5,22.5,0.2,4.7,0.7,5.1,5.8,5.6,5.5,2.8,4.9,5.8,11.399999999999999,8.3,18.0,EW,1.36,0,BALANCED_PHASE,35.6
20.466666666666665,-0.7986,0.6018,0,24.5,26.5,32.2,22.5,0.3,2.2,5.0,2.0,4.7,4.6,5.0,0.9,2.5,7.0,9.3,5.9,15.4,EW,1.44,3,E_EXCLUSIVE_GREEN,30.9
3.1,0.7254,0.6884,0,18.4,26.9,63.3,24.0,1.2,1.3,0.8,9.7,22.6,17.1,0.7,7.5,2.5,10.5,39.7,8.2,58.2,EW,3.88,3,E_EXCLUSIVE_GREEN,45.0
18.8,-0.9781,0.2079,1,25.4,122.3,20.1,51.3,1.9,3.2,13.8,22.8,2.7,7.2,2.4,11.3,5.1,36.6,9.9,13.700000000000001,55.0,NS,5.72,2,S_EXCLUSIVE_GREEN,45.0
3.7666666666666666,0.8339,0.5519,0,18.4,20.2,22.8,75.6,5.3,1.0,4.3,5.3,2.6,4.1,10.3,12.2,6.3,9.6,6.699999999999999,22.5,45.0,EW,3.2,4,W_EXCLUSIVE_GREEN,45.0
21.35,-0.6394,0.7688,0,25.8,78.0,17.2,18.9,0.4,7.3,8.0,13.6,1.0,0.9,0.3,4.2,7.7,21.6,1.9,4.5,33.1,NS,2.78,2,S_EXCLUSIVE_GREEN,45.0
15.216666666666667,-0.7461,-0.6659,0,17.5,20.5,61.9,22.5,0.3,2.2,3.4,2.2,5.4,17.8,0.2,4.8,2.5,5.6,23.200000000000003,5.0,50.3,EW,3.56,3,E_EXCLUSIVE_GREEN,45.0
20.733333333333334,-0.7547,0.6561,0,23.1,20.0,28.5,66.9,1.3,8.2,4.7,2.6,1.1,7.8,8.8,8.6,9.5,7.300000000000001,8.9,17.4,21.1,EW,2.04,4,W_EXCLUSIVE_GREEN,45.0
7.8,0.891,-0.454,1,75.3,18.8,88.3,14.5,7.3,17.7,2.2,1.0,10.8,13.0,0.9,5.0,25.0,3.2,23.8,5.9,32.7,EW,4.46,3,E_EXCLUSIVE_GREEN,45.0
8.35,0.8166,-0.5771,1,141.7,14.0,93.7,13.0,16.6,19.7,0.8,4.4,7.5,25.0,0.8,0.5,36.3,5.2,32.5,1.3,57.3,NS,7.61,1,N_EXCLUSIVE_GREEN,45.0
9.733333333333333,0.5592,-0.829,0,20.1,20.1,29.6,23.1,5.9,0.6,2.6,3.0,2.3,4.0,1.7,7.7,6.5,5.6,6.3,9.4,18.7,EW,1.34,0,BALANCED_PHASE,31.0
14.733333333333333,-0.6561,-0.7547,0,19.1,20.6,54.7,18.5,2.9,1.2,1.9,2.7,4.4,9.8,4.7,2.6,4.1,4.6,14.200000000000001,7.300000000000001,24.2,EW,2.19,3,E_EXCLUSIVE_GREEN,45.0
19.033333333333335,-0.9636,0.2672,1,13.1,105.1,14.8,54.7,1.1,2.5,14.2,22.0,1.0,0.9,7.2,16.5,3.6,36.2,1.9,23.7,52.3,NS,8.52,2,S_EXCLUSIVE_GREEN,45.0
4.15,0.885,0.4656,0,36.8,24.4,36.9,32.4,1.5,4.4,5.8,4.6,2.2,4.7,3.0,7.6,5.9,10.399999999999999,6.9,10.6,10.8,EW,1.29,0,BALANCED_PHASE,33.9
0.23333333333333334,0.061,0.9981,0,35.0,32.4,26.2,20.4,4.4,4.6,4.1,2.4,5.1,2.2,0.5,2.0,9.0,6.5,7.3,2.5,13.4,NS,1.19,0,BALANCED_PHASE,30.6
18.383333333333333,-0.995,0.1002,1,13.5,135.0,16.7,61.2,0.3,0.5,12.1,20.8,2.8,1.7,5.3,7.3,0.8,32.9,4.5,12.6,56.2,NS,14.97,2,S_EXCLUSIVE_GREEN,45.0
22.3,-0.4305,0.9026,0,29.0,52.4,18.6,31.8,0.3,3.3,9.0,5.8,3.5,2.0,2.7,14.2,3.5999999999999996,14.8,5.5,16.9,21.8,NS,2.55,2,S_EXCLUSIVE_GREEN,45.0
18.666666666666668,-0.9848,0.1736,1,13.6,122.8,14.3,51.9,0.4,1.0,11.4,18.5,2.7,1.7,3.7,7.7,1.4,29.9,4.4,11.4,49.3,NS,11.76,2,S_EXCLUSIVE_GREEN,45.0
9.5,0.6088,-0.7934,1,82.7,27.2,78.4,12.9,8.5,10.3,3.8,5.7,13.3,8.5,1.5,0.8,18.8,9.5,21.8,2.3,45.5,NS,2.29,1,N_EXCLUSIVE_GREEN,45.0
22.466666666666665,-0.3907,0.9205,0,33.3,26.6,30.4,26.3,2.7,7.6,5.2,3.7,1.0,7.2,2.3,3.2,10.3,8.9,8.2,5.5,16.7,NS,1.15,0,BALANCED_PHASE,33.3
4.783333333333333,0.9497,0.3132,0,37.7,22.7,28.8,33.9,6.1,3.0,5.9,6.9,1.9,7.3,2.6,5.2,9.1,12.8,9.2,7.800000000000001,20.9,NS,1.44,1,N_EXCLUSIVE_GREEN,39.5
4.15,0.885,0.4656,0,23.9,36.5,22.9,24.8,1.0,4.7,4.1,3.0,1.0,5.3,1.1,11.2,5.7,7.1,6.3,12.299999999999999,26.9,NS,1.31,0,BALANCED_PHASE,28.5
12.266666666666667,-0.0698,-0.9976,0,37.5,22.9,20.9,27.7,7.1,5.7,2.3,9.2,1.5,2.3,0.7,2.8,12.8,11.5,3.8,3.5,20.9,NS,1.22,0,BALANCED_PHASE,39.4
0.9,0.2334,0.9724,0,19.2,21.9,100.5,20.6,2.5,5.3,2.3,4.9,9.7,16.8,1.8,9.4,7.8,7.2,26.5,11.200000000000001,53.0,EW,2.95,3,E_EXCLUSIVE_GREEN,45.0
4.616666666666667,0.9351,0.3543,0,18.1,18.1,70.4,25.0,2.4,1.8,2.7,1.5,8.4,17.5,1.5,5.0,4.2,4.2,25.9,6.5,31.2,EW,3.33,3,E_EXCLUSIVE_GREEN,45.0
23.533333333333335,-0.1219,0.9925,0,26.8,21.5,36.8,37.7,3.9,5.3,2.4,1.5,3.2,6.6,5.5,3.3,9.2,3.9,9.8,8.8,10.5,EW,1.04,0,BALANCED_PHASE,32.4
16.416666666666668,-0.9153,-0.4027,0,21.5,21.9,34.1,27.8,1.2,2.5,0.3,2.2,5.3,3.9,3.3,3.2,3.7,2.5,9.2,6.5,20.2,EW,1.28,0,BALANCED_PHASE,31.6
5.366666666666666,0.9863,0.165,0,32.8,33.4,26.2,25.7,8.3,1.6,6.1,8.5,3.6,6.1,4.7,3.8,9.9,14.6,9.7,8.5,26.4,NS,1.26,0,BALANCED_PHASE,42.9
18.9,-0.9724,0.2334,1,22.9,61.1,17.8,55.6,0.9,4.5,11.5,11.6,0.8,1.6,13.4,14.2,5.4,23.1,2.4000000000000004,27.6,51.8,NS,3.37,2,S_EXCLUSIVE_GREEN,45.0
16.333333333333332,-0.9063,-0.4226,0,37.1,23.3,21.8,32.7,4.0,6.1,5.5,4.0,1.4,3.0,1.4,6.4,10.1,9.5,4.4,7.800000000000001,18.2,NS,1.2,0,BALANCED_PHASE,33.7
12.916666666666666,-0.2377,-0.9713,0,26.2,28.0,30.4,34.3,3.0,4.0,3.4,5.4,6.6,2.0,2.9,2.6,7.0,8.8,8.6,5.5,10.3,EW,1.28,0,BALANCED_PHASE,29.4
20.166666666666668,-0.8434,0.5373,0,24.3,27.2,31.8,33.6,2.2,8.7,1.5,8.2,3.3,4.3,5.0,5.4,10.899999999999999,9.7,7.6,10.4,18.9,EW,1.18,0,BALANCED_PHASE,33.7
15.183333333333334,-0.7402,-0.6724,0,35.6,25.6,38.0,27.8,2.0,6.7,3.9,2.9,5.0,5.6,1.2,3.6,8.7,6.8,10.6,4.8,10.8,EW,1.68,3,E_EXCLUSIVE_GREEN,34.1
12.0,0.0,-1.0,0,20.1,27.2,38.7,27.5,3.7,1.4,0.9,1.3,3.1,1.3,1.6,3.9,5.1,2.2,4.4,5.5,11.8,EW,1.27,0,BALANCED_PHASE,24.1
2.35,0.5771,0.8166,0,24.5,51.3,25.4,17.6,1.7,3.8,5.4,5.7,1.9,6.1,0.1,2.1,5.5,11.100000000000001,8.0,2.2,12.2,NS,1.96,2,S_EXCLUSIVE_GREEN,37.7
7.15,0.955,-0.2965,1,121.5,19.8,79.5,19.4,12.4,15.7,1.4,4.1,8.0,9.8,2.6,0.7,28.1,5.5,17.8,3.3,46.5,NS,5.27,1,N_EXCLUSIVE_GREEN,45.0
8.633333333333333,0.7716,-0.6361,1,101.8,12.6,49.6,14.3,9.2,18.0,2.4,8.6,12.3,14.1,0.2,3.7,27.2,11.0,26.4,3.9000000000000004,50.1,NS,3.39,1,N_EXCLUSIVE_GREEN,45.0
23.833333333333332,-0.0436,0.999,0,26.4,104.5,30.3,24.2,2.0,3.9,8.4,15.3,2.9,5.6,1.4,5.5,5.9,23.700000000000003,8.5,6.9,49.2,NS,3.82,2,S_EXCLUSIVE_GREEN,45.0
11.516666666666667,0.1262,-0.992,0,34.5,39.2,25.1,24.5,8.3,3.6,8.8,11.1,0.7,2.0,2.7,3.2,11.9,19.9,2.7,5.9,32.2,NS,1.44,2,S_EXCLUSIVE_GREEN,45.0
20.966666666666665,-0.7133,0.7009,0,24.8,59.1,20.6,28.3,1.3,3.1,11.7,4.5,1.8,1.0,3.9,2.6,4.4,16.2,2.8,6.5,23.3,NS,2.84,2,S_EXCLUSIVE_GREEN,45.0
23.2,-0.2079,0.9781,0,57.1,23.8,20.6,24.5,12.7,17.5,1.1,1.8,2.7,3.9,4.0,4.7,30.2,2.9000000000000004,6.6,8.7,53.0,NS,5.1,1,N_EXCLUSIVE_GREEN,45.0
12.666666666666666,-0.1736,-0.9848,0,20.0,18.0,60.6,23.8,1.4,7.2,1.9,1.9,8.4,13.9,3.9,6.1,8.6,3.8,22.3,10.0,32.9,EW,2.26,3,E_EXCLUSIVE_GREEN,45.0
16.066666666666666,-0.8746,-0.4848,0,53.6,21.1,31.9,18.0,6.6,10.4,3.2,5.2,3.4,3.9,3.3,0.6,17.0,8.4,7.3,3.9,31.5,NS,2.11,1,N_EXCLUSIVE_GREEN,45.0
1.4666666666666668,0.3746,0.9272,0,24.7,21.4,37.2,27.5,2.3,4.0,0.9,3.3,2.0,4.4,2.0,14.8,6.3,4.2,6.4,16.8,34.3,EW,1.95,3,E_EXCLUSIVE_GREEN,45.0
7.25,0.9469,-0.3214,1,115.9,16.1,51.1,21.1,16.1,26.8,4.0,0.2,7.1,8.0,2.9,9.9,42.900000000000006,4.2,15.1,12.8,76.0,NS,8.34,1,N_EXCLUSIVE_GREEN,45.0
8.85,0.7343,-0.6788,1,100.8,14.7,48.0,15.2,10.2,14.2,4.5,5.4,5.5,6.7,4.5,3.7,24.4,9.9,12.2,8.2,36.0,NS,3.34,1,N_EXCLUSIVE_GREEN,45.0
23.183333333333334,-0.2122,0.9772,0,22.8,31.6,22.5,22.2,1.9,2.3,0.4,2.6,1.4,3.5,1.1,3.2,4.199999999999999,3.0,4.9,4.300000000000001,5.6,NS,1.31,0,BALANCED_PHASE,19.7
20.9,-0.7254,0.6884,0,17.9,24.4,32.1,72.8,2.5,7.2,6.3,1.7,2.6,3.4,7.4,10.1,9.7,8.0,6.0,17.5,27.4,EW,2.48,4,W_EXCLUSIVE_GREEN,45.0
5.033333333333333,0.9681,0.2504,0,26.2,26.4,26.6,21.2,3.2,6.4,2.1,2.3,3.6,4.3,2.9,3.8,9.600000000000001,4.4,7.9,6.699999999999999,11.3,NS,1.47,1,N_EXCLUSIVE_GREEN,30.1
8.583333333333334,0.7799,-0.6259,1,53.7,18.9,85.5,21.5,3.9,4.9,2.5,2.8,20.0,17.9,1.7,2.4,8.8,5.3,37.9,4.1,39.0,EW,6.18,3,E_EXCLUSIVE_GREEN,45.0
8.083333333333334,0.8549,-0.5188,1,115.3,16.4,102.0,12.9,10.0,19.8,0.9,1.3,11.2,14.6,1.3,2.3,29.8,2.2,25.799999999999997,3.5999999999999996,64.9,NS,8.83,1,N_EXCLUSIVE_GREEN,45.0
23.2,-0.2079,0.9781,0,20.6,34.6,24.4,30.5,8.9,3.6,2.5,3.9,1.5,2.2,4.7,13.1,12.5,6.4,3.7,17.8,36.3,EW,2.63,4,W_EXCLUSIVE_GREEN,45.0
2.95,0.6978,0.7163,0,30.8,29.8,34.3,21.2,2.0,8.0,1.3,4.5,3.5,5.0,1.3,4.1,10.0,5.8,8.5,5.3999999999999995,15.7,NS,1.32,0,BALANCED_PHASE,32.1
16.316666666666666,-0.9045,-0.4266,0,23.1,52.1,18.9,25.5,8.4,6.5,8.3,14.0,4.7,2.6,11.0,3.0,14.9,22.3,7.300000000000001,14.0,43.4,NS,1.64,2,S_EXCLUSIVE_GREEN,45.0
7.616666666666667,0.9118,-0.4107,1,56.7,20.1,61.8,18.0,9.3,10.3,2.9,1.7,7.1,11.3,3.2,2.1,19.6,4.6,18.4,5.300000000000001,37.4,EW,3.27,3,E_EXCLUSIVE_GREEN,45.0
18.5,-0.9914,0.1305,1,21.5,71.3,12.5,59.7,2.3,4.3,13.0,17.7,1.8,6.5,3.1,3.6,6.6,30.7,8.3,6.7,31.2,NS,3.94,2,S_EXCLUSIVE_GREEN,45.0
14.1,-0.5225,-0.8526,0,36.1,27.9,29.0,35.0,6.2,8.9,3.6,5.5,3.0,2.7,2.9,6.1,15.100000000000001,9.1,5.7,9.0,26.8,NS,1.47,1,N_EXCLUSIVE_GREEN,44.4
1.3333333333333333,0.342,0.9397,0,21.3,24.1,31.7,20.8,3.1,4.0,1.0,1.5,4.6,4.0,3.6,1.9,7.1,2.5,8.6,5.5,18.2,EW,1.47,3,E_EXCLUSIVE_GREEN,29.7
2.2,0.5446,0.8387,0,25.0,20.7,28.1,20.3,1.3,2.3,2.9,8.8,1.8,3.6,3.4,0.8,3.5999999999999996,11.700000000000001,5.4,4.2,18.0,NS,2.03,1,N_EXCLUSIVE_GREEN,34.7
14.083333333333334,-0.5188,-0.8549,0,37.3,26.2,24.5,25.7,4.5,5.6,1.8,3.4,3.6,4.1,2.9,2.2,10.1,5.2,7.699999999999999,5.1,16.5,NS,1.61,1,N_EXCLUSIVE_GREEN,33.6
3.5666666666666664,0.8039,0.5948,0,22.1,23.8,29.0,24.0,0.4,0.8,2.8,2.2,1.8,4.8,6.2,3.8,1.2000000000000002,5.0,6.6,10.0,18.3,EW,1.33,0,BALANCED_PHASE,32.1
19.516666666666666,-0.9222,0.3867,0,88.6,24.9,17.6,17.8,6.7,22.4,1.5,2.2,0.7,6.3,1.7,4.3,29.099999999999998,3.7,7.0,6.0,37.0,NS,5.1,1,N_EXCLUSIVE_GREEN,45.0
18.45,-0.9931,0.1175,1,12.9,59.1,23.7,50.8,0.5,1.4,5.7,5.2,2.3,5.0,5.9,8.6,1.9,10.9,7.3,14.5,24.9,EW,1.97,4,W_EXCLUSIVE_GREEN,45.0
3.7666666666666666,0.8339,0.5519,0,32.3,30.1,25.8,35.6,1.0,7.9,0.6,5.6,4.5,1.3,1.2,6.7,8.9,6.199999999999999,5.8,7.9,16.9,NS,1.21,0,BALANCED_PHASE,30.3
20.2,-0.8387,0.5446,0,20.8,26.9,22.5,20.4,2.6,9.3,1.5,8.4,3.2,2.3,1.8,2.4,11.9,9.9,5.5,4.2,18.2,NS,1.19,0,BALANCED_PHASE,35.5
20.65,-0.7688,0.6394,0,25.1,24.0,26.0,38.6,1.0,4.7,5.0,2.1,1.2,2.7,4.7,8.4,5.7,7.1,3.9000000000000004,13.100000000000001,18.9,EW,2.17,4,W_EXCLUSIVE_GREEN,40.0
0.26666666666666666,0.0698,0.9976,0,27.8,31.0,23.9,24.3,8.3,5.0,1.9,3.6,2.4,1.1,3.0,0.6,13.3,5.5,3.5,3.6,19.5,NS,1.69,1,N_EXCLUSIVE_GREEN,39.1
19.283333333333335,-0.9441,0.3297,1,17.9,54.2,23.0,75.1,0.3,2.3,5.7,12.2,4.6,6.0,7.6,9.7,2.5999999999999996,17.9,10.6,17.299999999999997,23.1,EW,2.06,4,W_EXCLUSIVE_GREEN,45.0
15.666666666666666,-0.8192,-0.5736,0,20.4,17.4,25.1,75.9,3.7,4.0,1.3,1.3,2.7,4.1,6.1,16.1,7.7,2.6,6.8,22.200000000000003,31.6,EW,3.04,4,W_EXCLUSIVE_GREEN,45.0
16.3,-0.9026,-0.4305,0,38.4,23.1,20.2,31.7,3.0,4.3,7.3,3.4,3.0,3.9,1.8,9.2,7.3,10.7,6.9,11.0,16.8,NS,1.48,1,N_EXCLUSIVE_GREEN,35.0
9.266666666666667,0.6561,-0.7547,1,53.7,12.9,113.3,17.7,12.9,4.7,1.6,0.3,8.4,24.6,0.3,4.7,17.6,1.9000000000000001,33.0,5.0,60.6,EW,6.16,3,E_EXCLUSIVE_GREEN,45.0
17.25,-0.9808,-0.1951,1,25.9,66.6,16.9,64.4,2.5,3.8,5.8,11.4,3.9,1.5,6.6,11.2,6.3,17.2,5.4,17.799999999999997,38.6,NS,2.55,2,S_EXCLUSIVE_GREEN,45.0
10.283333333333333,0.4344,-0.9007,0,32.9,20.6,27.4,22.3,1.3,7.0,1.1,1.9,8.2,2.3,3.0,10.1,8.3,3.0,10.5,13.1,18.1,EW,1.2,0,BALANCED_PHASE,37.9
16.316666666666666,-0.9045,-0.4266,0,37.8,25.2,26.9,37.0,2.6,6.0,1.9,3.1,1.5,3.3,3.7,6.0,8.6,5.0,4.8,9.7,12.5,EW,1.6,4,W_EXCLUSIVE_GREEN,32.3
3.8,0.8387,0.5446,0,26.4,39.5,25.0,37.5,5.7,2.4,5.5,2.0,2.0,3.3,4.3,5.8,8.1,7.5,5.3,10.1,20.2,NS,1.2,0,BALANCED_PHASE,30.3
15.0,-0.7071,-0.7071,0,18.8,21.5,28.7,66.3,4.5,1.5,3.2,2.0,5.2,3.1,5.9,6.6,6.0,5.2,8.3,12.5,21.1,EW,1.77,4,W_EXCLUSIVE_GREEN,44.0
15.166666666666666,-0.7373,-0.6756,0,24.3,22.9,20.0,95.8,5.0,1.8,2.3,2.0,0.7,4.3,9.3,17.0,6.8,4.3,5.0,26.3,41.9,EW,4.79,4,W_EXCLUSIVE_GREEN,45.0
21.316666666666666,-0.6461,0.7632,0,29.8,29.4,23.5,54.5,4.0,2.3,4.5,5.5,1.0,2.7,7.5,10.6,6.3,10.0,3.7,18.1,32.8,EW,3.26,4,W_EXCLUSIVE_GREEN,45.0
10.666666666666666,0.342,-0.9397,0,27.6,20.1,25.3,24.9,4.7,2.6,0.5,4.1,4.0,1.3,3.4,5.0,7.300000000000001,4.6,5.3,8.4,10.6,EW,1.25,0,BALANCED_PHASE,27.4
5.2,0.9781,0.2079,0,23.8,33.4,21.9,26.3,2.3,3.1,2.9,13.3,2.2,2.2,0.6,4.2,5.4,16.2,4.4,4.8,24.1,NS,2.15,2,S_EXCLUSIVE_GREEN,45.0
7.216666666666667,0.9497,-0.3132,1,50.4,23.1,99.8,19.9,8.9,8.3,1.3,1.1,13.0,17.8,0.4,6.8,17.200000000000003,2.4000000000000004,30.8,7.2,36.9,EW,4.35,3,E_EXCLUSIVE_GREEN,45.0
9.533333333333333,0.6018,-0.7986,0,20.4,23.6,17.5,50.4,0.9,0.6,3.5,11.6,5.9,2.8,1.2,9.6,1.5,15.1,8.7,10.799999999999999,19.6,EW,1.64,4,W_EXCLUSIVE_GREEN,37.6
3.716666666666667,0.8266,0.5628,0,22.8,149.1,18.8,18.6,1.2,1.8,22.9,22.6,1.3,2.9,0.8,2.1,3.0,45.5,4.2,2.9000000000000004,84.8,NS,9.34,2,S_EXCLUSIVE_GREEN,45.0
18.716666666666665,-0.9825,0.1865,1,15.4,67.1,13.2,109.6,0.2,0.6,5.5,15.4,1.5,1.5,7.6,21.4,0.8,20.9,3.0,29.0,54.0,EW,8.28,4,W_EXCLUSIVE_GREEN,45.0
4.333333333333333,0.9063,0.4226,0,27.6,23.7,18.3,80.6,2.6,4.9,0.7,3.2,0.6,2.5,10.3,11.9,7.5,3.9000000000000004,3.1,22.200000000000003,22.3,EW,5.28,4,W_EXCLUSIVE_GREEN,45.0
5.9,0.9997,0.0262,0,21.4,58.8,28.7,19.1,6.1,4.9,8.0,9.7,5.5,3.0,0.6,2.5,11.0,17.7,8.5,3.1,25.5,NS,1.87,2,S_EXCLUSIVE_GREEN,45.0
10.55,0.3706,-0.9288,0,29.1,29.8,30.1,33.5,1.9,5.8,6.2,3.2,11.3,2.7,5.3,8.6,7.699999999999999,9.4,14.0,13.899999999999999,19.3,EW,1.01,0,BALANCED_PHASE,41.0
20.633333333333333,-0.7716,0.6361,0,20.1,23.5,29.9,24.5,1.2,1.5,1.9,4.2,4.9,11.4,2.3,4.7,2.7,6.1,16.3,7.0,19.3,EW,1.8,3,E_EXCLUSIVE_GREEN,44.9
23.283333333333335,-0.1865,0.9825,0,25.4,20.0,92.7,19.2,2.1,1.8,2.9,3.7,11.8,13.6,7.2,1.7,3.9000000000000004,6.6,25.4,8.9,50.9,EW,3.32,3,E_EXCLUSIVE_GREEN,45.0
15.983333333333333,-0.8638,-0.5038,0,33.3,23.6,21.2,22.6,2.1,7.2,3.6,5.2,1.2,7.5,4.0,2.4,9.3,8.8,8.7,6.4,16.0,NS,1.14,0,BALANCED_PHASE,31.2
9.383333333333333,0.6327,-0.7744,1,81.5,15.6,102.0,17.7,19.3,9.6,0.5,0.5,14.6,12.0,1.5,1.3,28.9,1.0,26.6,2.8,46.3,EW,6.86,3,E_EXCLUSIVE_GREEN,45.0
4.316666666666666,0.9045,0.4266,0,28.0,29.6,131.7,31.2,4.0,2.9,1.1,9.4,8.3,19.6,1.3,3.9,6.9,10.5,27.900000000000002,5.2,48.5,EW,4.54,3,E_EXCLUSIVE_GREEN,45.0
23.333333333333332,-0.1736,0.9848,0,23.2,28.5,25.8,21.3,1.4,2.6,2.5,0.6,1.2,8.3,1.4,4.4,4.0,3.1,9.5,5.800000000000001,15.7,EW,1.39,0,BALANCED_PHASE,30.2
13.6,-0.4067,-0.9135,0,26.7,32.0,18.6,55.0,1.2,3.3,6.1,8.2,2.0,4.2,4.0,8.1,4.5,14.299999999999999,6.2,12.1,20.3,EW,2.22,4,W_EXCLUSIVE_GREEN,41.1
0.8,0.2079,0.9781,0,24.3,21.0,25.2,20.5,4.1,2.9,0.4,1.1,6.4,3.0,3.0,4.7,7.0,1.5,9.4,7.7,15.1,EW,1.17,0,BALANCED_PHASE,29.8
1.4333333333333333,0.3665,0.9304,0,23.3,144.3,17.2,20.0,4.7,0.7,15.9,22.3,2.1,2.3,0.9,2.1,5.4,38.2,4.4,3.0,44.8,NS,6.34,2,S_EXCLUSIVE_GREEN,45.0
14.816666666666666,-0.6724,-0.7402,0,22.3,126.0,29.8,20.0,2.6,5.9,14.4,27.1,4.3,5.2,0.5,0.6,8.5,41.5,9.5,1.1,87.2,NS,4.95,2,S_EXCLUSIVE_GREEN,45.0
6.7,0.9833,-0.1822,0,22.3,20.2,32.7,20.8,1.1,6.9,0.3,2.0,3.6,6.9,1.2,2.0,8.0,2.3,10.5,3.2,22.5,EW,2.17,3,E_EXCLUSIVE_GREEN,34.1
9.883333333333333,0.5262,-0.8504,0,23.4,23.9,56.8,26.1,1.2,5.4,3.8,3.4,3.9,12.3,2.3,4.9,6.6000000000000005,7.199999999999999,16.2,7.2,19.0,EW,2.13,3,E_EXCLUSIVE_GREEN,45.0
13.833333333333334,-0.4617,-0.887,0,19.9,65.9,17.3,23.3,6.3,3.9,12.8,9.6,0.7,3.5,0.5,4.1,10.2,22.4,4.2,4.6,46.4,NS,2.42,2,S_EXCLUSIVE_GREEN,45.0
6.65,0.9856,-0.1693,0,37.8,38.7,33.6,25.5,3.9,3.7,4.1,11.9,3.8,1.4,2.9,7.6,7.6,16.0,5.199999999999999,10.5,29.7,NS,1.52,2,S_EXCLUSIVE_GREEN,45.0
8.1,0.8526,-0.5225,1,93.2,13.2,47.6,12.2,9.8,17.4,1.0,0.6,11.3,6.4,0.8,1.9,27.2,1.6,17.700000000000003,2.7,50.3,NS,9.66,1,N_EXCLUSIVE_GREEN,45.0
2.25,0.5556,0.8315,0,19.6,22.6,18.6,71.1,2.3,4.1,1.9,1.8,1.0,2.9,12.8,6.6,6.3999999999999995,3.7,3.9,19.4,34.3,EW,4.14,4,W_EXCLUSIVE_GREEN,45.0
23.616666666666667,-0.1002,0.995,0,26.0,31.2,23.2,20.1,1.0,3.9,3.4,5.3,2.3,3.0,1.0,1.9,4.9,8.7,5.3,2.9,19.1,NS,1.41,2,S_EXCLUSIVE_GREEN,29.9
1.8166666666666667,0.4579,0.889,0,26.4,21.4,28.7,32.2,0.9,4.5,2.2,2.2,1.4,6.3,2.7,8.6,5.4,4.4,7.699999999999999,11.3,17.2,EW,1.27,0,BALANCED_PHASE,35.1
22.966666666666665,-0.2672,0.9636,0,23.7,25.5,24.2,27.8,8.2,5.3,1.6,3.3,3.5,6.9,3.7,3.7,13.5,4.9,10.4,7.4,19.4,EW,1.25,0,BALANCED_PHASE,32.7
7.283333333333333,0.9441,-0.3297,1,78.0,16.8,62.9,25.3,11.4,12.3,1.4,2.4,7.6,5.4,1.2,4.1,23.700000000000003,3.8,13.0,5.3,40.7,NS,5.13,1,N_EXCLUSIVE_GREEN,45.0
19.616666666666667,-0.9118,0.4107,0,110.8,25.2,29.3,25.3,9.0,26.2,4.5,1.3,3.3,2.5,3.9,2.5,35.2,5.8,5.8,6.4,40.2,NS,5.06,1,N_EXCLUSIVE_GREEN,45.0
1.6666666666666665,0.4226,0.9063,0,24.0,19.3,121.5,25.7,6.3,3.0,0.7,4.0,17.7,21.5,4.1,1.6,9.3,4.7,39.2,5.699999999999999,79.0,EW,5.6,3,E_EXCLUSIVE_GREEN,45.0
14.983333333333333,-0.704,-0.7102,0,17.6,26.0,25.0,82.8,3.2,0.7,1.7,2.8,6.6,3.4,9.0,9.1,3.9000000000000004,4.5,10.0,18.1,19.4,EW,2.24,4,W_EXCLUSIVE_GREEN,45.0
4.933333333333334,0.9613,0.2756,0,20.9,34.0,24.9,27.8,2.4,8.8,5.0,10.0,1.3,4.1,2.0,4.8,11.200000000000001,15.0,5.3999999999999995,6.8,21.9,NS,1.37,0,BALANCED_PHASE,43.3
10.816666666666666,0.3049,-0.9524,0,20.2,25.4,34.5,22.4,4.0,3.5,2.4,6.1,3.1,4.9,1.7,2.4,7.5,8.5,8.0,4.1,11.4,EW,1.64,3,E_EXCLUSIVE_GREEN,28.4
4.916666666666667,0.96,0.2798,0,31.0,21.2,64.9,20.1,3.8,2.0,5.0,0.6,3.2,16.6,0.9,1.0,5.8,5.6,19.8,1.9,42.1,EW,5.11,3,E_EXCLUSIVE_GREEN,45.0
18.2,-0.9986,0.0523,1,14.2,61.0,15.2,87.3,1.2,2.4,13.7,15.2,1.1,2.9,9.6,14.6,3.5999999999999996,28.9,4.0,24.2,34.8,EW,5.53,4,W_EXCLUSIVE_GREEN,45.0
17.083333333333332,-0.9713,-0.2377,1,21.7,83.1,21.4,58.0,3.1,3.0,6.7,18.9,2.7,5.3,12.5,5.3,6.1,25.599999999999998,8.0,17.8,35.0,NS,3.86,2,S_EXCLUSIVE_GREEN,45.0
14.25,-0.5556,-0.8315,0,20.4,19.0,51.4,22.7,3.3,4.4,5.1,4.2,5.0,4.5,11.3,4.3,7.7,9.3,9.5,15.600000000000001,24.2,EW,1.78,3,E_EXCLUSIVE_GREEN,45.0
17.55,-0.9931,-0.1175,1,12.6,78.7,16.9,63.4,1.5,1.0,14.2,8.0,0.4,1.4,1.7,9.2,2.5,22.2,1.7999999999999998,10.899999999999999,46.0,NS,6.88,2,S_EXCLUSIVE_GREEN,45.0
9.733333333333333,0.5592,-0.829,0,61.1,23.9,28.4,23.4,6.6,7.7,5.1,1.2,1.3,6.0,1.6,2.5,14.3,6.3,7.3,4.1,27.1,NS,2.29,1,N_EXCLUSIVE_GREEN,45.0
22.75,-0.3214,0.9469,0,35.1,31.9,25.1,22.8,2.6,9.3,2.3,4.3,0.6,2.0,2.3,7.8,11.9,6.6,2.6,10.1,16.1,NS,1.4,1,N_EXCLUSIVE_GREEN,36.7
11.95,0.0131,-0.9999,0,20.7,24.1,35.3,29.9,3.9,4.1,1.8,4.0,6.2,16.7,4.5,5.7,8.0,5.8,22.9,10.2,26.2,EW,1.8,3,E_EXCLUSIVE_GREEN,45.0
23.933333333333334,-0.0175,0.9998,0,25.5,24.4,139.3,27.0,1.5,2.0,5.6,4.5,7.9,26.8,1.1,1.8,3.5,10.1,34.7,2.9000000000000004,41.7,EW,7.11,3,E_EXCLUSIVE_GREEN,45.0
14.233333333333333,-0.5519,-0.8339,0,20.6,23.1,30.2,25.1,0.1,4.3,2.1,2.0,1.0,4.3,2.5,3.9,4.3999999999999995,4.1,5.3,6.4,12.1,EW,1.15,0,BALANCED_PHASE,24.5
10.2,0.454,-0.891,0,34.7,23.1,21.6,35.7,1.0,6.0,1.7,1.1,2.3,2.5,3.1,4.4,7.0,2.8,4.8,7.5,10.4,EW,1.52,4,W_EXCLUSIVE_GREEN,27.5
22.266666666666666,-0.4384,0.8988,0,52.1,23.8,20.2,19.2,5.6,4.7,1.9,2.7,6.0,2.1,0.8,0.6,10.3,4.6,8.1,1.4,17.2,NS,2.1,1,N_EXCLUSIVE_GREEN,36.7
4.116666666666666,0.8809,0.4733,0,25.6,21.4,36.3,29.2,4.2,3.2,1.1,3.7,5.0,3.8,3.9,6.7,7.4,4.800000000000001,8.8,10.6,15.3,EW,1.18,0,BALANCED_PHASE,34.3
13.416666666666666,-0.3624,-0.932,0,36.5,31.2,21.7,35.1,4.3,4.5,4.3,6.3,1.1,1.4,5.0,11.0,8.8,10.6,2.5,16.0,33.3,NS,1.15,0,BALANCED_PHASE,36.1
1.8833333333333333,0.4733,0.8809,0,36.0,31.4,34.2,27.9,6.6,4.8,3.5,4.5,1.3,7.0,2.6,3.9,11.399999999999999,8.0,8.3,6.5,12.6,NS,1.26,0,BALANCED_PHASE,35.5
16.383333333333333,-0.9118,-0.4107,0,25.1,18.2,22.2,61.7,4.1,6.3,2.3,1.0,4.6,2.8,4.3,10.4,10.399999999999999,3.3,7.3999999999999995,14.7,20.1,EW,2.19,4,W_EXCLUSIVE_GREEN,45.0
1.5333333333333332,0.3907,0.9205,0,31.8,31.5,28.4,20.7,4.6,2.7,1.2,3.0,0.2,3.6,1.8,4.1,7.3,4.2,3.8000000000000003,5.8999999999999995,15.1,NS,1.24,0,BALANCED_PHASE,26.8
10.833333333333334,0.3007,-0.9537,0,38.2,27.8,37.8,30.4,5.6,13.1,5.9,2.5,1.8,9.0,4.4,3.0,18.7,8.4,10.8,7.4,36.2,NS,1.82,1,N_EXCLUSIVE_GREEN,45.0
9.6,0.5878,-0.809,0,75.7,21.4,25.3,26.0,17.8,18.1,2.5,3.0,1.1,8.1,5.7,2.7,35.900000000000006,5.5,9.2,8.4,46.8,NS,4.96,1,N_EXCLUSIVE_GREEN,45.0
23.066666666666666,-0.2419,0.9703,0,21.0,22.8,21.1,20.7,0.5,2.2,1.9,3.6,4.1,10.8,0.8,1.5,2.7,5.5,14.9,2.3,26.1,EW,2.75,3,E_EXCLUSIVE_GREEN,41.2
17.816666666666666,-0.9988,-0.048,1,16.2,77.4,26.1,71.9,2.8,0.7,10.0,8.6,1.9,6.3,7.3,14.9,3.5,18.6,8.2,22.2,33.2,EW,2.63,4,W_EXCLUSIVE_GREEN,45.0
3.5666666666666664,0.8039,0.5948,0,85.8,23.0,18.4,18.5,6.6,12.5,1.4,2.6,1.9,1.0,0.6,1.1,19.1,4.0,2.9,1.7000000000000002,20.6,NS,3.98,1,N_EXCLUSIVE_GREEN,45.0
18.983333333333334,-0.967,0.2546,1,12.6,55.5,12.7,53.9,2.3,3.7,7.2,10.2,0.2,0.3,4.8,9.4,6.0,17.4,0.5,14.2,38.2,NS,3.16,2,S_EXCLUSIVE_GREEN,45.0
14.65,-0.6394,-0.7688,0,20.3,27.2,27.7,25.2,0.5,5.0,2.0,3.8,4.8,8.2,0.6,2.2,5.5,5.8,13.0,2.8000000000000003,13.5,EW,2.23,3,E_EXCLUSIVE_GREEN,37.3
6.8,0.9781,-0.2079,0,26.2,24.5,19.1,83.6,3.6,2.8,2.2,1.6,3.2,2.5,15.5,9.8,6.4,3.8000000000000003,5.7,25.3,41.7,EW,4.2,4,W_EXCLUSIVE_GREEN,45.0
8.483333333333333,0.796,-0.6053,1,69.4,12.6,56.6,25.2,2.6,8.4,1.5,1.7,3.0,8.3,4.4,4.4,11.0,3.2,11.3,8.8,21.8,EW,1.58,3,E_EXCLUSIVE_GREEN,40.0
14.933333333333334,-0.6947,-0.7193,0,30.2,26.9,28.9,38.5,2.9,1.6,2.9,6.0,1.6,4.9,1.7,8.3,4.5,8.9,6.5,10.0,17.3,EW,1.38,0,BALANCED_PHASE,33.7
23.15,-0.2207,0.9753,0,36.7,21.8,26.6,21.5,4.0,5.8,0.5,3.1,5.5,4.7,3.3,2.9,9.8,3.6,10.2,6.199999999999999,18.1,NS,2.03,1,N_EXCLUSIVE_GREEN,33.0
2.183333333333333,0.541,0.841,0,28.0,21.4,30.0,34.6,2.1,7.4,0.5,1.7,2.9,6.0,3.9,9.3,9.5,2.2,8.9,13.200000000000001,23.0,EW,1.31,0,BALANCED_PHASE,39.9
10.483333333333333,0.3867,-0.9222,0,36.0,21.6,20.7,28.8,7.3,5.0,2.1,4.7,0.9,3.8,2.0,1.2,12.3,6.800000000000001,4.7,3.2,13.3,NS,1.68,1,N_EXCLUSIVE_GREEN,37.4
22.783333333333335,-0.3132,0.9497,0,21.3,35.6,21.3,25.8,1.0,3.5,7.5,3.7,1.7,3.7,10.7,2.7,4.5,11.2,5.4,13.399999999999999,19.7,NS,1.98,2,S_EXCLUSIVE_GREEN,35.8
13.933333333333334,-0.4848,-0.8746,0,25.5,20.7,82.5,25.6,1.8,3.2,0.8,1.0,11.1,9.6,1.8,5.5,5.0,1.8,20.7,7.3,22.5,EW,2.88,3,E_EXCLUSIVE_GREEN,45.0
0.65,0.1693,0.9856,0,25.5,20.2,29.4,23.1,3.8,6.0,0.2,6.5,2.4,4.0,3.0,7.6,9.8,6.7,6.4,10.6,20.8,EW,1.43,3,E_EXCLUSIVE_GREEN,33.6
0.0,0.0,1.0,0,18.2,18.5,17.8,57.3,0.5,8.3,1.3,5.8,2.6,2.1,9.2,10.1,8.8,7.1,4.7,19.299999999999997,35.7,EW,3.51,4,W_EXCLUSIVE_GREEN,45.0
4.266666666666667,0.8988,0.4384,0,21.1,22.0,38.2,37.5,0.5,9.4,1.0,1.7,10.2,11.6,1.2,6.3,9.9,2.7,21.799999999999997,7.5,38.6,EW,1.9,3,E_EXCLUSIVE_GREEN,45.0
18.716666666666665,-0.9825,0.1865,1,21.0,67.7,23.8,82.7,3.6,2.4,8.1,11.2,1.1,0.3,11.0,10.8,6.0,19.299999999999997,1.4000000000000001,21.8,29.1,EW,5.77,4,W_EXCLUSIVE_GREEN,45.0
10.566666666666666,0.3665,-0.9304,0,20.2,23.7,23.8,20.8,2.5,4.7,0.8,3.6,1.7,3.5,1.7,3.3,7.2,4.4,5.2,5.0,13.9,NS,1.34,0,BALANCED_PHASE,25.1
21.2,-0.6691,0.7431,0,24.1,37.5,24.2,32.9,1.8,2.2,4.5,18.2,4.1,4.7,1.8,2.7,4.0,22.7,8.8,4.5,30.3,NS,3.24,2,S_EXCLUSIVE_GREEN,45.0
18.983333333333334,-0.967,0.2546,1,24.8,55.9,15.1,75.9,0.5,2.2,6.2,8.4,0.4,3.2,11.7,13.2,2.7,14.600000000000001,3.6,24.9,41.0,EW,5.64,4,W_EXCLUSIVE_GREEN,45.0
11.95,0.0131,-0.9999,0,37.7,31.3,28.9,37.2,4.5,5.1,4.1,2.8,1.7,5.8,0.8,9.4,9.6,6.8999999999999995,7.5,10.200000000000001,21.1,NS,1.25,0,BALANCED_PHASE,33.1
18.15,-0.9992,0.0393,1,21.7,105.6,12.0,62.7,5.8,2.9,11.7,20.0,0.9,1.3,14.6,14.7,8.7,31.7,2.2,29.299999999999997,66.1,NS,3.9,2,S_EXCLUSIVE_GREEN,45.0
6.816666666666666,0.9772,-0.2122,0,19.4,20.7,66.8,19.7,1.7,0.8,1.3,1.5,4.9,12.1,1.2,8.5,2.5,2.8,17.0,9.7,22.3,EW,2.15,3,E_EXCLUSIVE_GREEN,45.0
5.1,0.9724,0.2334,0,85.3,24.8,17.7,32.0,10.5,22.6,1.7,3.6,1.6,0.9,5.4,6.2,33.1,5.3,2.5,11.600000000000001,41.6,NS,4.66,1,N_EXCLUSIVE_GREEN,45.0
4.566666666666666,0.9304,0.3665,0,56.1,27.5,18.2,24.9,4.6,8.9,7.6,4.7,3.9,1.6,4.0,5.5,13.5,12.3,5.5,9.5,25.7,NS,1.35,1,N_EXCLUSIVE_GREEN,44.7
10.916666666666666,0.2798,-0.96,0,23.2,93.2,17.8,29.6,1.6,3.0,9.3,17.4,0.2,4.3,5.5,5.5,4.6,26.7,4.5,11.0,38.8,NS,4.66,2,S_EXCLUSIVE_GREEN,45.0
21.216666666666665,-0.6659,0.7461,0,18.9,73.2,25.2,28.0,2.2,1.1,5.2,17.2,0.9,2.6,5.4,4.7,3.3000000000000003,22.4,3.5,10.100000000000001,39.8,NS,4.88,2,S_EXCLUSIVE_GREEN,45.0
13.283333333333333,-0.3297,-0.9441,0,21.1,52.4,18.0,17.8,1.8,2.8,1.5,16.0,2.8,3.0,1.0,0.7,4.6,17.5,5.8,1.7,37.0,NS,3.0,2,S_EXCLUSIVE_GREEN,45.0
11.016666666666667,0.2546,-0.967,0,20.6,21.2,21.1,87.2,2.0,0.2,0.6,3.1,7.0,0.9,14.5,13.4,2.2,3.7,7.9,27.9,39.7,EW,3.59,4,W_EXCLUSIVE_GREEN,45.0
3.8833333333333333,0.8504,0.5262,0,20.6,22.1,30.1,28.1,3.3,4.9,3.2,4.1,4.0,6.5,1.1,3.0,8.2,7.3,10.5,4.1,10.9,EW,1.62,3,E_EXCLUSIVE_GREEN,32.5
0.4666666666666667,0.1219,0.9925,0,35.7,29.3,24.9,29.6,2.5,4.3,3.7,7.4,2.2,2.5,2.2,6.0,6.8,11.100000000000001,4.7,8.2,18.5,NS,1.39,0,BALANCED_PHASE,35.5
23.216666666666665,-0.2036,0.979,0,20.4,23.8,29.6,110.6,3.6,4.3,1.4,6.9,0.5,6.3,15.8,17.5,7.9,8.3,6.8,33.3,63.6,EW,4.19,4,W_EXCLUSIVE_GREEN,45.0
14.416666666666666,-0.5913,-0.8064,0,26.4,24.1,19.0,75.7,3.4,4.9,3.3,5.4,3.7,1.8,7.9,9.9,8.3,8.7,5.5,17.8,24.6,EW,3.36,4,W_EXCLUSIVE_GREEN,45.0
18.866666666666667,-0.9744,0.225,1,16.2,95.0,15.2,85.9,0.6,1.6,9.4,14.6,0.5,1.1,11.9,15.7,2.2,24.0,1.6,27.6,50.5,NS,7.23,2,S_EXCLUSIVE_GREEN,45.0
3.0833333333333335,0.7224,0.6915,0,30.0,37.9,25.8,30.6,2.9,3.2,3.9,6.5,4.5,10.0,5.5,8.7,6.1,10.4,14.5,14.2,18.1,EW,1.04,0,BALANCED_PHASE,41.3
16.966666666666665,-0.9636,-0.2672,1,14.0,94.3,16.1,91.9,0.6,0.4,13.2,14.4,0.5,5.2,6.2,8.0,1.0,27.6,5.7,14.2,55.0,NS,10.79,2,S_EXCLUSIVE_GREEN,45.0
18.766666666666666,-0.9799,0.1994,1,17.4,69.9,18.3,48.3,0.1,3.2,6.4,11.6,3.5,3.5,3.2,12.3,3.3000000000000003,18.0,7.0,15.5,33.5,NS,4.4,2,S_EXCLUSIVE_GREEN,45.0
16.116666666666667,-0.8809,-0.4733,0,20.1,93.6,32.5,19.2,3.0,0.6,10.1,13.2,4.7,2.4,3.6,2.2,3.6,23.299999999999997,7.1,5.800000000000001,33.4,NS,5.17,2,S_EXCLUSIVE_GREEN,45.0
3.5166666666666666,0.796,0.6053,0,24.0,35.0,34.3,35.3,3.2,5.7,4.5,13.9,0.7,5.8,4.0,7.5,8.9,18.4,6.5,11.5,32.0,EW,1.34,0,BALANCED_PHASE,37.6
11.783333333333333,0.0567,-0.9984,0,21.2,29.2,23.5,22.2,1.2,2.7,4.8,5.5,4.2,4.5,2.1,1.7,3.9000000000000004,10.3,8.7,3.8,21.0,NS,1.87,2,S_EXCLUSIVE_GREEN,33.0
13.2,-0.309,-0.9511,0,73.5,23.0,17.3,32.1,5.0,10.5,0.5,2.2,1.0,6.4,2.8,1.5,15.5,2.7,7.4,4.3,26.5,NS,3.87,1,N_EXCLUSIVE_GREEN,45.0
16.383333333333333,-0.9118,-0.4107,0,25.2,29.5,21.3,25.7,3.5,1.3,2.2,7.9,1.6,2.1,0.4,4.1,4.8,10.100000000000001,3.7,4.5,16.3,NS,1.55,2,S_EXCLUSIVE_GREEN,32.1
16.116666666666667,-0.8809,-0.4733,0,26.4,34.4,25.0,20.2,1.0,7.9,1.8,3.4,5.4,4.5,1.4,4.7,8.9,5.2,9.9,6.1,11.0,NS,1.44,1,N_EXCLUSIVE_GREEN,30.1
0.0,0.0,1.0,0,25.9,26.8,20.1,101.7,3.1,7.0,3.7,2.0,3.4,4.3,8.2,17.3,10.1,5.7,7.699999999999999,25.5,29.4,EW,3.75,4,W_EXCLUSIVE_GREEN,45.0
12.9,-0.2334,-0.9724,0,24.5,21.8,74.3,24.7,3.9,6.0,6.2,2.0,13.0,7.7,0.5,5.7,9.9,8.2,20.7,6.2,21.0,EW,3.06,3,E_EXCLUSIVE_GREEN,45.0
9.883333333333333,0.5262,-0.8504,0,18.1,17.2,87.4,27.8,0.6,2.2,3.0,1.7,10.3,11.3,4.5,4.7,2.8000000000000003,4.7,21.6,9.2,43.9,EW,2.56,3,E_EXCLUSIVE_GREEN,45.0
7.733333333333333,0.8988,-0.4384,1,94.5,16.0,113.7,23.4,11.3,12.1,1.7,0.7,6.7,21.7,7.3,3.2,23.4,2.4,28.4,10.5,56.8,EW,3.26,3,E_EXCLUSIVE_GREEN,45.0
2.6833333333333336,0.6461,0.7632,0,26.7,25.6,28.1,33.6,3.3,2.6,4.3,4.6,2.6,3.0,1.3,3.7,5.9,8.899999999999999,5.6,5.0,13.9,EW,1.11,0,BALANCED_PHASE,23.6
12.933333333333334,-0.2419,-0.9703,0,29.8,29.2,33.3,22.9,0.9,4.0,3.3,4.7,4.4,7.7,3.7,2.8,4.9,8.0,12.100000000000001,6.5,20.5,EW,1.62,3,E_EXCLUSIVE_GREEN,37.2
8.766666666666667,0.749,-0.6626,1,102.5,14.9,62.3,18.8,5.5,7.6,1.9,1.2,10.3,13.9,1.7,3.8,13.1,3.0999999999999996,24.200000000000003,5.5,48.5,NS,5.11,1,N_EXCLUSIVE_GREEN,45.0
20.95,-0.7163,0.6978,0,17.4,51.5,22.7,21.1,0.6,7.6,10.2,19.4,1.9,4.9,1.9,4.8,8.2,29.599999999999998,6.800000000000001,6.699999999999999,39.6,NS,3.27,2,S_EXCLUSIVE_GREEN,45.0
7.183333333333334,0.9524,-0.3049,1,97.8,16.6,76.5,12.7,17.4,16.0,0.1,2.6,5.8,8.3,0.3,5.0,33.4,2.7,14.100000000000001,5.3,34.0,NS,8.14,1,N_EXCLUSIVE_GREEN,45.0
18.0,-1.0,-0.0,1,13.2,62.4,18.1,54.0,0.3,2.6,11.2,8.3,0.8,1.9,1.8,7.7,2.9,19.5,2.7,9.5,36.3,NS,5.29,2,S_EXCLUSIVE_GREEN,45.0
4.55,0.9288,0.3706,0,24.5,28.2,24.4,61.5,2.1,2.2,3.6,8.7,0.3,2.2,6.8,6.0,4.300000000000001,12.299999999999999,2.5,12.8,16.7,EW,3.18,4,W_EXCLUSIVE_GREEN,43.3
1.05,0.2714,0.9625,0,27.9,28.1,38.6,20.6,5.4,1.3,4.7,4.8,1.8,2.5,1.2,2.5,6.7,9.5,4.3,3.7,11.4,NS,1.18,0,BALANCED_PHASE,30.2
6.916666666666667,0.9713,-0.2377,0,23.7,28.9,21.7,22.9,2.4,3.9,4.4,1.5,0.7,3.4,8.2,1.7,6.3,5.9,4.1,9.899999999999999,10.0,NS,1.08,0,BALANCED_PHASE,23.8
9.383333333333333,0.6327,-0.7744,1,57.0,23.6,47.3,21.9,9.6,9.4,1.0,1.6,4.5,7.0,1.4,4.1,19.0,2.6,11.5,5.5,25.1,NS,3.89,1,N_EXCLUSIVE_GREEN,45.0
19.433333333333334,-0.9304,0.3665,1,14.0,53.3,24.5,79.2,0.2,0.9,5.7,11.3,3.5,2.9,4.9,8.9,1.1,17.0,6.4,13.8,21.2,EW,2.51,4,W_EXCLUSIVE_GREEN,45.0
5.433333333333334,0.989,0.1478,0,29.3,75.3,17.6,24.0,5.5,1.6,10.0,10.5,0.6,1.9,0.9,3.6,7.1,20.5,2.5,4.5,38.3,NS,2.64,2,S_EXCLUSIVE_GREEN,45.0
23.85,-0.0393,0.9992,0,32.2,24.4,31.4,21.9,5.5,3.6,2.1,3.8,1.4,4.9,2.8,2.1,9.1,5.9,6.300000000000001,4.9,15.4,NS,1.38,0,BALANCED_PHASE,30.5
5.383333333333334,0.987,0.1607,0,21.8,24.8,38.2,27.8,0.8,5.5,2.3,5.0,2.2,10.0,2.1,12.2,6.3,7.3,12.2,14.299999999999999,25.6,EW,1.2,0,BALANCED_PHASE,43.0
3.8333333333333335,0.8434,0.5373,0,20.2,25.6,20.5,54.3,4.8,1.5,2.7,9.3,0.2,2.1,7.4,12.8,6.3,12.0,2.3000000000000003,20.200000000000003,32.7,EW,4.5,4,W_EXCLUSIVE_GREEN,45.0
6.316666666666666,0.9966,-0.0828,0,37.6,26.0,38.9,30.1,4.8,3.7,2.2,2.1,1.2,8.7,0.8,7.8,8.5,4.300000000000001,9.899999999999999,8.6,14.1,EW,1.17,0,BALANCED_PHASE,33.2
11.966666666666667,0.0087,-1.0,0,33.3,23.5,23.8,20.3,4.9,5.5,3.6,3.0,4.5,6.9,1.1,5.3,10.4,6.6,11.4,6.4,20.1,NS,1.45,1,N_EXCLUSIVE_GREEN,33.8
19.333333333333332,-0.9397,0.342,1,16.9,63.8,12.8,119.8,0.6,2.1,14.0,11.2,0.6,3.5,13.0,23.6,2.7,25.2,4.1,36.6,51.7,EW,8.47,4,W_EXCLUSIVE_GREEN,45.0
0.8333333333333334,0.2164,0.9763,0,116.9,28.4,23.5,17.5,15.8,17.3,3.9,3.9,1.7,6.4,1.2,1.1,33.1,7.8,8.1,2.3,36.1,NS,4.04,1,N_EXCLUSIVE_GREEN,45.0
15.033333333333333,-0.7133,-0.7009,0,20.4,25.8,35.7,30.5,0.5,1.7,2.3,2.4,5.9,6.4,1.6,2.7,2.2,4.699999999999999,12.3,4.300000000000001,20.7,EW,1.78,3,E_EXCLUSIVE_GREEN,38.1
4.966666666666667,0.9636,0.2672,0,25.2,24.2,20.8,27.8,7.2,2.4,1.1,11.1,1.1,2.1,2.4,6.9,9.6,12.2,3.2,9.3,15.5,NS,1.15,0,BALANCED_PHASE,35.5
17.4,-0.9877,-0.1564,1,14.3,87.9,12.3,79.3,1.6,1.9,5.4,11.5,1.7,0.8,8.6,17.0,3.5,16.9,2.5,25.6,31.6,NS,5.03,2,S_EXCLUSIVE_GREEN,45.0
19.766666666666666,-0.8949,0.4462,0,31.8,25.2,32.6,39.9,3.8,6.8,3.9,6.0,4.1,8.2,1.0,9.1,10.6,9.9,12.299999999999999,10.1,26.3,EW,1.18,0,BALANCED_PHASE,39.4
5.1,0.9724,0.2334,0,17.4,99.6,18.8,30.4,0.6,1.1,8.4,9.4,6.2,4.5,0.8,6.4,1.7000000000000002,17.8,10.7,7.2,30.7,NS,6.64,2,S_EXCLUSIVE_GREEN,45.0
2.4333333333333336,0.5948,0.8039,0,26.7,32.1,26.1,37.0,4.9,3.4,5.4,7.6,7.4,4.4,5.6,9.1,8.3,13.0,11.8,14.7,19.7,EW,1.26,0,BALANCED_PHASE,43.0
3.5,0.7934,0.6088,0,31.4,22.2,21.6,33.1,4.7,4.3,0.7,4.0,2.4,5.8,1.7,0.6,9.0,4.7,8.2,2.3,14.2,NS,1.59,1,N_EXCLUSIVE_GREEN,30.1
13.9,-0.4772,-0.8788,0,37.1,37.1,22.0,29.0,4.1,7.4,3.4,6.8,1.2,2.3,1.4,5.9,11.5,10.2,3.5,7.300000000000001,24.8,NS,1.04,0,BALANCED_PHASE,37.2
14.133333333333333,-0.5299,-0.848,0,25.9,29.3,38.8,25.5,5.3,1.5,5.6,8.2,2.1,5.2,3.2,7.6,6.8,13.799999999999999,7.300000000000001,10.8,24.8,EW,1.44,3,E_EXCLUSIVE_GREEN,36.1
20.0,-0.866,0.5,0,17.8,18.4,20.9,104.4,1.7,4.5,1.8,2.7,1.8,2.2,14.8,21.2,6.2,4.5,4.0,36.0,55.4,EW,6.56,4,W_EXCLUSIVE_GREEN,45.0
8.133333333333333,0.848,-0.5299,1,105.8,12.4,58.8,15.1,16.6,18.1,0.6,0.8,2.1,6.8,0.1,1.5,34.7,1.4,8.9,1.6,50.5,NS,12.78,1,N_EXCLUSIVE_GREEN,45.0
10.7,0.3338,-0.9426,0,27.3,22.1,23.9,20.7,2.7,1.6,1.3,3.0,8.6,14.1,2.5,0.7,4.300000000000001,4.3,22.7,3.2,40.8,EW,3.5,3,E_EXCLUSIVE_GREEN,45.0
19.7,-0.9026,0.4305,0,23.9,20.3,24.5,30.8,1.1,1.5,6.3,1.2,3.1,6.6,2.2,5.0,2.6,7.5,9.7,7.2,17.2,EW,1.26,0,BALANCED_PHASE,31.7
15.516666666666667,-0.796,-0.6053,0,21.1,30.8,28.5,38.2,1.1,7.8,6.9,1.4,2.2,3.9,2.3,10.7,8.9,8.3,6.1,13.0,20.5,EW,1.68,4,W_EXCLUSIVE_GREEN,39.9
18.2,-0.9986,0.0523,1,13.2,97.8,22.5,95.6,0.8,3.3,13.7,17.9,1.6,2.3,12.8,27.9,4.1,31.599999999999998,3.9,40.7,77.7,EW,6.72,4,W_EXCLUSIVE_GREEN,45.0
4.233333333333333,0.8949,0.4462,0,26.2,35.0,35.2,35.4,4.2,1.9,1.5,9.1,3.0,9.5,5.2,4.8,6.1,10.6,12.5,10.0,17.4,EW,1.12,0,BALANCED_PHASE,38.1
4.233333333333333,0.8949,0.4462,0,31.5,31.7,33.8,21.3,9.3,2.7,2.5,5.8,4.0,6.3,11.4,0.8,12.0,8.3,10.3,12.200000000000001,24.3,NS,1.21,0,BALANCED_PHASE,37.1
23.1,-0.2334,0.9724,0,39.9,21.5,27.7,24.8,5.3,5.2,3.0,4.8,1.3,3.2,1.1,5.0,10.5,7.8,4.5,6.1,15.5,NS,1.47,1,N_EXCLUSIVE_GREEN,34.7
9.933333333333334,0.515,-0.8572,0,21.0,22.1,21.0,26.7,3.1,6.8,4.5,1.5,2.0,3.0,0.7,3.2,9.9,6.0,5.0,3.9000000000000004,12.0,NS,1.34,0,BALANCED_PHASE,30.0
7.233333333333333,0.9483,-0.3173,1,66.0,18.4,71.1,21.1,11.7,16.1,1.4,1.1,11.3,11.6,1.0,2.5,27.8,2.5,22.9,3.5,39.1,EW,4.51,3,E_EXCLUSIVE_GREEN,45.0
8.183333333333334,0.841,-0.541,1,89.3,19.3,47.2,21.9,16.5,15.8,2.1,1.4,3.8,13.1,2.2,6.7,32.3,3.5,16.9,8.9,47.4,NS,6.38,1,N_EXCLUSIVE_GREEN,45.0
23.7,-0.0785,0.9969,0,29.5,19.9,20.3,55.2,2.0,4.8,0.4,3.8,2.5,5.9,6.9,10.4,6.8,4.2,8.4,17.3,33.3,EW,2.19,4,W_EXCLUSIVE_GREEN,45.0
21.616666666666667,-0.5842,0.8116,0,37.1,36.2,30.6,31.8,13.5,3.4,1.5,2.2,0.9,4.0,4.0,6.7,16.9,3.7,4.9,10.7,18.1,NS,2.13,1,N_EXCLUSIVE_GREEN,45.0
18.933333333333334,-0.9703,0.2419,1,17.8,60.1,13.5,53.2,0.9,2.0,4.2,10.5,0.2,3.0,3.0,8.3,2.9,14.7,3.2,11.3,18.9,NS,3.84,2,S_EXCLUSIVE_GREEN,45.0
8.8,0.7431,-0.6691,1,51.7,17.7,74.5,22.5,6.5,8.0,1.6,2.9,8.8,15.7,3.2,5.1,14.5,4.5,24.5,8.3,48.4,EW,2.96,3,E_EXCLUSIVE_GREEN,45.0
4.333333333333333,0.9063,0.4226,0,27.7,32.2,24.4,25.1,0.3,4.9,3.5,5.4,1.7,1.9,0.8,7.3,5.2,8.9,3.5999999999999996,8.1,9.9,NS,1.36,0,BALANCED_PHASE,29.6
21.15,-0.6788,0.7343,0,23.6,28.4,25.0,36.8,5.8,2.9,3.5,1.9,1.3,7.8,4.7,2.4,8.7,5.4,9.1,7.1,19.1,EW,1.31,0,BALANCED_PHASE,31.7
1.7833333333333332,0.4501,0.893,0,22.5,22.3,23.6,34.3,0.7,7.7,2.6,2.4,1.4,5.9,3.7,4.6,8.4,5.0,7.300000000000001,8.3,13.7,EW,1.21,0,BALANCED_PHASE,29.1
12.666666666666666,-0.1736,-0.9848,0,20.9,137.9,20.2,20.6,6.4,2.5,13.4,28.7,3.5,1.2,1.6,2.0,8.9,42.1,4.7,3.6,73.5,NS,5.13,2,S_EXCLUSIVE_GREEN,45.0
5.0,0.9659,0.2588,0,71.6,32.3,22.3,23.4,5.2,12.7,4.8,8.6,8.7,4.7,1.6,3.7,17.9,13.399999999999999,13.399999999999999,5.300000000000001,26.3,NS,1.58,1,N_EXCLUSIVE_GREEN,45.0
7.166666666666667,0.9537,-0.3007,1,75.9,19.9,83.2,23.4,13.1,12.0,1.5,1.7,12.8,19.4,1.6,4.4,25.1,3.2,32.2,6.0,33.2,EW,4.37,3,E_EXCLUSIVE_GREEN,45.0
12.333333333333334,-0.0872,-0.9962,0,19.5,25.8,30.5,95.1,3.3,2.9,0.2,3.6,1.1,6.2,1.6,17.0,6.199999999999999,3.8000000000000003,7.300000000000001,18.6,29.0,EW,2.71,4,W_EXCLUSIVE_GREEN,45.0
15.9,-0.8526,-0.5225,0,26.2,31.1,17.9,55.9,1.5,3.4,1.8,3.9,4.5,1.8,8.9,8.8,4.9,5.7,6.3,17.700000000000003,31.5,EW,2.78,4,W_EXCLUSIVE_GREEN,45.0
14.216666666666667,-0.5483,-0.8363,0,25.0,32.5,24.8,25.0,5.7,4.5,2.0,2.3,1.6,3.4,5.0,5.6,10.2,4.3,5.0,10.6,15.2,NS,1.71,1,N_EXCLUSIVE_GREEN,32.8
8.566666666666666,0.7826,-0.6225,1,57.1,16.5,119.7,18.5,7.4,6.6,2.8,0.5,21.2,16.4,1.5,2.4,14.0,3.3,37.599999999999994,3.9,78.2,EW,7.6,3,E_EXCLUSIVE_GREEN,45.0
14.116666666666667,-0.5262,-0.8504,0,21.6,31.6,23.5,22.4,1.3,2.1,2.3,3.9,3.0,8.1,2.8,2.2,3.4000000000000004,6.199999999999999,11.1,5.0,22.3,NS,1.52,2,S_EXCLUSIVE_GREEN,25.3
20.816666666666666,-0.7402,0.6724,0,33.3,23.8,32.1,23.6,11.6,6.7,1.1,6.5,8.9,3.6,3.4,2.1,18.3,7.6,12.5,5.5,23.0,NS,1.94,1,N_EXCLUSIVE_GREEN,45.0
10.35,0.4187,-0.9081,0,26.1,22.6,28.8,32.0,2.9,5.2,2.0,7.1,2.3,3.0,2.2,1.8,8.1,9.1,5.3,4.0,11.7,EW,1.14,0,BALANCED_PHASE,22.5
5.266666666666667,0.9816,0.1908,0,32.8,28.9,32.1,133.8,5.3,2.9,5.0,11.4,0.6,2.7,18.0,27.7,8.2,16.4,3.3000000000000003,45.7,74.6,EW,7.09,4,W_EXCLUSIVE_GREEN,45.0
17.483333333333334,-0.9909,-0.1349,1,21.5,108.7,12.7,98.3,5.7,2.1,7.2,19.5,0.5,1.1,9.8,18.7,7.800000000000001,26.7,1.6,28.5,39.0,NS,3.85,2,S_EXCLUSIVE_GREEN,45.0
21.1,-0.6884,0.7254,0,30.5,35.2,29.9,24.5,5.7,5.4,4.8,7.1,2.5,7.1,0.2,5.3,11.100000000000001,11.899999999999999,9.6,5.5,16.6,NS,1.07,0,BALANCED_PHASE,36.8
10.8,0.309,-0.9511,0,23.9,22.2,24.6,39.6,4.5,2.7,3.6,4.1,4.5,6.7,0.8,2.5,7.2,7.699999999999999,11.2,3.3,20.7,EW,2.19,3,E_EXCLUSIVE_GREEN,36.6
2.8333333333333335,0.6756,0.7373,0,139.1,23.2,19.8,19.7,15.7,27.9,5.5,3.5,0.7,1.8,0.9,2.5,43.599999999999994,9.0,2.5,3.4,54.4,NS,5.05,1,N_EXCLUSIVE_GREEN,45.0
17.133333333333333,-0.9744,-0.225,1,15.7,94.8,13.3,52.6,2.6,0.3,12.6,13.0,3.0,2.6,6.8,15.8,2.9,25.6,5.6,22.6,56.1,NS,6.82,2,S_EXCLUSIVE_GREEN,45.0
3.2333333333333334,0.749,0.6626,0,21.4,38.0,20.7,33.3,0.3,1.9,1.6,4.2,5.6,2.5,6.0,2.6,2.1999999999999997,5.800000000000001,8.1,8.6,16.1,EW,1.2,0,BALANCED_PHASE,29.8
3.1166666666666667,0.7284,0.6852,0,24.3,29.3,24.2,21.8,0.8,1.9,1.6,3.3,0.7,3.1,2.3,6.1,2.7,4.9,3.8,8.399999999999999,12.6,NS,1.33,0,BALANCED_PHASE,21.3
9.133333333333333,0.682,-0.7314,1,115.5,17.8,56.2,12.8,11.1,32.4,1.8,2.9,6.7,8.3,0.5,1.5,43.5,4.7,15.0,2.0,52.2,NS,7.6,1,N_EXCLUSIVE_GREEN,45.0
11.316666666666666,0.1779,-0.984,0,24.4,20.6,21.1,20.6,4.6,6.7,1.3,2.5,1.4,0.9,1.8,1.4,11.3,3.8,2.3,3.2,21.4,NS,1.92,1,N_EXCLUSIVE_GREEN,34.1
17.083333333333332,-0.9713,-0.2377,1,24.4,114.0,17.3,73.9,1.8,3.0,11.7,22.9,0.6,2.7,6.2,14.2,4.8,34.599999999999994,3.3000000000000003,20.4,59.4,NS,5.64,2,S_EXCLUSIVE_GREEN,45.0
16.183333333333334,-0.889,-0.4579,0,18.6,83.3,21.4,33.0,0.2,2.8,8.9,18.4,0.2,3.5,2.2,5.2,3.0,27.299999999999997,3.7,7.4,50.5,NS,6.09,2,S_EXCLUSIVE_GREEN,45.0
4.883333333333333,0.9576,0.2882,0,38.8,24.1,31.0,23.1,3.6,5.3,2.4,6.4,2.7,2.3,1.3,5.7,8.9,8.8,5.0,7.0,9.3,NS,1.18,0,BALANCED_PHASE,30.7
0.2,0.0523,0.9986,0,39.1,23.1,28.1,28.0,7.0,4.4,4.1,2.4,2.3,6.2,2.0,2.1,11.4,6.5,8.5,4.1,12.3,NS,1.65,1,N_EXCLUSIVE_GREEN,36.1
11.55,0.1175,-0.9931,0,24.1,21.2,25.3,29.8,3.3,1.5,0.7,6.8,6.5,8.0,2.3,3.5,4.8,7.5,14.5,5.8,28.2,EW,1.8,3,E_EXCLUSIVE_GREEN,42.2
4.6,0.9336,0.3584,0,21.0,30.4,21.2,31.6,0.1,8.5,5.1,4.3,0.8,1.6,7.6,4.1,8.6,9.399999999999999,2.4000000000000004,11.7,24.6,NS,1.16,0,BALANCED_PHASE,31.7
16.05,-0.8725,-0.4886,0,29.0,20.5,39.5,35.8,3.7,5.4,1.8,2.2,5.3,5.6,5.6,3.9,9.100000000000001,4.0,10.899999999999999,9.5,11.9,EW,1.1,0,BALANCED_PHASE,35.1
11.566666666666666,0.1132,-0.9936,0,22.8,95.1,19.9,26.8,0.5,2.3,11.5,11.5,4.4,2.4,2.3,5.6,2.8,23.0,6.800000000000001,7.8999999999999995,27.7,NS,5.35,2,S_EXCLUSIVE_GREEN,45.0
11.166666666666666,0.2164,-0.9763,0,23.7,61.7,22.3,19.7,0.6,3.4,6.5,18.1,0.5,4.4,1.3,3.0,4.0,24.6,4.9,4.3,47.5,NS,4.0,2,S_EXCLUSIVE_GREEN,45.0
20.666666666666668,-0.766,0.6428,0,21.8,20.9,29.0,25.2,3.8,3.6,2.2,0.4,2.2,5.2,3.7,7.5,7.4,2.6,7.4,11.2,15.7,EW,1.31,0,BALANCED_PHASE,34.2
7.883333333333333,0.8809,-0.4733,1,52.9,12.1,80.7,12.1,6.1,7.3,1.4,0.9,21.5,8.9,1.4,0.1,13.399999999999999,2.3,30.4,1.5,31.8,EW,10.52,3,E_EXCLUSIVE_GREEN,45.0
22.15,-0.4656,0.885,0,22.5,35.7,34.2,34.2,2.1,1.9,2.4,8.7,4.7,4.0,3.9,8.2,4.0,11.1,8.7,12.1,22.5,EW,1.18,0,BALANCED_PHASE,37.6
19.45,-0.9288,0.3706,1,23.7,59.2,13.2,75.1,4.0,3.9,6.2,9.6,0.1,1.4,7.0,19.4,7.9,15.8,1.5,26.4,55.6,EW,8.92,4,W_EXCLUSIVE_GREEN,45.0
6.283333333333333,0.9973,-0.0741,0,26.3,30.0,31.9,79.9,2.3,3.3,2.8,8.5,2.3,6.8,8.6,15.8,5.6,11.3,9.1,24.4,47.9,EW,2.53,4,W_EXCLUSIVE_GREEN,45.0
9.4,0.6293,-0.7771,1,123.2,17.3,68.9,16.7,12.8,17.2,0.8,1.6,7.8,16.1,1.0,0.2,30.0,2.4000000000000004,23.900000000000002,1.2,36.0,NS,8.6,1,N_EXCLUSIVE_GREEN,45.0
16.433333333333334,-0.9171,-0.3987,0,21.7,36.0,20.4,33.4,3.9,5.6,5.6,8.3,7.1,2.1,2.7,2.6,9.5,13.9,9.2,5.300000000000001,15.8,NS,1.47,2,S_EXCLUSIVE_GREEN,40.9
14.333333333333334,-0.5736,-0.8192,0,18.1,21.5,118.2,18.3,2.5,1.0,4.3,12.2,12.8,17.6,2.9,1.7,3.5,16.5,30.400000000000002,4.6,51.0,EW,6.17,3,E_EXCLUSIVE_GREEN,45.0
0.06666666666666667,0.0175,0.9998,0,26.2,22.0,51.5,28.4,2.8,6.6,3.3,0.8,12.1,10.7,4.0,7.2,9.399999999999999,4.1,22.799999999999997,11.2,24.7,EW,1.9,3,E_EXCLUSIVE_GREEN,45.0
6.983333333333333,0.967,-0.2546,0,24.5,24.8,27.7,27.1,3.8,6.1,2.5,3.2,2.9,5.3,2.0,8.2,9.899999999999999,5.7,8.2,10.2,21.0,EW,1.11,0,BALANCED_PHASE,32.5
19.066666666666666,-0.9613,0.2756,1,16.4,70.9,12.5,89.1,0.1,0.4,6.2,13.6,3.1,0.7,7.6,17.6,0.5,19.8,3.8,25.200000000000003,32.9,EW,6.32,4,W_EXCLUSIVE_GREEN,45.0
1.8,0.454,0.891,0,21.2,29.6,24.0,29.5,5.7,3.6,0.9,1.6,1.2,3.7,3.2,9.0,9.3,2.5,4.9,12.2,25.8,EW,1.77,4,W_EXCLUSIVE_GREEN,37.3
4.5,0.9239,0.3827,0,20.5,22.8,30.6,22.4,0.7,4.6,1.2,6.2,3.4,9.5,1.7,3.6,5.3,7.4,12.9,5.3,17.4,EW,1.85,3,E_EXCLUSIVE_GREEN,38.1
7.416666666666667,0.932,-0.3624,1,140.4,21.9,54.7,14.1,10.6,15.7,1.8,3.8,5.2,4.3,1.7,1.1,26.299999999999997,5.6,9.5,2.8,26.4,NS,5.19,1,N_EXCLUSIVE_GREEN,45.0
5.683333333333334,0.9966,0.0828,0,33.2,23.9,39.5,25.3,3.9,2.6,7.8,1.4,7.8,4.8,0.3,2.6,6.5,9.2,12.6,2.9,18.8,EW,2.42,3,E_EXCLUSIVE_GREEN,39.2
18.2,-0.9986,0.0523,1,14.3,74.2,15.9,94.2,0.1,2.9,4.0,7.9,0.9,2.6,5.3,16.8,3.0,11.9,3.5,22.1,26.3,EW,5.71,4,W_EXCLUSIVE_GREEN,45.0
7.883333333333333,0.8809,-0.4733,1,65.8,19.6,85.1,15.5,5.6,16.5,0.5,6.1,6.8,17.1,4.3,3.0,22.1,6.6,23.900000000000002,7.3,33.0,EW,3.75,3,E_EXCLUSIVE_GREEN,45.0
11.066666666666666,0.2419,-0.9703,0,29.1,19.1,147.0,17.6,2.1,3.0,0.9,3.5,14.0,30.3,0.8,3.0,5.1,4.4,44.3,3.8,71.5,EW,9.43,3,E_EXCLUSIVE_GREEN,45.0
4.95,0.9625,0.2714,0,27.4,28.8,26.1,31.6,1.1,2.7,5.8,4.5,0.2,4.4,1.9,8.6,3.8000000000000003,10.3,4.6000000000000005,10.5,19.1,EW,1.63,4,W_EXCLUSIVE_GREEN,33.6
23.783333333333335,-0.0567,0.9984,0,37.3,29.1,27.0,26.6,3.9,4.8,7.5,4.5,1.7,8.4,4.3,2.8,8.7,12.0,10.1,7.1,21.6,NS,1.3,0,BALANCED_PHASE,37.9
21.15,-0.6788,0.7343,0,19.1,104.5,17.7,23.7,1.5,2.7,9.8,22.8,3.9,6.4,6.4,8.2,4.2,32.6,10.3,14.6,62.1,NS,6.28,2,S_EXCLUSIVE_GREEN,45.0
21.283333333333335,-0.6528,0.7576,0,26.8,29.3,21.3,39.9,9.1,3.4,3.4,3.8,5.6,4.1,4.3,4.8,12.5,7.199999999999999,9.7,9.1,19.0,EW,1.28,0,BALANCED_PHASE,33.5
0.6666666666666666,0.1736,0.9848,0,17.3,23.3,95.5,17.2,2.9,7.3,1.3,7.7,19.1,23.1,1.0,0.5,10.2,9.0,42.2,1.5,83.5,EW,11.28,3,E_EXCLUSIVE_GREEN,45.0
16.1,-0.8788,-0.4772,0,35.3,25.4,30.1,26.7,1.7,3.1,4.9,4.4,3.0,7.8,5.5,4.2,4.8,9.3,10.8,9.7,23.7,EW,1.08,0,BALANCED_PHASE,34.4
19.5,-0.9239,0.3827,1,12.6,101.9,17.7,74.7,2.4,0.3,12.3,15.9,1.4,1.6,8.8,12.9,2.6999999999999997,28.200000000000003,3.0,21.700000000000003,43.2,NS,8.5,2,S_EXCLUSIVE_GREEN,45.0
7.7,0.9026,-0.4305,1,55.8,14.9,80.7,25.3,1.7,9.5,0.0,1.2,5.1,11.9,7.2,3.2,11.2,1.2,17.0,10.4,20.1,EW,2.08,3,E_EXCLUSIVE_GREEN,45.0
14.316666666666666,-0.57,-0.8216,0,27.0,25.2,23.3,20.6,3.1,2.8,2.5,7.1,3.2,3.8,3.9,2.3,5.9,9.6,7.0,6.199999999999999,19.5,NS,1.31,0,BALANCED_PHASE,31.0
17.783333333333335,-0.9984,-0.0567,1,13.6,66.7,16.5,82.9,0.1,0.3,5.7,13.8,0.8,0.9,8.8,12.1,0.4,19.5,1.7000000000000002,20.9,22.8,EW,6.81,4,W_EXCLUSIVE_GREEN,45.0
19.483333333333334,-0.9255,0.3786,1,14.2,52.1,18.7,47.6,0.0,3.9,6.4,16.9,2.2,1.4,7.8,5.0,3.9,23.299999999999997,3.6,12.8,42.0,NS,4.66,2,S_EXCLUSIVE_GREEN,45.0
4.066666666666666,0.8746,0.4848,0,35.9,37.8,22.9,27.2,3.6,4.4,6.6,4.6,4.6,3.0,2.2,2.2,8.0,11.2,7.6,4.4,23.1,NS,1.2,0,BALANCED_PHASE,36.5
23.35,-0.1693,0.9856,0,30.5,21.5,21.8,22.5,1.7,2.0,1.7,3.1,1.3,1.8,1.3,4.4,3.7,4.8,3.1,5.7,8.5,NS,1.28,0,BALANCED_PHASE,20.9
1.4,0.3584,0.9336,0,24.0,33.5,24.2,34.1,2.7,8.4,1.5,6.8,3.4,1.8,0.4,3.0,11.100000000000001,8.3,5.2,3.4,14.9,NS,1.31,0,BALANCED_PHASE,34.7
8.116666666666667,0.8504,-0.5262,1,124.9,12.0,51.3,14.4,13.4,17.3,0.1,0.3,4.6,8.8,3.6,2.1,30.700000000000003,0.4,13.4,5.7,40.5,NS,16.87,1,N_EXCLUSIVE_GREEN,45.0
20.483333333333334,-0.796,0.6053,0,26.4,23.7,26.6,21.6,4.4,4.9,1.6,9.9,2.5,5.6,2.8,1.6,9.3,11.5,8.1,4.4,22.9,NS,1.15,0,BALANCED_PHASE,35.0
5.933333333333334,0.9998,0.0175,0,32.6,24.6,27.8,26.6,2.2,9.1,3.3,4.5,1.6,4.8,1.2,3.0,11.3,7.8,6.4,4.2,13.6,NS,1.35,0,BALANCED_PHASE,34.8
15.8,-0.8387,-0.5446,0,91.3,22.8,20.3,18.3,8.3,20.8,3.3,2.6,2.0,6.6,0.2,1.0,29.1,5.9,8.6,1.2,33.2,NS,4.32,1,N_EXCLUSIVE_GREEN,45.0
2.7666666666666666,0.6626,0.749,0,22.1,34.3,29.2,36.2,1.9,9.6,5.8,4.3,2.4,7.5,2.8,1.7,11.5,10.1,9.9,4.5,22.0,EW,1.58,3,E_EXCLUSIVE_GREEN,33.5
19.916666666666668,-0.8767,0.481,0,27.2,29.3,30.8,63.5,3.2,1.2,5.5,3.8,3.9,5.0,8.6,7.0,4.4,9.3,8.9,15.6,32.5,EW,1.82,4,W_EXCLUSIVE_GREEN,45.0
22.45,-0.3947,0.9188,0,36.8,30.9,29.5,37.8,6.3,5.3,2.4,3.3,0.9,7.1,3.8,6.7,11.6,5.699999999999999,8.0,10.5,14.3,EW,1.25,0,BALANCED_PHASE,34.2
20.1,-0.8526,0.5225,0,32.0,38.1,22.1,29.0,3.3,3.0,4.5,5.6,1.2,1.5,5.6,4.6,6.3,10.1,2.7,10.2,21.7,NS,1.34,0,BALANCED_PHASE,34.2
8.883333333333333,0.7284,-0.6852,1,91.1,18.8,71.2,14.1,5.0,7.5,0.6,1.2,6.6,6.1,1.2,3.8,12.5,1.7999999999999998,12.7,5.0,21.3,NS,5.08,1,N_EXCLUSIVE_GREEN,45.0
23.766666666666666,-0.061,0.9981,0,22.5,25.1,106.4,18.0,0.5,4.3,1.4,3.7,8.8,10.8,1.1,1.9,4.8,5.1,19.6,3.0,33.9,EW,5.75,3,E_EXCLUSIVE_GREEN,45.0
20.533333333333335,-0.788,0.6157,0,18.3,20.3,52.1,27.7,0.5,1.8,3.1,5.9,4.8,12.7,1.8,3.3,2.3,9.0,17.5,5.1,22.6,EW,2.51,3,E_EXCLUSIVE_GREEN,45.0
11.083333333333334,0.2377,-0.9713,0,26.5,19.4,22.1,89.8,7.0,6.8,1.5,1.4,9.2,2.0,6.9,10.9,13.8,2.9,11.2,17.8,19.3,EW,2.22,4,W_EXCLUSIVE_GREEN,45.0
7.616666666666667,0.9118,-0.4107,1,79.0,14.7,116.5,23.7,8.7,15.5,3.5,0.2,11.6,17.9,1.3,1.1,24.2,3.7,29.5,2.4000000000000004,42.0,EW,6.91,3,E_EXCLUSIVE_GREEN,45.0
15.233333333333333,-0.749,-0.6626,0,29.4,24.2,25.1,27.9,5.0,8.9,4.2,6.5,2.1,5.2,3.4,1.3,13.9,10.7,7.300000000000001,4.7,14.0,NS,1.23,0,BALANCED_PHASE,39.5
21.283333333333335,-0.6528,0.7576,0,25.0,19.8,20.6,147.6,4.9,3.7,1.9,2.2,3.4,2.2,15.9,29.0,8.600000000000001,4.1,5.6,44.9,85.7,EW,7.28,4,W_EXCLUSIVE_GREEN,45.0
17.633333333333333,-0.9954,-0.0958,1,14.4,91.6,16.3,85.7,2.0,6.2,8.0,12.4,4.2,0.6,5.6,15.9,8.2,20.4,4.8,21.5,32.8,NS,3.34,2,S_EXCLUSIVE_GREEN,45.0
18.4,-0.9945,0.1045,1,16.6,115.3,18.5,64.7,0.8,2.2,18.8,16.4,0.3,5.4,6.9,14.7,3.0,35.2,5.7,21.6,59.5,NS,8.54,2,S_EXCLUSIVE_GREEN,45.0
19.55,-0.9188,0.3947,0,34.0,23.0,23.9,20.4,3.3,4.7,0.2,1.0,0.6,2.0,0.6,1.5,8.0,1.2,2.6,2.1,12.9,NS,2.35,1,N_EXCLUSIVE_GREEN,28.4
21.4,-0.6293,0.7771,0,55.4,31.5,20.2,17.9,4.2,9.7,6.1,5.2,3.5,1.5,0.6,5.3,13.899999999999999,11.3,5.0,5.8999999999999995,19.0,NS,1.38,1,N_EXCLUSIVE_GREEN,44.7
18.883333333333333,-0.9734,0.2292,1,14.0,66.5,12.1,64.7,4.2,1.7,11.6,7.8,0.9,0.8,10.8,10.5,5.9,19.4,1.7000000000000002,21.3,30.4,NS,3.56,2,S_EXCLUSIVE_GREEN,45.0
20.1,-0.8526,0.5225,0,39.3,24.6,23.4,39.6,3.4,7.6,2.3,2.7,2.1,0.9,4.1,7.7,11.0,5.0,3.0,11.8,16.3,NS,1.81,1,N_EXCLUSIVE_GREEN,35.7
3.8,0.8387,0.5446,0,31.1,17.8,20.4,60.4,1.7,1.1,3.2,2.5,2.0,3.1,6.1,13.8,2.8,5.7,5.1,19.9,23.3,EW,3.3,4,W_EXCLUSIVE_GREEN,45.0
12.75,-0.1951,-0.9808,0,20.5,34.9,27.5,23.6,1.2,3.1,3.5,6.7,2.9,6.0,3.3,1.5,4.3,10.2,8.9,4.8,21.1,NS,1.93,2,S_EXCLUSIVE_GREEN,33.8
11.683333333333334,0.0828,-0.9966,0,24.8,34.6,21.4,27.9,1.3,2.3,3.9,8.8,2.4,4.1,8.7,5.3,3.5999999999999996,12.700000000000001,6.5,14.0,19.1,NS,2.17,2,S_EXCLUSIVE_GREEN,38.5
14.6,-0.6293,-0.7771,0,36.1,37.7,20.0,28.7,1.6,2.2,8.7,8.8,1.7,3.3,3.6,6.8,3.8000000000000003,17.5,5.0,10.4,18.0,NS,2.17,2,S_EXCLUSIVE_GREEN,45.0
1.4166666666666667,0.3624,0.932,0,28.2,22.0,26.3,36.9,7.2,1.7,3.1,2.6,7.1,3.1,1.6,3.8,8.9,5.7,10.2,5.4,15.3,EW,1.58,3,E_EXCLUSIVE_GREEN,33.6
20.783333333333335,-0.7461,0.6659,0,34.9,31.5,30.9,24.9,3.5,4.0,2.0,2.2,5.7,4.9,1.2,2.5,7.5,4.2,10.600000000000001,3.7,16.5,NS,1.32,0,BALANCED_PHASE,27.9
21.966666666666665,-0.5075,0.8616,0,22.4,72.8,20.2,24.9,4.2,2.4,4.7,10.2,3.6,0.8,5.9,7.0,6.6,14.899999999999999,4.4,12.9,15.3,NS,2.54,2,S_EXCLUSIVE_GREEN,45.0
0.6666666666666666,0.1736,0.9848,0,30.9,23.4,28.4,37.4,6.3,3.0,2.4,1.9,3.9,1.9,2.6,11.1,9.3,4.3,5.8,13.7,22.1,EW,1.77,4,W_EXCLUSIVE_GREEN,41.3
3.3,0.7604,0.6494,0,28.7,26.5,25.6,24.8,1.5,2.0,3.8,3.9,10.9,5.6,3.9,10.7,3.5,7.699999999999999,16.5,14.6,28.4,EW,1.08,0,BALANCED_PHASE,45.0
0.7666666666666667,0.1994,0.9799,0,22.9,30.5,30.1,37.4,1.7,10.4,2.7,7.1,5.8,1.6,1.9,4.6,12.1,9.8,7.4,6.5,14.4,EW,1.14,0,BALANCED_PHASE,28.0
8.366666666666667,0.8141,-0.5807,1,67.0,12.9,49.9,14.1,2.6,22.0,0.8,2.4,7.2,5.6,0.5,4.0,24.6,3.2,12.8,4.5,39.8,NS,6.06,1,N_EXCLUSIVE_GREEN,45.0
21.366666666666667,-0.6361,0.7716,0,23.4,85.2,27.8,25.2,1.4,2.7,8.3,16.0,2.5,0.5,3.4,1.1,4.1,24.3,3.0,4.5,35.5,NS,4.46,2,S_EXCLUSIVE_GREEN,45.0
8.466666666666667,0.7986,-0.6018,1,91.7,23.9,54.4,12.6,9.1,13.2,1.4,3.6,6.0,6.9,1.2,0.4,22.299999999999997,5.0,12.9,1.6,28.4,NS,3.95,1,N_EXCLUSIVE_GREEN,45.0
1.3333333333333333,0.342,0.9397,0,23.5,20.0,33.5,35.6,3.3,9.6,1.9,1.6,4.7,5.4,6.4,8.1,12.899999999999999,3.5,10.100000000000001,14.5,25.0,EW,1.25,0,BALANCED_PHASE,42.9
20.266666666666666,-0.829,0.5592,0,32.6,32.7,28.1,27.5,1.5,4.0,1.6,5.7,2.3,5.9,3.3,5.8,5.5,7.300000000000001,8.2,9.1,14.1,NS,1.11,0,BALANCED_PHASE,26.9
5.216666666666667,0.979,0.2036,0,23.3,33.8,20.3,24.8,6.6,2.2,0.8,5.8,0.3,4.9,0.6,10.0,8.8,6.6,5.2,10.6,14.6,NS,1.32,0,BALANCED_PHASE,30.1
17.683333333333334,-0.9966,-0.0828,1,15.7,51.4,20.2,95.4,1.7,0.2,4.0,11.6,1.6,4.3,12.4,16.9,1.9,15.6,5.9,29.299999999999997,31.5,EW,4.63,4,W_EXCLUSIVE_GREEN,45.0
10.783333333333333,0.3132,-0.9497,0,39.7,25.3,29.4,31.2,8.9,5.4,2.6,4.2,4.8,3.9,2.4,3.4,14.3,6.800000000000001,8.7,5.8,24.4,NS,1.8,1,N_EXCLUSIVE_GREEN,43.2
11.816666666666666,0.048,-0.9988,0,31.4,33.4,34.5,28.9,7.8,6.0,1.2,2.9,3.8,2.6,2.0,4.9,13.8,4.1,6.4,6.9,23.9,NS,1.88,1,N_EXCLUSIVE_GREEN,41.0
15.9,-0.8526,-0.5225,0,26.1,30.7,121.6,28.6,3.0,4.4,1.3,6.0,7.4,22.6,1.0,2.0,7.4,7.3,30.0,3.0,38.5,EW,5.89,3,E_EXCLUSIVE_GREEN,45.0
19.566666666666666,-0.9171,0.3987,0,29.0,28.1,23.7,30.3,0.2,8.3,3.9,11.4,1.4,4.0,0.5,7.0,8.5,15.3,5.4,7.5,28.6,NS,1.44,1,N_EXCLUSIVE_GREEN,43.7
7.333333333333333,0.9397,-0.342,1,59.9,12.4,116.3,24.2,4.0,7.6,2.6,0.8,11.5,21.6,4.5,2.1,11.6,3.4000000000000004,33.1,6.6,56.9,EW,4.72,3,E_EXCLUSIVE_GREEN,45.0
9.1,0.6884,-0.7254,1,89.6,21.7,57.8,20.7,9.8,17.4,2.0,2.9,5.0,8.2,1.3,7.4,27.2,4.9,13.2,8.700000000000001,59.1,NS,4.63,1,N_EXCLUSIVE_GREEN,45.0
23.083333333333332,-0.2377,0.9713,0,27.6,31.4,20.8,37.0,1.4,6.5,3.3,4.1,1.0,3.2,3.8,3.8,7.9,7.3999999999999995,4.2,7.6,9.2,NS,1.06,0,BALANCED_PHASE,27.4
10.65,0.3461,-0.9382,0,33.9,31.2,39.9,26.2,2.0,6.0,5.8,6.1,3.0,7.5,2.7,1.8,8.0,11.899999999999999,10.5,4.5,19.6,NS,1.27,0,BALANCED_PHASE,36.9
5.8,0.9986,0.0523,0,25.3,29.0,80.7,30.7,3.0,4.9,1.6,3.5,4.5,17.1,3.6,3.8,7.9,5.1,21.6,7.4,38.1,EW,2.69,3,E_EXCLUSIVE_GREEN,45.0
22.516666666666666,-0.3786,0.9255,0,31.8,25.1,32.5,61.0,2.6,7.8,6.3,12.2,6.8,10.2,5.6,8.7,10.4,18.5,17.0,14.299999999999999,35.1,EW,1.37,3,E_EXCLUSIVE_GREEN,45.0
11.8,0.0523,-0.9986,0,19.7,65.1,29.6,32.0,3.1,0.7,5.3,12.9,2.5,7.1,1.5,2.3,3.8,18.2,9.6,3.8,26.2,NS,3.79,2,S_EXCLUSIVE_GREEN,45.0
10.016666666666667,0.4962,-0.8682,0,21.0,25.8,81.4,29.7,0.9,4.4,3.0,1.4,5.4,18.1,1.9,2.2,5.300000000000001,4.4,23.5,4.1,27.2,EW,3.78,3,E_EXCLUSIVE_GREEN,45.0
16.733333333333334,-0.9455,-0.3256,1,12.1,68.5,19.4,59.9,1.1,0.4,7.1,11.8,4.0,0.6,8.9,7.6,1.5,18.9,4.6,16.5,21.0,NS,7.36,2,S_EXCLUSIVE_GREEN,45.0
20.583333333333332,-0.7799,0.6259,0,31.1,82.5,21.3,25.7,4.4,10.1,12.6,17.1,0.8,1.9,3.8,3.6,14.5,29.700000000000003,2.7,7.4,33.5,NS,2.18,2,S_EXCLUSIVE_GREEN,45.0
12.65,-0.1693,-0.9856,0,31.8,26.9,37.9,23.1,10.3,7.4,3.0,1.9,4.9,3.4,2.2,3.3,17.700000000000003,4.9,8.3,5.5,30.4,NS,2.23,1,N_EXCLUSIVE_GREEN,45.0
6.083333333333333,0.9998,-0.0218,0,32.9,26.1,26.6,50.7,7.2,2.6,4.4,4.3,2.0,5.1,3.0,8.9,9.8,8.7,7.1,11.9,20.2,EW,1.71,4,W_EXCLUSIVE_GREEN,39.9
8.15,0.8457,-0.5336,1,119.9,19.2,52.6,24.4,17.8,22.3,3.8,6.8,9.0,15.8,1.2,2.6,40.1,10.6,24.8,3.8,75.4,NS,4.29,1,N_EXCLUSIVE_GREEN,45.0
22.35,-0.4187,0.9081,0,27.1,37.8,27.2,38.4,2.3,5.2,4.5,3.5,1.3,5.2,2.0,8.8,7.5,8.0,6.5,10.8,14.6,EW,1.48,4,W_EXCLUSIVE_GREEN,35.0
12.133333333333333,-0.0349,-0.9994,0,22.3,34.0,24.1,20.7,3.0,4.8,1.9,4.6,4.5,2.9,2.4,4.2,7.8,6.5,7.4,6.6,16.1,NS,1.27,0,BALANCED_PHASE,28.3
3.9,0.8526,0.5225,0,35.0,33.3,23.2,34.2,4.6,3.1,5.8,1.9,1.1,3.5,3.1,3.0,7.699999999999999,7.699999999999999,4.6,6.1,12.8,NS,0.99,0,BALANCED_PHASE,28.0
9.65,0.5771,-0.8166,0,33.3,26.9,33.3,26.1,0.8,2.1,2.3,2.7,3.1,4.1,0.2,7.4,2.9000000000000004,5.0,7.199999999999999,7.6000000000000005,13.1,EW,1.1,0,BALANCED_PHASE,27.5
2.3333333333333335,0.5736,0.8192,0,32.5,30.3,21.1,23.9,1.4,5.8,1.7,3.9,2.6,4.1,5.3,0.9,7.199999999999999,5.6,6.699999999999999,6.2,9.3,NS,1.13,0,BALANCED_PHASE,26.2
14.866666666666667,-0.682,-0.7314,0,18.0,53.5,19.3,25.1,1.5,2.3,5.8,8.0,1.6,3.0,6.9,1.7,3.8,13.8,4.6,8.6,23.3,NS,3.1,2,S_EXCLUSIVE_GREEN,44.6
21.283333333333335,-0.6528,0.7576,0,18.2,52.9,19.3,27.1,0.4,1.5,8.1,7.2,1.3,3.4,3.4,8.9,1.9,15.3,4.7,12.3,22.7,NS,4.28,2,S_EXCLUSIVE_GREEN,45.0
22.233333333333334,-0.4462,0.8949,0,31.8,71.2,32.6,17.9,4.9,2.3,5.9,5.4,9.2,4.4,1.2,1.2,7.2,11.3,13.6,2.4,19.8,NS,1.82,2,S_EXCLUSIVE_GREEN,42.4
14.683333333333334,-0.6461,-0.7632,0,23.0,23.6,20.7,26.6,0.7,4.1,0.3,10.1,0.7,4.4,5.9,4.2,4.8,10.4,5.1000000000000005,10.100000000000001,12.1,EW,1.59,4,W_EXCLUSIVE_GREEN,31.2
4.0,0.866,0.5,0,87.3,18.4,24.3,28.4,9.4,17.1,1.9,2.1,2.5,3.5,2.7,0.9,26.5,4.0,6.0,3.6,27.5,NS,5.37,1,N_EXCLUSIVE_GREEN,45.0
19.5,-0.9239,0.3827,1,20.3,60.2,18.7,55.6,0.9,4.1,5.1,10.4,2.0,4.5,5.9,5.1,5.0,15.5,6.5,11.0,25.5,NS,2.88,2,S_EXCLUSIVE_GREEN,45.0
14.433333333333334,-0.5948,-0.8039,0,31.5,22.7,24.2,22.3,1.3,2.5,2.8,3.4,5.0,6.0,4.8,2.2,3.8,6.199999999999999,11.0,7.0,12.5,EW,1.32,0,BALANCED_PHASE,32.6
18.2,-0.9986,0.0523,1,14.6,64.3,12.1,98.8,0.1,5.6,9.0,12.3,0.3,0.1,9.9,25.4,5.699999999999999,21.3,0.4,35.3,47.4,EW,16.59,4,W_EXCLUSIVE_GREEN,45.0
13.183333333333334,-0.3049,-0.9524,0,22.2,25.8,30.6,26.4,0.7,2.3,4.7,1.3,4.1,2.1,3.0,1.4,3.0,6.0,6.199999999999999,4.4,11.2,EW,1.21,0,BALANCED_PHASE,24.0
18.416666666666668,-0.9941,0.1089,1,22.7,101.2,12.5,109.4,1.2,4.5,10.0,21.8,0.2,0.6,18.8,17.6,5.7,31.8,0.8,36.400000000000006,53.0,NS,4.84,2,S_EXCLUSIVE_GREEN,45.0
20.6,-0.7771,0.6293,0,30.2,23.1,20.9,39.0,12.1,2.6,3.2,1.9,2.1,6.7,3.4,8.3,14.7,5.1,8.8,11.700000000000001,16.9,EW,1.45,4,W_EXCLUSIVE_GREEN,37.1
12.783333333333333,-0.2036,-0.979,0,22.3,30.5,55.0,31.9,1.7,0.8,1.0,7.7,5.0,8.4,2.0,8.8,2.5,8.7,13.4,10.8,16.9,EW,1.38,3,E_EXCLUSIVE_GREEN,43.4
8.45,0.8013,-0.5983,1,61.8,18.0,49.4,14.2,3.7,9.8,0.8,8.3,6.3,10.6,3.9,3.5,13.5,9.100000000000001,16.9,7.4,26.3,NS,1.96,1,N_EXCLUSIVE_GREEN,45.0
11.383333333333333,0.1607,-0.987,0,31.7,26.0,21.0,22.6,8.0,6.0,3.2,5.2,0.1,3.2,0.7,2.0,14.0,8.4,3.3000000000000003,2.7,29.7,NS,1.44,1,N_EXCLUSIVE_GREEN,41.7
7.333333333333333,0.9397,-0.342,1,55.5,13.9,58.4,15.5,12.9,12.5,1.0,5.0,3.3,8.5,2.3,7.1,25.4,6.0,11.8,9.399999999999999,53.0,NS,3.94,1,N_EXCLUSIVE_GREEN,45.0
17.366666666666667,-0.9863,-0.165,1,14.9,80.0,27.2,47.1,1.3,3.1,5.6,7.2,11.4,6.0,2.1,4.2,4.4,12.8,17.4,6.300000000000001,22.0,NS,3.66,2,S_EXCLUSIVE_GREEN,45.0
2.7333333333333334,0.6561,0.7547,0,23.3,97.9,32.0,24.7,0.6,3.1,15.7,21.1,2.9,7.5,4.5,4.0,3.7,36.8,10.4,8.5,45.6,NS,6.36,2,S_EXCLUSIVE_GREEN,45.0
17.616666666666667,-0.995,-0.1002,1,24.0,132.1,20.0,61.1,1.5,5.7,17.9,16.1,4.9,5.3,14.4,8.4,7.2,34.0,10.2,22.8,50.0,NS,4.83,2,S_EXCLUSIVE_GREEN,45.0
4.1,0.8788,0.4772,0,39.6,39.0,20.1,36.1,2.8,5.1,4.3,4.1,3.0,2.2,5.3,8.0,7.8999999999999995,8.399999999999999,5.2,13.3,22.9,NS,1.01,0,BALANCED_PHASE,31.2
16.75,-0.9469,-0.3214,1,22.5,58.9,12.0,58.1,6.9,8.1,2.6,9.6,0.6,0.2,8.7,13.3,15.0,12.2,0.8,22.0,46.1,NS,1.56,1,N_EXCLUSIVE_GREEN,45.0
15.566666666666666,-0.8039,-0.5948,0,24.2,55.9,28.6,20.4,3.0,9.0,6.3,8.6,1.9,10.7,1.6,2.9,12.0,14.899999999999999,12.6,4.5,19.6,NS,1.5,2,S_EXCLUSIVE_GREEN,45.0
23.366666666666667,-0.165,0.9863,0,21.8,39.2,39.8,35.2,4.0,2.5,2.4,2.5,0.9,3.5,11.4,4.3,6.5,4.9,4.4,15.7,23.7,EW,1.98,3,E_EXCLUSIVE_GREEN,45.0
20.583333333333332,-0.7799,0.6259,0,21.6,33.0,32.3,21.1,0.6,1.2,7.6,3.7,3.2,2.4,2.1,1.4,1.7999999999999998,11.3,5.6,3.5,14.9,NS,2.7,2,S_EXCLUSIVE_GREEN,35.0
7.483333333333333,0.9255,-0.3786,1,114.6,12.2,53.6,13.7,8.4,13.4,4.2,0.3,12.3,8.6,3.6,0.5,21.8,4.5,20.9,4.1,47.2,NS,6.01,1,N_EXCLUSIVE_GREEN,45.0
8.6,0.7771,-0.6293,1,53.2,13.9,65.9,12.5,4.6,5.0,1.2,0.8,1.9,9.3,0.6,0.5,9.6,2.0,11.200000000000001,1.1,12.6,EW,5.93,3,E_EXCLUSIVE_GREEN,40.5
1.4833333333333334,0.3786,0.9255,0,26.2,29.2,36.3,30.8,0.8,2.3,3.6,2.0,6.9,5.8,1.3,6.0,3.0999999999999996,5.6,12.7,7.3,20.4,EW,1.43,3,E_EXCLUSIVE_GREEN,39.0
15.616666666666667,-0.8116,-0.5842,0,39.4,24.9,23.8,37.7,2.2,4.3,3.2,2.0,1.1,4.5,2.4,5.3,6.5,5.2,5.6,7.699999999999999,14.0,NS,1.35,0,BALANCED_PHASE,26.5
5.016666666666667,0.967,0.2546,0,29.8,30.9,24.3,23.7,6.0,6.2,5.5,5.2,5.0,7.4,1.4,3.2,12.2,10.7,12.4,4.6,26.2,NS,1.07,0,BALANCED_PHASE,37.6
17.683333333333334,-0.9966,-0.0828,1,14.8,56.9,19.2,52.0,1.4,0.6,3.3,14.2,1.5,3.8,4.0,9.0,2.0,17.5,5.3,13.0,29.7,NS,5.29,2,S_EXCLUSIVE_GREEN,45.0
1.95,0.4886,0.8725,0,25.3,60.0,18.2,20.4,3.2,2.8,2.6,14.3,5.1,1.1,1.9,2.8,6.0,16.900000000000002,6.199999999999999,4.699999999999999,26.2,NS,2.5,2,S_EXCLUSIVE_GREEN,45.0
2.716666666666667,0.6528,0.7576,0,29.8,19.6,119.6,29.9,7.0,2.8,0.8,2.7,13.5,16.9,1.5,3.1,9.8,3.5,30.4,4.6,54.6,EW,4.91,3,E_EXCLUSIVE_GREEN,45.0
18.266666666666666,-0.9976,0.0698,1,17.2,87.9,24.3,65.6,7.8,0.9,9.3,18.0,1.9,8.1,7.9,9.8,8.7,27.3,10.0,17.700000000000003,33.0,NS,3.55,2,S_EXCLUSIVE_GREEN,45.0
23.016666666666666,-0.2546,0.967,0,35.8,22.9,25.2,23.3,4.9,3.6,4.6,1.5,3.2,2.2,2.3,1.0,8.5,6.1,5.4,3.3,15.4,NS,1.4,1,N_EXCLUSIVE_GREEN,30.0
15.45,-0.7853,-0.6191,0,32.4,25.8,21.5,22.1,1.3,9.1,1.6,2.2,3.1,2.7,2.6,5.4,10.4,3.8000000000000003,5.800000000000001,8.0,18.1,NS,1.78,1,N_EXCLUSIVE_GREEN,33.4
4.416666666666667,0.9153,0.4027,0,29.3,32.4,19.7,88.3,1.3,2.0,4.9,6.4,0.5,0.6,5.4,14.4,3.3,11.3,1.1,19.8,32.5,EW,6.77,4,W_EXCLUSIVE_GREEN,45.0
9.566666666666666,0.5948,-0.8039,0,30.2,21.3,29.4,22.0,2.0,4.5,2.8,2.7,4.2,4.2,1.8,3.6,6.5,5.5,8.4,5.4,14.8,EW,1.39,0,BALANCED_PHASE,28.6
9.35,0.6394,-0.7688,1,56.5,14.2,64.3,22.4,5.2,9.1,0.8,1.6,2.6,8.6,0.7,0.8,14.3,2.4000000000000004,11.2,1.5,17.7,EW,3.71,3,E_EXCLUSIVE_GREEN,40.7
7.6,0.9135,-0.4067,1,146.2,16.0,66.8,21.4,25.7,20.2,2.7,6.4,7.2,8.0,1.9,0.6,45.9,9.100000000000001,15.2,2.5,84.0,NS,5.87,1,N_EXCLUSIVE_GREEN,45.0
16.433333333333334,-0.9171,-0.3987,0,24.7,32.5,126.4,22.6,2.0,4.4,4.3,5.9,15.1,26.9,3.1,1.5,6.4,10.2,42.0,4.6,84.2,EW,7.0,3,E_EXCLUSIVE_GREEN,45.0
0.65,0.1693,0.9856,0,19.3,26.7,69.3,20.0,3.7,0.7,0.9,2.0,4.8,16.7,0.4,1.0,4.4,2.9,21.5,1.4,38.4,EW,5.99,3,E_EXCLUSIVE_GREEN,45.0
18.116666666666667,-0.9995,0.0305,1,19.5,148.5,20.5,51.1,0.5,1.6,16.4,24.9,4.2,1.8,1.8,8.3,2.1,41.3,6.0,10.100000000000001,86.5,NS,10.93,2,S_EXCLUSIVE_GREEN,45.0
2.65,0.6394,0.7688,0,30.2,23.3,23.2,61.1,4.0,9.7,5.3,3.5,2.9,4.0,9.8,10.0,13.7,8.8,6.9,19.8,22.7,EW,2.66,4,W_EXCLUSIVE_GREEN,45.0
23.166666666666668,-0.2164,0.9763,0,35.6,21.4,29.7,29.6,1.8,6.7,2.7,6.1,3.7,5.7,1.0,4.2,8.5,8.8,9.4,5.2,17.3,NS,1.2,0,BALANCED_PHASE,30.7
7.633333333333333,0.91,-0.4147,1,88.4,13.2,97.8,12.8,10.9,19.3,5.8,3.6,7.1,18.2,1.1,1.2,30.200000000000003,9.4,25.299999999999997,2.3,41.1,NS,3.82,1,N_EXCLUSIVE_GREEN,45.0
5.883333333333333,0.9995,0.0305,0,28.9,31.9,27.8,62.7,3.0,8.0,3.8,1.3,0.9,1.5,4.1,11.1,11.0,5.1,2.4,15.2,15.5,EW,3.28,4,W_EXCLUSIVE_GREEN,45.0
23.116666666666667,-0.2292,0.9734,0,61.3,27.1,17.4,19.0,6.4,13.7,4.0,0.9,1.6,0.9,1.2,0.6,20.1,4.9,2.5,1.7999999999999998,38.3,NS,2.99,1,N_EXCLUSIVE_GREEN,45.0
12.6,-0.1564,-0.9877,0,26.7,36.7,25.4,38.5,2.6,7.2,3.3,8.0,3.2,3.9,3.1,6.5,9.8,11.3,7.1,9.6,22.8,NS,1.19,0,BALANCED_PHASE,36.5
21.4,-0.6293,0.7771,0,20.5,25.2,35.7,35.3,2.9,3.4,1.3,0.9,3.3,12.8,1.7,4.0,6.3,2.2,16.1,5.7,24.7,EW,1.75,3,E_EXCLUSIVE_GREEN,45.0
12.733333333333333,-0.1908,-0.9816,0,25.0,30.7,27.7,25.8,4.9,2.6,5.1,3.9,4.9,2.3,1.4,1.2,7.5,9.0,7.2,2.5999999999999996,13.6,NS,1.16,0,BALANCED_PHASE,29.9
10.183333333333334,0.4579,-0.889,0,31.9,25.2,57.7,31.3,1.4,4.2,5.7,5.7,9.7,9.9,1.6,6.8,5.6,11.4,19.6,8.4,33.4,EW,2.05,3,E_EXCLUSIVE_GREEN,45.0
5.75,0.9979,0.0654,0,28.9,31.5,29.7,23.0,4.1,2.0,6.0,4.9,2.5,4.7,0.4,1.8,6.1,10.9,7.2,2.2,19.9,NS,1.39,0,BALANCED_PHASE,34.5
8.516666666666667,0.7907,-0.6122,1,102.6,12.2,119.5,13.8,8.9,16.5,0.9,0.7,13.2,25.6,0.2,5.6,25.4,1.6,38.8,5.8,55.3,EW,6.93,3,E_EXCLUSIVE_GREEN,45.0
2.183333333333333,0.541,0.841,0,21.4,71.8,22.8,24.5,1.7,3.5,6.5,14.2,1.9,3.3,3.2,2.5,5.2,20.7,5.199999999999999,5.7,22.9,NS,3.52,2,S_EXCLUSIVE_GREEN,45.0
7.366666666666666,0.9367,-0.3502,1,92.0,12.7,89.8,20.1,13.6,10.7,1.2,2.5,6.2,10.1,2.6,1.2,24.299999999999997,3.7,16.3,3.8,28.2,NS,6.33,1,N_EXCLUSIVE_GREEN,45.0
20.666666666666668,-0.766,0.6428,0,22.2,21.7,20.2,58.2,4.3,0.4,0.3,1.0,1.5,2.1,12.1,11.9,4.7,1.3,3.6,24.0,42.1,EW,4.38,4,W_EXCLUSIVE_GREEN,45.0
3.55,0.8013,0.5983,0,58.8,27.9,22.9,27.8,7.2,13.0,1.8,7.4,0.6,7.1,2.3,4.5,20.2,9.200000000000001,7.699999999999999,6.8,33.7,NS,2.09,1,N_EXCLUSIVE_GREEN,45.0
17.05,-0.9692,-0.2462,1,25.3,62.8,26.2,65.3,1.9,2.0,9.8,14.9,6.3,6.0,4.6,9.0,3.9,24.700000000000003,12.3,13.6,44.9,EW,1.48,4,W_EXCLUSIVE_GREEN,45.0
21.383333333333333,-0.6327,0.7744,0,54.1,18.0,17.8,20.5,5.8,5.4,4.4,2.3,3.0,4.8,1.4,3.4,11.2,6.7,7.8,4.8,12.7,NS,2.04,1,N_EXCLUSIVE_GREEN,38.4
16.0,-0.866,-0.5,0,17.9,21.1,18.0,72.6,1.6,9.3,1.0,6.1,4.4,2.7,11.6,11.4,10.9,7.1,7.1000000000000005,23.0,34.4,EW,3.35,4,W_EXCLUSIVE_GREEN,45.0
9.016666666666667,0.704,-0.7102,1,57.2,12.0,56.4,12.9,7.4,7.3,2.1,0.1,4.9,13.5,1.8,0.3,14.7,2.2,18.4,2.1,34.9,EW,5.74,3,E_EXCLUSIVE_GREEN,45.0
18.6,-0.9877,0.1564,1,12.6,126.1,12.8,67.5,0.4,1.8,14.3,25.6,4.9,0.7,6.0,10.2,2.2,39.900000000000006,5.6000000000000005,16.2,70.4,NS,12.49,2,S_EXCLUSIVE_GREEN,45.0
11.9,0.0262,-0.9997,0,18.7,93.9,22.6,30.0,3.8,0.7,25.8,15.6,3.3,4.5,3.5,7.7,4.5,41.4,7.8,11.2,59.2,NS,6.89,2,S_EXCLUSIVE_GREEN,45.0
6.666666666666667,0.9848,-0.1736,0,20.3,23.1,26.5,22.3,1.9,7.6,3.5,4.7,6.6,2.1,1.7,3.1,9.5,8.2,8.7,4.8,10.5,EW,1.44,3,E_EXCLUSIVE_GREEN,28.2
5.566666666666666,0.9936,0.1132,0,28.1,31.1,113.6,30.1,1.8,5.4,3.7,4.4,10.0,16.7,1.3,9.1,7.2,8.100000000000001,26.7,10.4,52.2,EW,2.92,3,E_EXCLUSIVE_GREEN,45.0
3.9166666666666665,0.8549,0.5188,0,20.3,25.3,22.6,21.8,2.5,4.9,2.5,2.4,1.0,7.7,5.6,1.5,7.4,4.9,8.7,7.1,17.7,EW,1.11,0,BALANCED_PHASE,28.2
4.633333333333333,0.9367,0.3502,0,28.7,75.0,25.6,28.4,1.8,3.4,11.1,13.9,6.8,0.9,5.6,6.2,5.2,25.0,7.7,11.8,48.1,NS,3.5,2,S_EXCLUSIVE_GREEN,45.0
14.75,-0.6593,-0.7518,0,34.5,22.3,34.7,32.1,4.9,4.4,2.2,4.1,6.4,3.4,2.9,9.3,9.3,6.3,9.8,12.200000000000001,18.1,EW,1.14,0,BALANCED_PHASE,37.5
5.533333333333333,0.9925,0.1219,0,18.1,23.5,19.7,57.7,0.9,1.2,1.2,1.4,0.7,4.9,7.6,9.7,2.1,2.5999999999999996,5.6000000000000005,17.299999999999997,35.9,EW,2.87,4,W_EXCLUSIVE_GREEN,45.0
0.65,0.1693,0.9856,0,53.3,17.3,25.0,24.5,3.5,11.2,2.4,0.6,2.9,7.4,0.9,2.7,14.7,3.0,10.3,3.6,26.3,NS,3.64,1,N_EXCLUSIVE_GREEN,45.0
9.983333333333333,0.5038,-0.8638,0,17.7,19.9,85.7,31.3,1.9,2.6,1.4,4.6,3.4,12.0,2.1,7.3,4.5,6.0,15.4,9.4,32.5,EW,2.01,3,E_EXCLUSIVE_GREEN,45.0
21.183333333333334,-0.6724,0.7402,0,23.2,24.3,36.5,24.6,3.8,1.3,2.6,7.0,8.3,9.0,2.6,1.3,5.1,9.6,17.3,3.9000000000000004,20.9,EW,2.64,3,E_EXCLUSIVE_GREEN,45.0
5.95,0.9999,0.0131,0,17.4,67.3,29.7,24.7,0.4,3.5,4.7,7.6,4.1,7.1,2.3,5.3,3.9,12.3,11.2,7.6,22.0,NS,3.27,2,S_EXCLUSIVE_GREEN,43.9
19.15,-0.955,0.2965,1,17.7,95.9,17.9,102.6,0.2,1.5,10.4,13.1,0.7,6.0,10.9,15.3,1.7,23.5,6.7,26.200000000000003,52.3,EW,4.33,4,W_EXCLUSIVE_GREEN,45.0
19.966666666666665,-0.8704,0.4924,0,22.1,18.6,23.3,67.0,1.8,2.8,1.8,2.1,1.9,1.0,6.8,12.2,4.6,3.9000000000000004,2.9,19.0,20.1,EW,4.02,4,W_EXCLUSIVE_GREEN,45.0
21.583333333333332,-0.5913,0.8064,0,30.3,33.2,27.5,35.8,2.3,11.5,2.5,3.7,0.6,4.4,3.6,14.5,13.8,6.2,5.0,18.1,24.5,EW,2.29,4,W_EXCLUSIVE_GREEN,45.0
14.116666666666667,-0.5262,-0.8504,0,29.6,25.0,24.7,25.8,1.7,6.3,3.6,5.7,1.9,3.8,1.2,2.6,8.0,9.3,5.699999999999999,3.8,9.4,NS,1.13,0,BALANCED_PHASE,29.9
2.35,0.5771,0.8166,0,19.1,128.1,21.3,25.2,2.1,5.3,10.3,14.5,0.2,5.0,2.7,1.9,7.4,24.8,5.2,4.6,35.8,NS,4.31,2,S_EXCLUSIVE_GREEN,45.0
7.866666666666667,0.8829,-0.4695,1,74.1,15.7,64.8,12.1,8.4,14.8,2.1,3.5,7.7,9.6,0.2,0.3,23.200000000000003,5.6,17.3,0.5,40.6,NS,4.12,1,N_EXCLUSIVE_GREEN,45.0
15.2,-0.7431,-0.6691,0,38.9,24.2,33.8,33.9,8.0,4.6,2.2,6.3,7.7,3.9,1.9,14.0,12.6,8.5,11.6,15.9,34.3,EW,1.2,0,BALANCED_PHASE,45.0
1.3666666666666667,0.3502,0.9367,0,31.2,32.1,30.9,128.2,2.1,2.0,0.9,5.8,3.8,4.5,16.5,18.9,4.1,6.7,8.3,35.4,72.7,EW,4.07,4,W_EXCLUSIVE_GREEN,45.0
21.75,-0.5556,0.8315,0,28.2,32.1,24.6,22.0,1.0,6.6,3.9,4.7,2.2,5.3,2.7,10.9,7.6,8.6,7.5,13.600000000000001,19.4,NS,1.09,0,BALANCED_PHASE,29.9
18.1,-0.9997,0.0262,1,17.4,76.3,19.0,66.9,0.2,6.3,10.7,6.2,1.4,3.2,16.6,11.8,6.5,16.9,4.6,28.400000000000002,41.1,EW,4.7,4,W_EXCLUSIVE_GREEN,45.0
16.083333333333332,-0.8767,-0.481,0,26.6,26.3,39.5,25.4,1.2,8.9,0.8,5.3,3.3,5.9,1.0,1.0,10.1,6.1,9.2,2.0,13.6,EW,2.26,3,E_EXCLUSIVE_GREEN,31.9
10.966666666666667,0.2672,-0.9636,0,29.8,20.6,27.7,27.8,1.4,2.2,4.4,1.4,3.4,7.0,1.6,4.8,3.6,5.800000000000001,10.4,6.4,15.7,EW,1.28,0,BALANCED_PHASE,32.4
18.733333333333334,-0.9816,0.1908,1,25.9,57.4,23.2,75.6,1.3,8.2,9.6,7.0,3.3,0.5,7.5,9.8,9.5,16.6,3.8,17.3,18.2,EW,3.63,4,W_EXCLUSIVE_GREEN,45.0
17.55,-0.9931,-0.1175,1,23.4,82.5,16.2,72.5,0.4,4.0,9.9,15.3,0.5,2.3,7.1,29.3,4.4,25.200000000000003,2.8,36.4,77.8,NS,4.35,2,S_EXCLUSIVE_GREEN,45.0
12.8,-0.2079,-0.9781,0,34.0,22.4,33.8,33.9,5.6,2.8,5.6,3.6,1.2,7.4,5.4,9.2,8.399999999999999,9.2,8.6,14.6,29.8,EW,1.35,0,BALANCED_PHASE,43.3
6.3,0.9969,-0.0785,0,19.2,21.7,25.7,70.8,1.8,1.4,0.8,5.1,2.1,3.8,7.0,13.4,3.2,5.8999999999999995,5.9,20.4,26.4,EW,2.99,4,W_EXCLUSIVE_GREEN,45.0
6.3,0.9969,-0.0785,0,31.4,28.5,33.5,30.1,0.9,6.0,8.1,3.7,1.4,8.6,4.3,5.4,6.9,11.8,10.0,9.7,12.0,EW,1.03,0,BALANCED_PHASE,32.2
13.416666666666666,-0.3624,-0.932,0,32.2,37.8,22.8,26.6,0.2,5.3,6.5,9.2,1.1,2.5,3.5,2.8,5.5,15.7,3.6,6.3,28.6,NS,1.87,2,S_EXCLUSIVE_GREEN,45.0
2.5166666666666666,0.6122,0.7907,0,104.9,17.2,18.1,24.7,13.8,17.1,3.9,1.7,0.2,2.3,1.0,2.5,30.900000000000002,5.6,2.5,3.5,36.0,NS,5.44,1,N_EXCLUSIVE_GREEN,45.0
10.583333333333334,0.3624,-0.932,0,34.5,25.2,27.0,34.7,2.8,5.5,2.6,3.7,7.2,0.8,5.5,4.2,8.3,6.300000000000001,8.0,9.7,21.2,EW,1.2,0,BALANCED_PHASE,32.8
12.316666666666666,-0.0828,-0.9966,0,33.5,26.5,30.3,24.3,5.7,6.1,2.0,6.8,1.7,2.6,3.2,3.3,11.8,8.8,4.3,6.5,15.5,NS,1.27,0,BALANCED_PHASE,36.2
9.816666666666666,0.541,-0.841,0,32.4,21.2,25.6,40.0,3.5,5.1,0.9,2.2,1.0,2.6,2.8,7.5,8.6,3.1,3.6,10.3,15.6,EW,1.98,4,W_EXCLUSIVE_GREEN,34.4
1.55,0.3947,0.9188,0,22.0,23.3,37.3,20.8,2.5,11.3,0.8,9.7,1.1,5.3,2.9,5.9,13.8,10.5,6.4,8.8,26.0,EW,1.47,3,E_EXCLUSIVE_GREEN,31.9
6.083333333333333,0.9998,-0.0218,0,26.1,79.3,27.0,19.7,1.9,9.8,7.3,10.2,2.4,2.4,4.0,4.0,11.700000000000001,17.5,4.8,8.0,31.0,NS,1.91,2,S_EXCLUSIVE_GREEN,45.0
20.333333333333332,-0.8192,0.5736,0,23.3,21.7,22.7,20.7,0.5,5.4,3.1,0.9,1.8,4.3,6.0,1.5,5.9,4.0,6.1,7.5,16.4,EW,1.12,0,BALANCED_PHASE,25.7
17.016666666666666,-0.967,-0.2546,1,21.0,97.5,12.8,59.1,1.1,4.7,8.4,15.1,0.4,2.0,4.9,16.2,5.800000000000001,23.5,2.4,21.1,45.4,NS,4.1,2,S_EXCLUSIVE_GREEN,45.0
1.3166666666666667,0.3379,0.9412,0,17.7,19.3,50.8,19.4,0.8,1.8,1.3,3.0,5.7,6.1,1.0,4.7,2.6,4.3,11.8,5.7,15.2,EW,2.18,3,E_EXCLUSIVE_GREEN,39.3
17.05,-0.9692,-0.2462,1,14.2,70.8,14.4,107.9,1.0,2.7,4.6,8.4,1.8,4.0,6.8,21.2,3.7,13.0,5.8,28.0,50.7,EW,5.4,4,W_EXCLUSIVE_GREEN,45.0
21.916666666666668,-0.5188,0.8549,0,28.2,37.4,28.2,21.0,1.7,4.4,2.1,4.3,1.3,4.1,2.1,3.2,6.1000000000000005,6.4,5.3999999999999995,5.300000000000001,10.5,NS,1.13,0,BALANCED_PHASE,25.6
16.55,-0.9288,-0.3706,1,20.9,51.4,19.0,61.5,1.9,1.9,2.7,3.9,2.2,2.3,15.0,10.9,3.8,6.6,4.5,25.9,41.5,EW,4.34,4,W_EXCLUSIVE_GREEN,45.0
5.533333333333333,0.9925,0.1219,0,76.9,24.3,19.1,19.9,5.5,10.0,5.1,1.1,0.8,3.4,0.6,1.9,15.5,6.199999999999999,4.2,2.5,32.7,NS,2.67,1,N_EXCLUSIVE_GREEN,45.0
6.1,0.9997,-0.0262,0,23.5,26.3,26.0,25.4,4.4,1.9,3.5,3.1,3.7,3.0,2.5,3.1,6.300000000000001,6.6,6.7,5.6,8.9,EW,1.06,0,BALANCED_PHASE,24.0
5.95,0.9999,0.0131,0,29.8,27.6,63.2,18.7,0.4,1.7,5.5,6.1,9.9,12.3,4.0,1.8,2.1,11.6,22.200000000000003,5.8,25.7,EW,3.47,3,E_EXCLUSIVE_GREEN,45.0
2.75,0.6593,0.7518,0,19.2,50.4,19.5,21.9,0.3,2.4,2.5,8.5,0.2,6.2,0.6,2.3,2.6999999999999997,11.0,6.4,2.9,14.5,NS,2.99,2,S_EXCLUSIVE_GREEN,37.5
18.666666666666668,-0.9848,0.1736,1,22.1,64.9,12.2,116.1,1.0,1.3,11.9,11.7,0.3,0.6,10.9,28.5,2.3,23.6,0.8999999999999999,39.4,82.5,EW,16.32,4,W_EXCLUSIVE_GREEN,45.0
19.0,-0.9659,0.2588,1,15.9,55.9,13.5,58.9,3.0,2.9,2.1,9.5,1.2,1.9,4.3,7.8,5.9,11.6,3.0999999999999996,12.1,18.3,NS,2.38,2,S_EXCLUSIVE_GREEN,40.1
1.9833333333333334,0.4962,0.8682,0,119.5,17.7,30.2,26.1,21.5,18.6,1.6,1.6,2.1,3.5,0.6,3.6,40.1,3.2,5.6,4.2,65.5,NS,8.84,1,N_EXCLUSIVE_GREEN,45.0
9.0,0.7071,-0.7071,1,68.6,18.5,105.3,19.0,9.8,9.8,3.1,5.9,11.2,20.3,1.7,1.2,19.6,9.0,31.5,2.9,52.6,EW,7.31,3,E_EXCLUSIVE_GREEN,45.0
7.7,0.9026,-0.4305,1,132.0,14.3,97.2,14.8,10.8,18.7,4.3,0.7,11.2,20.4,4.1,1.6,29.5,5.0,31.599999999999998,5.699999999999999,49.4,NS,6.69,1,N_EXCLUSIVE_GREEN,45.0
10.183333333333334,0.4579,-0.889,0,35.1,31.0,21.2,33.9,3.7,7.5,2.8,1.7,3.6,1.0,3.3,5.7,11.2,4.5,4.6,9.0,14.3,NS,1.63,1,N_EXCLUSIVE_GREEN,35.1
7.383333333333334,0.9351,-0.3543,1,123.8,14.0,77.1,23.1,8.5,18.4,0.2,1.9,7.8,7.1,2.3,0.7,26.9,2.1,14.899999999999999,3.0,38.2,NS,9.57,1,N_EXCLUSIVE_GREEN,45.0
12.033333333333333,-0.0087,-1.0,0,20.4,79.0,20.0,20.6,3.3,4.0,7.3,10.4,2.2,1.1,2.6,1.4,7.3,17.7,3.3000000000000003,4.0,28.9,NS,2.82,2,S_EXCLUSIVE_GREEN,45.0
19.7,-0.9026,0.4305,0,28.9,25.7,24.9,89.8,2.4,2.6,2.0,3.8,2.7,4.2,11.2,8.6,5.0,5.8,6.9,19.799999999999997,40.9,EW,3.05,4,W_EXCLUSIVE_GREEN,45.0
21.6,-0.5878,0.809,0,21.0,37.4,20.9,36.3,5.4,2.0,5.8,3.4,4.6,3.4,3.3,4.9,7.4,9.2,8.0,8.2,18.9,NS,1.38,0,BALANCED_PHASE,32.0
20.316666666666666,-0.8216,0.57,0,19.1,22.9,56.1,18.8,1.0,2.4,6.4,1.8,9.0,9.8,0.4,1.9,3.4,8.200000000000001,18.8,2.3,35.8,EW,4.57,3,E_EXCLUSIVE_GREEN,45.0
13.733333333333333,-0.4384,-0.8988,0,24.8,27.5,19.2,79.3,4.0,4.6,9.4,2.4,1.1,3.9,10.4,8.6,8.6,11.8,5.0,19.0,29.1,EW,3.73,4,W_EXCLUSIVE_GREEN,45.0
12.283333333333333,-0.0741,-0.9973,0,23.9,21.2,31.8,21.3,0.3,1.8,3.0,2.5,0.7,3.6,9.1,0.6,2.1,5.5,4.3,9.7,15.4,EW,1.77,3,E_EXCLUSIVE_GREEN,31.7
6.866666666666667,0.9744,-0.225,0,38.4,34.0,29.3,33.9,5.9,5.0,2.4,7.0,4.0,4.4,1.1,4.0,10.9,9.4,8.4,5.1,22.1,NS,1.11,0,BALANCED_PHASE,35.9
8.633333333333333,0.7716,-0.6361,1,116.6,14.1,47.6,13.9,5.6,23.8,0.5,4.0,4.9,5.6,1.2,1.6,29.4,4.5,10.5,2.8,62.0,NS,6.74,1,N_EXCLUSIVE_GREEN,45.0
0.6666666666666666,0.1736,0.9848,0,24.4,20.7,32.3,23.0,2.8,2.3,3.1,4.4,0.3,4.8,2.4,2.7,5.1,7.5,5.1,5.1,11.2,EW,1.13,0,BALANCED_PHASE,22.1
1.7333333333333334,0.4384,0.8988,0,36.9,29.4,29.7,38.8,4.3,5.3,3.4,5.6,1.8,3.9,2.3,4.7,9.6,9.0,5.7,7.0,14.4,NS,1.1,0,BALANCED_PHASE,32.3
4.7,0.9426,0.3338,0,22.8,26.9,27.2,31.3,1.7,6.7,4.9,10.0,6.2,1.7,0.7,9.8,8.4,14.9,7.9,10.5,24.3,EW,1.21,0,BALANCED_PHASE,34.1
2.6666666666666665,0.6428,0.766,0,26.8,72.4,28.5,25.0,2.1,3.9,9.9,7.6,2.1,7.4,6.0,1.8,6.0,17.5,9.5,7.8,37.9,NS,2.7,2,S_EXCLUSIVE_GREEN,45.0
15.066666666666666,-0.7193,-0.6947,0,28.0,30.4,76.3,20.1,4.0,2.7,0.3,6.0,5.7,19.4,2.9,5.0,6.7,6.3,25.099999999999998,7.9,42.1,EW,3.25,3,E_EXCLUSIVE_GREEN,45.0
5.783333333333333,0.9984,0.0567,0,27.5,26.5,23.0,142.4,1.0,3.1,6.9,4.4,3.9,0.2,17.2,25.5,4.1,11.3,4.1,42.7,79.4,EW,7.73,4,W_EXCLUSIVE_GREEN,45.0
9.566666666666666,0.5948,-0.8039,0,17.7,17.8,100.2,22.4,6.2,2.3,1.7,0.4,7.1,14.3,0.7,3.8,8.5,2.1,21.4,4.5,35.7,EW,4.37,3,E_EXCLUSIVE_GREEN,45.0
3.8,0.8387,0.5446,0,17.3,66.0,19.8,18.4,2.6,1.2,5.4,11.7,2.6,7.6,1.5,2.6,3.8,17.1,10.2,4.1,20.6,NS,3.91,2,S_EXCLUSIVE_GREEN,45.0
2.5833333333333335,0.6259,0.7799,0,32.6,22.3,21.5,20.4,7.1,7.6,2.1,11.1,5.2,3.5,3.5,6.4,14.7,13.2,8.7,9.9,22.2,NS,1.17,0,BALANCED_PHASE,42.5
6.133333333333334,0.9994,-0.0349,0,22.4,20.1,24.5,32.0,1.3,3.3,0.6,2.7,3.0,1.4,5.8,3.6,4.6,3.3000000000000003,4.4,9.4,9.7,EW,1.61,4,W_EXCLUSIVE_GREEN,30.5
1.5,0.3827,0.9239,0,25.1,22.4,30.7,27.7,5.8,5.1,3.1,2.9,1.1,4.9,2.8,5.3,10.899999999999999,6.0,6.0,8.1,14.8,EW,1.18,0,BALANCED_PHASE,28.2
3.2333333333333334,0.749,0.6626,0,20.3,28.2,19.1,127.4,1.0,2.3,2.8,8.6,4.1,2.0,9.9,24.4,3.3,11.399999999999999,6.1,34.3,54.7,EW,5.73,4,W_EXCLUSIVE_GREEN,45.0
5.083333333333333,0.9713,0.2377,0,20.5,30.3,29.0,25.1,0.9,3.4,6.3,9.7,2.8,3.3,3.5,1.7,4.3,16.0,6.1,5.2,16.5,NS,2.48,2,S_EXCLUSIVE_GREEN,44.1
2.25,0.5556,0.8315,0,27.5,26.7,34.9,29.2,2.6,7.1,4.1,4.1,3.3,3.2,4.3,2.5,9.7,8.2,6.5,6.8,16.1,EW,1.07,0,BALANCED_PHASE,26.5
11.466666666666667,0.1392,-0.9903,0,28.3,32.1,30.2,23.2,1.3,8.0,3.5,4.7,3.1,4.6,1.3,1.6,9.3,8.2,7.699999999999999,2.9000000000000004,19.9,NS,1.1,0,BALANCED_PHASE,31.4
14.633333333333333,-0.6361,-0.7716,0,33.7,35.8,21.7,35.3,1.8,3.8,7.2,2.5,2.3,2.1,6.2,6.5,5.6,9.7,4.4,12.7,22.7,NS,1.31,0,BALANCED_PHASE,33.1
21.983333333333334,-0.5038,0.8638,0,21.6,20.1,24.5,24.9,4.7,6.2,3.5,0.8,1.6,3.9,1.4,1.2,10.9,4.3,5.5,2.5999999999999996,16.6,EW,1.31,0,BALANCED_PHASE,22.1
6.816666666666666,0.9772,-0.2122,0,19.3,26.3,115.2,21.9,0.3,0.9,0.6,3.4,7.5,19.7,2.6,2.6,1.2,4.0,27.2,5.2,53.8,EW,4.99,3,E_EXCLUSIVE_GREEN,45.0
1.6,0.4067,0.9135,0,32.7,129.8,26.7,19.3,6.0,1.6,10.2,23.3,2.1,3.6,5.0,3.9,7.6,33.5,5.7,8.9,70.0,NS,4.06,2,S_EXCLUSIVE_GREEN,45.0
10.916666666666666,0.2798,-0.96,0,29.7,29.6,30.9,31.2,9.0,1.9,5.3,7.5,4.2,5.0,6.1,3.0,10.9,12.8,9.2,9.1,25.2,NS,1.08,0,BALANCED_PHASE,38.5
5.366666666666666,0.9863,0.165,0,25.3,37.1,27.9,34.9,7.1,3.8,4.2,3.4,3.6,2.1,2.1,7.5,10.899999999999999,7.6,5.7,9.6,22.5,NS,1.39,0,BALANCED_PHASE,35.7
20.05,-0.8594,0.5113,0,24.9,52.9,29.6,32.3,0.9,5.7,8.8,11.0,1.8,9.4,1.2,8.3,6.6000000000000005,19.8,11.200000000000001,9.5,25.7,NS,2.51,2,S_EXCLUSIVE_GREEN,45.0
9.533333333333333,0.6018,-0.7986,0,32.4,50.6,23.3,26.5,3.8,5.0,2.4,10.8,2.8,3.4,2.3,0.9,8.8,13.200000000000001,6.199999999999999,3.1999999999999997,20.2,NS,1.48,2,S_EXCLUSIVE_GREEN,42.5
20.2,-0.8387,0.5446,0,17.5,25.6,19.6,55.8,0.6,1.4,3.4,2.9,1.2,1.5,11.0,7.0,2.0,6.3,2.7,18.0,31.0,EW,4.1,4,W_EXCLUSIVE_GREEN,45.0
0.9166666666666666,0.2377,0.9713,0,24.2,29.7,20.8,20.1,2.8,2.9,1.9,1.8,0.4,1.0,0.8,5.9,5.699999999999999,3.7,1.4,6.7,11.8,NS,1.29,0,BALANCED_PHASE,22.9
7.633333333333333,0.91,-0.4147,1,56.7,16.5,88.1,20.0,7.2,5.2,0.7,2.9,8.1,16.4,5.5,4.2,12.4,3.5999999999999996,24.5,9.7,53.0,EW,2.96,3,E_EXCLUSIVE_GREEN,45.0
16.3,-0.9026,-0.4305,0,32.4,26.5,27.2,37.7,3.0,3.7,4.3,4.1,4.0,5.5,3.9,11.6,6.7,8.399999999999999,9.5,15.5,21.9,EW,1.49,4,W_EXCLUSIVE_GREEN,45.0
4.583333333333333,0.932,0.3624,0,34.3,23.5,20.4,30.1,0.9,9.2,0.5,2.8,3.9,7.3,1.1,3.5,10.1,3.3,11.2,4.6,13.6,NS,1.99,1,N_EXCLUSIVE_GREEN,32.7
1.1166666666666667,0.2882,0.9576,0,21.0,20.5,23.4,20.0,1.2,1.2,1.3,1.8,5.4,3.9,0.0,2.7,2.4,3.1,9.3,2.7,15.8,EW,1.94,3,E_EXCLUSIVE_GREEN,29.4
13.55,-0.3947,-0.9188,0,24.4,38.1,37.3,23.1,0.3,2.4,3.7,5.6,8.0,5.9,1.6,3.3,2.6999999999999997,9.3,13.9,4.9,21.1,EW,2.13,3,E_EXCLUSIVE_GREEN,41.6
19.766666666666666,-0.8949,0.4462,0,31.4,18.6,60.9,28.9,6.8,4.7,1.7,6.5,15.1,14.4,1.4,4.2,11.5,8.2,29.5,5.6,31.1,EW,3.51,3,E_EXCLUSIVE_GREEN,45.0
11.033333333333333,0.2504,-0.9681,0,107.9,31.2,22.3,18.2,8.5,13.1,2.2,3.1,3.7,4.2,1.6,6.3,21.6,5.300000000000001,7.9,7.9,32.2,NS,3.59,1,N_EXCLUSIVE_GREEN,45.0
21.233333333333334,-0.6626,0.749,0,61.8,25.6,19.5,17.8,6.0,6.5,7.0,2.9,4.1,0.3,0.5,7.7,12.5,9.9,4.3999999999999995,8.2,19.8,NS,1.6,1,N_EXCLUSIVE_GREEN,43.1
18.05,-0.9999,0.0131,1,19.7,109.9,21.8,64.5,2.7,0.6,14.6,17.8,1.5,4.1,9.2,12.5,3.3000000000000003,32.4,5.6,21.7,34.7,NS,7.03,2,S_EXCLUSIVE_GREEN,45.0
12.816666666666666,-0.2122,-0.9772,0,24.0,22.9,26.2,21.6,3.6,6.2,1.5,6.7,4.4,4.7,0.5,5.1,9.8,8.2,9.100000000000001,5.6,12.7,NS,1.1,0,BALANCED_PHASE,30.2
7.8,0.891,-0.454,1,110.3,25.1,65.4,17.2,6.3,15.0,6.2,5.4,5.2,5.9,2.1,2.8,21.3,11.600000000000001,11.100000000000001,4.9,42.0,NS,2.53,1,N_EXCLUSIVE_GREEN,45.0
20.033333333333335,-0.8616,0.5075,0,34.3,30.1,22.7,38.6,3.9,3.7,2.3,4.2,4.4,3.1,3.2,5.5,7.6,6.5,7.5,8.7,13.3,NS,1.11,0,BALANCED_PHASE,27.7
2.0166666666666666,0.5038,0.8638,0,21.5,26.8,27.6,23.8,1.8,3.3,4.9,6.0,2.1,4.1,9.3,4.1,5.1,10.9,6.199999999999999,13.4,16.2,EW,1.65,3,E_EXCLUSIVE_GREEN,38.4
15.983333333333333,-0.8638,-0.5038,0,30.8,26.0,35.0,22.1,4.6,8.0,5.7,1.5,8.5,5.4,2.2,3.8,12.6,7.2,13.9,6.0,23.5,EW,1.92,3,E_EXCLUSIVE_GREEN,41.5
12.3,-0.0785,-0.9969,0,38.6,26.1,26.2,25.7,2.7,2.9,0.8,6.7,3.0,1.6,2.0,5.7,5.6,7.5,4.6,7.7,9.4,NS,1.34,0,BALANCED_PHASE,27.9
12.466666666666667,-0.1219,-0.9925,0,21.8,29.0,24.9,28.7,2.0,4.2,1.1,3.2,0.9,8.7,2.1,3.5,6.2,4.300000000000001,9.6,5.6,13.1,EW,1.38,0,BALANCED_PHASE,30.7
7.716666666666667,0.9007,-0.4344,1,73.1,17.0,47.2,18.6,6.1,13.2,0.7,5.6,4.5,4.7,1.2,1.1,19.299999999999997,6.3,9.2,2.3,34.0,NS,3.33,1,N_EXCLUSIVE_GREEN,45.0
15.65,-0.8166,-0.5771,0,18.9,27.1,24.6,64.7,1.3,0.7,0.9,4.8,2.3,5.3,14.6,10.7,2.0,5.7,7.6,25.299999999999997,49.7,EW,2.94,4,W_EXCLUSIVE_GREEN,45.0
15.966666666666667,-0.8616,-0.5075,0,29.0,21.0,36.3,29.0,2.5,3.5,1.7,10.2,7.0,2.3,3.4,3.2,6.0,11.899999999999999,9.3,6.6,13.7,EW,1.28,0,BALANCED_PHASE,31.5
14.566666666666666,-0.6225,-0.7826,0,37.6,28.0,24.8,27.3,0.9,4.5,0.2,2.4,6.5,8.8,0.9,5.9,5.4,2.6,15.3,6.800000000000001,15.9,EW,1.69,3,E_EXCLUSIVE_GREEN,42.1
7.15,0.955,-0.2965,1,117.5,15.6,68.9,24.4,17.4,17.5,1.1,3.7,9.9,9.0,2.5,4.3,34.9,4.800000000000001,18.9,6.8,72.2,NS,6.93,1,N_EXCLUSIVE_GREEN,45.0
9.666666666666666,0.5736,-0.8192,0,32.9,22.0,29.8,28.8,1.6,8.6,2.0,3.2,1.8,5.3,7.7,6.2,10.2,5.2,7.1,13.9,18.9,EW,1.49,3,E_EXCLUSIVE_GREEN,40.0
12.266666666666667,-0.0698,-0.9976,0,21.8,24.5,24.8,33.7,4.7,1.3,3.0,1.8,0.9,3.8,4.5,7.4,6.0,4.8,4.7,11.9,19.1,EW,1.84,4,W_EXCLUSIVE_GREEN,36.8
11.783333333333333,0.0567,-0.9984,0,20.0,23.4,72.0,31.0,4.2,4.6,3.6,2.3,12.3,11.3,3.1,4.5,8.8,5.9,23.6,7.6,36.9,EW,2.66,3,E_EXCLUSIVE_GREEN,45.0
4.033333333333333,0.8704,0.4924,0,31.5,32.9,20.3,23.9,0.7,3.8,2.2,6.1,2.8,4.9,2.4,2.1,4.5,8.3,7.7,4.5,15.6,NS,1.32,0,BALANCED_PHASE,29.1
22.933333333333334,-0.2756,0.9613,0,30.3,27.4,27.0,22.3,3.7,4.5,5.5,2.6,7.4,7.0,2.4,8.2,8.2,8.1,14.4,10.6,29.5,EW,1.27,0,BALANCED_PHASE,41.6
7.416666666666667,0.932,-0.3624,1,50.3,13.1,70.0,17.8,5.2,4.3,1.0,1.3,5.6,9.1,1.7,1.3,9.5,2.3,14.7,3.0,16.8,EW,4.07,3,E_EXCLUSIVE_GREEN,45.0
4.883333333333333,0.9576,0.2882,0,23.7,26.4,31.6,22.3,3.5,3.0,1.5,4.3,0.5,8.1,4.9,4.0,6.5,5.8,8.6,8.9,15.4,EW,1.12,0,BALANCED_PHASE,30.0
6.416666666666667,0.9941,-0.1089,0,29.3,33.8,23.9,28.3,1.9,8.4,3.1,2.7,0.7,5.5,1.3,5.4,10.3,5.800000000000001,6.2,6.7,11.2,NS,1.4,1,N_EXCLUSIVE_GREEN,32.8
13.483333333333333,-0.3786,-0.9255,0,22.3,28.5,36.1,21.1,2.6,3.9,5.1,4.6,4.7,3.1,1.4,4.5,6.5,9.7,7.800000000000001,5.9,16.9,EW,1.41,3,E_EXCLUSIVE_GREEN,28.8
14.4,-0.5878,-0.809,0,24.6,21.9,30.5,30.5,2.5,2.4,3.6,3.9,5.6,6.4,1.5,7.1,4.9,7.5,12.0,8.6,22.0,EW,1.19,0,BALANCED_PHASE,36.7
10.333333333333334,0.4226,-0.9063,0,26.2,34.1,25.2,36.2,4.9,1.5,1.1,1.4,1.3,1.0,2.2,5.5,6.4,2.5,2.3,7.7,13.5,EW,1.9,4,W_EXCLUSIVE_GREEN,28.3
4.766666666666667,0.9483,0.3173,0,25.9,29.7,36.2,35.2,1.1,8.5,2.8,1.4,4.2,7.0,6.6,4.8,9.6,4.199999999999999,11.2,11.399999999999999,25.0,EW,0.99,0,BALANCED_PHASE,36.8
7.216666666666667,0.9497,-0.3132,1,58.9,12.0,109.1,22.9,2.3,12.6,0.5,1.1,15.1,19.4,4.4,3.2,14.899999999999999,1.6,34.5,7.6000000000000005,60.5,EW,4.44,3,E_EXCLUSIVE_GREEN,45.0
22.2,-0.454,0.891,0,24.8,23.9,35.1,36.6,1.4,3.6,3.9,5.9,2.1,0.8,3.7,10.8,5.0,9.8,2.9000000000000004,14.5,25.8,EW,2.09,4,W_EXCLUSIVE_GREEN,43.2
23.7,-0.0785,0.9969,0,25.0,20.3,20.8,34.9,3.2,4.3,0.9,2.1,0.3,2.4,2.5,2.7,7.5,3.0,2.6999999999999997,5.2,9.0,EW,1.66,4,W_EXCLUSIVE_GREEN,22.6
11.95,0.0131,-0.9999,0,39.8,26.7,37.4,23.3,1.5,3.8,3.4,3.2,4.4,6.6,9.6,2.3,5.3,6.6,11.0,11.899999999999999,18.4,EW,1.2,0,BALANCED_PHASE,37.4
13.383333333333333,-0.3543,-0.9351,0,22.7,27.3,31.1,25.3,0.0,12.2,3.1,4.9,4.3,6.6,2.5,6.8,12.2,8.0,10.899999999999999,9.3,17.2,EW,1.15,0,BALANCED_PHASE,34.1
6.416666666666667,0.9941,-0.1089,0,82.2,26.5,17.8,20.9,8.7,12.0,0.7,7.9,3.4,4.8,2.1,1.7,20.7,8.6,8.2,3.8,31.1,NS,2.58,1,N_EXCLUSIVE_GREEN,45.0
17.683333333333334,-0.9966,-0.0828,1,13.3,108.7,12.1,90.0,0.9,2.0,17.3,17.8,0.1,1.2,15.6,13.7,2.9,35.1,1.3,29.299999999999997,70.7,NS,9.37,2,S_EXCLUSIVE_GREEN,45.0
14.316666666666666,-0.57,-0.8216,0,20.8,37.1,24.0,23.7,2.7,6.3,2.4,6.0,7.6,4.8,4.2,2.6,9.0,8.4,12.399999999999999,6.800000000000001,20.1,NS,1.26,0,BALANCED_PHASE,31.7
19.433333333333334,-0.9304,0.3665,1,12.5,57.5,12.1,83.2,0.1,3.6,7.4,9.9,1.5,2.5,6.7,15.3,3.7,17.3,4.0,22.0,25.4,EW,5.58,4,W_EXCLUSIVE_GREEN,45.0
1.2,0.309,0.9511,0,20.0,68.1,17.1,18.6,5.0,2.1,13.9,6.2,2.1,3.6,2.4,4.0,7.1,20.1,5.7,6.4,38.9,NS,2.91,2,S_EXCLUSIVE_GREEN,45.0
21.4,-0.6293,0.7771,0,28.5,20.4,27.3,21.1,3.9,4.8,0.5,4.9,4.3,2.7,1.9,3.5,8.7,5.4,7.0,5.4,9.4,NS,1.44,1,N_EXCLUSIVE_GREEN,28.5
13.183333333333334,-0.3049,-0.9524,0,32.2,31.2,25.5,20.7,12.0,3.1,3.9,6.4,2.2,5.2,1.7,1.7,15.1,10.3,7.4,3.4,31.5,NS,1.26,0,BALANCED_PHASE,44.1
0.7333333333333333,0.1908,0.9816,0,24.2,55.8,22.0,17.4,2.6,4.5,6.0,8.6,2.5,4.1,1.4,2.9,7.1,14.6,6.6,4.3,31.4,NS,2.07,2,S_EXCLUSIVE_GREEN,45.0
8.783333333333333,0.7461,-0.6659,1,51.7,21.1,69.3,19.7,8.2,4.3,0.5,6.9,21.0,19.4,4.2,1.5,12.5,7.4,40.4,5.7,79.9,EW,5.35,3,E_EXCLUSIVE_GREEN,45.0
21.6,-0.5878,0.809,0,24.0,25.3,21.3,21.8,3.2,0.8,0.9,1.2,1.8,7.2,1.5,1.1,4.0,2.1,9.0,2.6,13.0,NS,1.22,0,BALANCED_PHASE,18.8
20.416666666666668,-0.8064,0.5913,0,31.0,20.6,23.8,20.9,6.9,0.5,2.0,2.5,1.5,2.3,1.5,1.6,7.4,4.5,3.8,3.1,12.8,NS,1.49,1,N_EXCLUSIVE_GREEN,26.7
6.15,0.9992,-0.0393,0,23.8,26.8,21.6,29.5,1.9,3.5,0.5,3.7,0.7,3.6,0.9,3.1,5.4,4.2,4.3,4.0,8.8,NS,1.14,0,BALANCED_PHASE,21.5
14.25,-0.5556,-0.8315,0,29.2,22.8,20.3,22.6,4.5,8.7,3.3,4.6,0.1,0.9,0.3,1.9,13.2,7.8999999999999995,1.0,2.1999999999999997,14.6,NS,1.47,1,N_EXCLUSIVE_GREEN,38.1
4.8,0.9511,0.309,0,21.6,28.4,32.2,29.0,2.4,11.6,1.8,4.8,4.5,4.1,2.3,4.7,14.0,6.6,8.6,7.0,28.7,EW,1.13,0,BALANCED_PHASE,30.9
10.65,0.3461,-0.9382,0,21.1,32.9,22.2,24.9,5.6,4.8,2.1,4.3,1.8,1.2,0.8,2.8,10.399999999999999,6.4,3.0,3.5999999999999996,14.4,NS,1.53,1,N_EXCLUSIVE_GREEN,33.2
19.55,-0.9188,0.3947,0,25.3,27.7,38.6,22.8,3.3,4.9,0.8,7.8,0.5,2.8,4.2,2.4,8.2,8.6,3.3,6.6,18.6,EW,1.71,3,E_EXCLUSIVE_GREEN,27.0
1.7166666666666668,0.4344,0.9007,0,103.2,18.2,21.2,23.7,7.5,28.4,4.6,1.9,4.2,2.8,1.3,6.4,35.9,6.5,7.0,7.7,42.9,NS,5.31,1,N_EXCLUSIVE_GREEN,45.0
2.0166666666666666,0.5038,0.8638,0,125.2,17.8,22.7,21.1,8.4,20.9,2.4,2.8,0.6,3.5,4.2,2.7,29.299999999999997,5.199999999999999,4.1,6.9,56.9,NS,5.87,1,N_EXCLUSIVE_GREEN,45.0
10.9,0.284,-0.9588,0,31.4,26.4,122.8,19.6,4.4,1.0,2.3,1.3,18.8,20.2,0.8,6.2,5.4,3.5999999999999996,39.0,7.0,54.3,EW,5.57,3,E_EXCLUSIVE_GREEN,45.0
6.783333333333333,0.979,-0.2036,0,24.9,54.8,17.8,19.8,3.6,2.0,8.7,8.8,2.7,3.5,1.3,4.2,5.6,17.5,6.2,5.5,32.5,NS,2.57,2,S_EXCLUSIVE_GREEN,45.0
9.883333333333333,0.5262,-0.8504,0,17.3,21.8,52.4,17.7,1.2,5.8,2.3,6.3,4.4,6.3,2.5,0.2,7.0,8.6,10.7,2.7,13.6,EW,3.14,3,E_EXCLUSIVE_GREEN,37.2
18.95,-0.9692,0.2462,1,14.6,125.0,22.3,49.9,1.6,2.8,16.3,23.7,2.6,4.1,5.3,5.0,4.4,40.0,6.699999999999999,10.3,87.5,NS,8.3,2,S_EXCLUSIVE_GREEN,45.0
14.5,-0.6088,-0.7934,0,22.2,56.3,23.7,25.6,0.6,3.4,6.2,13.6,5.7,12.7,2.4,2.5,4.0,19.8,18.4,4.9,32.4,NS,3.48,2,S_EXCLUSIVE_GREEN,45.0
9.316666666666666,0.6461,-0.7632,1,67.3,18.9,79.9,14.0,5.5,9.1,0.8,0.6,12.4,14.5,2.2,2.3,14.6,1.4,26.9,4.5,48.6,EW,5.49,3,E_EXCLUSIVE_GREEN,45.0
3.85,0.8457,0.5336,0,38.0,20.1,28.4,24.0,5.2,4.3,5.0,1.2,1.0,2.5,8.0,6.4,9.5,6.2,3.5,14.4,21.6,NS,1.6,1,N_EXCLUSIVE_GREEN,33.0
4.166666666666667,0.887,0.4617,0,31.2,23.7,23.2,28.0,4.1,2.4,2.7,3.6,1.0,7.6,3.5,10.7,6.5,6.300000000000001,8.6,14.2,19.5,EW,1.44,4,W_EXCLUSIVE_GREEN,40.4
17.966666666666665,-1.0,-0.0087,1,12.6,52.2,19.2,70.2,0.5,2.9,6.8,9.1,1.2,2.4,7.2,12.5,3.4,15.899999999999999,3.5999999999999996,19.7,23.9,EW,4.25,4,W_EXCLUSIVE_GREEN,45.0
19.433333333333334,-0.9304,0.3665,1,12.8,135.7,20.5,100.7,7.0,2.2,15.7,19.1,3.1,3.3,9.9,14.1,9.2,34.8,6.4,24.0,67.2,NS,5.05,2,S_EXCLUSIVE_GREEN,45.0
5.583333333333333,0.9941,0.1089,0,36.5,37.8,36.9,39.9,4.8,5.0,5.5,3.7,4.4,8.9,5.6,3.0,9.8,9.2,13.3,8.6,14.6,EW,1.29,0,BALANCED_PHASE,40.2
15.733333333333333,-0.829,-0.5592,0,20.4,34.8,30.7,31.7,1.1,0.6,1.7,2.9,3.1,5.8,2.7,7.0,1.7000000000000002,4.6,8.9,9.7,9.7,EW,1.03,0,BALANCED_PHASE,31.1
22.9,-0.284,0.9588,0,32.6,38.5,28.1,27.7,0.6,3.9,3.3,9.2,3.2,5.7,7.3,5.2,4.5,12.5,8.9,12.5,16.4,NS,1.75,2,S_EXCLUSIVE_GREEN,38.6
3.7,0.8241,0.5664,0,21.3,20.3,28.8,28.4,0.4,2.7,0.6,3.7,4.9,4.5,6.1,1.0,3.1,4.3,9.4,7.1,9.5,EW,1.14,0,BALANCED_PHASE,29.9
14.1,-0.5225,-0.8526,0,30.5,25.5,29.6,29.0,2.4,8.4,2.0,3.1,2.0,7.9,1.8,3.6,10.8,5.1,9.9,5.4,15.7,EW,1.35,0,BALANCED_PHASE,31.7
4.933333333333334,0.9613,0.2756,0,32.7,26.6,18.3,85.4,1.6,16.1,4.2,9.1,2.1,2.1,11.3,9.3,17.700000000000003,13.3,4.2,20.6,28.6,EW,4.51,4,W_EXCLUSIVE_GREEN,45.0
15.166666666666666,-0.7373,-0.6756,0,24.0,25.8,32.7,26.1,2.8,12.8,3.8,1.6,5.0,4.0,1.1,2.4,15.600000000000001,5.4,9.0,3.5,27.8,EW,1.68,3,E_EXCLUSIVE_GREEN,31.7
18.733333333333334,-0.9816,0.1908,1,19.6,66.2,27.2,62.1,2.0,2.3,4.5,8.1,5.1,4.4,5.4,8.6,4.3,12.6,9.5,14.0,18.1,EW,1.71,4,W_EXCLUSIVE_GREEN,45.0
11.983333333333333,0.0044,-1.0,0,26.6,33.7,22.8,28.5,1.5,2.7,5.1,3.1,1.3,1.6,2.1,5.7,4.2,8.2,2.9000000000000004,7.800000000000001,14.5,NS,1.49,2,S_EXCLUSIVE_GREEN,28.9
18.183333333333334,-0.9988,0.048,1,25.5,53.7,18.2,52.6,3.0,3.9,5.1,2.7,0.7,2.4,10.0,9.0,6.9,7.8,3.0999999999999996,19.0,20.7,NS,1.48,2,S_EXCLUSIVE_GREEN,32.3
14.95,-0.6978,-0.7163,0,19.7,22.8,24.1,51.6,0.1,0.2,6.1,4.8,3.1,3.2,3.4,13.0,0.30000000000000004,10.899999999999999,6.300000000000001,16.4,35.8,EW,2.3,4,W_EXCLUSIVE_GREEN,45.0
21.6,-0.5878,0.809,0,20.7,26.1,131.5,21.8,0.4,9.7,1.4,4.2,13.6,32.2,0.2,3.0,10.1,5.6,45.800000000000004,3.2,99.7,EW,8.94,3,E_EXCLUSIVE_GREEN,45.0
2.9333333333333336,0.6947,0.7193,0,18.7,94.1,19.2,27.9,1.1,2.5,8.2,11.5,4.2,7.1,1.8,12.5,3.6,19.7,11.3,14.3,33.1,NS,4.91,2,S_EXCLUSIVE_GREEN,45.0
4.65,0.9382,0.3461,0,18.9,23.4,17.4,133.4,6.2,1.8,1.0,3.6,1.2,0.8,18.5,18.0,8.0,4.6,2.0,36.5,79.4,EW,10.58,4,W_EXCLUSIVE_GREEN,45.0
4.116666666666666,0.8809,0.4733,0,22.2,25.7,20.5,22.2,1.9,5.2,2.3,1.5,1.4,1.2,9.0,1.9,7.1,3.8,2.5999999999999996,10.9,11.7,NS,1.4,1,N_EXCLUSIVE_GREEN,25.0
21.2,-0.6691,0.7431,0,23.1,39.4,20.2,23.4,3.2,0.5,2.3,8.9,0.4,2.5,3.3,3.6,3.7,11.2,2.9,6.9,19.2,NS,2.16,2,S_EXCLUSIVE_GREEN,36.4
10.3,0.4305,-0.9026,0,24.0,22.0,38.0,30.5,5.4,7.5,1.3,3.3,4.8,3.9,2.6,3.9,12.9,4.6,8.7,6.5,14.9,EW,1.24,0,BALANCED_PHASE,30.7
2.3666666666666667,0.5807,0.8141,0,38.7,24.3,30.2,39.5,6.9,1.7,2.2,6.0,3.6,2.5,1.5,10.3,8.6,8.2,6.1,11.8,15.7,EW,1.56,4,W_EXCLUSIVE_GREEN,37.3
15.016666666666667,-0.7102,-0.704,0,23.2,22.8,23.9,29.8,0.3,1.4,9.7,3.4,0.3,10.0,1.6,1.8,1.7,13.1,10.3,3.4000000000000004,14.0,EW,1.88,3,E_EXCLUSIVE_GREEN,32.4
18.433333333333334,-0.9936,0.1132,1,13.3,62.6,18.1,48.2,2.1,3.1,3.3,11.1,2.5,1.2,3.4,5.9,5.2,14.399999999999999,3.7,9.3,26.3,NS,3.22,2,S_EXCLUSIVE_GREEN,45.0
5.383333333333334,0.987,0.1607,0,22.9,22.8,25.3,31.9,0.6,6.1,2.0,1.7,5.5,4.3,3.8,0.7,6.699999999999999,3.7,9.8,4.5,18.6,EW,1.61,3,E_EXCLUSIVE_GREEN,32.2
6.533333333333333,0.9903,-0.1392,0,72.0,19.5,27.1,20.8,3.4,11.8,0.1,8.0,1.8,4.4,1.2,2.6,15.200000000000001,8.1,6.2,3.8,18.0,NS,2.37,1,N_EXCLUSIVE_GREEN,45.0
15.333333333333334,-0.766,-0.6428,0,24.7,38.5,26.5,28.4,2.5,9.7,6.6,10.8,2.7,4.6,1.2,3.7,12.2,17.4,7.3,4.9,21.7,NS,1.42,2,S_EXCLUSIVE_GREEN,45.0
1.6833333333333333,0.4266,0.9045,0,24.7,20.9,55.9,31.6,4.8,2.2,1.0,0.8,7.1,4.8,2.1,2.7,7.0,1.8,11.899999999999999,4.800000000000001,23.0,EW,1.99,3,E_EXCLUSIVE_GREEN,41.2
8.466666666666667,0.7986,-0.6018,1,65.9,12.2,74.6,18.7,6.0,10.9,1.9,1.3,13.1,6.2,2.4,2.8,16.9,3.2,19.3,5.199999999999999,19.4,EW,3.62,3,E_EXCLUSIVE_GREEN,45.0
13.35,-0.3461,-0.9382,0,21.7,18.0,29.7,50.8,4.0,1.6,3.5,4.6,4.3,5.1,2.8,7.5,5.6,8.1,9.399999999999999,10.3,11.4,EW,1.29,4,W_EXCLUSIVE_GREEN,35.9
21.083333333333332,-0.6915,0.7224,0,52.5,27.5,31.8,21.8,4.1,8.3,2.7,7.8,2.3,3.8,3.0,7.4,12.4,10.5,6.1,10.4,16.9,NS,1.39,1,N_EXCLUSIVE_GREEN,40.9
4.916666666666667,0.96,0.2798,0,32.8,25.7,25.4,36.8,2.1,3.3,2.9,5.0,10.3,8.0,2.0,6.2,5.4,7.9,18.3,8.2,31.3,EW,1.86,3,E_EXCLUSIVE_GREEN,45.0
19.0,-0.9659,0.2588,1,13.7,75.5,12.8,76.3,3.8,2.7,7.7,11.1,0.4,2.4,10.4,10.1,6.5,18.8,2.8,20.5,28.1,NS,3.48,2,S_EXCLUSIVE_GREEN,45.0
23.6,-0.1045,0.9945,0,19.9,19.9,23.5,112.1,0.5,2.4,1.5,2.0,4.9,2.9,14.7,19.8,2.9,3.5,7.800000000000001,34.5,48.6,EW,4.38,4,W_EXCLUSIVE_GREEN,45.0
6.95,0.9692,-0.2462,0,25.9,31.4,39.2,28.3,5.2,3.0,3.4,2.6,3.1,5.8,2.6,5.5,8.2,6.0,8.9,8.1,19.3,EW,1.17,0,BALANCED_PHASE,31.8
12.033333333333333,-0.0087,-1.0,0,33.4,22.7,34.7,32.7,6.5,5.0,3.6,10.7,3.3,7.8,2.7,5.2,11.5,14.299999999999999,11.1,7.9,16.3,EW,1.21,0,BALANCED_PHASE,35.1
8.733333333333333,0.7547,-0.6561,1,83.2,12.9,69.7,15.8,3.3,17.0,0.8,0.4,3.1,15.3,0.3,3.8,20.3,1.2000000000000002,18.400000000000002,4.1,24.2,NS,8.64,1,N_EXCLUSIVE_GREEN,45.0
12.35,-0.0915,-0.9958,0,25.6,19.5,20.0,72.2,2.8,0.9,5.0,3.1,2.0,6.0,11.4,15.1,3.6999999999999997,8.1,8.0,26.5,40.5,EW,3.28,4,W_EXCLUSIVE_GREEN,45.0
13.75,-0.4423,-0.8969,0,30.2,23.9,66.3,21.2,1.6,5.8,1.4,2.4,9.4,9.2,5.4,1.7,7.4,3.8,18.6,7.1000000000000005,27.6,EW,2.69,3,E_EXCLUSIVE_GREEN,45.0
23.266666666666666,-0.1908,0.9816,0,39.8,27.8,28.7,23.4,3.7,4.0,2.2,3.4,3.6,7.2,0.7,3.8,7.7,5.6,10.8,4.5,12.1,NS,1.34,0,BALANCED_PHASE,28.8
15.3,-0.7604,-0.6494,0,17.9,27.9,18.7,69.8,0.2,2.8,8.9,7.3,1.8,1.0,8.8,9.8,3.0,16.2,2.8,18.6,19.1,EW,4.62,4,W_EXCLUSIVE_GREEN,45.0
21.083333333333332,-0.6915,0.7224,0,20.4,31.0,26.1,27.1,0.5,2.3,8.2,1.1,4.1,2.4,3.2,7.9,2.8,9.299999999999999,6.5,11.100000000000001,22.6,EW,1.35,0,BALANCED_PHASE,34.3
10.916666666666666,0.2798,-0.96,0,31.7,22.9,36.0,24.3,3.2,3.3,3.2,1.6,9.6,8.3,2.9,4.4,6.5,4.800000000000001,17.9,7.300000000000001,33.6,EW,1.98,3,E_EXCLUSIVE_GREEN,45.0
3.0166666666666666,0.7102,0.704,0,36.6,21.7,29.5,25.2,4.9,1.4,0.8,2.7,1.0,12.4,3.1,5.3,6.300000000000001,3.5,13.4,8.4,28.9,EW,1.39,0,BALANCED_PHASE,40.0
3.25,0.7518,0.6593,0,19.8,18.1,72.8,30.4,0.5,0.7,1.6,2.0,8.5,23.1,3.5,0.8,1.2,3.6,31.6,4.3,41.0,EW,4.24,3,E_EXCLUSIVE_GREEN,45.0
2.15,0.5336,0.8457,0,22.0,25.0,37.6,32.9,3.4,2.1,1.8,7.3,1.9,1.5,4.4,3.0,5.5,9.1,3.4,7.4,14.7,EW,1.42,3,E_EXCLUSIVE_GREEN,28.0
7.816666666666666,0.889,-0.4579,1,90.2,14.1,53.8,23.8,9.3,23.3,0.8,0.2,1.1,6.6,2.0,1.7,32.6,1.0,7.699999999999999,3.7,54.2,NS,11.73,1,N_EXCLUSIVE_GREEN,45.0
2.9166666666666665,0.6915,0.7224,0,107.4,28.1,27.4,17.5,9.6,13.6,2.7,4.2,1.4,6.0,1.7,2.4,23.2,6.9,7.4,4.1,29.5,NS,3.43,1,N_EXCLUSIVE_GREEN,45.0
23.85,-0.0393,0.9992,0,102.6,19.4,22.5,24.5,10.3,19.9,3.3,2.5,2.1,4.6,4.5,7.6,30.2,5.8,6.699999999999999,12.1,63.9,NS,4.98,1,N_EXCLUSIVE_GREEN,45.0
4.616666666666667,0.9351,0.3543,0,20.4,24.4,24.5,25.6,1.7,2.1,1.5,3.2,2.0,5.2,1.3,2.0,3.8,4.7,7.2,3.3,12.0,EW,1.42,3,E_EXCLUSIVE_GREEN,25.2
14.666666666666666,-0.6428,-0.766,0,22.2,21.0,23.4,30.7,2.3,5.3,1.3,5.9,6.5,3.5,6.6,3.8,7.6,7.2,10.0,10.399999999999999,15.2,EW,1.09,0,BALANCED_PHASE,32.8
21.1,-0.6884,0.7254,0,27.9,26.8,28.9,25.4,4.1,5.2,1.9,1.4,5.0,2.2,8.1,7.4,9.3,3.3,7.2,15.5,28.1,EW,1.67,3,E_EXCLUSIVE_GREEN,44.0
1.75,0.4423,0.8969,0,51.0,18.2,29.3,23.4,6.7,9.8,3.6,4.7,3.1,1.4,2.2,2.9,16.5,8.3,4.5,5.1,19.0,NS,2.15,1,N_EXCLUSIVE_GREEN,45.0
5.083333333333333,0.9713,0.2377,0,22.5,21.7,35.9,20.6,1.6,2.9,0.3,3.5,3.5,8.7,2.0,6.0,4.5,3.8,12.2,8.0,16.7,EW,1.54,3,E_EXCLUSIVE_GREEN,37.5
2.0,0.5,0.866,0,29.4,26.6,35.6,26.0,9.2,4.6,0.8,3.3,2.9,10.0,1.9,0.2,13.799999999999999,4.1,12.9,2.1,19.6,EW,2.56,3,E_EXCLUSIVE_GREEN,39.2
21.233333333333334,-0.6626,0.749,0,55.7,24.1,29.6,28.2,4.6,9.1,1.0,4.7,1.3,3.1,2.4,1.0,13.7,5.7,4.4,3.4,21.0,NS,2.26,1,N_EXCLUSIVE_GREEN,44.5
12.333333333333334,-0.0872,-0.9962,0,31.5,29.8,20.6,34.2,5.2,5.3,3.5,1.1,7.2,10.0,2.4,11.5,10.5,4.6,17.2,13.9,21.3,EW,1.3,0,BALANCED_PHASE,45.0
6.5,0.9914,-0.1305,0,23.8,24.8,22.0,31.5,3.6,2.4,1.2,2.0,1.1,7.8,0.7,2.6,6.0,3.2,8.9,3.3,16.6,EW,1.86,3,E_EXCLUSIVE_GREEN,30.1
22.516666666666666,-0.3786,0.9255,0,26.7,26.6,34.7,38.8,3.0,5.4,2.2,5.4,5.1,9.4,0.5,4.4,8.4,7.6000000000000005,14.5,4.9,31.8,EW,1.81,3,E_EXCLUSIVE_GREEN,44.2
5.5,0.9914,0.1305,0,64.7,29.8,28.3,33.2,10.8,8.7,3.0,6.4,1.4,5.3,5.3,1.2,19.5,9.4,6.699999999999999,6.5,25.2,NS,2.04,1,N_EXCLUSIVE_GREEN,45.0
14.183333333333334,-0.541,-0.841,0,23.7,23.6,25.2,27.3,3.5,2.5,3.0,1.8,0.6,3.1,2.6,3.1,6.0,4.8,3.7,5.7,10.7,EW,1.21,0,BALANCED_PHASE,22.4
2.183333333333333,0.541,0.841,0,36.5,26.6,28.7,25.1,2.5,13.4,1.8,6.6,2.6,4.5,2.2,4.1,15.9,8.4,7.1,6.3,21.4,NS,1.63,1,N_EXCLUSIVE_GREEN,45.0
8.15,0.8457,-0.5336,1,90.3,19.4,56.2,25.2,4.3,13.4,1.3,2.5,5.0,8.6,3.0,5.3,17.7,3.8,13.6,8.3,20.8,NS,4.38,1,N_EXCLUSIVE_GREEN,45.0
17.6,-0.9945,-0.1045,1,20.1,55.6,16.7,46.6,1.1,3.9,5.1,6.8,1.2,6.8,4.5,4.7,5.0,11.899999999999999,8.0,9.2,18.0,NS,2.42,2,S_EXCLUSIVE_GREEN,40.6
6.733333333333333,0.9816,-0.1908,0,99.8,21.8,25.7,20.6,12.5,13.7,0.1,2.7,1.0,0.4,0.6,3.5,26.2,2.8000000000000003,1.4,4.1,31.0,NS,6.03,1,N_EXCLUSIVE_GREEN,45.0
6.183333333333334,0.9988,-0.048,0,34.1,29.4,31.8,21.8,4.2,7.3,4.5,4.4,4.9,4.0,5.9,3.6,11.5,8.9,8.9,9.5,17.7,NS,1.2,0,BALANCED_PHASE,35.9
7.166666666666667,0.9537,-0.3007,1,56.0,13.2,72.0,16.0,12.0,14.0,0.5,0.6,10.6,10.7,7.5,3.9,26.0,1.1,21.299999999999997,11.4,48.4,EW,2.36,3,E_EXCLUSIVE_GREEN,45.0
12.666666666666666,-0.1736,-0.9848,0,29.0,37.9,24.6,38.7,5.6,5.7,0.6,6.1,0.2,3.3,3.4,3.6,11.3,6.699999999999999,3.5,7.0,12.1,NS,1.45,1,N_EXCLUSIVE_GREEN,35.6
9.633333333333333,0.5807,-0.8141,0,20.9,20.1,29.0,22.4,0.2,10.0,1.8,0.9,3.3,5.9,1.7,2.2,10.2,2.7,9.2,3.9000000000000004,10.3,EW,1.69,3,E_EXCLUSIVE_GREEN,29.6
20.3,-0.8241,0.5664,0,22.2,25.0,102.5,18.9,4.2,7.1,1.0,6.1,7.2,17.7,1.2,2.1,11.3,7.1,24.9,3.3,29.5,EW,5.99,3,E_EXCLUSIVE_GREEN,45.0
11.783333333333333,0.0567,-0.9984,0,104.8,23.1,18.0,22.6,12.7,15.6,2.8,2.4,1.7,1.8,2.5,2.6,28.299999999999997,5.199999999999999,3.5,5.1,59.9,NS,4.77,1,N_EXCLUSIVE_GREEN,45.0
20.933333333333334,-0.7193,0.6947,0,21.0,24.4,21.0,23.0,0.4,5.6,2.7,1.9,4.8,1.9,5.7,4.6,6.0,4.6,6.699999999999999,10.3,14.0,EW,1.31,0,BALANCED_PHASE,31.1
8.3,0.8241,-0.5664,1,74.2,13.5,61.4,26.3,6.0,13.9,3.3,3.4,4.7,11.5,4.8,1.6,19.9,6.699999999999999,16.2,6.4,20.7,NS,3.51,1,N_EXCLUSIVE_GREEN,45.0
5.066666666666666,0.9703,0.2419,0,27.4,22.5,20.8,79.7,4.4,1.0,1.4,0.4,0.7,2.8,5.2,10.7,5.4,1.7999999999999998,3.5,15.899999999999999,20.3,EW,3.9,4,W_EXCLUSIVE_GREEN,45.0
11.95,0.0131,-0.9999,0,35.2,28.1,35.1,38.2,5.2,6.8,2.3,4.5,1.6,6.4,1.9,8.1,12.0,6.8,8.0,10.0,22.1,EW,1.14,0,BALANCED_PHASE,34.1
19.8,-0.891,0.454,0,26.7,36.6,36.2,27.4,1.8,6.0,6.5,8.1,2.1,4.8,2.0,8.3,7.8,14.6,6.9,10.3,17.7,NS,1.61,2,S_EXCLUSIVE_GREEN,42.6
2.716666666666667,0.6528,0.7576,0,29.5,26.3,27.8,31.3,3.3,5.5,6.8,2.4,5.0,13.9,2.0,7.5,8.8,9.2,18.9,9.5,20.2,EW,1.62,3,E_EXCLUSIVE_GREEN,45.0
22.466666666666665,-0.3907,0.9205,0,80.0,23.6,20.7,31.2,7.7,15.1,1.5,2.4,2.2,3.4,1.2,6.1,22.8,3.9,5.6,7.3,45.4,NS,4.26,1,N_EXCLUSIVE_GREEN,45.0
10.616666666666667,0.3543,-0.9351,0,34.4,32.7,27.0,36.3,3.3,4.2,9.6,7.5,1.4,2.1,4.3,5.7,7.5,17.1,3.5,10.0,25.5,NS,1.65,1,N_EXCLUSIVE_GREEN,45.0
11.733333333333333,0.0698,-0.9976,0,21.2,26.3,20.8,32.7,2.9,3.1,3.1,4.0,0.5,1.3,5.0,5.3,6.0,7.1,1.8,10.3,12.0,EW,2.61,4,W_EXCLUSIVE_GREEN,32.7
21.066666666666666,-0.6947,0.7193,0,20.5,35.4,28.2,33.4,1.5,2.8,4.7,19.4,1.0,2.3,1.5,3.9,4.3,24.099999999999998,3.3,5.4,45.8,NS,3.5,2,S_EXCLUSIVE_GREEN,45.0
23.883333333333333,-0.0305,0.9995,0,17.2,17.9,65.4,17.6,2.6,2.7,1.0,2.3,7.8,6.9,0.4,1.7,5.300000000000001,3.3,14.7,2.1,19.4,EW,4.54,3,E_EXCLUSIVE_GREEN,45.0
23.85,-0.0393,0.9992,0,35.3,27.5,24.8,23.2,4.1,6.1,3.5,1.3,1.7,2.6,2.4,4.4,10.2,4.8,4.3,6.800000000000001,11.3,NS,1.6,1,N_EXCLUSIVE_GREEN,32.9
15.316666666666666,-0.7632,-0.6461,0,24.6,20.6,27.7,34.4,1.4,4.6,2.0,3.8,2.2,4.4,2.9,8.1,6.0,5.8,6.6000000000000005,11.0,16.8,EW,1.41,4,W_EXCLUSIVE_GREEN,34.9
10.566666666666666,0.3665,-0.9304,0,27.2,22.4,28.5,21.4,4.5,14.2,1.9,2.2,3.8,2.3,7.7,1.5,18.7,4.1,6.1,9.2,36.8,NS,2.66,1,N_EXCLUSIVE_GREEN,45.0
6.233333333333333,0.9981,-0.061,0,25.5,22.7,21.2,27.8,2.4,3.1,1.3,3.1,0.7,3.8,2.2,3.0,5.5,4.4,4.5,5.2,8.0,EW,1.16,0,BALANCED_PHASE,21.2
1.7333333333333334,0.4384,0.8988,0,18.3,20.1,25.3,55.4,0.2,4.7,5.2,7.2,2.4,3.5,4.8,12.5,4.9,12.4,5.9,17.3,23.9,EW,2.47,4,W_EXCLUSIVE_GREEN,45.0
14.333333333333334,-0.5736,-0.8192,0,26.5,21.1,23.6,21.6,6.1,2.2,2.0,1.2,2.6,1.9,0.9,6.2,8.3,3.2,4.5,7.1000000000000005,12.8,NS,1.72,1,N_EXCLUSIVE_GREEN,27.7
12.483333333333333,-0.1262,-0.992,0,24.6,23.3,29.2,26.3,1.5,3.2,4.3,1.7,3.7,2.8,2.4,6.6,4.7,6.0,6.5,9.0,19.7,EW,1.21,0,BALANCED_PHASE,30.2
14.466666666666667,-0.6018,-0.7986,0,22.5,18.6,18.0,149.9,0.4,4.1,2.9,3.5,3.0,1.6,19.1,29.9,4.5,6.4,4.6,49.0,63.9,EW,9.09,4,W_EXCLUSIVE_GREEN,45.0
13.016666666666667,-0.263,-0.9648,0,25.7,20.2,23.9,28.0,0.3,1.7,0.5,0.2,1.9,8.1,5.3,11.0,2.0,0.7,10.0,16.3,31.7,EW,1.43,4,W_EXCLUSIVE_GREEN,45.0
10.4,0.4067,-0.9135,0,20.2,22.8,35.6,34.5,1.0,2.8,1.7,5.3,4.8,7.3,3.1,3.7,3.8,7.0,12.1,6.800000000000001,26.2,EW,1.35,0,BALANCED_PHASE,38.2
20.15,-0.8457,0.5336,0,73.1,22.3,20.9,17.8,10.2,9.3,5.5,1.1,1.2,2.9,5.7,4.1,19.5,6.6,4.1,9.8,19.8,NS,2.95,1,N_EXCLUSIVE_GREEN,45.0
13.833333333333334,-0.4617,-0.887,0,22.3,28.7,28.7,31.5,0.9,3.3,6.3,3.4,1.3,7.0,2.7,2.5,4.2,9.7,8.3,5.2,13.6,EW,1.28,0,BALANCED_PHASE,28.6
5.15,0.9753,0.2207,0,32.9,26.2,24.2,23.0,1.8,1.1,2.7,5.1,0.3,2.0,4.2,5.1,2.9000000000000004,7.8,2.3,9.3,9.3,NS,1.67,1,N_EXCLUSIVE_GREEN,27.5
5.216666666666667,0.979,0.2036,0,30.6,21.9,17.8,79.4,4.9,5.8,1.3,4.5,0.5,5.6,7.3,14.4,10.7,5.8,6.1,21.7,27.4,EW,3.7,4,W_EXCLUSIVE_GREEN,45.0
15.15,-0.7343,-0.6788,0,17.3,57.4,24.1,22.8,0.3,2.9,5.9,12.6,2.5,3.6,2.4,1.9,3.1999999999999997,18.5,6.1,4.3,38.4,NS,4.19,2,S_EXCLUSIVE_GREEN,45.0
0.5166666666666667,0.1349,0.9909,0,18.0,23.8,142.5,18.3,0.1,3.4,0.7,2.3,16.9,33.2,2.0,0.6,3.5,3.0,50.1,2.6,77.0,EW,11.62,3,E_EXCLUSIVE_GREEN,45.0
17.283333333333335,-0.9825,-0.1865,1,15.1,74.7,13.0,56.6,1.7,2.3,7.4,16.0,1.2,0.6,6.4,10.1,4.0,23.4,1.7999999999999998,16.5,48.9,NS,5.09,2,S_EXCLUSIVE_GREEN,45.0
7.2,0.9511,-0.309,1,111.5,23.8,49.9,13.8,15.5,11.2,1.6,1.0,3.6,9.7,1.4,0.3,26.7,2.6,13.299999999999999,1.7,56.4,NS,6.23,1,N_EXCLUSIVE_GREEN,45.0
15.633333333333333,-0.8141,-0.5807,0,36.5,24.3,22.2,35.7,5.5,4.5,3.3,2.4,6.0,4.0,2.1,7.5,10.0,5.699999999999999,10.0,9.6,20.2,EW,1.18,0,BALANCED_PHASE,33.4
13.45,-0.3706,-0.9288,0,25.9,31.1,25.6,32.3,3.8,12.4,3.3,5.7,2.5,3.8,1.8,7.5,16.2,9.0,6.3,9.3,22.7,NS,1.53,1,N_EXCLUSIVE_GREEN,45.0
5.516666666666667,0.992,0.1262,0,20.7,37.4,21.3,30.1,0.8,2.7,6.2,11.3,1.7,1.9,3.4,10.3,3.5,17.5,3.5999999999999996,13.700000000000001,18.2,NS,3.07,2,S_EXCLUSIVE_GREEN,45.0
1.3666666666666667,0.3502,0.9367,0,21.3,21.6,20.8,23.4,0.8,1.6,1.3,4.7,0.3,3.9,3.7,6.5,2.4000000000000004,6.0,4.2,10.2,16.0,EW,1.68,4,W_EXCLUSIVE_GREEN,31.2
2.3333333333333335,0.5736,0.8192,0,21.2,39.1,33.6,38.0,0.9,5.5,2.9,5.1,2.1,7.0,4.5,4.9,6.4,8.0,9.1,9.4,15.4,EW,1.04,0,BALANCED_PHASE,32.2
19.3,-0.9426,0.3338,1,17.9,56.2,15.1,56.8,2.7,3.0,7.4,9.3,0.8,1.2,8.3,9.3,5.7,16.700000000000003,2.0,17.6,22.8,NS,2.86,2,S_EXCLUSIVE_GREEN,45.0
4.25,0.8969,0.4423,0,20.8,28.1,32.4,37.0,1.6,5.6,6.3,1.6,3.3,10.7,0.8,7.9,7.199999999999999,7.9,14.0,8.700000000000001,29.0,EW,1.36,0,BALANCED_PHASE,42.6
15.85,-0.8457,-0.5336,0,18.1,30.5,23.9,74.2,0.4,2.8,2.8,2.3,0.3,7.2,6.4,14.6,3.1999999999999997,5.1,7.5,21.0,22.2,EW,2.8,4,W_EXCLUSIVE_GREEN,45.0
0.31666666666666665,0.0828,0.9966,0,20.3,21.5,35.8,38.4,3.2,3.1,1.8,6.8,0.7,3.9,11.9,4.0,6.300000000000001,8.6,4.6,15.9,34.7,EW,1.92,4,W_EXCLUSIVE_GREEN,45.0
10.666666666666666,0.342,-0.9397,0,25.7,24.0,25.6,127.2,6.9,5.5,5.8,2.3,2.8,11.2,11.1,22.8,12.4,8.1,14.0,33.9,45.3,EW,3.02,4,W_EXCLUSIVE_GREEN,45.0
19.116666666666667,-0.9576,0.2882,1,22.6,110.7,15.4,79.9,2.2,3.1,10.9,21.2,0.4,1.3,15.0,9.8,5.300000000000001,32.1,1.7000000000000002,24.8,66.0,NS,5.25,2,S_EXCLUSIVE_GREEN,45.0
19.133333333333333,-0.9563,0.2924,1,12.7,94.7,13.0,49.4,0.5,1.1,13.0,14.5,0.6,2.2,7.5,8.2,1.6,27.5,2.8000000000000003,15.7,54.2,NS,10.01,2,S_EXCLUSIVE_GREEN,45.0
16.3,-0.9026,-0.4305,0,23.3,29.2,128.9,24.2,2.8,4.2,8.5,8.1,14.9,27.6,5.7,3.4,7.0,16.6,42.5,9.1,92.1,EW,4.73,3,E_EXCLUSIVE_GREEN,45.0
22.916666666666668,-0.2798,0.96,0,22.6,28.6,18.2,124.0,2.8,4.5,3.4,5.6,4.1,1.2,16.9,17.4,7.3,9.0,5.3,34.3,38.5,EW,6.26,4,W_EXCLUSIVE_GREEN,45.0
2.0166666666666666,0.5038,0.8638,0,26.2,31.3,20.1,28.2,1.4,3.9,5.2,5.5,4.3,9.3,10.3,5.4,5.3,10.7,13.600000000000001,15.700000000000001,34.5,EW,1.18,0,BALANCED_PHASE,44.9
13.25,-0.3214,-0.9469,0,18.6,19.7,84.6,28.8,2.3,1.4,3.3,2.2,2.5,20.0,0.8,6.0,3.6999999999999997,5.5,22.5,6.8,35.6,EW,3.02,3,E_EXCLUSIVE_GREEN,45.0
22.233333333333334,-0.4462,0.8949,0,27.3,26.0,29.8,21.1,2.6,1.9,3.8,3.5,2.1,6.2,10.1,5.2,4.5,7.3,8.3,15.3,17.5,EW,1.63,3,E_EXCLUSIVE_GREEN,42.7
10.666666666666666,0.342,-0.9397,0,26.8,22.2,37.4,21.1,6.0,3.2,0.5,0.8,2.1,4.0,4.1,2.2,9.2,1.3,6.1,6.3,11.5,EW,1.27,0,BALANCED_PHASE,25.5
15.833333333333334,-0.8434,-0.5373,0,31.3,17.3,88.6,18.2,1.4,8.2,1.6,1.8,7.8,22.1,0.5,0.7,9.6,3.4000000000000004,29.900000000000002,1.2,38.9,EW,8.91,3,E_EXCLUSIVE_GREEN,45.0
18.833333333333332,-0.9763,0.2164,1,14.9,105.2,20.6,48.0,2.0,5.3,9.5,23.8,0.9,3.4,3.3,3.3,7.3,33.3,4.3,6.6,36.3,NS,5.04,2,S_EXCLUSIVE_GREEN,45.0
10.733333333333333,0.3256,-0.9455,0,20.0,50.3,23.3,20.0,1.0,0.6,2.6,4.6,1.3,3.8,3.7,3.4,1.6,7.199999999999999,5.1,7.1,10.7,NS,2.83,2,S_EXCLUSIVE_GREEN,29.5
10.833333333333334,0.3007,-0.9537,0,22.2,38.6,27.2,28.4,1.5,3.3,5.3,3.8,4.7,2.1,5.5,2.4,4.8,9.1,6.800000000000001,7.9,11.1,NS,1.73,2,S_EXCLUSIVE_GREEN,31.3
7.75,0.8969,-0.4423,1,131.2,26.1,67.1,17.1,10.4,20.5,0.9,1.4,5.8,15.8,0.7,1.3,30.9,2.3,21.6,2.0,46.0,NS,7.13,1,N_EXCLUSIVE_GREEN,45.0
18.65,-0.9856,0.1693,1,13.2,51.3,26.5,52.9,1.4,3.3,2.5,7.5,2.5,2.7,4.5,9.5,4.699999999999999,10.0,5.2,14.0,30.7,EW,2.24,4,W_EXCLUSIVE_GREEN,45.0
7.866666666666667,0.8829,-0.4695,1,99.4,25.2,81.4,25.6,18.9,11.9,6.0,4.2,10.0,20.4,5.2,3.4,30.799999999999997,10.2,30.4,8.6,67.3,NS,3.22,1,N_EXCLUSIVE_GREEN,45.0
7.516666666666667,0.9222,-0.3867,1,117.3,18.5,97.1,15.9,10.5,21.7,5.1,4.8,21.2,14.2,0.1,2.5,32.2,9.899999999999999,35.4,2.6,68.1,NS,3.95,1,N_EXCLUSIVE_GREEN,45.0
18.5,-0.9914,0.1305,1,13.2,54.4,12.0,77.1,0.2,0.5,5.1,15.3,0.7,10.1,1.7,16.3,0.7,20.4,10.799999999999999,18.0,33.0,EW,2.44,4,W_EXCLUSIVE_GREEN,45.0
0.3333333333333333,0.0872,0.9962,0,20.3,39.4,23.7,38.8,1.5,4.1,2.9,4.4,1.3,2.1,5.9,5.8,5.6,7.300000000000001,3.4000000000000004,11.7,25.0,EW,2.26,4,W_EXCLUSIVE_GREEN,37.9
3.4,0.7771,0.6293,0,21.3,20.8,38.2,21.9,0.9,3.4,3.0,0.3,4.5,9.1,4.0,2.7,4.3,3.3,13.6,6.7,18.7,EW,1.83,3,E_EXCLUSIVE_GREEN,40.9
19.333333333333332,-0.9397,0.342,1,15.3,66.6,13.1,57.6,0.3,2.2,1.7,10.3,0.3,2.5,5.7,8.4,2.5,12.0,2.8,14.100000000000001,26.5,NS,4.17,2,S_EXCLUSIVE_GREEN,43.6
2.55,0.6191,0.7853,0,21.9,26.3,25.6,38.3,1.5,7.2,2.1,4.5,4.4,6.1,5.2,6.9,8.7,6.6,10.5,12.100000000000001,17.6,EW,1.23,0,BALANCED_PHASE,37.8
19.95,-0.8725,0.4886,0,25.8,21.0,21.6,25.0,2.7,2.3,5.3,4.9,4.6,3.0,2.4,3.1,5.0,10.2,7.6,5.5,21.6,NS,1.58,1,N_EXCLUSIVE_GREEN,32.2
23.283333333333335,-0.1865,0.9825,0,31.2,30.9,21.5,51.9,2.2,2.9,7.8,2.8,3.6,2.1,7.2,10.0,5.1,10.6,5.7,17.2,28.8,EW,2.63,4,W_EXCLUSIVE_GREEN,45.0
6.833333333333333,0.9763,-0.2164,0,31.0,28.4,21.8,25.2,9.2,5.1,1.8,6.6,0.8,1.6,1.7,4.3,14.299999999999999,8.4,2.4000000000000004,6.0,27.3,NS,1.41,1,N_EXCLUSIVE_GREEN,41.9
22.15,-0.4656,0.885,0,147.3,23.6,19.8,18.9,13.3,17.9,1.0,5.0,1.2,4.3,2.4,2.1,31.2,6.0,5.5,4.5,47.2,NS,5.4,1,N_EXCLUSIVE_GREEN,45.0
15.25,-0.7518,-0.6593,0,90.4,29.3,17.8,27.4,14.7,12.5,2.9,5.4,1.3,1.8,2.5,4.2,27.2,8.3,3.1,6.7,40.1,NS,3.09,1,N_EXCLUSIVE_GREEN,45.0
10.366666666666667,0.4147,-0.91,0,34.1,29.2,31.3,26.5,7.1,9.7,1.5,2.3,1.9,2.3,3.1,8.0,16.799999999999997,3.8,4.199999999999999,11.1,33.9,NS,2.33,1,N_EXCLUSIVE_GREEN,45.0
15.583333333333334,-0.8064,-0.5913,0,18.6,27.3,54.6,18.7,1.3,1.0,1.1,3.4,7.5,8.6,1.8,0.8,2.3,4.5,16.1,2.6,23.4,EW,3.95,3,E_EXCLUSIVE_GREEN,45.0
10.516666666666667,0.3786,-0.9255,0,23.9,23.1,23.2,37.0,1.4,4.9,5.7,2.5,5.2,3.7,2.4,10.3,6.300000000000001,8.2,8.9,12.700000000000001,24.2,EW,1.43,4,W_EXCLUSIVE_GREEN,39.5
19.933333333333334,-0.8746,0.4848,0,20.4,28.3,27.7,23.9,2.8,6.4,10.0,5.5,2.4,6.9,6.3,5.6,9.2,15.5,9.3,11.899999999999999,28.7,NS,1.54,2,S_EXCLUSIVE_GREEN,44.0
20.2,-0.8387,0.5446,0,31.2,39.2,24.9,34.9,0.4,5.9,3.3,6.9,1.1,2.9,1.1,6.0,6.300000000000001,10.2,4.0,7.1,18.7,NS,1.38,0,BALANCED_PHASE,34.3
19.633333333333333,-0.91,0.4147,0,111.2,18.9,32.9,31.7,11.6,15.4,1.5,3.3,3.2,9.1,2.0,10.5,27.0,4.8,12.3,12.5,48.7,NS,5.42,1,N_EXCLUSIVE_GREEN,45.0
23.933333333333334,-0.0175,0.9998,0,23.2,27.3,59.7,22.7,2.8,2.3,7.0,4.0,6.9,9.8,2.0,5.6,5.1,11.0,16.700000000000003,7.6,23.6,EW,2.27,3,E_EXCLUSIVE_GREEN,45.0
7.833333333333333,0.887,-0.4617,1,127.7,17.1,109.0,25.9,13.4,22.7,1.9,1.3,14.1,22.6,2.7,1.9,36.1,3.2,36.7,4.6,76.1,NS,8.66,1,N_EXCLUSIVE_GREEN,45.0
12.45,-0.1175,-0.9931,0,23.6,35.9,27.5,28.5,6.7,4.7,0.9,5.0,3.4,5.6,5.2,3.1,11.4,5.9,9.0,8.3,15.3,NS,1.67,1,N_EXCLUSIVE_GREEN,35.8
0.31666666666666665,0.0828,0.9966,0,32.9,63.2,20.0,19.2,1.3,8.5,3.1,5.0,0.6,3.3,0.3,1.8,9.8,8.1,3.9,2.1,15.9,NS,1.48,1,N_EXCLUSIVE_GREEN,37.6
9.016666666666667,0.704,-0.7102,1,60.8,15.5,72.0,18.6,5.3,10.6,0.3,0.7,5.4,10.6,0.2,3.1,15.899999999999999,1.0,16.0,3.3000000000000003,23.0,EW,4.04,3,E_EXCLUSIVE_GREEN,45.0
0.6833333333333333,0.1779,0.984,0,34.3,33.3,21.3,25.6,2.2,6.0,3.2,2.8,3.8,4.4,1.1,4.3,8.2,6.0,8.2,5.4,16.8,NS,1.14,0,BALANCED_PHASE,29.3
13.083333333333334,-0.2798,-0.96,0,27.8,68.0,19.7,17.2,1.8,3.9,8.2,6.0,0.1,5.3,1.0,5.6,5.7,14.2,5.3999999999999995,6.6,29.8,NS,2.36,2,S_EXCLUSIVE_GREEN,45.0
14.666666666666666,-0.6428,-0.766,0,20.7,50.6,22.1,30.9,1.9,8.6,10.2,6.3,2.8,6.3,1.2,5.9,10.5,16.5,9.1,7.1000000000000005,30.8,NS,1.76,2,S_EXCLUSIVE_GREEN,45.0
19.466666666666665,-0.9272,0.3746,1,14.0,57.4,16.1,62.3,0.0,0.7,6.7,8.6,2.0,1.3,5.4,11.8,0.7,15.3,3.3,17.200000000000003,19.4,EW,4.23,4,W_EXCLUSIVE_GREEN,45.0
10.1,0.4772,-0.8788,0,31.3,20.4,25.8,20.7,1.5,7.5,1.1,1.8,3.7,3.6,5.9,2.8,9.0,2.9000000000000004,7.300000000000001,8.7,15.2,NS,2.04,1,N_EXCLUSIVE_GREEN,30.1
14.283333333333333,-0.5628,-0.8266,0,29.7,22.7,20.3,82.2,1.1,2.3,2.1,1.2,1.4,7.7,9.8,10.0,3.4,3.3,9.1,19.8,34.0,EW,2.65,4,W_EXCLUSIVE_GREEN,45.0
9.166666666666666,0.6756,-0.7373,1,83.8,12.7,107.5,17.6,13.4,15.3,0.2,1.7,9.0,19.4,1.6,3.1,28.700000000000003,1.9,28.4,4.7,45.7,EW,5.72,3,E_EXCLUSIVE_GREEN,45.0
18.133333333333333,-0.9994,0.0349,1,22.8,100.4,19.6,49.3,2.8,8.5,7.3,17.6,2.9,2.4,8.8,15.6,11.3,24.900000000000002,5.3,24.4,52.2,NS,2.75,2,S_EXCLUSIVE_GREEN,45.0
10.016666666666667,0.4962,-0.8682,0,21.5,28.5,117.8,19.3,0.4,2.2,3.4,2.8,10.4,15.0,4.1,2.4,2.6,6.199999999999999,25.4,6.5,41.6,EW,4.51,3,E_EXCLUSIVE_GREEN,45.0
17.5,-0.9914,-0.1305,1,13.7,95.5,21.1,49.4,0.4,1.2,12.4,13.3,3.0,1.1,12.2,11.9,1.6,25.700000000000003,4.1,24.1,34.0,NS,9.27,2,S_EXCLUSIVE_GREEN,45.0
11.15,0.2207,-0.9753,0,24.4,20.6,20.3,50.3,4.0,1.8,2.2,0.9,2.3,2.7,5.0,11.5,5.8,3.1,5.0,16.5,21.8,EW,2.77,4,W_EXCLUSIVE_GREEN,45.0
17.016666666666666,-0.967,-0.2546,1,25.5,58.1,12.8,83.2,4.2,9.4,11.7,6.1,1.0,3.1,18.9,14.3,13.600000000000001,17.799999999999997,4.1,33.2,66.0,EW,6.96,4,W_EXCLUSIVE_GREEN,45.0
20.45,-0.8013,0.5983,0,34.9,30.6,29.2,27.8,2.9,3.6,9.7,2.4,1.5,4.4,5.4,6.2,6.5,12.1,5.9,11.600000000000001,21.4,NS,1.46,1,N_EXCLUSIVE_GREEN,37.6
12.183333333333334,-0.048,-0.9988,0,142.4,23.8,26.1,32.3,13.8,25.2,2.3,2.9,2.1,0.6,6.9,10.3,39.0,5.199999999999999,2.7,17.200000000000003,85.4,NS,6.45,1,N_EXCLUSIVE_GREEN,45.0
20.3,-0.8241,0.5664,0,94.6,25.8,24.8,18.0,18.5,15.5,2.5,4.1,1.1,1.5,2.1,1.9,34.0,6.6,2.6,4.0,35.0,NS,4.31,1,N_EXCLUSIVE_GREEN,45.0
16.05,-0.8725,-0.4886,0,25.8,21.7,21.8,25.5,4.1,4.5,5.8,4.2,1.2,1.1,1.4,8.9,8.6,10.0,2.3,10.3,21.1,NS,1.13,0,BALANCED_PHASE,31.7
22.133333333333333,-0.4695,0.8829,0,39.2,22.7,24.9,20.4,3.2,8.4,1.4,6.6,2.5,3.3,1.9,2.6,11.600000000000001,8.0,5.8,4.5,15.4,NS,1.49,1,N_EXCLUSIVE_GREEN,36.8
2.1333333333333333,0.5299,0.848,0,25.4,109.4,27.2,30.2,4.4,2.8,15.3,14.4,4.5,2.4,3.2,3.4,7.2,29.700000000000003,6.9,6.6,63.3,NS,4.03,2,S_EXCLUSIVE_GREEN,45.0
22.25,-0.4423,0.8969,0,17.6,18.5,99.0,20.1,1.0,4.8,5.3,1.6,12.7,16.1,0.4,3.1,5.8,6.9,28.8,3.5,43.2,EW,6.05,3,E_EXCLUSIVE_GREEN,45.0
11.35,0.1693,-0.9856,0,21.8,19.3,90.8,17.2,6.5,15.6,0.8,0.3,9.6,21.3,1.5,1.9,22.1,1.1,30.9,3.4,64.5,EW,6.69,3,E_EXCLUSIVE_GREEN,45.0
2.5166666666666666,0.6122,0.7907,0,20.5,22.7,24.1,34.1,2.4,3.0,1.5,5.4,2.9,5.5,4.4,7.6,5.4,6.9,8.4,12.0,16.6,EW,1.37,0,BALANCED_PHASE,36.8
1.55,0.3947,0.9188,0,35.2,20.8,33.8,23.3,8.3,4.4,3.6,3.6,2.0,3.4,1.9,4.7,12.700000000000001,7.2,5.4,6.6,12.7,NS,1.66,1,N_EXCLUSIVE_GREEN,38.0
12.733333333333333,-0.1908,-0.9816,0,116.9,17.7,21.4,28.8,3.0,22.1,1.0,1.0,1.0,3.9,4.5,4.9,25.1,2.0,4.9,9.4,32.8,NS,8.04,1,N_EXCLUSIVE_GREEN,45.0
6.466666666666667,0.9925,-0.1219,0,27.6,17.7,61.5,26.3,2.1,9.9,1.3,3.5,9.1,20.9,1.2,3.9,12.0,4.8,30.0,5.1,55.2,EW,3.89,3,E_EXCLUSIVE_GREEN,45.0
7.25,0.9469,-0.3214,1,56.2,13.8,72.1,16.2,12.7,7.4,1.3,0.3,12.4,17.2,0.7,2.5,20.1,1.6,29.6,3.2,53.6,EW,6.35,3,E_EXCLUSIVE_GREEN,45.0
1.6833333333333333,0.4266,0.9045,0,29.5,24.9,24.0,27.5,3.7,4.5,1.0,1.4,3.2,6.0,3.2,5.0,8.2,2.4,9.2,8.2,15.1,EW,1.09,0,BALANCED_PHASE,29.9
0.05,0.0131,0.9999,0,31.3,25.6,20.6,31.2,3.4,2.7,4.0,6.9,2.3,8.5,2.0,10.5,6.1,10.9,10.8,12.5,19.2,EW,1.21,0,BALANCED_PHASE,37.5
22.233333333333334,-0.4462,0.8949,0,24.7,35.2,27.7,23.0,0.2,1.3,7.9,6.0,1.4,5.7,6.2,2.6,1.5,13.9,7.1,8.8,17.6,NS,3.02,2,S_EXCLUSIVE_GREEN,40.9
1.2333333333333334,0.3173,0.9483,0,21.2,26.5,20.2,21.2,2.4,3.1,3.2,10.3,2.3,4.4,0.3,4.3,5.5,13.5,6.7,4.6,25.2,NS,1.84,2,S_EXCLUSIVE_GREEN,39.3
4.916666666666667,0.96,0.2798,0,32.7,20.3,52.0,24.2,1.6,7.1,2.4,1.5,8.6,6.8,1.1,0.9,8.7,3.9,15.399999999999999,2.0,33.2,EW,3.52,3,E_EXCLUSIVE_GREEN,45.0
10.4,0.4067,-0.9135,0,20.2,26.3,38.3,36.4,1.1,1.1,3.2,5.0,6.3,4.9,2.5,5.7,2.2,8.2,11.2,8.2,23.6,EW,1.18,0,BALANCED_PHASE,36.7
21.416666666666668,-0.6259,0.7799,0,20.0,32.2,86.9,23.8,2.3,5.8,1.5,4.4,7.4,29.5,3.1,9.7,8.1,5.9,36.9,12.799999999999999,44.6,EW,3.01,3,E_EXCLUSIVE_GREEN,45.0
15.016666666666667,-0.7102,-0.704,0,20.7,22.5,39.0,28.5,2.3,1.4,1.8,2.7,3.4,3.2,1.2,2.2,3.6999999999999997,4.5,6.6,3.4000000000000004,10.2,EW,1.5,3,E_EXCLUSIVE_GREEN,26.2
22.433333333333334,-0.3987,0.9171,0,28.4,28.9,34.4,20.8,3.3,2.2,1.2,3.1,5.1,13.1,1.3,4.1,5.5,4.3,18.2,5.3999999999999995,23.8,EW,2.49,3,E_EXCLUSIVE_GREEN,45.0
1.2,0.309,0.9511,0,23.2,23.2,32.4,26.3,2.2,2.6,2.0,3.7,2.0,8.0,1.9,6.2,4.800000000000001,5.7,10.0,8.1,19.7,EW,1.19,0,BALANCED_PHASE,32.8
6.233333333333333,0.9981,-0.061,0,36.5,24.0,21.6,30.6,3.1,5.6,9.6,6.6,1.0,1.0,1.3,4.8,8.7,16.2,2.0,6.1,33.2,NS,1.68,1,N_EXCLUSIVE_GREEN,45.0
0.36666666666666664,0.0958,0.9954,0,34.4,24.2,22.2,37.0,1.0,6.3,4.4,2.6,2.8,2.2,5.4,3.4,7.3,7.0,5.0,8.8,11.1,EW,1.63,4,W_EXCLUSIVE_GREEN,30.4
18.933333333333334,-0.9703,0.2419,1,13.0,126.1,14.0,64.9,0.5,2.1,8.3,19.2,1.8,3.9,9.1,7.9,2.6,27.5,5.7,17.0,59.6,NS,9.26,2,S_EXCLUSIVE_GREEN,45.0
11.533333333333333,0.1219,-0.9925,0,28.0,20.8,37.1,22.4,6.8,8.3,2.1,3.9,4.4,6.1,1.9,11.2,15.100000000000001,6.0,10.5,13.1,29.1,EW,1.33,0,BALANCED_PHASE,40.8
5.416666666666667,0.9884,0.1521,0,71.4,18.1,26.7,24.0,10.3,9.4,3.7,1.1,0.8,5.5,2.3,5.1,19.700000000000003,4.800000000000001,6.3,7.3999999999999995,43.3,NS,3.81,1,N_EXCLUSIVE_GREEN,45.0
20.783333333333335,-0.7461,0.6659,0,27.9,28.1,23.9,28.6,1.8,3.1,2.2,5.3,2.2,11.1,3.6,4.5,4.9,7.5,13.3,8.1,13.5,EW,1.42,3,E_EXCLUSIVE_GREEN,38.1
8.583333333333334,0.7799,-0.6259,1,77.4,22.2,73.2,18.4,5.0,5.8,0.4,4.8,5.1,4.9,9.0,9.2,10.8,5.2,10.0,18.2,35.2,EW,2.32,3,E_EXCLUSIVE_GREEN,45.0
11.533333333333333,0.1219,-0.9925,0,27.7,52.4,31.0,21.9,4.1,7.0,7.1,3.7,1.2,2.7,0.2,2.8,11.1,10.8,3.9000000000000004,3.0,24.3,NS,1.28,1,N_EXCLUSIVE_GREEN,39.1
19.266666666666666,-0.9455,0.3256,1,18.8,112.3,22.6,74.1,4.3,2.8,13.8,19.0,4.6,3.4,9.4,16.4,7.1,32.8,8.0,25.799999999999997,51.4,NS,4.86,2,S_EXCLUSIVE_GREEN,45.0
10.2,0.454,-0.891,0,19.7,29.8,57.5,18.9,1.5,1.9,3.0,4.8,7.0,13.5,5.2,0.8,3.4,7.8,20.5,6.0,25.0,EW,3.11,3,E_EXCLUSIVE_GREEN,45.0
12.116666666666667,-0.0305,-0.9995,0,36.3,23.6,28.1,22.8,6.2,5.7,2.7,2.0,1.0,3.1,0.7,2.3,11.9,4.7,4.1,3.0,18.1,NS,1.93,1,N_EXCLUSIVE_GREEN,37.1
14.016666666666667,-0.5038,-0.8638,0,22.9,25.0,27.2,36.2,1.8,4.0,2.4,3.7,4.2,4.3,0.8,16.2,5.8,6.1,8.5,17.0,28.0,EW,1.68,4,W_EXCLUSIVE_GREEN,45.0
20.7,-0.7604,0.6494,0,21.1,21.5,33.4,26.3,4.2,1.2,3.5,0.9,2.2,3.6,2.2,8.0,5.4,4.4,5.800000000000001,10.2,11.7,EW,1.46,3,E_EXCLUSIVE_GREEN,32.6
12.216666666666667,-0.0567,-0.9984,0,130.8,20.9,21.6,24.4,15.8,12.3,0.5,1.6,0.7,7.4,0.8,8.3,28.1,2.1,8.1,9.100000000000001,60.6,NS,8.01,1,N_EXCLUSIVE_GREEN,45.0
12.85,-0.2207,-0.9753,0,21.9,110.8,17.8,22.9,0.5,6.4,11.5,17.6,4.3,3.6,2.4,8.1,6.9,29.1,7.9,10.5,53.1,NS,4.35,2,S_EXCLUSIVE_GREEN,45.0
6.8,0.9781,-0.2079,0,34.6,26.9,32.1,20.2,10.8,3.6,3.6,7.2,4.2,7.4,0.2,4.3,14.4,10.8,11.600000000000001,4.5,22.2,NS,1.28,0,BALANCED_PHASE,42.3
23.316666666666666,-0.1779,0.984,0,23.6,24.1,33.3,39.9,0.5,5.1,2.9,5.7,3.0,8.9,1.5,6.7,5.6,8.6,11.9,8.2,12.7,EW,1.29,0,BALANCED_PHASE,37.3
21.216666666666665,-0.6659,0.7461,0,21.9,31.0,20.2,23.1,2.8,1.2,3.0,6.6,2.5,4.3,1.6,6.3,4.0,9.6,6.8,7.9,10.9,NS,1.78,2,S_EXCLUSIVE_GREEN,30.9
9.383333333333333,0.6327,-0.7744,1,57.6,16.1,62.7,15.2,3.5,9.3,5.9,2.6,9.7,14.1,5.2,2.1,12.8,8.5,23.799999999999997,7.300000000000001,27.4,EW,3.35,3,E_EXCLUSIVE_GREEN,45.0
14.05,-0.5113,-0.8594,0,20.3,30.6,27.8,21.3,1.3,2.6,1.4,0.6,1.1,5.2,0.3,3.9,3.9000000000000004,2.0,6.300000000000001,4.2,9.5,EW,1.32,0,BALANCED_PHASE,23.6
7.6,0.9135,-0.4067,1,72.1,14.2,51.7,21.5,6.2,11.4,0.6,2.6,4.1,7.3,5.1,1.8,17.6,3.2,11.399999999999999,6.8999999999999995,17.9,NS,4.9,1,N_EXCLUSIVE_GREEN,45.0
8.216666666666667,0.8363,-0.5483,1,57.4,20.7,119.0,12.5,2.0,6.6,1.6,3.1,10.1,17.9,1.2,0.9,8.6,4.7,28.0,2.1,48.8,EW,10.17,3,E_EXCLUSIVE_GREEN,45.0
16.016666666666666,-0.8682,-0.4962,0,22.2,76.8,29.7,19.0,2.3,4.4,7.3,9.8,1.8,1.7,2.9,5.5,6.7,17.1,3.5,8.4,31.3,NS,2.79,2,S_EXCLUSIVE_GREEN,45.0
5.916666666666667,0.9998,0.0218,0,22.1,18.0,31.4,60.0,0.9,4.9,1.9,2.4,2.5,5.7,8.0,9.4,5.800000000000001,4.3,8.2,17.4,17.5,EW,1.96,4,W_EXCLUSIVE_GREEN,45.0
23.4,-0.1564,0.9877,0,25.5,37.7,39.5,28.2,4.1,7.2,13.2,6.8,6.2,7.1,3.9,5.7,11.3,20.0,13.3,9.6,33.3,NS,1.63,2,S_EXCLUSIVE_GREEN,45.0
14.416666666666666,-0.5913,-0.8064,0,31.5,31.9,27.6,34.3,1.9,6.0,2.1,2.9,0.4,3.8,0.5,4.2,7.9,5.0,4.2,4.7,11.0,NS,1.21,0,BALANCED_PHASE,27.6
5.966666666666667,1.0,0.0087,0,22.5,32.5,22.1,33.9,3.5,2.6,4.6,2.1,3.8,1.1,4.2,1.8,6.1,6.699999999999999,4.9,6.0,11.8,NS,1.19,0,BALANCED_PHASE,25.4
17.633333333333333,-0.9954,-0.0958,1,25.5,99.9,25.1,71.0,0.5,2.6,7.4,12.2,1.9,6.1,5.5,11.1,3.1,19.6,8.0,16.6,38.9,NS,4.55,2,S_EXCLUSIVE_GREEN,45.0
9.833333333333334,0.5373,-0.8434,0,25.3,20.0,29.9,21.3,3.4,2.9,0.2,3.2,3.4,1.8,0.9,1.5,6.3,3.4000000000000004,5.2,2.4,12.1,EW,1.56,3,E_EXCLUSIVE_GREEN,22.0
7.066666666666666,0.9613,-0.2756,1,63.2,15.1,52.7,20.5,3.7,12.5,0.8,1.2,6.9,7.0,1.3,2.0,16.2,2.0,13.9,3.3,30.3,NS,5.24,1,N_EXCLUSIVE_GREEN,45.0
19.1,-0.9588,0.284,1,12.8,92.3,12.8,56.2,0.8,1.9,4.5,25.5,0.4,2.3,7.4,10.5,2.7,30.0,2.6999999999999997,17.9,53.5,NS,8.43,2,S_EXCLUSIVE_GREEN,45.0
0.9,0.2334,0.9724,0,69.9,21.4,31.4,26.3,5.3,8.4,1.8,3.4,1.5,3.9,2.2,4.7,13.7,5.2,5.4,6.9,27.5,NS,2.77,1,N_EXCLUSIVE_GREEN,45.0
0.2833333333333333,0.0741,0.9973,0,25.8,36.8,37.1,35.0,2.1,6.2,8.2,3.2,4.3,10.0,3.1,1.8,8.3,11.399999999999999,14.3,4.9,28.8,EW,1.75,3,E_EXCLUSIVE_GREEN,43.2
9.466666666666667,0.6157,-0.788,1,95.9,21.3,81.5,13.9,3.6,14.4,0.4,4.2,4.8,9.5,0.6,2.1,18.0,4.6000000000000005,14.3,2.7,29.0,NS,3.98,1,N_EXCLUSIVE_GREEN,45.0
12.766666666666667,-0.1994,-0.9799,0,25.2,22.6,32.5,25.8,2.4,2.1,0.1,1.3,4.3,4.5,3.2,1.4,4.5,1.4000000000000001,8.8,4.6,11.6,EW,1.49,3,E_EXCLUSIVE_GREEN,29.6
5.1,0.9724,0.2334,0,19.8,61.8,17.3,22.7,2.7,4.4,9.1,11.0,1.6,0.2,0.8,2.8,7.1000000000000005,20.1,1.8,3.5999999999999996,25.0,NS,2.81,2,S_EXCLUSIVE_GREEN,45.0
20.2,-0.8387,0.5446,0,34.9,26.9,35.8,30.6,2.6,9.3,12.3,2.2,2.8,8.9,1.7,10.2,11.9,14.5,11.7,11.899999999999999,19.8,EW,1.04,0,BALANCED_PHASE,37.2
23.933333333333334,-0.0175,0.9998,0,22.8,30.0,50.2,25.2,5.4,6.3,3.5,1.8,3.4,10.9,1.4,5.3,11.7,5.3,14.3,6.699999999999999,24.6,EW,1.99,3,E_EXCLUSIVE_GREEN,45.0
13.683333333333334,-0.4266,-0.9045,0,67.2,18.8,28.4,21.2,11.0,11.0,1.4,4.0,1.7,4.3,1.6,4.0,22.0,5.4,6.0,5.6,40.0,NS,3.67,1,N_EXCLUSIVE_GREEN,45.0
3.3166666666666664,0.7632,0.6461,0,19.3,23.3,23.8,71.5,0.5,5.5,2.0,6.5,1.1,8.5,3.8,16.8,6.0,8.5,9.6,20.6,32.2,EW,2.35,4,W_EXCLUSIVE_GREEN,45.0
6.116666666666666,0.9995,-0.0305,0,25.2,22.5,37.4,25.0,1.9,7.5,0.7,4.6,2.2,4.6,3.8,3.3,9.4,5.3,6.8,7.1,15.5,EW,1.18,0,BALANCED_PHASE,27.5
23.716666666666665,-0.0741,0.9973,0,20.6,35.6,20.1,33.3,2.1,1.5,4.2,5.9,1.3,4.3,3.2,2.8,3.6,10.100000000000001,5.6,6.0,17.8,NS,2.1,2,S_EXCLUSIVE_GREEN,33.4
15.183333333333334,-0.7402,-0.6724,0,135.8,21.4,30.4,20.3,20.8,31.9,4.1,0.3,1.5,7.0,1.0,4.4,52.7,4.3999999999999995,8.5,5.4,86.8,NS,8.7,1,N_EXCLUSIVE_GREEN,45.0
23.25,-0.1951,0.9808,0,21.6,24.0,32.2,20.9,2.5,3.7,0.9,1.4,7.2,3.2,3.0,9.0,6.2,2.3,10.4,12.0,23.3,EW,1.22,0,BALANCED_PHASE,37.1
18.733333333333334,-0.9816,0.1908,1,19.8,84.6,12.1,117.6,2.9,2.8,8.6,9.9,3.8,1.3,14.8,24.0,5.699999999999999,18.5,5.1,38.8,85.2,EW,7.76,4,W_EXCLUSIVE_GREEN,45.0
17.283333333333335,-0.9825,-0.1865,1,18.9,104.1,23.7,92.7,2.1,6.3,3.2,20.2,4.5,4.1,8.1,14.8,8.4,23.4,8.6,22.9,47.8,NS,3.49,2,S_EXCLUSIVE_GREEN,45.0
8.016666666666667,0.8638,-0.5038,1,102.3,12.1,104.1,12.7,11.8,12.4,0.1,4.7,11.1,12.7,2.9,0.7,24.200000000000003,4.8,23.799999999999997,3.5999999999999996,25.9,EW,6.72,3,E_EXCLUSIVE_GREEN,45.0
22.6,-0.3584,0.9336,0,28.3,26.7,25.4,24.4,8.0,3.9,0.3,3.1,1.1,3.6,0.5,5.3,11.9,3.4,4.7,5.8,18.6,NS,1.9,1,N_EXCLUSIVE_GREEN,35.7
23.733333333333334,-0.0698,0.9976,0,82.3,20.9,22.0,25.4,7.4,11.8,6.9,1.2,1.3,6.3,2.2,1.9,19.200000000000003,8.1,7.6,4.1,20.7,NS,2.79,1,N_EXCLUSIVE_GREEN,45.0
12.716666666666667,-0.1865,-0.9825,0,50.5,19.0,20.5,31.7,9.4,7.4,2.7,3.2,3.5,3.6,3.8,9.6,16.8,5.9,7.1,13.399999999999999,35.4,NS,2.64,1,N_EXCLUSIVE_GREEN,45.0
15.45,-0.7853,-0.6191,0,33.8,37.4,20.6,29.0,4.6,9.8,5.7,10.6,1.9,5.0,2.7,3.1,14.4,16.3,6.9,5.800000000000001,23.0,NS,1.1,0,BALANCED_PHASE,45.0
13.183333333333334,-0.3049,-0.9524,0,33.4,28.7,34.8,31.4,2.8,2.8,2.0,5.0,2.9,3.4,2.6,5.0,5.6,7.0,6.3,7.6,14.4,EW,1.11,0,BALANCED_PHASE,27.9
18.95,-0.9692,0.2462,1,13.1,131.4,14.9,62.9,4.3,1.3,17.3,16.9,1.2,3.7,10.0,12.4,5.6,34.2,4.9,22.4,39.3,NS,6.94,2,S_EXCLUSIVE_GREEN,45.0
1.7,0.4305,0.9026,0,20.7,23.1,56.9,31.6,0.5,3.4,10.0,4.1,13.4,12.4,8.4,10.4,3.9,14.1,25.8,18.8,31.8,EW,1.45,3,E_EXCLUSIVE_GREEN,45.0
22.3,-0.4305,0.9026,0,34.0,37.3,29.4,22.8,1.0,7.2,2.5,5.9,2.4,7.2,1.5,4.3,8.2,8.4,9.6,5.8,12.0,NS,1.02,0,BALANCED_PHASE,29.7
6.85,0.9753,-0.2207,0,28.6,18.8,134.0,21.3,4.1,4.6,0.7,3.4,14.0,17.1,2.8,1.4,8.7,4.1,31.1,4.199999999999999,67.7,EW,6.46,3,E_EXCLUSIVE_GREEN,45.0
6.25,0.9979,-0.0654,0,27.0,20.9,26.1,22.2,1.5,1.3,6.5,0.7,2.3,0.5,2.1,4.4,2.8,7.2,2.8,6.5,8.1,NS,1.68,1,N_EXCLUSIVE_GREEN,25.1
0.6833333333333333,0.1779,0.984,0,17.7,19.0,24.1,50.9,2.6,8.9,2.5,1.1,0.6,7.8,6.4,7.8,11.5,3.6,8.4,14.2,28.1,EW,1.78,4,W_EXCLUSIVE_GREEN,45.0
17.733333333333334,-0.9976,-0.0698,1,16.9,96.1,12.6,86.1,0.3,2.6,8.8,23.0,0.1,1.5,24.0,20.4,2.9,31.8,1.6,44.4,63.7,NS,7.53,2,S_EXCLUSIVE_GREEN,45.0
15.833333333333334,-0.8434,-0.5373,0,62.5,30.9,24.8,29.0,8.0,12.2,3.4,6.0,6.2,2.1,1.7,1.4,20.2,9.4,8.3,3.0999999999999996,23.7,NS,2.03,1,N_EXCLUSIVE_GREEN,45.0
9.383333333333333,0.6327,-0.7744,1,123.3,17.0,107.6,13.7,5.9,20.3,0.5,1.8,6.8,19.2,1.3,8.3,26.200000000000003,2.3,26.0,9.600000000000001,39.3,NS,8.21,1,N_EXCLUSIVE_GREEN,45.0
2.6333333333333333,0.6361,0.7716,0,25.6,20.7,30.7,56.8,2.7,3.4,2.2,5.2,3.3,5.8,5.6,9.0,6.1,7.4,9.1,14.6,23.1,EW,1.65,4,W_EXCLUSIVE_GREEN,45.0
17.166666666666668,-0.9763,-0.2164,1,16.3,79.1,16.9,73.7,0.6,0.8,6.4,13.3,1.7,1.2,4.8,13.9,1.4,19.700000000000003,2.9,18.7,24.6,NS,6.89,2,S_EXCLUSIVE_GREEN,45.0
11.7,0.0785,-0.9969,0,26.4,25.1,26.4,21.6,3.5,4.1,7.1,4.5,0.3,1.4,1.7,8.4,7.6,11.6,1.7,10.1,21.1,NS,1.29,0,BALANCED_PHASE,35.1
23.583333333333332,-0.1089,0.9941,0,30.7,24.6,26.9,21.4,2.1,1.7,0.6,1.0,7.1,4.8,0.8,10.2,3.8,1.6,11.899999999999999,11.0,18.5,EW,1.1,0,BALANCED_PHASE,35.5
10.783333333333333,0.3132,-0.9497,0,24.2,29.5,24.6,26.7,2.9,2.6,4.5,5.7,6.4,1.6,2.1,6.7,5.5,10.2,8.0,8.8,14.2,NS,1.49,2,S_EXCLUSIVE_GREEN,32.1
13.183333333333334,-0.3049,-0.9524,0,20.1,25.5,37.3,34.1,11.6,0.3,0.8,2.9,4.8,3.7,2.4,4.7,11.9,3.7,8.5,7.1,14.1,EW,1.11,0,BALANCED_PHASE,30.1
11.483333333333333,0.1349,-0.9909,0,29.3,21.1,32.5,25.3,2.7,5.1,1.1,3.3,0.2,2.9,5.1,1.7,7.8,4.4,3.1,6.8,9.8,EW,1.54,3,E_EXCLUSIVE_GREEN,25.4
9.15,0.6788,-0.7343,1,101.1,20.5,67.1,16.5,18.2,10.6,1.7,0.5,6.7,22.6,0.3,1.6,28.799999999999997,2.2,29.3,1.9000000000000001,30.8,NS,7.22,1,N_EXCLUSIVE_GREEN,45.0
21.8,-0.5446,0.8387,0,28.7,39.4,29.5,22.5,1.9,8.1,8.3,1.5,4.1,10.5,3.1,3.0,10.0,9.8,14.6,6.1,18.6,NS,1.11,0,BALANCED_PHASE,33.9
21.566666666666666,-0.5948,0.8039,0,34.7,21.3,23.6,24.3,8.5,7.0,0.5,2.3,1.5,3.6,1.3,4.8,15.5,2.8,5.1,6.1,17.0,NS,2.97,1,N_EXCLUSIVE_GREEN,43.9
13.083333333333334,-0.2798,-0.96,0,39.6,32.7,23.0,27.0,2.9,4.4,1.6,3.4,3.8,6.7,1.8,3.7,7.300000000000001,5.0,10.5,5.5,15.0,NS,1.26,0,BALANCED_PHASE,28.2
4.35,0.9081,0.4187,0,21.7,20.2,20.4,24.1,0.3,1.2,1.7,3.1,0.7,1.0,2.8,2.5,1.5,4.8,1.7,5.3,7.4,EW,1.61,4,W_EXCLUSIVE_GREEN,20.7
20.483333333333334,-0.796,0.6053,0,31.9,23.4,22.6,30.5,3.7,6.9,3.6,2.2,9.9,5.9,2.7,5.0,10.600000000000001,5.800000000000001,15.8,7.7,20.4,EW,1.72,3,E_EXCLUSIVE_GREEN,44.1
17.916666666666668,-0.9998,-0.0218,1,13.7,122.5,19.0,65.6,1.2,1.6,12.2,25.5,2.4,1.7,7.8,8.9,2.8,37.7,4.1,16.7,57.3,NS,10.31,2,S_EXCLUSIVE_GREEN,45.0
21.166666666666668,-0.6756,0.7373,0,21.5,26.0,35.3,22.8,1.4,1.7,3.2,5.2,7.0,10.5,0.1,2.5,3.0999999999999996,8.4,17.5,2.6,28.2,EW,3.21,3,E_EXCLUSIVE_GREEN,45.0
10.533333333333333,0.3746,-0.9272,0,34.3,22.9,22.6,31.0,2.2,5.7,3.6,0.6,4.5,1.6,2.4,6.8,7.9,4.2,6.1,9.2,17.3,NS,1.59,1,N_EXCLUSIVE_GREEN,28.7
20.15,-0.8457,0.5336,0,27.1,20.9,39.2,20.4,2.8,6.0,3.0,2.3,4.6,4.1,2.0,8.0,8.8,5.3,8.7,10.0,18.2,EW,1.34,0,BALANCED_PHASE,33.9
17.666666666666668,-0.9962,-0.0872,1,18.8,83.1,19.6,50.6,1.2,7.1,10.8,7.9,4.5,5.2,5.8,5.1,8.299999999999999,18.700000000000003,9.7,10.899999999999999,35.7,NS,2.81,2,S_EXCLUSIVE_GREEN,45.0
23.166666666666668,-0.2164,0.9763,0,29.6,33.1,24.4,20.4,4.2,4.0,2.5,6.0,1.8,1.0,4.2,2.2,8.2,8.5,2.8,6.4,12.5,NS,1.03,0,BALANCED_PHASE,29.2
18.133333333333333,-0.9994,0.0349,1,22.4,110.8,14.1,50.3,1.9,4.9,16.7,10.8,3.8,4.0,3.9,4.9,6.800000000000001,27.5,7.8,8.8,39.8,NS,4.21,2,S_EXCLUSIVE_GREEN,45.0
6.866666666666667,0.9744,-0.225,0,32.9,37.8,25.6,20.3,3.7,2.4,2.9,4.5,2.1,6.2,0.8,2.0,6.1,7.4,8.3,2.8,14.1,NS,1.13,0,BALANCED_PHASE,28.0
2.8666666666666667,0.682,0.7314,0,35.5,27.9,30.6,22.8,4.9,4.1,2.1,5.0,1.7,5.6,1.0,4.6,9.0,7.1,7.3,5.6,14.8,NS,1.22,0,BALANCED_PHASE,30.9
3.533333333333333,0.7986,0.6018,0,22.6,21.7,36.5,22.8,1.7,4.1,2.8,1.6,3.2,5.5,0.4,11.1,5.8,4.4,8.7,11.5,13.6,EW,1.37,0,BALANCED_PHASE,35.9
16.1,-0.8788,-0.4772,0,36.8,20.3,20.8,31.9,8.6,7.1,2.2,3.4,0.5,3.8,2.3,6.2,15.7,5.6,4.3,8.5,31.0,NS,2.27,1,N_EXCLUSIVE_GREEN,45.0
8.983333333333333,0.7102,-0.704,1,107.4,14.0,86.1,13.5,7.6,18.3,0.7,1.2,11.8,15.1,1.3,3.2,25.9,1.9,26.9,4.5,45.9,NS,9.11,1,N_EXCLUSIVE_GREEN,45.0
17.7,-0.9969,-0.0785,1,24.3,73.6,25.4,113.9,3.8,6.4,6.9,7.1,2.6,3.6,9.2,24.1,10.2,14.0,6.2,33.3,55.9,EW,4.76,4,W_EXCLUSIVE_GREEN,45.0
5.783333333333333,0.9984,0.0567,0,18.3,28.3,61.6,18.9,0.1,2.6,2.1,6.2,6.6,3.7,2.5,3.7,2.7,8.3,10.3,6.2,22.2,EW,2.16,3,E_EXCLUSIVE_GREEN,38.9
15.116666666666667,-0.7284,-0.6852,0,21.7,18.1,98.7,22.0,1.1,3.8,2.6,3.9,16.7,17.4,0.9,2.1,4.9,6.5,34.099999999999994,3.0,61.6,EW,6.81,3,E_EXCLUSIVE_GREEN,45.0
17.983333333333334,-1.0,-0.0044,1,18.8,87.3,22.1,47.1,0.9,1.1,14.6,13.1,2.2,1.5,11.3,8.6,2.0,27.7,3.7,19.9,59.6,NS,7.22,2,S_EXCLUSIVE_GREEN,45.0
12.55,-0.1435,-0.9897,0,22.0,29.7,26.4,22.4,1.0,2.4,1.1,1.8,2.2,2.6,2.8,2.6,3.4,2.9000000000000004,4.800000000000001,5.4,10.6,EW,1.09,0,BALANCED_PHASE,21.6
12.233333333333333,-0.061,-0.9981,0,33.3,24.0,26.3,23.0,6.0,5.1,2.1,3.2,3.5,4.0,1.4,4.7,11.1,5.300000000000001,7.5,6.1,23.7,NS,1.68,1,N_EXCLUSIVE_GREEN,35.6
23.433333333333334,-0.1478,0.989,0,21.1,36.4,30.4,32.9,3.7,1.3,2.4,9.0,3.9,3.1,2.8,6.0,5.0,11.4,7.0,8.8,24.6,EW,1.13,0,BALANCED_PHASE,31.0
3.2333333333333334,0.749,0.6626,0,27.5,22.8,25.5,20.2,1.6,3.8,3.4,9.8,1.4,4.0,0.6,1.1,5.4,13.200000000000001,5.4,1.7000000000000002,22.3,NS,1.79,1,N_EXCLUSIVE_GREEN,38.6
14.15,-0.5336,-0.8457,0,20.0,38.4,22.8,31.8,2.6,5.6,2.4,4.2,2.9,4.1,2.0,9.4,8.2,6.6,7.0,11.4,17.1,NS,1.43,1,N_EXCLUSIVE_GREEN,30.0
6.75,0.9808,-0.1951,0,76.7,18.3,20.9,31.7,4.1,11.9,3.2,3.6,1.9,3.2,8.6,6.4,16.0,6.800000000000001,5.1,15.0,33.5,NS,2.86,1,N_EXCLUSIVE_GREEN,45.0
15.15,-0.7343,-0.6788,0,20.3,27.4,27.6,25.5,4.0,3.6,8.1,5.9,1.3,3.8,2.3,3.7,7.6,14.0,5.1,6.0,26.5,NS,1.6,2,S_EXCLUSIVE_GREEN,40.6
22.316666666666666,-0.4266,0.9045,0,26.0,18.1,24.3,123.5,5.6,7.9,3.7,7.2,0.6,3.0,11.3,22.8,13.5,10.9,3.6,34.1,45.4,EW,6.56,4,W_EXCLUSIVE_GREEN,45.0
9.866666666666667,0.5299,-0.848,0,87.8,22.9,21.1,24.9,9.1,19.1,4.0,1.8,4.1,2.9,0.5,4.1,28.200000000000003,5.8,7.0,4.6,51.6,NS,4.2,1,N_EXCLUSIVE_GREEN,45.0
6.016666666666667,1.0,-0.0044,0,27.1,17.8,50.2,18.2,0.5,7.5,3.0,3.1,7.5,5.3,1.4,1.8,8.0,6.1,12.8,3.2,27.8,EW,3.11,3,E_EXCLUSIVE_GREEN,42.4
3.216666666666667,0.7461,0.6659,0,77.8,21.4,17.6,19.5,7.4,20.4,1.3,3.2,0.6,2.6,2.0,6.9,27.799999999999997,4.5,3.2,8.9,60.3,NS,4.67,1,N_EXCLUSIVE_GREEN,45.0
2.2666666666666666,0.5592,0.829,0,22.9,25.4,22.0,31.8,2.6,2.3,3.4,4.1,0.2,2.1,4.7,3.3,4.9,7.5,2.3000000000000003,8.0,10.4,EW,1.99,4,W_EXCLUSIVE_GREEN,27.8
3.45,0.7853,0.6191,0,26.3,23.4,38.8,31.7,2.4,4.8,0.6,3.7,4.4,4.0,4.4,2.3,7.199999999999999,4.3,8.4,6.7,17.6,EW,1.19,0,BALANCED_PHASE,30.5
21.416666666666668,-0.6259,0.7799,0,23.1,30.8,51.1,28.7,2.6,3.5,1.7,1.7,6.5,13.4,5.6,4.9,6.1,3.4,19.9,10.5,27.4,EW,1.8,3,E_EXCLUSIVE_GREEN,45.0
10.4,0.4067,-0.9135,0,21.9,21.9,72.3,17.8,1.3,11.8,2.6,1.6,7.2,7.0,2.5,2.1,13.100000000000001,4.2,14.2,4.6,28.2,EW,3.31,3,E_EXCLUSIVE_GREEN,45.0
13.65,-0.4187,-0.9081,0,21.0,23.5,24.7,22.4,0.8,2.5,4.9,12.4,1.2,3.3,3.4,5.2,3.3,17.3,4.5,8.6,19.7,NS,2.75,2,S_EXCLUSIVE_GREEN,45.0
15.666666666666666,-0.8192,-0.5736,0,20.4,32.5,20.8,28.5,3.3,4.9,1.3,6.1,3.3,2.4,2.9,5.5,8.2,7.3999999999999995,5.699999999999999,8.4,11.0,NS,1.23,0,BALANCED_PHASE,28.4
1.7166666666666668,0.4344,0.9007,0,23.1,37.7,29.3,31.3,0.9,2.8,2.9,9.9,2.9,4.5,2.2,4.2,3.6999999999999997,12.8,7.4,6.4,14.5,NS,2.31,2,S_EXCLUSIVE_GREEN,38.8
1.5166666666666666,0.3867,0.9222,0,69.7,18.7,18.1,25.9,12.0,5.9,1.5,3.2,0.9,2.2,3.0,0.6,17.9,4.7,3.1,3.6,25.7,NS,3.56,1,N_EXCLUSIVE_GREEN,45.0
8.733333333333333,0.7547,-0.6561,1,51.4,19.6,49.1,21.9,2.7,10.0,4.8,1.4,7.3,6.6,2.0,5.6,12.7,6.199999999999999,13.899999999999999,7.6,30.6,EW,1.9,3,E_EXCLUSIVE_GREEN,44.7
15.916666666666666,-0.8549,-0.5188,0,27.3,28.8,39.8,25.5,7.3,3.8,3.5,6.1,5.6,10.0,2.5,5.8,11.1,9.6,15.6,8.3,27.2,EW,1.7,3,E_EXCLUSIVE_GREEN,45.0
17.816666666666666,-0.9988,-0.048,1,20.8,55.2,17.1,80.1,2.1,4.0,4.3,14.0,0.6,1.4,10.4,15.5,6.1,18.3,2.0,25.9,53.1,EW,7.09,4,W_EXCLUSIVE_GREEN,45.0
3.45,0.7853,0.6191,0,31.7,21.5,27.2,37.8,1.9,5.6,6.6,7.1,1.2,5.3,3.3,6.6,7.5,13.7,6.5,9.899999999999999,27.3,EW,1.4,4,W_EXCLUSIVE_GREEN,34.3
19.933333333333334,-0.8746,0.4848,0,23.4,25.0,23.5,51.0,0.3,2.7,2.8,2.2,0.9,4.9,6.9,10.7,3.0,5.0,5.800000000000001,17.6,32.9,EW,2.53,4,W_EXCLUSIVE_GREEN,45.0
0.4,0.1045,0.9945,0,21.1,26.2,21.4,72.7,0.8,6.6,0.7,2.0,1.7,4.2,4.3,11.4,7.3999999999999995,2.7,5.9,15.7,26.8,EW,2.83,4,W_EXCLUSIVE_GREEN,45.0
2.5,0.6088,0.7934,0,68.0,18.5,25.4,26.0,3.3,5.4,1.1,1.4,0.2,2.3,1.9,2.2,8.7,2.5,2.5,4.1,10.0,NS,3.33,1,N_EXCLUSIVE_GREEN,35.6
2.25,0.5556,0.8315,0,30.4,24.1,20.4,20.2,3.8,6.6,1.6,3.5,7.5,6.1,3.4,2.8,10.399999999999999,5.1,13.6,6.199999999999999,26.6,NS,1.58,1,N_EXCLUSIVE_GREEN,33.9
22.666666666666668,-0.342,0.9397,0,35.3,22.1,38.6,35.0,2.4,5.0,0.9,3.8,4.4,5.3,1.0,10.6,7.4,4.7,9.7,11.6,14.1,EW,1.12,0,BALANCED_PHASE,36.6
14.4,-0.5878,-0.809,0,24.4,34.0,25.9,23.9,2.6,7.6,2.5,4.9,4.0,5.4,3.7,3.5,10.2,7.4,9.4,7.2,19.7,NS,1.33,0,BALANCED_PHASE,33.5
7.633333333333333,0.91,-0.4147,1,107.3,19.0,65.8,13.3,10.7,22.4,2.0,4.4,7.6,7.6,1.3,0.5,33.099999999999994,6.4,15.2,1.8,62.7,NS,5.1,1,N_EXCLUSIVE_GREEN,45.0
15.033333333333333,-0.7133,-0.7009,0,24.8,17.3,18.8,55.9,3.2,5.5,1.4,6.8,0.8,4.5,21.7,7.4,8.7,8.2,5.3,29.1,36.5,EW,4.21,4,W_EXCLUSIVE_GREEN,45.0
6.65,0.9856,-0.1693,0,28.0,24.4,35.0,28.7,6.4,4.8,2.7,5.1,4.6,6.3,2.3,7.4,11.2,7.8,10.899999999999999,9.7,15.6,EW,1.12,0,BALANCED_PHASE,34.7
0.7166666666666667,0.1865,0.9825,0,122.6,22.5,31.0,18.7,10.8,13.8,1.5,0.8,3.1,6.1,4.2,0.6,24.6,2.3,9.2,4.8,41.0,NS,6.73,1,N_EXCLUSIVE_GREEN,45.0
16.466666666666665,-0.9205,-0.3907,0,18.0,106.7,29.9,18.7,1.4,3.5,20.2,10.0,2.1,6.9,2.2,1.8,4.9,30.2,9.0,4.0,54.8,NS,5.73,2,S_EXCLUSIVE_GREEN,45.0
14.283333333333333,-0.5628,-0.8266,0,30.3,21.7,29.4,29.5,2.6,6.7,1.9,8.1,5.8,5.9,1.2,6.5,9.3,10.0,11.7,7.7,15.7,EW,1.25,0,BALANCED_PHASE,35.3
12.85,-0.2207,-0.9753,0,38.3,30.5,22.6,27.0,3.3,8.9,2.9,1.4,2.2,1.6,1.8,6.2,12.2,4.3,3.8000000000000003,8.0,13.6,NS,1.82,1,N_EXCLUSIVE_GREEN,37.7
20.766666666666666,-0.749,0.6626,0,68.1,21.9,18.6,22.6,5.8,11.1,2.8,1.5,0.5,2.1,9.5,9.2,16.9,4.3,2.6,18.7,32.1,NS,3.33,1,N_EXCLUSIVE_GREEN,45.0
22.55,-0.3706,0.9288,0,20.3,20.1,26.4,31.7,0.9,4.1,1.0,2.2,0.4,8.7,0.6,3.9,5.0,3.2,9.1,4.5,16.2,EW,1.5,3,E_EXCLUSIVE_GREEN,30.5
14.3,-0.5664,-0.8241,0,26.7,21.5,25.0,27.2,10.3,3.0,1.4,3.3,3.2,3.1,4.7,12.4,13.3,4.699999999999999,6.300000000000001,17.1,19.8,EW,1.91,4,W_EXCLUSIVE_GREEN,45.0
1.3,0.3338,0.9426,0,21.2,20.8,39.5,23.8,7.2,5.2,5.9,3.9,5.4,3.4,2.7,3.6,12.4,9.8,8.8,6.300000000000001,22.4,EW,1.44,3,E_EXCLUSIVE_GREEN,31.9
13.116666666666667,-0.2882,-0.9576,0,23.6,33.5,35.4,22.5,1.6,0.8,2.7,4.7,6.0,7.6,2.1,8.4,2.4000000000000004,7.4,13.6,10.5,21.7,EW,1.33,0,BALANCED_PHASE,40.7
2.2,0.5446,0.8387,0,20.1,38.1,35.9,31.4,3.3,3.2,10.6,7.1,2.9,8.5,5.3,2.6,6.5,17.7,11.4,7.9,31.8,EW,1.27,0,BALANCED_PHASE,37.4
7.0,0.9659,-0.2588,1,60.9,18.1,65.7,15.4,2.3,12.4,2.8,2.8,7.5,9.2,1.9,5.4,14.7,5.6,16.7,7.300000000000001,34.8,EW,2.74,3,E_EXCLUSIVE_GREEN,45.0
12.816666666666666,-0.2122,-0.9772,0,27.6,33.9,33.7,39.2,3.3,8.0,6.4,3.1,9.9,2.9,1.9,12.9,11.3,9.5,12.8,14.8,24.2,EW,1.13,0,BALANCED_PHASE,44.1
20.95,-0.7163,0.6978,0,19.6,20.0,32.8,103.3,1.2,4.3,4.5,9.5,1.3,2.7,5.8,24.4,5.5,14.0,4.0,30.2,41.3,EW,4.6,4,W_EXCLUSIVE_GREEN,45.0
1.3166666666666667,0.3379,0.9412,0,17.2,18.0,75.9,24.7,1.4,6.1,0.6,0.6,7.3,8.3,3.9,1.9,7.5,1.2,15.600000000000001,5.8,16.5,EW,2.74,3,E_EXCLUSIVE_GREEN,45.0
21.616666666666667,-0.5842,0.8116,0,27.2,28.4,34.4,20.7,2.5,5.4,1.6,7.3,9.8,3.0,1.1,3.4,7.9,8.9,12.8,4.5,16.3,EW,2.15,3,E_EXCLUSIVE_GREEN,38.4
7.75,0.8969,-0.4423,1,110.6,20.4,68.0,14.5,10.1,25.9,1.7,5.7,3.3,7.5,3.4,3.1,36.0,7.4,10.8,6.5,52.7,NS,4.86,1,N_EXCLUSIVE_GREEN,45.0
14.85,-0.6788,-0.7343,0,24.8,24.5,21.4,26.3,3.7,4.1,7.1,2.5,2.1,1.4,1.3,5.5,7.8,9.6,3.5,6.8,16.2,NS,1.1,0,BALANCED_PHASE,30.3
3.1,0.7254,0.6884,0,18.2,51.8,17.7,22.4,4.3,2.5,3.6,6.0,5.8,0.4,7.1,8.5,6.8,9.6,6.2,15.6,26.9,NS,1.83,2,S_EXCLUSIVE_GREEN,36.2
23.633333333333333,-0.0958,0.9954,0,32.9,20.2,28.9,31.6,0.8,6.3,3.8,0.2,1.5,3.6,5.8,2.0,7.1,4.0,5.1,7.8,8.6,EW,1.24,0,BALANCED_PHASE,27.1
14.516666666666667,-0.6122,-0.7907,0,29.1,23.4,20.2,79.0,2.3,6.4,4.9,5.3,1.2,1.8,14.1,14.5,8.7,10.2,3.0,28.6,57.6,EW,5.88,4,W_EXCLUSIVE_GREEN,45.0
0.75,0.1951,0.9808,0,34.8,21.0,23.8,20.1,1.5,2.8,2.8,3.7,2.0,3.4,1.9,0.8,4.3,6.5,5.4,2.7,13.2,NS,1.5,1,N_EXCLUSIVE_GREEN,25.6
22.383333333333333,-0.4107,0.9118,0,34.3,32.1,21.8,30.0,2.1,10.0,4.0,6.1,4.2,2.7,3.0,0.9,12.1,10.1,6.9,3.9,14.4,NS,1.11,0,BALANCED_PHASE,36.8
3.4333333333333336,0.7826,0.6225,0,23.0,39.0,21.0,20.5,1.2,2.1,7.9,12.1,2.7,4.7,0.5,3.8,3.3,20.0,7.4,4.3,42.4,NS,3.31,2,S_EXCLUSIVE_GREEN,45.0
8.45,0.8013,-0.5983,1,97.1,12.7,69.9,16.9,15.8,9.0,0.1,0.8,2.3,12.5,1.2,4.1,24.8,0.9,14.8,5.3,35.5,NS,11.25,1,N_EXCLUSIVE_GREEN,45.0
17.733333333333334,-0.9976,-0.0698,1,15.9,62.5,24.5,58.9,0.1,5.0,8.4,7.8,2.0,0.9,8.0,10.1,5.1,16.2,2.9,18.1,26.3,EW,3.6,4,W_EXCLUSIVE_GREEN,45.0
13.066666666666666,-0.2756,-0.9613,0,25.5,22.2,146.1,21.6,5.1,2.4,0.1,1.0,17.7,21.5,0.3,3.0,7.5,1.1,39.2,3.3,77.5,EW,8.43,3,E_EXCLUSIVE_GREEN,45.0
21.366666666666667,-0.6361,0.7716,0,25.0,21.9,32.4,26.0,1.1,2.1,2.1,9.3,1.5,10.0,0.6,2.4,3.2,11.4,11.5,3.0,21.6,EW,2.07,3,E_EXCLUSIVE_GREEN,36.0
16.966666666666665,-0.9636,-0.2672,1,18.0,56.3,16.4,97.5,1.0,2.7,8.8,11.7,1.4,5.3,8.4,19.5,3.7,20.5,6.699999999999999,27.9,29.3,EW,4.52,4,W_EXCLUSIVE_GREEN,45.0
7.966666666666667,0.8704,-0.4924,1,124.2,12.8,68.6,17.0,18.3,22.3,0.6,0.5,10.6,11.5,0.3,3.4,40.6,1.1,22.1,3.6999999999999997,51.5,NS,15.73,1,N_EXCLUSIVE_GREEN,45.0
4.116666666666666,0.8809,0.4733,0,52.0,23.0,24.3,19.1,7.7,3.9,0.6,3.4,7.1,0.6,1.3,4.1,11.6,4.0,7.699999999999999,5.3999999999999995,17.2,NS,2.42,1,N_EXCLUSIVE_GREEN,39.3
18.183333333333334,-0.9988,0.048,1,13.7,146.7,19.8,48.3,0.1,4.3,16.3,24.8,0.6,3.4,2.1,8.2,4.3999999999999995,41.1,4.0,10.299999999999999,76.8,NS,9.22,2,S_EXCLUSIVE_GREEN,45.0
21.2,-0.6691,0.7431,0,30.2,29.5,30.5,36.1,1.6,2.4,3.5,5.7,1.9,2.1,1.8,7.2,4.0,9.2,4.0,9.0,14.7,EW,1.53,4,W_EXCLUSIVE_GREEN,31.0
17.383333333333333,-0.987,-0.1607,1,17.8,64.1,13.5,63.4,2.0,0.6,17.8,10.4,5.6,6.3,12.5,14.4,2.6,28.200000000000003,11.899999999999999,26.9,33.6,EW,2.62,4,W_EXCLUSIVE_GREEN,45.0
17.266666666666666,-0.9816,-0.1908,1,17.2,120.7,12.9,66.5,0.6,0.7,8.9,18.0,1.5,3.5,3.4,6.9,1.2999999999999998,26.9,5.0,10.3,33.7,NS,9.74,2,S_EXCLUSIVE_GREEN,45.0
15.066666666666666,-0.7193,-0.6947,0,21.9,29.9,27.3,21.8,4.7,1.3,7.3,3.8,5.2,2.6,2.6,4.7,6.0,11.1,7.800000000000001,7.300000000000001,18.8,NS,1.57,2,S_EXCLUSIVE_GREEN,34.5
21.183333333333334,-0.6724,0.7402,0,22.8,39.8,28.3,30.8,3.6,2.3,10.7,3.7,4.1,1.2,2.6,3.4,5.9,14.399999999999999,5.3,6.0,25.6,NS,2.04,2,S_EXCLUSIVE_GREEN,43.5
3.5833333333333335,0.8064,0.5913,0,22.5,130.0,25.2,31.6,1.6,0.2,16.1,21.0,2.7,1.7,2.8,7.1,1.8,37.1,4.4,9.899999999999999,67.4,NS,9.28,2,S_EXCLUSIVE_GREEN,45.0
4.316666666666666,0.9045,0.4266,0,26.4,18.6,33.0,88.4,3.2,6.1,1.3,0.5,5.1,4.0,16.5,17.5,9.3,1.8,9.1,34.0,45.0,EW,3.19,4,W_EXCLUSIVE_GREEN,45.0
0.38333333333333336,0.1002,0.995,0,90.1,21.2,18.4,27.4,9.4,17.4,3.2,2.9,0.4,0.7,0.9,5.4,26.799999999999997,6.1,1.1,6.300000000000001,33.9,NS,4.13,1,N_EXCLUSIVE_GREEN,45.0
3.55,0.8013,0.5983,0,25.8,27.1,23.7,22.3,8.9,8.2,2.5,9.1,0.3,1.5,2.2,2.9,17.1,11.6,1.8,5.1,17.8,NS,1.3,0,BALANCED_PHASE,45.0
18.55,-0.9897,0.1435,1,23.4,50.8,16.6,100.3,1.7,1.6,3.7,8.7,1.8,2.9,12.3,18.1,3.3,12.399999999999999,4.7,30.400000000000002,63.0,EW,5.93,4,W_EXCLUSIVE_GREEN,45.0
0.31666666666666665,0.0828,0.9966,0,23.4,38.8,23.0,24.6,2.0,5.1,2.8,3.4,13.7,11.0,2.2,4.3,7.1,6.199999999999999,24.7,6.5,40.3,EW,2.55,3,E_EXCLUSIVE_GREEN,45.0
4.333333333333333,0.9063,0.4226,0,32.2,21.3,35.5,33.7,3.8,5.4,5.0,4.6,2.9,13.1,6.2,6.2,9.2,9.6,16.0,12.4,20.3,EW,1.18,0,BALANCED_PHASE,45.0
15.85,-0.8457,-0.5336,0,21.9,18.8,18.4,65.9,1.6,3.4,1.0,5.5,1.7,4.7,4.1,9.7,5.0,6.5,6.4,13.799999999999999,22.8,EW,2.55,4,W_EXCLUSIVE_GREEN,45.0
15.5,-0.7934,-0.6088,0,31.4,133.7,18.8,30.9,3.2,6.1,18.8,24.2,1.9,4.1,5.0,6.0,9.3,43.0,6.0,11.0,46.5,NS,4.34,2,S_EXCLUSIVE_GREEN,45.0
12.583333333333334,-0.1521,-0.9884,0,20.6,28.3,33.7,33.3,2.3,1.8,0.6,4.8,3.5,4.9,1.3,4.0,4.1,5.3999999999999995,8.4,5.3,14.1,EW,1.22,0,BALANCED_PHASE,29.3
17.9,-0.9997,-0.0262,1,18.1,149.9,15.0,49.9,1.2,5.1,17.5,27.3,0.7,1.3,8.5,12.7,6.3,44.8,2.0,21.2,78.9,NS,7.18,2,S_EXCLUSIVE_GREEN,45.0
2.15,0.5336,0.8457,0,27.3,33.1,27.5,22.1,2.1,4.7,5.0,10.3,4.1,4.7,5.2,0.5,6.800000000000001,15.3,8.8,5.7,23.4,NS,1.72,2,S_EXCLUSIVE_GREEN,43.9
16.15,-0.885,-0.4656,0,21.8,23.4,37.0,22.6,3.0,3.0,3.2,3.8,0.4,3.3,1.7,4.5,6.0,7.0,3.6999999999999997,6.2,10.7,EW,1.56,3,E_EXCLUSIVE_GREEN,25.1
2.5,0.6088,0.7934,0,24.3,33.4,28.5,27.0,4.8,1.1,1.3,5.5,2.4,2.7,2.6,4.5,5.9,6.8,5.1,7.1,15.1,NS,1.2,0,BALANCED_PHASE,26.1
2.6,0.6293,0.7771,0,20.1,23.9,19.3,77.8,0.6,5.4,1.5,5.2,1.0,0.7,8.9,10.5,6.0,6.7,1.7,19.4,27.1,EW,5.77,4,W_EXCLUSIVE_GREEN,45.0
20.383333333333333,-0.8116,0.5842,0,37.6,23.3,22.6,26.1,0.9,6.2,3.7,4.4,1.9,3.2,0.5,4.7,7.1000000000000005,8.100000000000001,5.1,5.2,13.6,NS,1.27,0,BALANCED_PHASE,29.3
8.433333333333334,0.8039,-0.5948,1,86.6,13.5,79.0,16.9,10.9,19.4,2.7,1.4,7.0,10.2,0.8,2.3,30.299999999999997,4.1,17.2,3.0999999999999996,50.8,NS,6.52,1,N_EXCLUSIVE_GREEN,45.0
1.8,0.454,0.891,0,26.8,36.5,24.9,23.0,2.6,3.9,3.5,5.9,8.4,5.3,2.1,2.3,6.5,9.4,13.7,4.4,30.0,NS,1.35,0,BALANCED_PHASE,33.4
10.816666666666666,0.3049,-0.9524,0,27.7,88.5,28.2,17.6,4.6,3.2,10.5,20.3,0.0,3.3,9.3,1.1,7.8,30.8,3.3,10.4,35.3,NS,3.5,2,S_EXCLUSIVE_GREEN,45.0
21.766666666666666,-0.5519,0.8339,0,24.2,22.9,23.9,39.7,1.7,3.4,6.9,9.6,0.9,0.2,4.2,7.8,5.1,16.5,1.1,12.0,23.3,EW,3.12,4,W_EXCLUSIVE_GREEN,38.5
12.466666666666667,-0.1219,-0.9925,0,34.9,24.4,22.6,35.5,7.2,11.4,1.4,4.4,2.2,2.0,1.6,5.3,18.6,5.800000000000001,4.2,6.9,21.8,NS,2.29,1,N_EXCLUSIVE_GREEN,45.0
7.783333333333333,0.893,-0.4501,1,52.0,12.2,48.9,16.1,4.3,10.5,0.8,2.4,3.5,7.7,1.5,2.9,14.8,3.2,11.2,4.4,19.1,NS,4.1,1,N_EXCLUSIVE_GREEN,45.0
4.5,0.9239,0.3827,0,30.4,21.0,24.1,21.8,2.8,6.5,1.6,6.4,0.7,3.8,1.2,4.5,9.3,8.0,4.5,5.7,11.9,NS,1.21,0,BALANCED_PHASE,30.3
16.933333333333334,-0.9613,-0.2756,1,13.4,77.4,25.2,61.5,1.2,2.6,4.2,7.9,3.5,10.3,7.9,4.9,3.8,12.100000000000001,13.8,12.8,26.5,EW,1.42,3,E_EXCLUSIVE_GREEN,45.0
13.683333333333334,-0.4266,-0.9045,0,34.1,23.8,32.5,30.1,1.8,8.7,1.9,1.3,6.4,11.1,3.6,3.8,10.5,3.2,17.5,7.4,17.8,EW,1.72,3,E_EXCLUSIVE_GREEN,45.0
20.166666666666668,-0.8434,0.5373,0,18.7,27.8,51.7,25.6,3.3,4.0,2.0,4.4,8.7,13.5,5.0,4.8,7.3,6.4,22.2,9.8,23.9,EW,2.11,3,E_EXCLUSIVE_GREEN,45.0
15.816666666666666,-0.841,-0.541,0,101.3,30.6,19.1,31.6,23.0,9.2,7.1,11.0,0.3,4.0,9.2,7.5,32.2,18.1,4.3,16.7,42.6,NS,2.12,1,N_EXCLUSIVE_GREEN,45.0
13.066666666666666,-0.2756,-0.9613,0,29.7,32.6,24.5,26.9,3.3,5.2,4.8,5.1,5.6,4.2,1.3,4.8,8.5,9.899999999999999,9.8,6.1,10.8,NS,1.1,0,BALANCED_PHASE,31.7
22.95,-0.2714,0.9625,0,27.8,34.0,31.4,20.0,2.0,2.1,1.3,3.9,3.0,5.7,1.2,2.4,4.1,5.2,8.7,3.5999999999999996,10.9,NS,1.18,0,BALANCED_PHASE,22.6
20.033333333333335,-0.8616,0.5075,0,20.4,27.1,27.8,54.7,1.1,4.9,1.2,0.5,2.0,10.4,3.9,9.5,6.0,1.7,12.4,13.4,29.1,EW,1.32,4,W_EXCLUSIVE_GREEN,44.5
8.483333333333333,0.796,-0.6053,1,129.1,19.5,52.1,17.7,14.4,20.6,4.8,2.2,1.2,12.0,0.2,4.7,35.0,7.0,13.2,4.9,42.4,NS,5.33,1,N_EXCLUSIVE_GREEN,45.0
20.85,-0.7343,0.6788,0,21.9,31.8,30.0,26.0,1.2,3.9,6.5,3.7,3.2,5.0,3.5,3.7,5.1,10.2,8.2,7.2,14.2,EW,1.1,0,BALANCED_PHASE,28.2
10.316666666666666,0.4266,-0.9045,0,25.2,22.9,31.9,27.6,5.1,0.8,1.6,4.6,4.9,4.4,4.0,3.2,5.8999999999999995,6.199999999999999,9.3,7.2,12.0,EW,1.19,0,BALANCED_PHASE,30.5
19.333333333333332,-0.9397,0.342,1,19.0,67.1,12.5,56.9,2.7,3.9,4.3,14.6,0.5,0.5,2.1,8.1,6.6,18.9,1.0,10.2,29.7,NS,2.96,2,S_EXCLUSIVE_GREEN,45.0
9.9,0.5225,-0.8526,0,21.0,20.3,34.5,36.9,1.9,2.3,0.3,3.7,9.6,7.1,5.8,11.6,4.199999999999999,4.0,16.7,17.4,37.1,EW,1.03,0,BALANCED_PHASE,45.0
16.516666666666666,-0.9255,-0.3786,1,14.7,55.8,20.1,77.9,3.0,1.4,4.6,9.1,1.9,4.6,6.4,13.4,4.4,13.7,6.5,19.8,43.3,EW,3.21,4,W_EXCLUSIVE_GREEN,45.0
12.8,-0.2079,-0.9781,0,24.7,26.4,26.3,29.8,2.9,4.6,2.2,3.5,3.8,9.3,1.7,1.6,7.5,5.7,13.100000000000001,3.3,16.1,EW,2.1,3,E_EXCLUSIVE_GREEN,38.2
22.616666666666667,-0.3543,0.9351,0,22.7,28.8,29.5,24.6,1.4,1.9,2.4,1.6,2.4,11.2,1.7,0.6,3.3,4.0,13.6,2.3,19.2,EW,2.53,3,E_EXCLUSIVE_GREEN,39.4
21.633333333333333,-0.5807,0.8141,0,28.3,23.1,28.1,20.8,3.7,3.8,2.6,1.8,5.8,6.1,1.1,1.6,7.5,4.4,11.899999999999999,2.7,11.9,EW,2.38,3,E_EXCLUSIVE_GREEN,35.1
18.133333333333333,-0.9994,0.0349,1,12.3,73.8,22.9,84.4,0.7,1.6,5.3,9.8,3.5,3.4,10.1,12.8,2.3,15.100000000000001,6.9,22.9,24.7,EW,3.32,4,W_EXCLUSIVE_GREEN,45.0
15.35,-0.7688,-0.6394,0,28.7,18.8,30.9,112.6,0.9,1.7,1.9,7.1,5.3,3.6,14.9,21.1,2.6,9.0,8.9,36.0,67.6,EW,3.75,4,W_EXCLUSIVE_GREEN,45.0
10.566666666666666,0.3665,-0.9304,0,23.0,22.0,24.2,26.0,3.4,1.3,1.6,1.8,4.1,2.9,2.2,1.3,4.7,3.4000000000000004,7.0,3.5,12.7,EW,1.38,0,BALANCED_PHASE,24.9
20.066666666666666,-0.8572,0.515,0,25.9,19.7,60.1,18.6,4.4,6.5,4.6,2.2,11.7,8.0,0.5,1.5,10.9,6.8,19.7,2.0,36.1,EW,5.1,3,E_EXCLUSIVE_GREEN,45.0
8.916666666666666,0.7224,-0.6915,1,55.6,15.2,103.6,20.6,2.4,9.0,0.5,4.7,11.8,19.5,1.3,4.5,11.4,5.2,31.3,5.8,32.8,EW,5.0,3,E_EXCLUSIVE_GREEN,45.0
9.633333333333333,0.5807,-0.8141,0,20.1,33.0,26.9,32.6,1.4,3.3,2.2,8.1,2.0,4.5,6.6,11.0,4.699999999999999,10.3,6.5,17.6,28.5,EW,1.95,4,W_EXCLUSIVE_GREEN,45.0
10.983333333333333,0.263,-0.9648,0,34.0,23.8,34.7,22.4,5.1,6.3,0.8,2.4,1.3,5.4,1.8,5.5,11.399999999999999,3.2,6.7,7.3,15.9,NS,2.15,1,N_EXCLUSIVE_GREEN,35.5
7.6,0.9135,-0.4067,1,80.1,13.1,108.1,14.9,6.3,9.6,1.3,6.5,10.5,22.1,2.7,2.4,15.899999999999999,7.8,32.6,5.1,43.3,EW,6.33,3,E_EXCLUSIVE_GREEN,45.0
6.366666666666666,0.9954,-0.0958,0,29.3,29.9,20.5,35.2,4.3,4.5,1.8,2.5,1.0,2.8,3.2,9.8,8.8,4.3,3.8,13.0,16.0,EW,2.39,4,W_EXCLUSIVE_GREEN,38.9
6.866666666666667,0.9744,-0.225,0,24.3,23.5,20.6,52.6,1.4,1.4,1.5,4.7,3.0,6.0,4.0,8.4,2.8,6.2,9.0,12.4,20.4,EW,1.68,4,W_EXCLUSIVE_GREEN,41.3
8.266666666666667,0.829,-0.5592,1,60.6,12.7,74.9,16.0,7.3,7.4,2.8,3.9,9.1,7.5,0.4,1.5,14.7,6.699999999999999,16.6,1.9,33.8,EW,5.63,3,E_EXCLUSIVE_GREEN,45.0
19.45,-0.9288,0.3706,1,12.4,91.1,21.4,50.1,0.6,2.3,14.2,10.2,7.3,2.4,1.4,4.7,2.9,24.4,9.7,6.1,50.2,NS,7.26,2,S_EXCLUSIVE_GREEN,45.0
21.7,-0.5664,0.8241,0,23.7,56.5,21.0,26.9,0.6,6.0,8.4,15.4,0.8,1.6,2.0,4.6,6.6,23.8,2.4000000000000004,6.6,45.4,NS,2.97,2,S_EXCLUSIVE_GREEN,45.0
22.3,-0.4305,0.9026,0,24.8,31.2,50.3,18.7,2.0,4.7,4.0,4.9,2.5,4.7,1.4,3.4,6.7,8.9,7.2,4.8,9.6,EW,1.91,3,E_EXCLUSIVE_GREEN,29.4
22.566666666666666,-0.3665,0.9304,0,20.6,26.7,25.3,36.9,1.6,3.5,3.5,2.2,1.5,8.8,3.8,6.2,5.1,5.7,10.3,10.0,21.3,EW,1.14,0,BALANCED_PHASE,34.4
6.85,0.9753,-0.2207,0,24.6,27.1,39.6,26.6,6.7,5.4,5.5,4.7,1.8,4.7,7.9,6.9,12.100000000000001,10.2,6.5,14.8,19.5,EW,1.84,3,E_EXCLUSIVE_GREEN,43.7
16.183333333333334,-0.889,-0.4579,0,18.1,28.3,50.0,19.0,1.1,3.7,1.3,6.7,5.8,6.7,2.8,6.0,4.800000000000001,8.0,12.5,8.8,21.5,EW,1.72,3,E_EXCLUSIVE_GREEN,41.2
20.25,-0.8315,0.5556,0,22.9,18.9,114.7,20.0,4.3,5.1,1.0,4.6,17.4,11.3,2.1,6.4,9.399999999999999,5.6,28.7,8.5,40.4,EW,3.97,3,E_EXCLUSIVE_GREEN,45.0
5.933333333333334,0.9998,0.0175,0,26.7,21.6,20.5,38.2,3.1,4.3,4.2,8.0,1.3,4.1,8.1,3.5,7.4,12.2,5.3999999999999995,11.6,16.3,EW,1.92,4,W_EXCLUSIVE_GREEN,36.7
15.383333333333333,-0.7744,-0.6327,0,17.6,20.3,17.8,100.7,2.4,3.2,2.0,2.4,2.6,1.3,12.8,24.7,5.6,4.4,3.9000000000000004,37.5,67.6,EW,7.25,4,W_EXCLUSIVE_GREEN,45.0
22.283333333333335,-0.4344,0.9007,0,20.5,20.4,25.2,26.3,0.3,10.4,0.3,5.5,0.8,4.2,3.5,3.2,10.700000000000001,5.8,5.0,6.7,19.5,EW,1.13,0,BALANCED_PHASE,25.1
14.566666666666666,-0.6225,-0.7826,0,30.5,21.3,142.8,24.9,1.0,1.5,0.3,4.3,20.2,27.3,2.2,5.1,2.5,4.6,47.5,7.3,102.5,EW,5.96,3,E_EXCLUSIVE_GREEN,45.0
19.066666666666666,-0.9613,0.2756,1,16.5,52.7,17.6,55.8,1.1,2.7,3.7,10.8,1.1,2.3,4.3,27.3,3.8000000000000003,14.5,3.4,31.6,63.9,EW,5.76,4,W_EXCLUSIVE_GREEN,45.0
8.116666666666667,0.8504,-0.5262,1,89.8,12.7,74.7,17.6,14.3,15.8,0.4,1.7,11.6,15.0,1.9,4.9,30.1,2.1,26.6,6.800000000000001,46.1,NS,9.33,1,N_EXCLUSIVE_GREEN,45.0
12.866666666666667,-0.225,-0.9744,0,33.7,20.9,33.1,30.5,2.3,4.8,0.9,5.1,2.1,6.5,2.9,11.2,7.1,6.0,8.6,14.1,22.5,EW,1.36,0,BALANCED_PHASE,41.4
12.0,0.0,-1.0,0,19.6,29.1,83.9,31.7,1.9,1.9,2.0,3.4,5.7,9.3,1.6,1.2,3.8,5.4,15.0,2.8,32.3,EW,3.3,3,E_EXCLUSIVE_GREEN,45.0
15.483333333333333,-0.7907,-0.6122,0,21.4,26.4,21.6,23.4,1.8,5.0,3.7,5.7,3.7,3.7,1.4,3.2,6.8,9.4,7.4,4.6,15.1,NS,1.27,0,BALANCED_PHASE,30.1
17.616666666666667,-0.995,-0.1002,1,15.0,50.5,20.4,111.6,1.5,1.7,7.5,5.7,1.3,2.6,11.2,26.8,3.2,13.2,3.9000000000000004,38.0,79.5,EW,7.11,4,W_EXCLUSIVE_GREEN,45.0
8.533333333333333,0.788,-0.6157,1,124.9,16.9,48.4,25.4,14.9,22.4,0.6,1.9,8.7,13.6,2.9,2.3,37.3,2.5,22.299999999999997,5.199999999999999,50.7,NS,9.78,1,N_EXCLUSIVE_GREEN,45.0
18.433333333333334,-0.9936,0.1132,1,26.0,93.6,16.1,95.7,3.9,9.2,17.4,14.2,2.3,3.6,7.4,21.0,13.1,31.599999999999998,5.9,28.4,60.0,NS,2.68,2,S_EXCLUSIVE_GREEN,45.0
6.283333333333333,0.9973,-0.0741,0,18.9,29.9,26.7,99.0,0.5,2.8,4.2,3.8,3.2,3.1,13.1,17.0,3.3,8.0,6.300000000000001,30.1,54.4,EW,4.11,4,W_EXCLUSIVE_GREEN,45.0
20.516666666666666,-0.7907,0.6122,0,20.1,27.9,26.5,26.1,2.8,10.1,3.9,5.3,0.7,8.4,1.1,10.7,12.899999999999999,9.2,9.1,11.799999999999999,13.3,EW,1.15,0,BALANCED_PHASE,34.7
15.45,-0.7853,-0.6191,0,104.9,22.3,19.7,28.5,16.0,8.0,2.5,2.0,3.9,5.0,1.1,6.9,24.0,4.5,8.9,8.0,47.4,NS,4.76,1,N_EXCLUSIVE_GREEN,45.0
4.183333333333334,0.889,0.4579,0,55.2,20.1,32.3,17.8,6.6,8.6,0.3,8.0,6.9,1.6,1.1,2.8,15.2,8.3,8.5,3.9,30.0,NS,2.05,1,N_EXCLUSIVE_GREEN,45.0
1.9,0.4772,0.8788,0,54.0,26.4,20.9,21.1,5.0,6.9,2.3,4.0,6.3,4.4,5.4,1.1,11.9,6.3,10.7,6.5,24.7,NS,1.88,1,N_EXCLUSIVE_GREEN,41.0
17.566666666666666,-0.9936,-0.1132,1,20.4,76.0,13.7,49.6,0.4,2.8,14.8,9.6,1.0,0.9,4.7,10.1,3.1999999999999997,24.4,1.9,14.8,49.2,NS,5.09,2,S_EXCLUSIVE_GREEN,45.0
8.133333333333333,0.848,-0.5299,1,51.2,12.8,59.3,23.5,7.8,6.0,0.8,3.4,9.5,9.7,0.8,2.6,13.8,4.2,19.2,3.4000000000000004,31.2,EW,3.61,3,E_EXCLUSIVE_GREEN,45.0
3.9833333333333334,0.8638,0.5038,0,31.2,22.3,23.6,20.3,3.0,5.3,2.0,4.0,1.0,1.5,1.5,1.0,8.3,6.0,2.5,2.5,17.6,NS,1.33,0,BALANCED_PHASE,29.0
13.216666666666667,-0.3132,-0.9497,0,61.8,30.6,19.3,19.2,4.1,9.9,0.9,2.3,4.9,1.5,3.6,0.9,14.0,3.1999999999999997,6.4,4.5,26.0,NS,2.68,1,N_EXCLUSIVE_GREEN,45.0
0.11666666666666667,0.0305,0.9995,0,22.7,18.8,96.7,25.2,0.6,5.2,2.4,4.0,8.8,12.2,2.4,4.4,5.8,6.4,21.0,6.800000000000001,45.0,EW,3.27,3,E_EXCLUSIVE_GREEN,45.0
9.45,0.6191,-0.7853,1,58.7,17.2,46.3,21.9,8.3,15.6,1.0,0.9,1.0,5.9,2.2,0.9,23.9,1.9,6.9,3.1,50.5,NS,6.1,1,N_EXCLUSIVE_GREEN,45.0
7.233333333333333,0.9483,-0.3173,1,73.0,15.9,76.3,23.0,6.0,10.1,1.4,1.7,5.1,17.2,2.0,2.3,16.1,3.0999999999999996,22.299999999999997,4.3,32.2,EW,4.0,3,E_EXCLUSIVE_GREEN,45.0
7.65,0.9081,-0.4187,1,55.7,16.5,107.4,17.6,7.0,7.1,4.4,3.6,13.8,9.6,2.8,0.9,14.1,8.0,23.4,3.6999999999999997,28.8,EW,5.82,3,E_EXCLUSIVE_GREEN,45.0
19.6,-0.9135,0.4067,0,31.0,21.9,20.0,26.3,4.9,4.0,2.4,4.0,0.3,1.6,4.3,7.6,8.9,6.4,1.9000000000000001,11.899999999999999,17.9,NS,1.34,0,BALANCED_PHASE,30.2
17.366666666666667,-0.9863,-0.165,1,13.2,54.8,12.6,48.7,2.0,0.9,10.9,4.2,0.8,0.1,6.6,9.6,2.9,15.100000000000001,0.9,16.2,16.3,NS,4.31,2,S_EXCLUSIVE_GREEN,45.0
7.15,0.955,-0.2965,1,66.0,17.9,110.7,12.7,4.5,7.5,4.3,4.1,11.7,12.7,0.4,1.4,12.0,8.399999999999999,24.4,1.7999999999999998,35.6,EW,9.62,3,E_EXCLUSIVE_GREEN,45.0
0.5833333333333334,0.1521,0.9884,0,26.3,21.2,36.5,23.9,6.1,3.2,2.8,11.1,1.7,3.2,5.6,4.8,9.3,13.899999999999999,4.9,10.399999999999999,20.8,EW,1.74,3,E_EXCLUSIVE_GREEN,34.4
7.166666666666667,0.9537,-0.3007,1,142.7,18.3,51.9,17.8,12.7,27.2,2.0,2.1,3.4,7.6,1.1,2.5,39.9,4.1,11.0,3.6,56.4,NS,8.29,1,N_EXCLUSIVE_GREEN,45.0
12.216666666666667,-0.0567,-0.9984,0,30.8,21.9,26.5,31.1,5.2,6.8,4.3,5.2,2.8,5.8,3.1,3.9,12.0,9.5,8.6,7.0,13.0,NS,1.26,0,BALANCED_PHASE,35.8
0.16666666666666666,0.0436,0.999,0,29.4,24.1,132.1,29.8,3.8,3.1,2.9,3.3,21.6,10.2,4.4,1.2,6.9,6.199999999999999,31.8,5.6000000000000005,48.9,EW,4.83,3,E_EXCLUSIVE_GREEN,45.0
15.116666666666667,-0.7284,-0.6852,0,23.7,30.5,26.4,115.4,1.6,14.1,3.8,4.2,0.7,2.4,20.4,23.2,15.7,8.0,3.0999999999999996,43.599999999999994,83.9,EW,7.51,4,W_EXCLUSIVE_GREEN,45.0
7.25,0.9469,-0.3214,1,66.3,15.1,108.5,14.0,8.0,9.1,1.1,2.2,21.7,20.8,2.7,1.6,17.1,3.3000000000000003,42.5,4.300000000000001,58.4,EW,8.46,3,E_EXCLUSIVE_GREEN,45.0
14.65,-0.6394,-0.7688,0,20.9,53.8,18.8,21.8,1.1,4.0,2.6,10.6,1.1,4.0,0.2,5.8,5.1,13.2,5.1,6.0,24.3,NS,2.45,2,S_EXCLUSIVE_GREEN,43.5
7.283333333333333,0.9441,-0.3297,1,92.1,15.7,58.8,16.2,13.1,13.8,1.1,0.6,11.5,7.7,0.8,3.3,26.9,1.7000000000000002,19.2,4.1,34.7,NS,8.5,1,N_EXCLUSIVE_GREEN,45.0
3.0,0.7071,0.7071,0,21.3,27.3,75.6,18.9,0.9,3.7,5.7,2.4,10.6,12.1,0.3,2.2,4.6000000000000005,8.1,22.7,2.5,43.9,EW,5.57,3,E_EXCLUSIVE_GREEN,45.0
13.616666666666667,-0.4107,-0.9118,0,32.2,26.3,23.9,23.6,2.7,1.0,0.1,8.0,2.1,4.7,7.4,7.0,3.7,8.1,6.800000000000001,14.4,26.9,NS,1.54,1,N_EXCLUSIVE_GREEN,29.7
12.466666666666667,-0.1219,-0.9925,0,56.6,18.1,17.3,21.4,9.1,17.9,2.5,3.3,4.8,0.7,2.0,2.3,27.0,5.8,5.5,4.3,40.1,NS,3.87,1,N_EXCLUSIVE_GREEN,45.0
2.4333333333333336,0.5948,0.8039,0,27.4,22.5,36.8,20.8,7.9,6.7,1.6,2.2,4.0,5.0,7.0,2.0,14.600000000000001,3.8000000000000003,9.0,9.0,30.4,EW,1.2,0,BALANCED_PHASE,32.7
14.15,-0.5336,-0.8457,0,32.9,22.7,23.2,26.3,3.2,6.4,0.5,2.4,8.0,4.2,5.3,2.5,9.600000000000001,2.9,12.2,7.8,22.1,EW,1.35,0,BALANCED_PHASE,36.3
12.9,-0.2334,-0.9724,0,21.3,20.2,25.3,33.8,7.6,4.5,3.9,1.8,0.3,2.8,4.0,1.8,12.1,5.7,3.0999999999999996,5.8,14.4,EW,1.45,4,W_EXCLUSIVE_GREEN,24.1
12.016666666666667,-0.0044,-1.0,0,27.6,32.7,25.9,36.4,6.9,5.8,2.8,4.7,1.3,2.4,4.1,2.4,12.7,7.5,3.7,6.5,21.9,NS,1.42,1,N_EXCLUSIVE_GREEN,38.5
8.216666666666667,0.8363,-0.5483,1,66.4,22.6,48.1,16.8,9.6,18.0,3.0,1.7,7.4,3.2,3.3,3.6,27.6,4.7,10.600000000000001,6.9,30.1,NS,4.2,1,N_EXCLUSIVE_GREEN,45.0
21.516666666666666,-0.6053,0.796,0,23.5,21.8,20.7,24.4,4.7,1.3,2.8,1.3,1.7,4.6,1.7,3.1,6.0,4.1,6.3,4.8,12.8,EW,1.18,0,BALANCED_PHASE,23.3
16.35,-0.9081,-0.4187,0,26.4,27.3,19.4,98.2,0.9,4.9,4.2,11.3,2.1,5.1,9.0,18.8,5.800000000000001,15.5,7.199999999999999,27.8,34.1,EW,4.1,4,W_EXCLUSIVE_GREEN,45.0
16.65,-0.9382,-0.3461,1,14.1,56.4,20.9,47.1,1.2,1.0,5.3,11.2,0.7,8.0,2.8,5.7,2.2,16.5,8.7,8.5,30.5,NS,5.03,2,S_EXCLUSIVE_GREEN,45.0
12.883333333333333,-0.2292,-0.9734,0,26.9,21.0,23.0,34.1,2.8,5.0,1.0,0.7,5.5,1.8,5.7,1.6,7.8,1.7,7.3,7.300000000000001,16.2,EW,1.14,0,BALANCED_PHASE,27.4
6.383333333333334,0.995,-0.1002,0,145.9,17.9,26.8,19.8,22.7,31.4,0.2,1.0,2.4,9.2,1.7,3.1,54.099999999999994,1.2,11.6,4.8,117.1,NS,15.78,1,N_EXCLUSIVE_GREEN,45.0
19.883333333333333,-0.8809,0.4733,0,29.0,28.8,24.0,24.2,3.2,3.3,4.4,4.0,0.5,5.1,0.6,2.6,6.5,8.4,5.6,3.2,13.3,NS,1.11,0,BALANCED_PHASE,28.4
12.166666666666666,-0.0436,-0.999,0,26.7,29.1,22.4,38.4,1.3,4.2,4.0,1.3,3.5,4.4,14.0,6.8,5.5,5.3,7.9,20.8,30.8,EW,2.21,4,W_EXCLUSIVE_GREEN,45.0
6.216666666666667,0.9984,-0.0567,0,22.7,20.1,27.2,108.4,2.4,2.0,1.5,4.1,2.8,4.7,16.7,20.7,4.4,5.6,7.5,37.4,68.9,EW,4.4,4,W_EXCLUSIVE_GREEN,45.0
8.25,0.8315,-0.5556,1,71.9,19.4,100.9,13.8,11.4,20.6,1.4,3.2,10.8,16.7,0.2,2.9,32.0,4.6,27.5,3.1,38.6,EW,7.49,3,E_EXCLUSIVE_GREEN,45.0
22.3,-0.4305,0.9026,0,27.1,21.5,30.7,37.5,1.4,2.6,2.8,2.7,4.0,5.6,5.0,4.8,4.0,5.5,9.6,9.8,15.2,EW,1.07,0,BALANCED_PHASE,32.9
12.633333333333333,-0.165,-0.9863,0,22.7,27.4,24.6,29.9,1.3,3.3,5.7,2.8,2.9,7.2,2.3,9.2,4.6,8.5,10.1,11.5,15.8,EW,1.13,0,BALANCED_PHASE,35.0
0.7166666666666667,0.1865,0.9825,0,37.1,31.9,21.2,24.0,3.8,5.4,2.4,4.2,0.3,1.9,3.6,5.8,9.2,6.6,2.1999999999999997,9.4,20.7,NS,1.23,0,BALANCED_PHASE,32.1
7.683333333333334,0.9045,-0.4266,1,76.7,15.1,57.5,19.7,3.5,6.7,1.2,0.9,3.0,8.3,1.4,4.1,10.2,2.1,11.3,5.5,19.2,NS,4.55,1,N_EXCLUSIVE_GREEN,41.1
22.066666666666666,-0.4848,0.8746,0,23.5,39.6,21.9,22.4,3.8,3.2,7.9,5.3,1.6,2.3,1.4,2.7,7.0,13.2,3.9,4.1,28.6,NS,1.73,2,S_EXCLUSIVE_GREEN,41.4
0.4,0.1045,0.9945,0,37.3,21.8,28.2,30.3,4.1,4.0,1.5,3.9,6.5,3.5,7.1,6.5,8.1,5.4,10.0,13.6,17.7,EW,1.22,0,BALANCED_PHASE,39.4
11.4,0.1564,-0.9877,0,25.1,17.7,19.3,75.0,5.2,2.4,0.9,0.8,1.5,0.8,15.3,6.8,7.6,1.7000000000000002,2.3,22.1,32.1,EW,5.58,4,W_EXCLUSIVE_GREEN,45.0
23.466666666666665,-0.1392,0.9903,0,36.0,21.7,24.1,38.0,2.9,5.5,2.4,6.2,0.6,6.1,3.7,4.0,8.4,8.6,6.699999999999999,7.7,17.2,EW,1.27,0,BALANCED_PHASE,29.0
2.45,0.5983,0.8013,0,27.8,125.3,29.8,18.1,3.5,4.0,22.2,18.5,4.4,7.5,2.1,4.2,7.5,40.7,11.9,6.300000000000001,56.4,NS,4.85,2,S_EXCLUSIVE_GREEN,45.0
8.383333333333333,0.8116,-0.5842,1,62.9,14.4,72.0,23.7,6.2,11.0,0.6,1.7,5.6,7.2,2.8,7.5,17.2,2.3,12.8,10.3,26.2,EW,1.75,3,E_EXCLUSIVE_GREEN,45.0
8.5,0.7934,-0.6088,1,88.0,23.0,49.5,17.0,6.6,18.5,1.5,0.8,5.4,12.0,0.5,3.5,25.1,2.3,17.4,4.0,27.8,NS,5.78,1,N_EXCLUSIVE_GREEN,45.0
5.166666666666667,0.9763,0.2164,0,19.7,90.3,25.2,17.6,1.4,6.2,5.2,13.7,1.7,5.8,1.8,4.7,7.6,18.9,7.5,6.5,20.0,NS,3.07,2,S_EXCLUSIVE_GREEN,45.0
1.4,0.3584,0.9336,0,22.9,62.0,24.2,18.8,3.5,1.7,4.8,15.1,3.8,8.8,3.5,2.3,5.2,19.9,12.600000000000001,5.8,40.7,NS,3.14,2,S_EXCLUSIVE_GREEN,45.0
2.75,0.6593,0.7518,0,26.8,21.9,25.2,36.0,1.8,4.3,2.4,5.9,2.8,2.3,1.6,10.0,6.1,8.3,5.1,11.6,19.1,EW,1.77,4,W_EXCLUSIVE_GREEN,36.6
2.65,0.6394,0.7688,0,25.8,23.5,35.5,23.4,0.9,8.2,1.8,3.8,3.0,3.3,4.9,3.9,9.1,5.6,6.3,8.8,16.2,EW,1.39,0,BALANCED_PHASE,30.6
1.2666666666666666,0.3256,0.9455,0,19.5,29.0,102.7,19.0,9.9,1.0,1.0,2.5,14.5,14.7,1.9,3.6,10.9,3.5,29.2,5.5,32.2,EW,5.07,3,E_EXCLUSIVE_GREEN,45.0
14.15,-0.5336,-0.8457,0,20.6,18.4,24.2,146.6,0.3,2.3,1.5,2.3,2.7,6.7,11.9,22.5,2.5999999999999996,3.8,9.4,34.4,68.4,EW,4.32,4,W_EXCLUSIVE_GREEN,45.0
8.916666666666666,0.7224,-0.6915,1,100.7,13.3,64.5,15.3,7.7,19.0,1.7,1.0,13.0,9.9,2.4,3.0,26.7,2.7,22.9,5.4,35.5,NS,7.98,1,N_EXCLUSIVE_GREEN,45.0
5.233333333333333,0.9799,0.1994,0,22.4,23.3,20.1,20.9,1.6,2.1,3.2,3.8,1.9,6.7,0.9,5.1,3.7,7.0,8.6,6.0,15.0,NS,1.34,0,BALANCED_PHASE,24.7
5.55,0.9931,0.1175,0,57.7,21.9,27.9,19.2,6.1,17.8,4.2,5.4,2.7,3.9,0.4,2.2,23.9,9.600000000000001,6.6,2.6,41.1,NS,2.45,1,N_EXCLUSIVE_GREEN,45.0
19.05,-0.9625,0.2714,1,15.0,52.9,12.9,57.6,1.9,4.3,5.5,6.3,1.9,0.7,5.2,7.6,6.199999999999999,11.8,2.5999999999999996,12.8,14.9,NS,2.31,2,S_EXCLUSIVE_GREEN,39.6
18.683333333333334,-0.984,0.1779,1,18.2,81.4,12.6,47.7,1.3,4.3,9.1,8.3,1.4,1.1,6.6,3.8,5.6,17.4,2.5,10.399999999999999,37.2,NS,3.46,2,S_EXCLUSIVE_GREEN,45.0
23.183333333333334,-0.2122,0.9772,0,24.6,24.9,24.4,53.5,4.3,1.2,2.6,3.3,0.5,10.5,7.0,9.5,5.5,5.9,11.0,16.5,36.1,EW,1.66,4,W_EXCLUSIVE_GREEN,45.0
13.95,-0.4886,-0.8725,0,54.5,24.5,18.0,31.0,4.1,8.9,3.9,5.5,1.3,2.3,1.6,7.6,13.0,9.4,3.5999999999999996,9.2,22.1,NS,1.62,1,N_EXCLUSIVE_GREEN,43.0
6.633333333333333,0.9863,-0.165,0,25.5,20.2,29.1,27.8,2.0,4.3,6.5,3.3,1.7,9.2,6.7,2.4,6.3,9.8,10.899999999999999,9.1,22.4,EW,1.1,0,BALANCED_PHASE,34.3
2.8166666666666664,0.6724,0.7402,0,19.4,116.9,17.5,26.9,2.0,4.3,9.4,23.5,5.5,6.9,3.7,2.6,6.3,32.9,12.4,6.300000000000001,52.3,NS,5.28,2,S_EXCLUSIVE_GREEN,45.0
17.116666666666667,-0.9734,-0.2292,1,13.5,99.6,14.0,96.8,3.2,0.8,6.4,11.2,3.7,1.9,7.0,11.2,4.0,17.6,5.6,18.2,30.4,NS,5.21,2,S_EXCLUSIVE_GREEN,45.0
14.583333333333334,-0.6259,-0.7799,0,22.8,21.7,21.7,21.5,3.4,1.1,0.4,3.0,1.5,2.4,1.7,4.2,4.5,3.4,3.9,5.9,9.4,EW,1.18,0,BALANCED_PHASE,21.6
23.183333333333334,-0.2122,0.9772,0,17.6,54.7,20.1,19.0,2.6,2.2,12.2,4.7,1.2,1.5,0.9,5.1,4.800000000000001,16.9,2.7,6.0,25.9,NS,3.15,2,S_EXCLUSIVE_GREEN,45.0
7.833333333333333,0.887,-0.4617,1,56.6,24.5,116.1,19.1,5.1,6.2,9.3,4.5,24.1,13.1,2.7,3.1,11.3,13.8,37.2,5.800000000000001,73.9,EW,5.97,3,E_EXCLUSIVE_GREEN,45.0
0.3333333333333333,0.0872,0.9962,0,36.4,35.8,21.0,34.6,8.2,4.3,4.8,5.2,2.2,6.9,2.7,12.4,12.5,10.0,9.100000000000001,15.100000000000001,21.7,NS,1.12,0,BALANCED_PHASE,38.7
8.533333333333333,0.788,-0.6157,1,80.7,21.7,93.7,20.3,6.1,13.2,3.7,7.3,11.2,10.4,0.8,5.6,19.299999999999997,11.0,21.6,6.3999999999999995,35.3,EW,3.68,3,E_EXCLUSIVE_GREEN,45.0
0.5333333333333333,0.1392,0.9903,0,22.6,24.1,24.2,36.6,8.1,5.6,1.1,3.7,0.8,1.4,7.4,8.8,13.7,4.800000000000001,2.2,16.200000000000003,31.7,EW,3.12,4,W_EXCLUSIVE_GREEN,45.0
1.4166666666666667,0.3624,0.932,0,55.1,26.6,20.3,23.5,4.2,4.9,3.3,1.9,1.9,2.9,1.3,3.3,9.100000000000001,5.199999999999999,4.8,4.6,19.1,NS,1.83,1,N_EXCLUSIVE_GREEN,35.0
15.15,-0.7343,-0.6788,0,27.9,30.4,22.4,25.8,0.8,3.5,2.0,2.0,1.1,1.6,4.1,5.0,4.3,4.0,2.7,9.1,15.1,NS,1.03,0,BALANCED_PHASE,20.6
7.916666666666667,0.8767,-0.481,1,101.1,13.8,56.0,21.6,9.9,16.4,0.2,2.1,3.4,10.2,1.1,0.3,26.299999999999997,2.3000000000000003,13.6,1.4000000000000001,39.6,NS,8.37,1,N_EXCLUSIVE_GREEN,45.0
19.883333333333333,-0.8809,0.4733,0,23.8,20.8,59.9,19.1,2.1,1.3,2.9,5.2,5.3,17.9,3.1,7.7,3.4000000000000004,8.1,23.2,10.8,35.2,EW,2.33,3,E_EXCLUSIVE_GREEN,45.0
14.25,-0.5556,-0.8315,0,21.8,21.2,39.6,27.8,1.8,3.0,1.0,4.7,5.1,4.2,6.0,7.0,4.8,5.7,9.3,13.0,21.4,EW,1.36,0,BALANCED_PHASE,40.3
22.116666666666667,-0.4733,0.8809,0,22.6,39.8,25.3,35.3,4.9,2.6,9.0,6.0,2.7,2.0,3.4,4.8,7.5,15.0,4.7,8.2,21.4,NS,1.83,2,S_EXCLUSIVE_GREEN,44.3
5.666666666666667,0.9962,0.0872,0,26.5,20.7,38.9,22.9,1.4,3.5,0.8,2.2,4.2,5.4,4.4,4.6,4.9,3.0,9.600000000000001,9.0,16.4,EW,1.23,0,BALANCED_PHASE,32.8
1.0666666666666667,0.2756,0.9613,0,25.7,26.0,20.4,29.8,2.6,4.2,2.1,3.6,1.7,7.1,3.1,6.3,6.800000000000001,5.7,8.799999999999999,9.4,15.9,EW,1.15,0,BALANCED_PHASE,30.7
4.0,0.866,0.5,0,23.9,28.7,17.6,54.8,3.8,2.7,2.4,3.8,1.8,0.9,9.2,7.7,6.5,6.199999999999999,2.7,16.9,24.8,EW,4.15,4,W_EXCLUSIVE_GREEN,45.0
21.8,-0.5446,0.8387,0,18.5,33.0,19.2,102.2,0.2,3.9,3.5,4.8,1.6,2.3,8.3,18.4,4.1,8.3,3.9,26.7,36.3,EW,5.72,4,W_EXCLUSIVE_GREEN,45.0
16.483333333333334,-0.9222,-0.3867,0,36.0,21.8,26.7,21.6,0.8,2.7,1.0,5.8,3.3,2.8,4.3,3.7,3.5,6.8,6.1,8.0,14.7,NS,1.67,1,N_EXCLUSIVE_GREEN,26.5
16.366666666666667,-0.91,-0.4147,0,27.0,31.2,28.3,26.4,2.6,3.2,1.3,5.4,7.4,1.5,0.5,3.4,5.800000000000001,6.7,8.9,3.9,14.1,NS,1.11,0,BALANCED_PHASE,25.4
18.75,-0.9808,0.1951,1,14.4,53.4,16.0,76.8,1.0,1.7,3.9,8.8,3.1,2.5,5.0,11.1,2.7,12.700000000000001,5.6,16.1,27.2,EW,3.38,4,W_EXCLUSIVE_GREEN,45.0
23.416666666666668,-0.1521,0.9884,0,22.9,27.6,34.2,32.5,0.9,1.5,0.5,3.8,3.7,7.0,5.2,4.3,2.4,4.3,10.7,9.5,20.4,EW,1.06,0,BALANCED_PHASE,34.6
16.983333333333334,-0.9648,-0.263,1,14.8,68.2,12.8,107.5,0.4,1.9,13.3,15.0,2.2,0.8,18.4,11.0,2.3,28.3,3.0,29.4,38.1,EW,8.4,4,W_EXCLUSIVE_GREEN,45.0
13.166666666666666,-0.3007,-0.9537,0,26.1,22.9,21.3,21.1,4.4,3.0,3.4,4.3,0.8,1.6,0.3,3.3,7.4,7.699999999999999,2.4000000000000004,3.5999999999999996,16.1,NS,1.03,0,BALANCED_PHASE,26.7
15.133333333333333,-0.7314,-0.682,0,24.5,23.8,23.5,26.0,1.2,8.3,1.4,7.4,2.8,5.7,3.3,2.8,9.5,8.8,8.5,6.1,13.9,NS,1.03,0,BALANCED_PHASE,29.8
6.066666666666666,0.9998,-0.0175,0,30.5,28.3,35.0,28.2,4.7,9.3,0.5,8.6,5.8,9.0,3.0,4.0,14.0,9.1,14.8,7.0,18.8,EW,1.66,3,E_EXCLUSIVE_GREEN,42.8
